{
  "name": "Sentret",
  "nationalPokedexNumber": 161,
  "primaryType": "normal",
  "abilities": [
    "runaway",
    "keeneye",
    "h:frisk"
  ],
  "baseStats": {
    "hp": 35,
    "attack": 46,
    "defence": 34,
    "special_attack": 35,
    "special_defence": 45,
    "speed": 20
  },
  "catchRate": 255,
  "maleRatio": 0.5,
  "shoulderMountable": false,
  "baseExperienceYield": 43,
  "experienceGroup": "medium_fast",
  "eggCycles": 15,
  "eggGroups": [
    "field"
  ],
  "moves": [
    "1:foresight",
    "1:scratch",
    "4:defensecurl",
    "7:quickattack",
    "12:furyswipes",
    "17:helpinghand",
    "24:slam",
    "31:followme",
    "31:suckerpunch",
    "39:batonpass",
    "40:rest",
    "42:mefirst",
    "47:hypervoice",
    "49:amnesia",
    "egg:assist",
    "egg:babydolleyes",
    "egg:captivate",
    "egg:charm",
    "egg:covet",
    "egg:doubleedge",
    "egg:focusenergy",
    "egg:irontail",
    "egg:lastresort",
    "egg:naturalgift",
    "egg:pursuit",
    "egg:reversal",
    "egg:slash",
    "egg:substitute",
    "egg:trick",
    "tm:attract",
    "tm:brickbreak",
    "tm:brutalswing",
    "tm:captivate",
    "tm:chargebeam",
    "tm:confide",
    "tm:cut",
    "tm:dig",
    "tm:doubleteam",
    "tm:echoedvoice",
    "tm:endure",
    "tm:facade",
    "tm:flamethrower",
    "tm:fling",
    "tm:focuspunch",
    "tm:frustration",
    "tm:grassknot",
    "tm:hiddenpower",
    "tm:honeclaws",
    "tm:icebeam",
    "tm:irontail",
    "tm:naturalgift",
    "tm:poweruppunch",
    "tm:protect",
    "tm:raindance",
    "tm:rest",
    "tm:retaliate",
    "tm:return",
    "tm:round",
    "tm:secretpower",
    "tm:shadowball",
    "tm:shadowclaw",
    "tm:shockwave",
    "tm:sleeptalk",
    "tm:solarbeam",
    "tm:substitute",
    "tm:sunnyday",
    "tm:surf",
    "tm:swagger",
    "tm:thief",
    "tm:thunderbolt",
    "tm:toxic",
    "tm:uturn",
    "tm:waterpulse",
    "tm:whirlpool",
    "tm:workup",
    "tutor:amnesia",
    "tutor:aquatail",
    "tutor:attract",
    "tutor:bodyslam",
    "tutor:covet",
    "tutor:curse",
    "tutor:cut",
    "tutor:defensecurl",
    "tutor:detect",
    "tutor:dig",
    "tutor:doubleedge",
    "tutor:doubleteam",
    "tutor:dynamicpunch",
    "tutor:endure",
    "tutor:firepunch",
    "tutor:focusenergy",
    "tutor:focuspunch",
    "tutor:frustration",
    "tutor:furycutter",
    "tutor:furyswipes",
    "tutor:headbutt",
    "tutor:helpinghand",
    "tutor:hiddenpower",
    "tutor:hypervoice",
    "tutor:icepunch",
    "tutor:irontail",
    "tutor:knockoff",
    "tutor:lastresort",
    "tutor:mimic",
    "tutor:mudslap",
    "tutor:protect",
    "tutor:pursuit",
    "tutor:quickattack",
    "tutor:rest",
    "tutor:return",
    "tutor:reversal",
    "tutor:rollout",
    "tutor:scratch",
    "tutor:shadowball",
    "tutor:shockwave",
    "tutor:slam",
    "tutor:slash",
    "tutor:sleeptalk",
    "tutor:snore",
    "tutor:substitute",
    "tutor:suckerpunch",
    "tutor:sunnyday",
    "tutor:superfang",
    "tutor:surf",
    "tutor:swagger",
    "tutor:swift",
    "tutor:tackle",
    "tutor:thief",
    "tutor:thunderpunch",
    "tutor:toxic",
    "tutor:trick",
    "tutor:uproar",
    "tutor:waterpulse"
  ],
  "labels": [
    "gen2"
  ],
  "pokedex": [
    "cobblemon.species.sentret.desc"
  ],
  "evolutions": [
    {
      "id": "sentret_furret",
      "variant": "level_up",
      "result": "furret",
      "consumeHeldItem": false,
      "learnableMoves": [],
      "requirements": [
        {
          "variant": "level",
          "minLevel": 15
        }
      ]
    }
  ],
  "baseScale": 0.5,
  "hitbox": {
    "width": 0.8,
    "height": 1,
    "fixed": false
  },
  "baseFriendship": 70,
  "evYield": {
    "hp": 0,
    "attack": 1,
    "defence": 0,
    "special_attack": 0,
    "special_defence": 0,
    "speed": 0
  },
  "height": 8,
  "weight": 60,
  "aspects": [],
  "cannotDynamax": false
}