{
  "name": "Sunflora",
  "nationalPokedexNumber": 192,
  "primaryType": "grass",
  "abilities": [
    "chlorophyll",
    "solarpower",
    "h:earlybird"
  ],
  "baseStats": {
    "hp": 75,
    "attack": 75,
    "defence": 55,
    "special_attack": 105,
    "special_defence": 85,
    "speed": 30
  },
  "catchRate": 120,
  "maleRatio": 0.5,
  "shoulderMountable": false,
  "baseExperienceYield": 149,
  "experienceGroup": "medium_slow",
  "eggCycles": 20,
  "eggGroups": [
    "grass"
  ],
  "moves": [
    "1:flowershield",
    "1:growth",
    "1:pound",
    "1:tackle",
    "4:ingrain",
    "7:absorb",
    "7:grasswhistle",
    "10:megadrain",
    "13:leechseed",
    "16:razorleaf",
    "19:worryseed",
    "22:gigadrain",
    "25:bulletseed",
    "28:petaldance",
    "31:naturalgift",
    "31:solarbeam",
    "34:doubleedge",
    "39:sunnyday",
    "43:leafstorm",
    "50:petalblizzard",
    "tm:attract",
    "tm:bulletseed",
    "tm:captivate",
    "tm:confide",
    "tm:cut",
    "tm:dazzlinggleam",
    "tm:doubleteam",
    "tm:earthpower",
    "tm:encore",
    "tm:endure",
    "tm:energyball",
    "tm:facade",
    "tm:flash",
    "tm:frustration",
    "tm:gigadrain",
    "tm:gigaimpact",
    "tm:grassknot",
    "tm:grassyterrain",
    "tm:helpinghand",
    "tm:hiddenpower",
    "tm:hyperbeam",
    "tm:leafstorm",
    "tm:lightscreen",
    "tm:magicalleaf",
    "tm:naturalgift",
    "tm:naturepower",
    "tm:protect",
    "tm:raindance",
    "tm:rest",
    "tm:return",
    "tm:round",
    "tm:safeguard",
    "tm:secretpower",
    "tm:seedbomb",
    "tm:sleeptalk",
    "tm:sludgebomb",
    "tm:solarbeam",
    "tm:substitute",
    "tm:sunnyday",
    "tm:swagger",
    "tm:swordsdance",
    "tm:takedown",
    "tm:terablast",
    "tm:toxic",
    "tm:trailblaze",
    "tutor:absorb",
    "tutor:afteryou",
    "tutor:attract",
    "tutor:curse",
    "tutor:cut",
    "tutor:doubleedge",
    "tutor:doubleteam",
    "tutor:earthpower",
    "tutor:endeavor",
    "tutor:endure",
    "tutor:flash",
    "tutor:frustration",
    "tutor:gigadrain",
    "tutor:growth",
    "tutor:helpinghand",
    "tutor:hiddenpower",
    "tutor:hyperbeam",
    "tutor:mimic",
    "tutor:petaldance",
    "tutor:pound",
    "tutor:protect",
    "tutor:razorleaf",
    "tutor:rest",
    "tutor:return",
    "tutor:seedbomb",
    "tutor:sleeptalk",
    "tutor:sludgebomb",
    "tutor:snore",
    "tutor:solarbeam",
    "tutor:substitute",
    "tutor:sunnyday",
    "tutor:swagger",
    "tutor:sweetscent",
    "tutor:swordsdance",
    "tutor:synthesis",
    "tutor:toxic",
    "tutor:uproar",
    "tutor:worryseed"
  ],
  "labels": [
    "gen2"
  ],
  "pokedex": [
    "cobblemon.species.sunflora.desc"
  ],
  "preEvolution": "sunkern",
  "evolutions": [],
  "baseScale": 1,
  "hitbox": {
    "width": .75,
    "height": .75,
    "fixed": false
  },
  "baseFriendship": 70,
  "evYield": {
    "hp": 0,
    "attack": 0,
    "defence": 0,
    "special_attack": 2,
    "special_defence": 0,
    "speed": 0
  },
  "height": 8,
  "weight": 85,
  "aspects": [],
  "cannotDynamax": false,
  "drops": {
    "amount": 2,
    "entries": [
      {
        "item": "minecraft:sunflower"
      },
      {
        "item": "cobblemon:coba_berry",
        "percentage": 5.0
      }
    ]
  }
}