{
  "name": "Sunkern",
  "nationalPokedexNumber": 191,
  "primaryType": "grass",
  "abilities": [
    "chlorophyll",
    "solarpower",
    "h:earlybird"
  ],
  "baseStats": {
    "hp": 30,
    "attack": 30,
    "defence": 30,
    "special_attack": 30,
    "special_defence": 30,
    "speed": 30
  },
  "catchRate": 235,
  "maleRatio": 0.5,
  "shoulderMountable": false,
  "baseExperienceYield": 36,
  "experienceGroup": "medium_slow",
  "eggCycles": 20,
  "eggGroups": [
    "grass"
  ],
  "moves": [
    "1:growth",
    "1:tackle",
    "4:ingrain",
    "7:absorb",
    "7:grasswhistle",
    "10:megadrain",
    "13:leechseed",
    "16:razorleaf",
    "19:worryseed",
    "22:gigadrain",
    "25:endeavor",
    "28:synthesis",
    "31:naturalgift",
    "31:solarbeam",
    "34:doubleedge",
    "36:sunnyday",
    "39:seedbomb",
    "egg:bide",
    "egg:curse",
    "egg:encore",
    "egg:endure",
    "egg:grasswhistle",
    "egg:grassyterrain",
    "egg:helpinghand",
    "egg:ingrain",
    "egg:leechseed",
    "egg:morningsun",
    "egg:naturalgift",
    "egg:naturepower",
    "egg:sweetscent",
    "tm:attract",
    "tm:bulletseed",
    "tm:captivate",
    "tm:confide",
    "tm:cut",
    "tm:doubleteam",
    "tm:earthpower",
    "tm:encore",
    "tm:endure",
    "tm:energyball",
    "tm:facade",
    "tm:flash",
    "tm:frustration",
    "tm:gigadrain",
    "tm:grassknot",
    "tm:grassyterrain",
    "tm:helpinghand",
    "tm:hiddenpower",
    "tm:leafstorm",
    "tm:lightscreen",
    "tm:magicalleaf",
    "tm:naturalgift",
    "tm:naturepower",
    "tm:protect",
    "tm:raindance",
    "tm:rest",
    "tm:return",
    "tm:round",
    "tm:safeguard",
    "tm:secretpower",
    "tm:seedbomb",
    "tm:sleeptalk",
    "tm:sludgebomb",
    "tm:solarbeam",
    "tm:substitute",
    "tm:sunnyday",
    "tm:swagger",
    "tm:swordsdance",
    "tm:takedown",
    "tm:terablast",
    "tm:toxic",
    "tm:trailblaze",
    "tutor:absorb",
    "tutor:afteryou",
    "tutor:attract",
    "tutor:curse",
    "tutor:cut",
    "tutor:doubleedge",
    "tutor:doubleteam",
    "tutor:earthpower",
    "tutor:endeavor",
    "tutor:endure",
    "tutor:flash",
    "tutor:frustration",
    "tutor:gigadrain",
    "tutor:growth",
    "tutor:helpinghand",
    "tutor:hiddenpower",
    "tutor:megadrain",
    "tutor:mimic",
    "tutor:protect",
    "tutor:rest",
    "tutor:return",
    "tutor:seedbomb",
    "tutor:sleeptalk",
    "tutor:sludgebomb",
    "tutor:snore",
    "tutor:solarbeam",
    "tutor:substitute",
    "tutor:sunnyday",
    "tutor:swagger",
    "tutor:sweetscent",
    "tutor:swordsdance",
    "tutor:synthesis",
    "tutor:toxic",
    "tutor:uproar",
    "tutor:worryseed"
  ],
  "labels": [
    "gen2"
  ],
  "pokedex": [
    "cobblemon.species.sunkern.desc"
  ],
  "evolutions": [
    {
      "id": "sunkern_sunflora",
      "variant": "item_interact",
      "result": "sunflora",
      "consumeHeldItem": false,
      "learnableMoves": [],
      "requirements": [],
      "requiredContext": "cobblemon:sun_stone"
    }
  ],
  "baseScale": 1,
  "hitbox": {
    "width": .5,
    "height": .5,
    "fixed": false
  },
  "baseFriendship": 70,
  "evYield": {
    "hp": 0,
    "attack": 0,
    "defence": 0,
    "special_attack": 1,
    "special_defence": 0,
    "speed": 0
  },
  "height": 3,
  "weight": 18,
  "aspects": [],
  "cannotDynamax": false,
  "drops": {
    "amount": 2,
    "entries": [
      {
        "item": "minecraft:wheat_seeds"
      },
      {
        "item": "cobblemon:coba_berry",
        "percentage": 2.5
      }
    ]
  }
}