{
    "enabled": true,
    "neededInstalledMods": [],
    "neededUninstalledMods": [],
    "spawns": [
        {
            "id": "wartortle-1",
            "pokemon": "wartortle",
            "presets": [
                "natural",
                "river"
            ],
            "type": "pokemon",
            "context": "grounded",
            "bucket": "ultra-rare",
            "level": "16-40",
            "weight": 0.9,
            "condition": {
                "canSeeSky": true
            }
        },
        {
            "id": "wartortle-2",
            "pokemon": "wartortle",
            "presets": [
                "river",
                "underwater"
            ],
            "type": "pokemon",
            "context": "submerged",
            "bucket": "ultra-rare",
            "level": "16-40",
            "weight": 0.9,
            "condition": {
                "canSeeSky": true
            }
        },
        {
            "id": "wartortle-3",
            "pokemon": "wartortle",
            "presets": [
                "underwater"
            ],
            "type": "pokemon",
            "context": "submerged",
            "bucket": "uncommon",
            "level": "20-38",
            "weight": 0.9,
            "condition": {
                "biomes": [
                    "betterend:megalake",
                    "betterend:megalake_grove"
                ]
            }
        }
    ]
}