{
    "enabled": true,
    "neededInstalledMods": [],
    "neededUninstalledMods": [],
    "spawns": [
        {
            "id": "metapod-1",
            "pokemon": "metapod",
            "presets": [
                "natural",
                "treetop"
            ],
            "type": "pokemon",
            "context": "grounded",
            "bucket": "common",
            "level": "7-21",
            "weight": 2.0,
            "condition": {
                "canSeeSky": true,
                "biomes": [
                    "#cobblemon:is_forest"
                ]
            },
            "anticondition": {
                "biomes": [
                    "#cobblemon:is_freezing",
                    "#cobblemon:is_spooky"
                ]
            }
        },
        {
            "id": "metapod-2",
            "pokemon": "metapod",
            "presets": [
                "natural",
                "foliage",
                "treetop"
            ],
            "type": "pokemon",
            "context": "grounded",
            "bucket": "common",
            "level": "7-21",
            "weight": 2.0,
            "condition": {
                "canSeeSky": true,
                "biomes": [
                    "#cobblemon:is_plains"
                ]
            }
        },
        {
            "id": "metapod-valencian-1",
            "pokemon": "metapod valencian",
            "presets": [
                "natural",
                "treetop"
            ],
            "type": "pokemon",
            "context": "grounded",
            "bucket": "common",
            "level": "7-21",
            "weight": 2.0,
            "condition": {
                "canSeeSky": true,
                "biomes": [
                    "#cobblemon:is_jungle",
                    "#cobblemon:is_tropical_island"
                ]
            }
        },
        {
            "id": "metapod-valencian-2",
            "pokemon": "metapod valencian",
            "type": "pokemon",
            "context": "grounded",
            "bucket": "common",
            "level": "7-21",
            "weight": 2.0,
            "condition": {
                "biomes": [
                    "the_bumblezone:floral_meadow"
                ]
            },
            "anticondition": {
                "structures": [
                    "#the_bumblezone:sempiternal_sanctums"
                ]
            }
        },
        {
            "id": "metapod-valencian-3",
            "pokemon": "metapod valencian",
            "type": "pokemon",
            "context": "grounded",
            "bucket": "common",
            "level": "12-24",
            "weight": 2.0,
            "condition": {
                "biomes": [
                    "betterend:umbrella_jungle"
                ]
            }
        }
    ]
}