{
    "enabled": true,
    "neededInstalledMods": [],
    "neededUninstalledMods": [],
    "spawns": [
        {
            "id": "ekans-classic-1",
            "pokemon": "ekans snake-pattern=classic",
            "presets": [
                "natural"
            ],
            "type": "pokemon",
            "context": "grounded",
            "bucket": "common",
            "level": "4-29",
            "weight": 4.05,
            "condition": {
                "canSeeSky": true,
                "biomes": [
                    "#cobblemon:is_arid"
                ]
            }
        },
        {
            "id": "ekans-legacy-1",
            "pokemon": "ekans snake-pattern=legacy",
            "presets": [
                "natural"
            ],
            "type": "pokemon",
            "context": "grounded",
            "bucket": "common",
            "level": "4-29",
            "weight": 0.27,
            "condition": {
                "canSeeSky": true,
                "biomes": [
                    "#cobblemon:is_arid"
                ]
            }
        },
        {
            "id": "ekans-attack-1",
            "pokemon": "ekans snake-pattern=attack",
            "presets": [
                "natural"
            ],
            "type": "pokemon",
            "context": "grounded",
            "bucket": "common",
            "level": "4-29",
            "weight": 0.27,
            "condition": {
                "canSeeSky": true,
                "biomes": [
                    "#cobblemon:is_arid"
                ]
            }
        },
        {
            "id": "ekans-speed-1",
            "pokemon": "ekans snake-pattern=speed",
            "presets": [
                "natural"
            ],
            "type": "pokemon",
            "context": "grounded",
            "bucket": "common",
            "level": "4-29",
            "weight": 0.27,
            "condition": {
                "canSeeSky": true,
                "biomes": [
                    "#cobblemon:is_arid"
                ]
            }
        },
        {
            "id": "ekans-elusive-1",
            "pokemon": "ekans snake-pattern=elusive",
            "presets": [
                "natural"
            ],
            "type": "pokemon",
            "context": "grounded",
            "bucket": "common",
            "level": "4-29",
            "weight": 0.27,
            "condition": {
                "canSeeSky": true,
                "biomes": [
                    "#cobblemon:is_arid"
                ]
            }
        },
        {
            "id": "ekans-sound-1",
            "pokemon": "ekans snake-pattern=sound",
            "presets": [
                "natural"
            ],
            "type": "pokemon",
            "context": "grounded",
            "bucket": "common",
            "level": "4-29",
            "weight": 0.27,
            "condition": {
                "canSeeSky": true,
                "biomes": [
                    "#cobblemon:is_arid"
                ]
            }
        },
        {
            "id": "ekans-dark-1",
            "pokemon": "ekans snake-pattern=dark",
            "presets": [
                "natural"
            ],
            "type": "pokemon",
            "context": "grounded",
            "bucket": "common",
            "level": "4-29",
            "weight": 5.4,
            "condition": {
                "biomes": [
                    "#cobblemon:nether/is_desert"
                ]
            }
        },
        {
            "id": "ekans-dark-2",
            "pokemon": "ekans snake-pattern=dark",
            "presets": [
                "natural"
            ],
            "type": "pokemon",
            "context": "grounded",
            "bucket": "common",
            "level": "8-32",
            "weight": 5.4,
            "condition": {
                "biomes": [
                    "betterend:chorus_forest",
                    "betterend:dust_wastelands",
                    "betterend:neon_oasis"
                ]
            }
        }
    ]
}