{
    "enabled": true,
    "neededInstalledMods": [],
    "neededUninstalledMods": [],
    "spawns": [
        {
            "id": "arbok-classic-1",
            "pokemon": "arbok snake-pattern=classic",
            "presets": [
                "natural"
            ],
            "type": "pokemon",
            "context": "grounded",
            "bucket": "common",
            "level": "22-45",
            "weight": 0.45,
            "condition": {
                "canSeeSky": true,
                "biomes": [
                    "#cobblemon:is_arid"
                ]
            }
        },
        {
            "id": "arbok-legacy-1",
            "pokemon": "arbok snake-pattern=legacy",
            "presets": [
                "natural"
            ],
            "type": "pokemon",
            "context": "grounded",
            "bucket": "common",
            "level": "22-45",
            "weight": 0.03,
            "condition": {
                "canSeeSky": true,
                "biomes": [
                    "#cobblemon:is_arid"
                ]
            }
        },
        {
            "id": "arbok-attack-1",
            "pokemon": "arbok snake-pattern=attack",
            "presets": [
                "natural"
            ],
            "type": "pokemon",
            "context": "grounded",
            "bucket": "common",
            "level": "22-45",
            "weight": 0.03,
            "condition": {
                "canSeeSky": true,
                "biomes": [
                    "#cobblemon:is_arid"
                ]
            }
        },
        {
            "id": "arbok-speed-1",
            "pokemon": "arbok snake-pattern=speed",
            "presets": [
                "natural"
            ],
            "type": "pokemon",
            "context": "grounded",
            "bucket": "common",
            "level": "22-45",
            "weight": 0.03,
            "condition": {
                "canSeeSky": true,
                "biomes": [
                    "#cobblemon:is_arid"
                ]
            }
        },
        {
            "id": "arbok-elusive-1",
            "pokemon": "arbok snake-pattern=elusive",
            "presets": [
                "natural"
            ],
            "type": "pokemon",
            "context": "grounded",
            "bucket": "common",
            "level": "22-45",
            "weight": 0.03,
            "condition": {
                "canSeeSky": true,
                "biomes": [
                    "#cobblemon:is_arid"
                ]
            }
        },
        {
            "id": "arbok-sound-1",
            "pokemon": "arbok snake-pattern=sound",
            "presets": [
                "natural"
            ],
            "type": "pokemon",
            "context": "grounded",
            "bucket": "common",
            "level": "22-45",
            "weight": 0.03,
            "condition": {
                "canSeeSky": true,
                "biomes": [
                    "#cobblemon:is_arid"
                ]
            }
        },
        {
            "id": "arbok-dark-1",
            "pokemon": "arbok snake-pattern=dark",
            "presets": [
                "natural"
            ],
            "type": "pokemon",
            "context": "grounded",
            "bucket": "common",
            "level": "22-45",
            "weight": 0.6,
            "condition": {
                "biomes": [
                    "#cobblemon:nether/is_desert"
                ]
            }
        },
        {
            "id": "arbok-dark-2",
            "pokemon": "arbok snake-pattern=dark",
            "presets": [
                "natural"
            ],
            "type": "pokemon",
            "context": "grounded",
            "bucket": "common",
            "level": "26-50",
            "weight": 0.6,
            "condition": {
                "biomes": [
                    "betterend:chorus_forest",
                    "betterend:dust_wastelands",
                    "betterend:neon_oasis"
                ]
            }
        }
    ]
}