{
    "enabled": true,
    "neededInstalledMods": [],
    "neededUninstalledMods": [],
    "spawns": [
        {
            "id": "pikachu-1",
            "pokemon": "pikachu",
            "presets": [
                "natural"
            ],
            "type": "pokemon",
            "context": "grounded",
            "bucket": "uncommon",
            "level": "16-32",
            "weight": 0.18,
            "weightMultiplier": {
                "multiplier": 5.0,
                "condition": {
                    "isThundering": true
                }
            },
            "condition": {
                "canSeeSky": true,
                "biomes": [
                    "#cobblemon:is_forest"
                ]
            },
            "anticondition": {
                "biomes": [
                    "#cobblemon:is_spooky"
                ]
            }
        },
        {
            "id": "pikachu-2",
            "pokemon": "pikachu",
            "presets": [
                "natural"
            ],
            "type": "pokemon",
            "context": "grounded",
            "bucket": "common",
            "level": "24-40",
            "weight": 4,
            "condition": {
                "biomes": [
                    "betterend:lantern_woods"
                ]
            }
        },
        {
            "id": "pikachu-alolan-1",
            "pokemon": "pikachu alolan",
            "presets": [
                "natural"
            ],
            "type": "pokemon",
            "context": "grounded",
            "bucket": "uncommon",
            "level": "16-32",
            "weight": 1.8,
            "weightMultiplier": {
                "multiplier": 5.0,
                "condition": {
                    "isThundering": true
                }
            },
            "condition": {
                "canSeeSky": true,
                "biomes": [
                    "#cobblemon:is_beach",
                    "#cobblemon:is_tropical_island"
                ]
            },
            "anticondition": {
                "biomes": [
                    "terrestria:volcanic_island"
                ]
            }
        },
        {
            "id": "pikachu-alolan-1",
            "pokemon": "pikachu alolan",
            "presets": [
                "natural"
            ],
            "type": "pokemon",
            "context": "grounded",
            "bucket": "common",
            "level": "16-32",
            "weight": 4,
            "condition": {
                "biomes": [
                    "betterend:lantern_woods"
                ]
            }
        }
    ]
}