{
    "enabled": true,
    "neededInstalledMods": [],
    "neededUninstalledMods": [],
    "spawns": [
        {
            "id": "sandslash-1",
            "pokemon": "sandslash",
            "presets": [
                "natural"
            ],
            "type": "pokemon",
            "context": "grounded",
            "bucket": "common",
            "level": "22-45",
            "weight": 1.0,
            "condition": {
                "biomes": [
                    "#cobblemon:is_sandy"
                ]
            }
        },
        {
            "id": "sandslash-2",
            "pokemon": "sandslash",
            "presets": [
                "natural"
            ],
            "type": "pokemon",
            "context": "grounded",
            "bucket": "common",
            "level": "26-50",
            "weight": 1.0,
            "condition": {
                "biomes": [
                    "betterend:dust_wastelands"
                ]
            }
        }
    ]
}