{
    "enabled": true,
    "neededInstalledMods": [],
    "neededUninstalledMods": [],
    "spawns": [
        {
            "id": "vulpix-1",
            "pokemon": "vulpix",
            "presets": [
                "natural"
            ],
            "type": "pokemon",
            "context": "grounded",
            "bucket": "uncommon",
            "level": "5-30",
            "weight": 5.4,
            "weightMultiplier": {
                "multiplier": 2.5,
                "condition": {
                    "timeRange": "twilight"
                }
            },
            "condition": {
                "canSeeSky": true,
                "biomes": [
                    "#cobblemon:is_forest",
                    "#cobblemon:is_taiga"
                ]
            },
            "anticondition": {
                "biomes": [
                    "#cobblemon:is_freezing"
                ]
            }
        },
        {
            "id": "vulpix-2",
            "pokemon": "vulpix",
            "presets": [
                "natural"
            ],
            "type": "pokemon",
            "context": "grounded",
            "bucket": "common",
            "level": "5-30",
            "weight": 5.4,
            "condition": {
                "timeRange": "twilight",
                "canSeeSky": true,
                "biomes": [
                    "terrestria:volcanic_island"
                ],
                "neededNearbyBlocks": [
                    "terrestria:andisol_grass_block"
                ]
            }
        },
        {
            "id": "vulpix-3",
            "pokemon": "vulpix",
            "presets": [
                "natural"
            ],
            "type": "pokemon",
            "context": "grounded",
            "bucket": "common",
            "level": "5-30",
            "weight": 1.8,
            "condition": {
                "biomes": [
                    "#cobblemon:nether/is_forest"
                ]
            },
            "anticondition": {
                "biomes": [
                    "#cobblemon:nether/is_frozen"
                ]
            }
        },
        {
            "id": "vulpix-4",
            "pokemon": "vulpix",
            "presets": [
                "natural"
            ],
            "type": "pokemon",
            "context": "grounded",
            "bucket": "common",
            "level": "8-36",
            "weight": 1.8,
            "condition": {
                "biomes": [
                    "betterend:amber_land",
                    "betterend:lantern_woods"
                ]
            }
        },
        {
            "id": "vulpix-alolan-1",
            "pokemon": "vulpix alolan",
            "presets": [
                "natural"
            ],
            "type": "pokemon",
            "context": "grounded",
            "bucket": "uncommon",
            "level": "5-30",
            "weight": 5.4,
            "weightMultiplier": {
                "multiplier": 2.5,
                "condition": {
                    "timeRange": "twilight"
                }
            },
            "condition": {
                "canSeeSky": true,
                "biomes": [
                    "#cobblemon:is_snowy_forest"
                ]
            }
        },
        {
            "id": "vulpix-alolan-2",
            "pokemon": "vulpix alolan",
            "presets": [
                "natural"
            ],
            "type": "pokemon",
            "context": "grounded",
            "bucket": "common",
            "level": "5-30",
            "weight": 1.8,
            "condition": {
                "biomes": [
                    "#cobblemon:nether/is_frozen"
                ]
            }
        },
        {
            "id": "vulpix-alolan-3",
            "pokemon": "vulpix alolan",
            "presets": [
                "natural"
            ],
            "type": "pokemon",
            "context": "grounded",
            "bucket": "common",
            "level": "8-36",
            "weight": 12.0,
            "condition": {
                "biomes": [
                    "betterend:ice_starfield"
                ]
            }
        }
    ]
}