{
    "enabled": "true",
    "neededInstalledMods": [],
    "neededUninstalledMods": [],
    "spawns": [
        {
            "id": "golbat-1",
            "pokemon": "golbat",
            "presets": [
                "natural"
            ],
            "type": "pokemon",
            "context": "grounded",
            "bucket": "common",
            "level": "22-45",
            "weight": 0.18,
            "condition": {
                "canSeeSky": true,
                "biomes": [
                    "#cobblemon:is_forest",
                    "#cobblemon:is_grassland",
                    "#cobblemon:is_hills",
                    "#cobblemon:is_jungle",
                    "#cobblemon:is_sky",
                    "#cobblemon:is_swamp"
                ],
                "timeRange": "night",
                "isRaining": false
            },
            "anticondition": {
                "biomes": [
                    "#cobblemon:is_spooky",
                    "#cobblemon:is_freezing"
                ]
            }
        },
        {
            "id": "golbat-2",
            "pokemon": "golbat",
            "presets": [
                "natural"
            ],
            "type": "pokemon",
            "context": "grounded",
            "bucket": "common",
            "level": "22-45",
            "weight": 0.9,
            "weightMultiplier": {
                "multiplier": 1.5,
                "condition": {
                    "timeRange": "day"
                }
            },
            "condition": {
                "canSeeSky": false,
                "biomes": [
                    "#cobblemon:is_overworld"
                ]
            },
            "anticondition": {
                "biomes": [
                    "#cobblemon:is_deep_dark",
                    "regions_unexplored:prismachasm",
                    "regions_unexplored:scorching_caves"
                ]
            }
        },
        {
            "id": "golbat-3",
            "pokemon": "golbat",
            "presets": [
                "derelict"
            ],
            "type": "pokemon",
            "context": "grounded",
            "bucket": "uncommon",
            "level": "22-45",
            "weight": 0.9,
            "weightMultiplier": {
                "multiplier": 1.5,
                "condition": {
                    "timeRange": "day"
                }
            },
            "condition": {
                "canSeeSky": false,
                "biomes": [
                    "#cobblemon:is_overworld"
                ]
            },
            "anticondition": {
                "biomes": [
                    "#cobblemon:is_deep_dark",
                    "regions_unexplored:prismachasm",
                    "regions_unexplored:scorching_caves"
                ]
            }
        },
        {
            "id": "golbat-4",
            "pokemon": "golbat",
            "presets": [
                "natural"
            ],
            "type": "pokemon",
            "context": "grounded",
            "bucket": "common",
            "level": "22-45",
            "weight": 0.9,
            "weightMultiplier": {
                "multiplier": 1.5,
                "condition": {
                    "timeRange": "night"
                }
            },
            "condition": {
                "canSeeSky": true,
                "biomes": [
                    "#cobblemon:is_spooky"
                ],
                "isRaining": false
            }
        },
        {
            "id": "golbat-5",
            "pokemon": "golbat",
            "presets": [
                "natural"
            ],
            "type": "pokemon",
            "context": "grounded",
            "bucket": "common",
            "level": "28-52",
            "weight": 0.6,
            "condition": {
                "biomes": [
                    "betterend:chorus_forest",
                    "betterend:shadow_forest",
                    "betterend:umbra_valley",
                    "#cobblemon:nether/is_forest"
                ]
            }
        }
    ]
}