{
    "enabled": true,
    "neededInstalledMods": [],
    "neededUninstalledMods": [],
    "spawns": [
        {
            "id": "golduck-1",
            "pokemon": "golduck",
            "presets": [
                "natural",
                "freshwater"
            ],
            "type": "pokemon",
            "context": "grounded",
            "bucket": "common",
            "level": "33-50",
            "weight": 0.6,
            "condition": {
                "canSeeSky": true
            }
        },
        {
            "id": "golduck-2",
            "pokemon": "golduck",
            "presets": [
                "freshwater",
                "underwater"
            ],
            "type": "pokemon",
            "context": "submerged",
            "bucket": "common",
            "level": "33-50",
            "weight": 0.6,
            "condition": {
                "canSeeSky": true
            }
        },
        {
            "id": "golduck-3",
            "pokemon": "psyduck",
            "presets": [
                "natural"
            ],
            "type": "pokemon",
            "context": "grounded",
            "bucket": "common",
            "level": "36-54",
            "weight": 0.6,
            "condition": {
                "biomes": [
                    "betterend:megalake",
                    "betterend:megalake_grove"
                ]
            }
        },
        {
            "id": "golduck-4",
            "pokemon": "psyduck",
            "presets": [
                "underwater"
            ],
            "type": "pokemon",
            "context": "submerged",
            "bucket": "common",
            "level": "36-54",
            "weight": 0.6,
            "condition": {
                "biomes": [
                    "betterend:megalake",
                    "betterend:megalake_grove"
                ]
            }
        }
    ]
}