{
    "enabled": true,
    "neededInstalledMods": [],
    "neededUninstalledMods": [],
    "spawns": [
        {
            "id": "farfetchd-1",
            "pokemon": "farfetchd",
            "presets": [
                "natural",
                "treetop",
                "wild"
            ],
            "type": "pokemon",
            "context": "grounded",
            "bucket": "common",
            "level": "13-38",
            "weight": 10.0,
            "weightMultiplier": {
                "multiplier": 0.25,
                "condition": {
                    "timeRange": "night"
                }
            },
            "condition": {
                "canSeeSky": true,
                "biomes": [
                    "#cobblemon:is_overworld"
                ],
                "neededNearbyBlocks": [
                    "cobblemon:medicinal_leek"
                ]
            }
        },
        {
            "id": "farfetchd-2",
            "pokemon": "farfetchd",
            "presets": [
                "natural"
            ],
            "type": "pokemon",
            "context": "grounded",
            "bucket": "common",
            "level": "18-42",
            "weight": 4.0,
            "condition": {
                "biomes": [
                    "betterend:lantern_woods"
                ]
            }
        },
        {
            "id": "farfetchd-galarian-1",
            "pokemon": "farfetchd galarian",
            "presets": [
                "natural",
                "wild"
            ],
            "type": "pokemon",
            "context": "grounded",
            "bucket": "rare",
            "level": "13-38",
            "weight": 9.0,
            "weightMultiplier": {
                "multiplier": 0.25,
                "condition": {
                    "timeRange": "night"
                }
            },
            "condition": {
                "canSeeSky": true,
                "biomes": [
                    "#cobblemon:is_forest"
                ]
            },
            "anticondition": {
                "neededNearbyBlocks": [
                    "#minecraft:water"
                ]
            }
        },
        {
            "id": "farfetchd-galarian-2",
            "pokemon": "farfetchd galarian",
            "presets": [
                "natural"
            ],
            "type": "pokemon",
            "context": "grounded",
            "bucket": "rare",
            "level": "18-42",
            "weight": 9.0,
            "condition": {
                "biomes": [
                    "betterend:lantern_woods"
                ]
            }
        }
    ]
}