{
    "enabled": true,
    "neededInstalledMods": [],
    "neededUninstalledMods": [],
    "spawns": [
        {
            "id": "hypno-1",
            "pokemon": "hypno",
            "presets": [
                "natural",
                "urban"
            ],
            "type": "pokemon",
            "context": "grounded",
            "bucket": "common",
            "level": "26-48",
            "weight": 1.0,
            "condition": {
                "canSeeSky": true,
                "biomes": [
                    "#cobblemon:is_jungle",
                    "#cobblemon:is_savanna"
                ],
                "timeRange": "night"
            },
            "anticondition": {
                "structures": [
                    "#minecraft:village"
                ]
            }
        },
        {
            "id": "hypno-2",
            "pokemon": "hypno",
            "presets": [
                "natural",
                "village"
            ],
            "type": "pokemon",
            "context": "grounded",
            "bucket": "common",
            "level": "26-48",
            "weight": 1.0,
            "condition": {
                "canSeeSky": true,
                "biomes": [
                    "#cobblemon:is_jungle",
                    "#cobblemon:is_savanna"
                ],
                "timeRange": "night"
            }
        },
        {
            "id": "hypno-3",
            "pokemon": "hypno",
            "presets": [
                "natural"
            ],
            "type": "pokemon",
            "context": "grounded",
            "bucket": "common",
            "level": "32-58",
            "weight": 1.0,
            "condition": {
                "biomes": [
                    "betterend:amber_land",
                    "betterend:lantern_woods"
                ]
            }
        }
    ]
}