{
    "enabled": true,
    "neededInstalledMods": [],
    "neededUninstalledMods": [],
    "spawns": [
        {
            "id": "kingler-1",
            "pokemon": "kingler",
            "presets": [
                "natural"
            ],
            "type": "pokemon",
            "context": "grounded",
            "bucket": "common",
            "level": "28-48",
            "weight": 1.0,
            "condition": {
                "canSeeSky": true,
                "maxY": 67,
                "biomes": [
                    "#cobblemon:is_coast"
                ]
            },
            "anticondition": {
                "neededNearbyBlocks": [
                    "terrestria:volcanic_rock",
                    "terrestria:andisol_grass_block"
                ]
            }
        }
    ]
}