{
    "enabled": true,
    "neededInstalledMods": [],
    "neededUninstalledMods": [],
    "spawns": [
        {
            "id": "exeggcute-1",
            "pokemon": "exeggcute",
            "presets": [
                "natural"
            ],
            "type": "pokemon",
            "context": "grounded",
            "bucket": "common",
            "level": "8-33",
            "weight": 1.8,
            "condition": {
                "canSeeSky": true,
                "biomes": [
                    "#cobblemon:is_jungle"
                ]
            }
        },
		{
            "id": "exeggcute-alolan-1",
            "pokemon": "exeggcute alolan",
            "presets": [
                "natural"
            ],
            "type": "pokemon",
            "context": "grounded",
            "bucket": "uncommon",
            "level": "8-33",
            "weight": 9.0,
            "condition": {
                "canSeeSky": true,
                "biomes": [
                    "#cobblemon:is_beach",
                    "#cobblemon:is_tropical_island",
                    "terrestria:volcanic_island"
                ],
                "neededNearbyBlocks": [
                    "#minecraft:jungle_log"
                ]
            }
		}
    ]
}