{
    "enabled": true,
    "neededInstalledMods": [],
    "neededUninstalledMods": [],
    "spawns": [
        {
            "id": "exeggutor-1",
            "pokemon": "exeggutor",
            "presets": [
                "natural"
            ],
            "type": "pokemon",
            "context": "grounded",
            "bucket": "common",
            "level": "28-53",
            "weight": 0.2,
            "condition": {
                "canSeeSky": true,
                "biomes": [
                    "#cobblemon:is_jungle"
                ]
            }
        },
		{
            "id": "exeggutor-alolan-1",
            "pokemon": "exeggutor alolan",
            "presets": [
                "natural"
            ],
            "type": "pokemon",
            "context": "grounded",
            "bucket": "uncommon",
            "level": "28-53",
            "weight": 1.0,
            "condition": {
                "canSeeSky": true,
                "biomes": [
                    "#cobblemon:is_beach",
                    "#cobblemon:is_tropical_island",
                    "terrestria:volcanic_island"
                ],
                "neededNearbyBlocks": [
                    "#minecraft:jungle_log"
                ]
            }
		}
    ]
}