{
    "enabled": true,
    "neededInstalledMods": [],
    "neededUninstalledMods": [],
    "spawns": [
        {
            "id": "rhyhorn-1",
            "pokemon": "rhyhorn",
            "presets": [
                "natural",
                "wild"
            ],
            "type": "pokemon",
            "context": "grounded",
            "bucket": "common",
            "level": "10-35",
            "weight": 1.8,
            "weightMultiplier": {
                "multiplier": 0.25,
                "condition": {
                    "timeRange": "night"
                }
            },
            "condition": {
                "canSeeSky": true,
                "biomes": [
                    "#cobblemon:is_savanna"
                ]
            }
        },
        {
            "id": "rhyhorn-2",
            "pokemon": "rhyhorn",
            "presets": [
                "natural"
            ],
            "type": "pokemon",
            "context": "grounded",
            "bucket": "common",
            "level": "10-35",
            "weight": 1.8,
            "condition": {
                "maxY": 70,
                "biomes": [
                    "terrestria:volcanic_island"
                ],
                "neededNearbyBlocks": [
                    "terrestria:andisol_grass_block"
                ]
            },
            "anticondition": {
                "neededNearbyBlocks": [
                    "#minecraft:lava"
                ]
            }
        },
        {
            "id": "rhyhorn-3",
            "pokemon": "rhyhorn",
            "presets": [
                "natural"
            ],
            "type": "pokemon",
            "context": "grounded",
            "bucket": "common",
            "level": "14-40",
            "weight": 5.4,
            "condition": {
                "biomes": [
                    "betterend:dry_shrubland",
                    "betterend:dust_wastelands"
                ]
            }
        }
    ]
}