{
    "enabled": true,
    "neededInstalledMods": [],
    "neededUninstalledMods": [],
    "spawns": [
        {
            "id": "staryu-1",
            "pokemon": "staryu",
            "presets": [
                "natural"
            ],
            "type": "pokemon",
            "context": "grounded",
            "bucket": "uncommon",
            "level": "9-34",
            "weight": 9.0,
            "condition": {
                "canSeeSky": true,
                "maxY": 67,
                "biomes": [
                    "#cobblemon:is_coast"
                ],
                "timeRange": "night"
            }
        },
        {
            "id": "staryu-2",
            "pokemon": "staryu",
            "presets": [
                "underwater"
            ],
            "type": "pokemon",
            "context": "seafloor",
            "bucket": "uncommon",
            "level": "9-34",
            "weight": 5.4,
			"weightMultiplier": {
				"multiplier": 1.5,
				"condition": {
					"timeRange": "night"
				}
			},
            "condition": {
                "canSeeSky": true,
                "biomes": [
                    "#cobblemon:is_ocean"
                ]
            }
        }
    ]
}