{
    "enabled": true,
    "neededInstalledMods": [],
    "neededUninstalledMods": [],
    "spawns": [
        {
            "id": "electabuzz-1",
            "pokemon": "electabuzz",
            "presets": [
                "natural"
            ],
            "type": "pokemon",
            "context": "grounded",
            "bucket": "uncommon",
            "level": "30-50",
            "weight": 0.18,
            "weightMultiplier": {
                "multiplier": 5.0,
                "condition": {
                    "isThundering": true
                }
            },
            "condition": {
                "canSeeSky": true,
                "biomes": [
                    "#cobblemon:is_plains",
                    "#cobblemon:is_hills"
                ]
            }
        },
        {
            "id": "electabuzz-2",
            "pokemon": "electabuzz",
            "presets": [
                "natural"
            ],
            "type": "pokemon",
            "context": "grounded",
            "bucket": "uncommon",
            "level": "34-54",
            "weight": 2,
            "condition": {
                "biomes": [
                    "betterend:glowing_grasslands",
                    "betterend:neon_oasis"
                ]
            }
        }
    ]
}