{
    "enabled": true,
    "neededInstalledMods": [],
    "neededUninstalledMods": [],
    "spawns": [
        {
            "id": "aerodactyl-1",
            "pokemon": "aerodactyl",
            "presets": [
                "natural"
            ],
            "type": "pokemon",
            "context": "grounded",
            "bucket": "ultra-rare",
            "level": "27-52",
            "weight": 10.0,
            "condition": {
                "biomes": [
                    "#cobblemon:is_lush"
                ]
            }
        },
        {
            "id": "aerodactyl-2",
            "pokemon": "aerodactyl",
            "presets": [
                "natural"
            ],
            "type": "pokemon",
            "context": "grounded",
            "bucket": "rare",
            "level": "34-58",
            "weight": 8.0,
            "condition": {
                "biomes": [
                    "betterend:shadow_forest",
                    "betterend:umbra_valley"
                ]
            }
        }
    ]
}