{
    "enabled": "true",
    "neededInstalledMods": [],
    "neededUninstalledMods": [],
    "spawns": [
        {
            "id": "chinchou-1",
            "pokemon": "chinchou",
            "presets": [
                "underwater"
            ],
            "type": "pokemon",
            "context": "submerged",
            "bucket": "common",
            "level": "8-33",
            "weight": 5.4,
            "condition": {
                "canSeeSky": true,
                "maxY": 48,
                "biomes": [
                    "#cobblemon:is_deep_ocean"
                ]
            }
        },
        {
            "id": "chinchou-2",
            "pokemon": "chinchou",
            "presets": [
                "underwater"
            ],
            "type": "pokemon",
            "context": "submerged",
            "bucket": "common",
            "level": "12-36",
            "weight": 1.8,
            "condition": {
                "biomes": [
                    "betterend:megalake",
                    "betterend:megalake_grove"
                ]
            }
        }
    ]
}