{
    "enabled": true,
    "neededInstalledMods": [],
    "neededUninstalledMods": [],
    "spawns": [
        {
            "id": "slowking-1",
            "pokemon": "slowking",
            "presets": [
                "natural"
            ],
            "type": "pokemon",
            "context": "grounded",
            "bucket": "common",
            "level": "37-49",
            "weight": 0.06,
            "condition": {
                "canSeeSky": true,
                "maxY": 67,
                "biomes": [
                    "#cobblemon:is_beach"
                ]
            },
            "anticondition": {
                "neededNearbyBlocks": [
                    "terrestria:volcanic_rock",
                    "terrestria:andisol_grass_block"
                ]
            }
        },
        {
            "id": "slowking-2",
            "pokemon": "slowking",
            "presets": [
                "natural"
            ],
            "type": "pokemon",
            "context": "grounded",
            "bucket": "common",
            "level": "42-56",
            "weight": 0.06,
            "condition": {
                "biomes": [
                    "betterend:megalake",
                    "betterend:megalake_grove"
                ]
            }
        }
    ]
}