{
    "enabled": true,
    "neededInstalledMods": [],
    "neededUninstalledMods": [],
    "spawns": [
        {
            "id": "qwilfish-1",
            "pokemon": "qwilfish",
            "presets": [
                "underwater"
            ],
            "type": "pokemon",
            "context": "submerged",
            "bucket": "uncommon",
            "level": "19-44",
            "weight": 10.0,
            "condition": {
                "canSeeSky": true,
                "biomes": [
                    "#cobblemon:is_lukewarm_ocean",
                    "#cobblemon:is_warm_ocean"
                ]
            },
            "anticondition": {
                "structures": [
                    "minecraft:ocean_monument"
                ]
            }
        },
        {
            "id": "qwilfish-2",
            "pokemon": "qwilfish",
            "presets": [
                "underwater",
                "ocean_monument"
            ],
            "type": "pokemon",
            "context": "submerged",
            "bucket": "common",
            "level": "19-44",
            "weight": 10.0,
            "condition": {
                "canSeeSky": true,
                "biomes": [
                    "#cobblemon:is_ocean"
                ]
            },
            "anticondition": {
                "biomes": [
                    "#cobblemon:is_cold_ocean",
                    "#cobblemon:is_frozen_ocean"
                ]
            }
        },
        {
            "id": "qwilfish-hisuian-3",
            "pokemon": "qwilfish hisuian",
            "presets": [
                "underwater"
            ],
            "type": "pokemon",
            "context": "submerged",
            "bucket": "uncommon",
            "level": "19-44",
            "weight": 9.0,
            "condition": {
                "canSeeSky": true,
                "biomes": [
                    "#cobblemon:is_cold_ocean"
                ]
            },
            "anticondition": {
                "structures": [
                    "minecraft:ocean_monument"
                ]
            }
        },
        {
            "id": "qwilfish-hisuian-4",
            "pokemon": "qwilfish hisuian",
            "presets": [
                "underwater",
                "ocean_monument"
            ],
            "type": "pokemon",
            "context": "submerged",
            "bucket": "common",
            "level": "19-44",
            "weight": 90.0,
            "condition": {
                "canSeeSky": true,
                "biomes": [
                    "#cobblemon:is_cold_ocean",
                    "#cobblemon:is_frozen_ocean"
                ]
            }
        }
    ]
}