{
    "enabled": true,
    "neededInstalledMods": [],
    "neededUninstalledMods": [],
    "spawns": [
        {
            "id": "skarmory-1",
            "pokemon": "skarmory",
            "presets": [
                "natural",
                "wild"
            ],
            "type": "pokemon",
            "context": "grounded",
            "bucket": "rare",
            "level": "22-47",
            "weight": 10.0,
            "condition": {
                "minSkyLight": 8,
                "maxSkyLight": 15,
                "biomes": [
                    "#cobblemon:is_sandy",
                    "#cobblemon:is_sky"
                ],
                "timeRange": "day"
            }
        },
        {
            "id": "skarmory-2",
            "pokemon": "skarmory",
            "presets": [
                "natural"
            ],
            "type": "pokemon",
            "context": "grounded",
            "bucket": "rare",
            "level": "28-54",
            "weight": 10.0,
            "condition": {
                "biomes": [
                    "betterend:umbra_valley",
                    "betternether:dead_upside_down_forest"
                ]
            }
        }
    ]
}