{
    "enabled": "true",
    "neededInstalledMods": [],
    "neededUninstalledMods": [],
    "spawns": [
        {
            "id": "stantler-1",
            "pokemon": "stantler",
            "presets": [
                "natural",
                "wild"
            ],
            "type": "pokemon",
            "context": "grounded",
            "bucket": "common",
            "level": "22-47",
            "weight": 5.4,
            "weightMultiplier": {
                "multiplier": 0.25,
                "condition": {
                    "timeRange": "night"
                }
            },
            "condition": {
                "canSeeSky": true,
                "biomes": [
                    "#cobblemon:is_snowy_forest",
                    "#cobblemon:is_tundra"
                ]
            }
        },
        {
            "id": "stantler-2",
            "pokemon": "stantler",
            "presets": [
                "natural"
            ],
            "type": "pokemon",
            "context": "grounded",
            "bucket": "common",
            "level": "26-52",
            "weight": 8,
            "condition": {
                "biomes": [
                    "betterend:blossoming_spires",
                    "betterend:lantern_woods"
                ]
            }
        }
    ]
}