{
    "enabled": true,
    "neededInstalledMods": [],
    "neededUninstalledMods": [],
    "spawns": [
        {
            "id": "elekid-1",
            "pokemon": "elekid",
            "presets": [
                "natural"
            ],
            "type": "pokemon",
            "context": "grounded",
            "bucket": "uncommon",
            "level": "11-36",
            "weight": 1.8,
            "condition": {
                "canSeeSky": true,
                "biomes": [
                    "#cobblemon:is_plains",
                    "#cobblemon:is_hills"
                ]
            },
            "anticondition": {
                "biomes": [
                    "terrestria:volcanic_island"
                ]
            }
        },
        {
            "id": "elekid-2",
            "pokemon": "elekid",
            "presets": [
                "natural"
            ],
            "type": "pokemon",
            "context": "grounded",
            "bucket": "uncommon",
            "level": "14-40",
            "weight": 1,
            "condition": {
                "biomes": [
                    "betterend:glowing_grasslands",
                    "betterend:neon_oasis"
                ]
            }
        }
    ]
}