{
    "enabled": "true",
    "neededInstalledMods": [],
    "neededUninstalledMods": [],
    "spawns": [
        {
            "id": "seedot-1",
            "pokemon": "seedot",
            "presets": [
                "natural",
                "treetop"
            ],
            "type": "pokemon",
            "context": "grounded",
            "bucket": "common",
            "level": "1-22",
            "weight": 5.4,
            "condition": {
                "canSeeSky": true,
                "biomes": [
                    "#cobblemon:is_forest"
                ]
            }
        },
        {
            "id": "seedot-2",
            "pokemon": "seedot",
            "presets": [
                "natural"
            ],
            "type": "pokemon",
            "context": "grounded",
            "bucket": "common",
            "level": "4-26",
            "weight": 5.4,
            "condition": {
                "biomes": [
                    "betterend:lantern_woods"
                ]
            }
        }
    ]
}