{
    "enabled": "true",
    "neededInstalledMods": [],
    "neededUninstalledMods": [],
    "spawns": [
        {
            "id": "pelipper-1",
            "pokemon": "pelipper",
            "presets": [
                "natural",
                "treetop"
            ],
            "type": "pokemon",
            "context": "grounded",
            "bucket": "common",
            "level": "25-44",
            "weight": 1.0,
            "condition": {
                "canSeeSky": true,
                "biomes": [
                    "#cobblemon:is_coast",
                    "#minecraft:is_ocean",
                    "#cobblemon:is_sky",
                    "#cobblemon:is_tropical_island"
                ],
                "timeRange": "day"
            },
            "anticondition": {
                "biomes": [
                    "#cobblemon:is_freezing"
                ]
            }
        },
        {
            "id": "pelipper-2",
            "pokemon": "pelipper",
            "presets": [
                "natural",
                "treetop"
            ],
            "type": "pokemon",
            "context": "grounded",
            "bucket": "common",
            "level": "25-44",
            "weight": 1.0,
            "condition": {
                "canSeeSky": true,
                "biomes": [
                    "terrestria:volcanic_island"
                ],
                "timeRange": "day",
                "neededNearbyBlocks": [
                    "#minecraft:jungle_log"
                ]
            },
            "anticondition": {
                "neededNearbyBlocks": [
                    "#minecraft:lava"
                ]
            }
        }
    ]
}