{
    "enabled": true,
    "neededInstalledMods": [],
    "neededUninstalledMods": [],
    "spawns": [
        {
            "id": "nosepass-1",
            "pokemon": "nosepass",
            "presets": [
                "natural",
                "gemstones"
            ],
            "type": "pokemon",
            "context": "grounded",
            "bucket": "uncommon",
            "level": "13-38",
            "weight": 5.4,
            "condition": {
                "canSeeSky": false,
                "biomes": [
                    "#cobblemon:is_overworld",
                    "regions_unexplored:prismachasm"
                ]
            },
            "anticondition": {
                "biomes": [
                    "#cobblemon:is_deep_dark"
                ]
            }
        }
    ]
}