{
    "enabled": true,
    "neededInstalledMods": [],
    "neededUninstalledMods": [],
    "spawns": [
        {
            "id": "lairon-1",
            "pokemon": "lairon",
            "presets": [
                "natural",
                "wild"
            ],
            "type": "pokemon",
            "context": "grounded",
            "bucket": "common",
            "level": "32-43",
            "weight": 0.9,
            "condition": {
                "biomes": [
                    "#cobblemon:is_mountain"
                ],
                "neededNearbyBlocks": [
                    "minecraft:iron_ore"
                ]
            },
            "anticondition": {
                "biomes": [
                    "#cobblemon:is_deep_dark"
                ]
            }
        },
        {
            "id": "lairon-2",
            "pokemon": "lairon",
            "presets": [
                "natural"
            ],
            "type": "pokemon",
            "context": "grounded",
            "bucket": "uncommon",
            "level": "32-43",
            "weight": 0.9,
            "condition": {
                "minSkyLight": 0,
                "maxSkyLight": 7,
                "biomes": [
                    "#cobblemon:is_overworld"
                ],
                "neededNearbyBlocks": [
                    "minecraft:iron_ore"
                ]
            },
            "anticondition": {
                "biomes": [
                    "#cobblemon:is_deep_dark"
                ]
            }
        },
        {
            "id": "lairon-3",
            "pokemon": "lairon",
            "presets": [
                "natural"
            ],
            "type": "pokemon",
            "context": "grounded",
            "bucket": "uncommon",
            "level": "36-45",
            "weight": 0.9,
            "condition": {
                "biomes": [
                    "betterend:neon_oasis",
                    "betterend:dragon_graveyards",
                    "betterend:sulphur_springs",
                    "betternether:bone_reef"
                ]
            }
        }
    ]
}