{
    "enabled": "true",
    "neededInstalledMods": [],
    "neededUninstalledMods": [],
    "spawns": [
        {
            "id": "volbeat-1",
            "pokemon": "volbeat",
            "presets": [
                "freshwater",
                "natural",
                "treetop"
            ],
            "type": "pokemon",
            "context": "grounded",
            "bucket": "common",
            "level": "18-43",
            "weight": 5.0,
            "condition": {
                "canSeeSky": true,
                "timeRange": "night",
                "isRaining": false
            }
        },
        {
            "id": "volbeat-2",
            "pokemon": "volbeat",
            "presets": [
                "freshwater",
                "water_surface"
            ],
            "type": "pokemon",
            "context": "surface",
            "bucket": "common",
            "level": "18-43",
            "weight": 5.0,
            "condition": {
                "canSeeSky": true,
                "timeRange": "night",
                "isRaining": false
            }
        },
        {
            "id": "volbeat-3",
            "pokemon": "volbeat",
            "type": "pokemon",
            "context": "grounded",
            "bucket": "common",
            "level": "18-43",
            "weight": 3.0,
            "condition": {
                "biomes": [
                    "the_bumblezone:floral_meadow"
                ]
            },
            "anticondition": {
                "structures": [
                    "#the_bumblezone:sempiternal_sanctums"
                ]
            }
        },
        {
            "id": "volbeat-4",
            "pokemon": "volbeat",
            "presets": [
                "water_surface"
            ],
            "type": "pokemon",
            "context": "surface",
            "bucket": "common",
            "level": "18-43",
            "weight": 3.0,
            "condition": {
                "biomes": [
                    "#the_bumblezone:the_bumblezone"
                ]
            },
            "anticondition": {
                "structures": [
                    "#the_bumblezone:sempiternal_sanctums"
                ]
            }
        },
        {
            "id": "volbeat-5",
            "pokemon": "volbeat",
            "presets": [
                "natural"
            ],
            "type": "pokemon",
            "context": "grounded",
            "bucket": "common",
            "level": "22-46",
            "weight": 3.0,
            "condition": {
                "biomes": [
                    "betterend:foggy_mushroomland"
                ]
            }
        }
    ]
}