{
    "enabled": true,
    "neededInstalledMods": [],
    "neededUninstalledMods": [],
    "spawns": [
        {
            "id": "vibrava-1",
            "pokemon": "vibrava",
            "presets": [
                "natural",
                "wild"
            ],
            "type": "pokemon",
            "context": "grounded",
            "bucket": "rare",
            "level": "35-40",
            "weight": 0.9,
            "weightMultiplier": {
                "multiplier": 1.5,
                "condition": {
                    "isRaining": true
                }
            },
            "condition": {
                "minSkyLight": 8,
                "maxSkyLight": 15,
                "biomes": [
                    "#cobblemon:is_desert"
                ],
                "isRaining": true
            }
        },
        {
            "id": "vibrava-2",
            "pokemon": "trapinch",
            "presets": [
                "natural"
            ],
            "type": "pokemon",
            "context": "grounded",
            "bucket": "uncommon",
            "level": "38-44",
            "weight": 0.9,
            "condition": {
                "biomes": [
                    "betterend:sulphur_springs",
                    "betterend:neon_oasis",
                    "betternether:mycotoxic_undergrowth"
                ]
            }
        }
    ]
}