{
    "enabled": "true",
    "neededInstalledMods": [],
    "neededUninstalledMods": [],
    "spawns": [
        {
            "id": "cacnea-1",
            "pokemon": "cacnea",
            "presets": [
                "natural"
            ],
            "type": "pokemon",
            "context": "grounded",
            "bucket": "common",
            "level": "9-34",
            "weight": 9.0,
            "weightMultiplier": {
                "multiplier": 1.5,
                "condition": {
                    "timeRange": "night"
                }
            },
            "condition": {
                "canSeeSky": true,
                "biomes": [
                    "#cobblemon:is_sandy"
                ]
            }
        },
        {
            "id": "cacnea-2",
            "pokemon": "cacnea",
            "presets": [
                "natural"
            ],
            "type": "pokemon",
            "context": "grounded",
            "bucket": "common",
            "level": "14-38",
            "weight": 9.0,
            "condition": {
                "biomes": [
                    "betterend:neon_oasis"
                ]
            }
        }
    ]
}