{
    "enabled": true,
    "neededInstalledMods": [],
    "neededUninstalledMods": [],
    "spawns": [
        {
            "id": "lunatone-1",
            "pokemon": "lunatone",
            "presets": [
                "natural"
            ],
            "type": "pokemon",
            "context": "grounded",
            "bucket": "uncommon",
            "level": "21-46",
            "weight": 10.0,
            "condition": {
                "minSkyLight": 8,
                "maxSkyLight": 15,
                "biomes": [
                    "#cobblemon:is_dripstone"
                ],
                "timeRange": "night"
            }
        },
        {
            "id": "lunatone-2",
            "pokemon": "lunatone",
            "presets": [
                "natural"
            ],
            "type": "pokemon",
            "context": "grounded",
            "bucket": "common",
            "level": "21-46",
            "weight": 10.0,
            "weightMultiplier": {
                "multiplier": 0.25,
                "condition": {
                    "timeRange": "night"
                }
            },
            "condition": {
                "minSkyLight": 0,
                "maxSkyLight": 7,
                "biomes": [
                    "#cobblemon:is_dripstone"
                ]
            }
        },
        {
            "id": "lunatone-3",
            "pokemon": "lunatone",
            "presets": [
                "natural"
            ],
            "type": "pokemon",
            "context": "grounded",
            "bucket": "uncommon",
            "level": "21-46",
            "weight": 2.0,
            "condition": {
                "minSkyLight": 8,
                "maxSkyLight": 15,
                "biomes": [
                    "#cobblemon:is_mountain"
                ],
                "timeRange": "night"
            }
        },
        {
            "id": "lunatone-4",
            "pokemon": "lunatone",
            "presets": [
                "natural"
            ],
            "type": "pokemon",
            "context": "grounded",
            "bucket": "uncommon",
            "level": "24-50",
            "weight": 2.0,
            "condition": {
                "biomes": [
                    "betterend:glowing_grasslands",
                    "betterend:umbra_valley"
                ]
            }
        }
    ]
}