{
    "enabled": "true",
    "neededInstalledMods": [],
    "neededUninstalledMods": [],
    "spawns": [
        {
            "id": "relicanth-1",
            "pokemon": "relicanth",
            "presets": [
                "underwater"
            ],
            "type": "pokemon",
            "context": "submerged",
            "bucket": "uncommon",
            "level": "24-49",
            "weight": 2.0,
            "condition": {
                "maxY": 48,
                "biomes": [
                    "#cobblemon:is_deep_ocean",
                    "terrestria:volcanic_island"
                ]
            }
        },
        {
            "id": "relicanth-2",
            "pokemon": "relicanth",
            "presets": [
                "underwater",
                "ocean_ruins"
            ],
            "type": "pokemon",
            "context": "submerged",
            "bucket": "common",
            "level": "24-49",
            "weight": 20.0,
            "condition": {
                "canSeeSky": false,
                "biomes": [
                    "#minecraft:is_ocean"
                ]
            }
        },
        {
            "id": "relicanth-3",
            "pokemon": "relicanth",
            "presets": [
                "underwater"
            ],
            "type": "pokemon",
            "context": "submerged",
            "bucket": "rare",
            "level": "24-49",
            "weight": 10.0,
            "condition": {
                "canSeeSky": false,
                "biomes": [
                    "#cobblemon:is_overworld"
                ]
            },
            "anticondition": {
                "biomes": [
                    "#minecraft:is_ocean"
                ]
            }
        },
        {
            "id": "relicanth-4",
            "pokemon": "relicanth",
            "presets": [
                "underwater"
            ],
            "type": "pokemon",
            "context": "submerged",
            "bucket": "rare",
            "level": "32-56",
            "weight": 10.0,
            "condition": {
                "biomes": [
                    "betterend:megalake",
                    "betterend:megalake_grove"
                ]
            }
        }
    ]
}