{
    "enabled": "true",
    "neededInstalledMods": [],
    "neededUninstalledMods": [],
    "spawns": [
        {
            "id": "beldum-1",
            "pokemon": "beldum",
            "presets": [
                "natural"
            ],
            "type": "pokemon",
            "context": "grounded",
            "bucket": "rare",
            "level": "5-30",
            "weight": 9.0,
            "condition": {
                "biomes": [
                    "#cobblemon:is_dripstone",
                    "#cobblemon:is_peak"
                ]
            }
        },
        {
            "id": "beldum-2",
            "pokemon": "beldum",
            "presets": [
                "natural"
            ],
            "type": "pokemon",
            "context": "grounded",
            "bucket": "uncommon",
            "level": "5-30",
            "weight": 9.0,
            "condition": {
                "biomes": [
                    "#minecraft:is_end",
                    "betterend:crystal_mountains",
                    "betterend:dust_wastelands"
                ]
            }
        },
        {
            "id": "beldum-3",
            "pokemon": "beldum",
            "type": "pokemon",
            "context": "grounded",
            "bucket": "rare",
            "level": "5-30",
            "weight": 9.0,
            "condition": {
                "biomes": [
                    "the_bumblezone:howling_constructs"
                ]
            },
            "anticondition": {
                "structures": [
                    "#the_bumblezone:sempiternal_sanctums"
                ]
            }
        },
        {
            "id": "beldum-4",
            "pokemon": "beldum",
            "presets": [
                "natural"
            ],
            "type": "pokemon",
            "context": "grounded",
            "bucket": "uncommon",
            "level": "5-30",
            "weight": 1.0,
            "condition": {
                "biomes": [
                    "regions_unexplored:redstone_caves"
                ]
            }
        }
    ]
}