{
    "enabled": "true",
    "neededInstalledMods": [],
    "neededUninstalledMods": [],
    "spawns": [
        {
            "id": "staravia-1",
            "pokemon": "staravia",
            "presets": [
                "natural",
                "treetop"
            ],
            "type": "pokemon",
            "context": "grounded",
            "bucket": "common",
            "level": "14-34",
            "weight": 0.9,
            "condition": {
                "canSeeSky": true,
                "biomes": [
                    "#cobblemon:is_hills",
                    "#cobblemon:is_sky",
                    "#cobblemon:is_snowy_forest",
                    "#cobblemon:is_taiga"
                ],
                "timeRange": "day"
            },
            "anticondition": {
                "biomes": [
                    "#cobblemon:is_arid",
                    "terrestria:volcanic_island"
                ]
            }
        },
        {
            "id": "staravia-2",
            "pokemon": "staravia",
            "presets": [
                "natural",
                "treetop"
            ],
            "type": "pokemon",
            "context": "grounded",
            "bucket": "common",
            "level": "14-34",
            "weight": 0.9,
            "condition": {
                "canSeeSky": true,
                "biomes": [
                    "terrestria:volcanic_island"
                ],
                "timeRange": "day",
                "neededNearbyBlocks": [
                    "#minecraft:jungle_log"
                ]
            },
            "anticondition": {
                "neededNearbyBlocks": [
                    "#minecraft:lava"
                ]
            }
        }
    ]
}