{
    "enabled": true,
    "neededInstalledMods": [],
    "neededUninstalledMods": [],
    "spawns": [
        {
            "id": "bastiodon-1",
            "pokemon": "bastiodon",
            "presets": [
                "natural"
            ],
            "type": "pokemon",
            "context": "grounded",
            "bucket": "ultra-rare",
            "level": "30-50",
            "weight": 1.0,
            "condition": {
                "minSkyLight": 8,
                "maxSkyLight": 15,
                "biomes": [
                    "#cobblemon:is_lush"
                ]
            }
        },
        {
            "id": "bastiodon-2",
            "pokemon": "bastiodon",
            "presets": [
                "natural"
            ],
            "type": "pokemon",
            "context": "grounded",
            "bucket": "rare",
            "level": "36-54",
            "weight": 0.9,
            "condition": {
                "biomes": [
                    "betterend:dust_wastelands"
                ]
            }
        }
    ]
}