{
    "enabled": "true",
    "neededInstalledMods": [],
    "neededUninstalledMods": [],
    "spawns": [
        {
            "id": "ambipom-1",
            "pokemon": "ambipom",
            "presets": [
                "natural",
                "treetop"
            ],
            "type": "pokemon",
            "context": "grounded",
            "bucket": "common",
            "level": "32-48",
            "weight": 0.6,
            "condition": {
                "canSeeSky": true,
                "biomes": [
                    "#cobblemon:is_jungle",
                    "#cobblemon:is_tropical_island",
                    "terrestria:volcanic_island"
                ],
                "neededNearbyBlocks": [
                    "#minecraft:jungle_log"
                ]
            }
        },
        {
            "id": "ambipom-2",
            "pokemon": "ambipom",
            "presets": [
                "natural"
            ],
            "type": "pokemon",
            "context": "grounded",
            "bucket": "common",
            "level": "36-52",
            "weight": 0.6,
            "condition": {
                "biomes": [
                    "betterend:blossoming_spires"
                ]
            }
        }
    ]
}