{
    "enabled": true,
    "neededInstalledMods": [],
    "neededUninstalledMods": [],
    "spawns": [
        {
            "id": "honchkrow-1",
            "pokemon": "honchkrow",
            "presets": [
                "natural",
                "treetop"
            ],
            "type": "pokemon",
            "context": "grounded",
            "bucket": "common",
            "level": "36-51",
            "weight": 0.6,
            "condition": {
                "canSeeSky": true,
                "biomes": [
                    "#cobblemon:is_swamp",
                    "#cobblemon:is_taiga"
                ],
                "timeRange": "night"
            }
        },
        {
            "id": "honchkrow-2",
            "pokemon": "honchkrow",
            "presets": [
                "natural",
                "treetop"
            ],
            "type": "pokemon",
            "context": "grounded",
            "bucket": "common",
            "level": "36-51",
            "weight": 1.0,
            "weightMultiplier": {
                "multiplier": 1.5,
                "condition": {
                    "timeRange": "night"
                }
            },
            "condition": {
                "canSeeSky": true,
                "biomes": [
                    "#cobblemon:is_spooky"
                ]
            }
        },
        {
            "id": "honchkrow-3",
            "pokemon": "honchkrow",
            "presets": [
                "natural",
                "treetop"
            ],
            "type": "pokemon",
            "context": "grounded",
            "bucket": "common",
            "level": "36-51",
            "weight": 1.0,
            "condition": {
                "canSeeSky": true,
                "biomes": [
                    "#cobblemon:is_sky"
                ],
                "timeRange": "night"
            }
        },
        {
            "id": "honchkrow-4",
            "pokemon": "honchkrow",
            "presets": [
                "natural"
            ],
            "type": "pokemon",
            "context": "grounded",
            "bucket": "common",
            "level": "40-56",
            "weight": 1,
            "condition": {
                "biomes": [
                    "betterend:chorus_forest",
                    "betterend:shadow_forest"
                ]
            }
        },
        {
            "id": "honchkrow-5",
            "pokemon": "honchkrow",
            "presets": [
                "natural"
            ],
            "type": "pokemon",
            "context": "grounded",
            "bucket": "common",
            "level": "16-41",
            "weight": 1,
            "condition": {
                "canSeeSky": true,
                "biomes": [
                    "nyctophobia:haunted_forest",
                    "nyctophobia:eroded_haunted_forest"
                ],
                "timeRange": "night"
            }
        }
    ]
}