{
    "enabled": "true",
    "neededInstalledMods": [],
    "neededUninstalledMods": [],
    "spawns": [
        {
            "id": "gible-1",
            "pokemon": "gible",
            "presets": [
                "natural",
                "wild"
            ],
            "type": "pokemon",
            "context": "grounded",
            "bucket": "rare",
            "level": "5-30",
            "weight": 5.4,
            "condition": {
                "biomes": [
                    "#cobblemon:is_mountain",
                    "terrestria:volcanic_island"
                ]
            },
            "anticondition": {
                "neededNearbyBlocks": [
                    "#minecraft:lava"
                ]
            }
        },
        {
            "id": "gible-2",
            "pokemon": "gible",
            "presets": [
                "natural"
            ],
            "type": "pokemon",
            "context": "grounded",
            "bucket": "ultra-rare",
            "level": "5-30",
            "weight": 9.0,
            "condition": {
                "canSeeSky": false,
                "biomes": [
                    "#cobblemon:is_overworld"
                ]
            },
            "anticondition": {
                "biomes": [
                    "#cobblemon:is_deep_dark",
                    "#cobblemon:is_mountain"
                ]
            }
        },
        {
            "id": "gible-3",
            "pokemon": "gible",
            "presets": [
                "natural"
            ],
            "type": "pokemon",
            "context": "grounded",
            "bucket": "common",
            "level": "12-34",
            "weight": 9.0,
            "condition": {
                "biomes": [
                    "betterend:dragon_graveyards"
                ]
            }
        }
    ]
}