{
    "enabled": "true",
    "neededInstalledMods": [],
    "neededUninstalledMods": [],
    "spawns": [
        {
            "id": "riolu-1",
            "pokemon": "riolu",
            "presets": [
                "natural",
                "wild"
            ],
            "type": "pokemon",
            "context": "grounded",
            "bucket": "rare",
            "level": "4-29",
            "weight": 9.0,
            "weightMultiplier": {
                "multiplier": 0.25,
                "condition": {
                    "timeRange": "night"
                }
            },
            "condition": {
                "canSeeSky": true,
                "biomes": [
                    "#cobblemon:is_mountain"
                ]
            }
        },
        {
            "id": "riolu-2",
            "pokemon": "riolu",
            "presets": [
                "natural",
                "gemstones"
            ],
            "type": "pokemon",
            "context": "grounded",
            "bucket": "common",
            "level": "16-29",
            "weight": 0.5,
            "condition": {
                "canSeeSky": false,
                "biomes": [
                    "regions_unexplored:prismachasm"
                ]
            }
        },
        {
            "id": "riolu-3",
            "pokemon": "riolu",
            "presets": [
                "natural"
            ],
            "type": "pokemon",
            "context": "grounded",
            "bucket": "uncommon",
            "level": "24-32",
            "weight": 0.9,
            "condition": {
                "biomes": [
                    "betterend:crystal_mountains"
                ]
            }
        }
    ]
}