{
    "enabled": true,
    "neededInstalledMods": [],
    "neededUninstalledMods": [],
    "spawns": [
        {
            "id": "lickilicky-1",
            "pokemon": "lickilicky",
            "presets": [
                "natural"
            ],
            "type": "pokemon",
            "context": "grounded",
            "bucket": "uncommon",
            "level": "34-52",
            "weight": 0.2,
            "weightMultiplier": {
                "multiplier": 0.25,
                "condition": {
                    "timeRange": "night"
                }
            },
            "condition": {
                "canSeeSky": true,
                "biomes": [
                    "#cobblemon:is_grassland"
                ]
            }
        },
        {
            "id": "lickilicky-2",
            "pokemon": "lickilicky",
            "presets": [
                "natural"
            ],
            "type": "pokemon",
            "context": "grounded",
            "bucket": "uncommon",
            "level": "38-56",
            "weight": 0.2,
            "condition": {
                "biomes": [
                    "betterend:blossoming_spires"
                ]
            }
        }
    ]
}