{
    "enabled": true,
    "neededInstalledMods": [],
    "neededUninstalledMods": [],
    "spawns": [
        {
            "id": "porygonz-1",
            "pokemon": "porygonz",
            "type": "pokemon",
            "context": "grounded",
            "bucket": "uncommon",
            "level": "47-54",
            "weight": 0.1,
            "condition": {
                "biomes": [
                    "#cobblemon:is_overworld"
                ],
                "neededNearbyBlocks": [
                    "cobblemon:pc"
                ]
            }
        },
        {
            "id": "porygonz-2",
            "pokemon": "porygonz",
            "presets": [
                "natural",
                "gemstones"
            ],
            "type": "pokemon",
            "context": "grounded",
            "bucket": "common",
            "level": "47-54",
            "weight": 0.1,
            "condition": {
                "biomes": [
                    "regions_unexplored:prismachasm"
                ]
            }
        },
        {
            "id": "porygonz-3",
            "pokemon": "porygonz",
            "presets": [
                "natural"
            ],
            "type": "pokemon",
            "context": "grounded",
            "bucket": "rare",
            "level": "47-54",
            "weight": 4,
            "condition": {
                "biomes": [
                    "betterend:crystal_mountains"
                ]
            }
        }
    ]
}