{
    "enabled": true,
    "neededInstalledMods": [],
    "neededUninstalledMods": [],
    "spawns": [
        {
            "id": "basculin-blue-1",
            "pokemon": "basculin striped=blue",
            "presets": [
                "freshwater",
                "underwater"
            ],
            "type": "pokemon",
            "context": "submerged",
            "bucket": "common",
            "level": "21-46",
            "weight": 10.0,
            "condition": {
                "canSeeSky": true,
                "moonPhase": "2,3,4"
            }
        },
        {
            "id": "basculin-blue-2",
            "pokemon": "basculin striped=blue",
            "presets": [
                "freshwater",
                "underwater"
            ],
            "type": "pokemon",
            "context": "submerged",
            "bucket": "uncommon",
            "level": "21-46",
            "weight": 0.1,
            "condition": {
                "canSeeSky": true,
                "moonPhase": "6,7,8"
            }
        },
        {
            "id": "basculin-blue-3",
            "pokemon": "basculin striped=blue",
            "presets": [
                "freshwater",
                "underwater"
            ],
            "type": "pokemon",
            "context": "submerged",
            "bucket": "common",
            "level": "21-46",
            "weight": 5.0,
            "condition": {
                "canSeeSky": true,
                "moonPhase": "1,5"
            }
        },
        {
            "id": "basculin-red-4",
            "pokemon": "basculin striped=red",
            "presets": [
                "freshwater",
                "underwater"
            ],
            "type": "pokemon",
            "context": "submerged",
            "bucket": "common",
            "level": "21-46",
            "weight": 10.0,
            "condition": {
                "canSeeSky": true,
                "moonPhase": "6,7,8"
            }
        },
        {
            "id": "basculin-red-5",
            "pokemon": "basculin striped=red",
            "presets": [
                "freshwater",
                "underwater"
            ],
            "type": "pokemon",
            "context": "submerged",
            "bucket": "uncommon",
            "level": "21-46",
            "weight": 0.1,
            "condition": {
                "canSeeSky": true,
                "moonPhase": "2,3,4"
            }
        },
        {
            "id": "basculin-red-6",
            "pokemon": "basculin striped=red",
            "presets": [
                "freshwater",
                "underwater"
            ],
            "type": "pokemon",
            "context": "submerged",
            "bucket": "common",
            "level": "21-46",
            "weight": 5.0,
            "condition": {
                "canSeeSky": true,
                "moonPhase": "1,5"
            }
        },
        {
            "id": "basculin-white-7",
            "pokemon": "basculin striped=white",
            "presets": [
                "freshwater",
                "underwater"
            ],
            "type": "pokemon",
            "context": "submerged",
            "bucket": "uncommon",
            "level": "21-46",
            "weight": 0.09,
            "condition": {
                "canSeeSky": true,
                "moonPhase": "1,5"
            }
        }
    ]
}