{
    "enabled": "true",
    "neededInstalledMods": [],
    "neededUninstalledMods": [],
    "spawns": [
        {
            "id": "cofagrigus-1",
            "pokemon": "cofagrigus",
            "presets": [
                "natural"
            ],
            "type": "pokemon",
            "context": "grounded",
            "bucket": "uncommon",
            "level": "34-48",
            "weight": 0.2,
            "condition": {
                "canSeeSky": false,
                "minY": 0,
                "biomes": [
                    "#cobblemon:is_desert"
                ]
            },
            "anticondition": {
                "biomes": [
                    "#cobblemon:is_deep_dark"
                ]
            }
        },
        {
            "id": "cofagrigus-2",
            "pokemon": "cofagrigus",
            "presets": [
                "natural",
                "desert_pyramid"
            ],
            "type": "pokemon",
            "context": "grounded",
            "bucket": "common",
            "level": "34-48",
            "weight": 1.0,
            "condition": {
                "canSeeSky": false,
                "biomes": [
                    "#cobblemon:is_overworld"
                ]
            }
        },
        {
            "id": "cofagrigus-3",
            "pokemon": "cofagrigus",
            "presets": [
                "natural"
            ],
            "type": "pokemon",
            "context": "grounded",
            "bucket": "common",
            "level": "38-54",
            "weight": 1.0,
            "condition": {
                "biomes": [
                    "betterend:dust_wastelands"
                ]
            }
        }
    ]
}