{
    "enabled": true,
    "neededInstalledMods": [],
    "neededUninstalledMods": [],
    "spawns": [
        {
            "id": "archeops-1",
            "pokemon": "archeops",
            "presets": [
                "natural"
            ],
            "type": "pokemon",
            "context": "grounded",
            "bucket": "ultra-rare",
            "level": "37-57",
            "weight": 1.0,
            "condition": {
                "minSkyLight": 0,
                "maxSkyLight": 7,
                "biomes": [
                    "#cobblemon:is_lush"
                ]
            }
        },
        {
            "id": "archeops-2",
            "pokemon": "archeops",
            "presets": [
                "natural"
            ],
            "type": "pokemon",
            "context": "grounded",
            "bucket": "rare",
            "level": "42-60",
            "weight": 1.0,
            "condition": {
                "biomes": [
                    "betternether:upside_down_forest"
                ]
            }
        }
    ]
}