{
    "enabled": true,
    "neededInstalledMods": [],
    "neededUninstalledMods": [],
    "spawns": [
        {
            "id": "deerling-1",
            "pokemon": "deerling",
            "presets": [
                "natural",
				"wild"
            ],
            "type": "pokemon",
            "context": "grounded",
            "bucket": "common",
            "level": "9-34",
            "weight": 1.8,
			"weightMultiplier": {
				"multiplier": 0.25,
				"condition": {
					"timeRange": "night"
				}
			},
            "condition": {
                "canSeeSky": true,
                "biomes": [
                    "#cobblemon:is_floral",
                    "#cobblemon:is_forest",
                    "#cobblemon:is_hills",
                    "#cobblemon:is_plains",
                    "#cobblemon:is_snowy_forest",
                    "#cobblemon:is_taiga"
                ]
            },
            "anticondition": {
                "biomes": [
                    "#cobblemon:is_savanna",
                    "terrestria:volcanic_island"
                ]
            }
        },
		{
            "id": "deerling-2",
            "pokemon": "deerling",
            "type": "pokemon",
            "context": "grounded",
            "bucket": "uncommon",
            "level": "9-34",
            "weight": 9.0,
            "condition": {
                "biomes": [
                    "the_bumblezone:floral_meadow"
                ]
            },
            "anticondition": {
                "structures": [
					"#the_bumblezone:sempiternal_sanctums"
				]
            }
        }
    ]
}