{
    "enabled": true,
    "neededInstalledMods": [],
    "neededUninstalledMods": [],
    "spawns": [
        {
            "id": "emolga-1",
            "pokemon": "emolga",
            "presets": [
                "natural",
                "treetop"
            ],
            "type": "pokemon",
            "context": "grounded",
            "bucket": "uncommon",
            "level": "18-43",
            "weight": 10.0,
            "weightMultiplier": {
                "multiplier": 5.0,
                "condition": {
                    "isThundering": true
                }
            },
            "condition": {
                "canSeeSky": true,
                "biomes": [
                    "#cobblemon:is_taiga"
                ]
            }
        },
        {
            "id": "emolga-2",
            "pokemon": "emolga",
            "presets": [
                "natural"
            ],
            "type": "pokemon",
            "context": "grounded",
            "bucket": "uncommon",
            "level": "22-46",
            "weight": 10.0,
            "condition": {
                "biomes": [
                    "betterend:blossoming_spires",
                    "betterend:lantern_woods"
                ]
            }
        }
    ]
}