{
    "enabled": true,
    "neededInstalledMods": [],
    "neededUninstalledMods": [],
    "spawns": [
        {
            "id": "jellicent-1",
            "pokemon": "jellicent",
            "presets": [
                "underwater"
            ],
            "type": "pokemon",
            "context": "submerged",
            "bucket": "common",
            "level": "40-48",
            "weight": 0.6,
            "weightMultiplier": {
                "multiplier": 5.0,
                "condition": {
                    "structures": [
                        "#minecraft:shipwreck"
                    ]
                }
            },
            "condition": {
                "biomes": [
                    "#cobblemon:is_ocean"
                ]
            }
        },
        {
            "id": "jellicent-2",
            "pokemon": "jellicent",
            "presets": [
                "water_surface"
            ],
            "type": "pokemon",
            "context": "surface",
            "bucket": "uncommon",
            "level": "40-48",
            "weight": 0.6,
            "condition": {
                "minSkyLight": 8,
                "maxSkyLight": 15,
                "biomes": [
                    "#cobblemon:is_ocean"
                ],
                "timeRange": "day"
            }
        },
        {
            "id": "jellicent-3",
            "pokemon": "jellicent",
            "presets": [
                "water_surface"
            ],
            "type": "pokemon",
            "context": "surface",
            "bucket": "uncommon",
            "level": "40-48",
            "weight": 0.6,
            "condition": {
                "minSkyLight": 8,
                "maxSkyLight": 15,
                "biomes": [
                    "#cobblemon:is_ocean"
                ],
                "timeRange": "night"
            },
            "anticondition": {
                "moonPhase": "1"
            }
        },
        {
            "id": "jellicent-4",
            "pokemon": "jellicent",
            "presets": [
                "water_surface"
            ],
            "type": "pokemon",
            "context": "surface",
            "bucket": "common",
            "level": "40-48",
            "weight": 0.6,
            "condition": {
                "minSkyLight": 8,
                "maxSkyLight": 15,
                "biomes": [
                    "#cobblemon:is_ocean"
                ],
                "timeRange": "night",
                "moonPhase": "1"
            }
        }
    ]
}