{
    "enabled": "true",
    "neededInstalledMods": [],
    "neededUninstalledMods": [],
    "spawns": [
        {
            "id": "galvantula-1",
            "pokemon": "galvantula",
            "presets": [
                "natural"
            ],
            "type": "pokemon",
            "context": "grounded",
            "bucket": "common",
            "level": "36-47",
            "weight": 0.6,
            "weightMultiplier": {
                "multiplier": 5.0,
                "condition": {
                    "isThundering": true
                }
            },
            "condition": {
                "canSeeSky": true,
                "biomes": [
                    "#cobblemon:is_badlands",
                    "#cobblemon:is_jungle",
                    "#cobblemon:is_savanna"
                ],
                "timeRange": "night"
            },
            "anticondition": {
                "biomes": [
                    "terrestria:volcanic_island"
                ]
            }
        },
        {
            "id": "galvantula-2",
            "pokemon": "galvantula",
            "presets": [
                "natural"
            ],
            "type": "pokemon",
            "context": "grounded",
            "bucket": "common",
            "level": "36-47",
            "weight": 0.6,
            "condition": {
                "canSeeSky": false,
                "biomes": [
                    "#cobblemon:is_overworld"
                ]
            },
            "anticondition": {
                "biomes": [
                    "#cobblemon:is_deep_dark",
                    "regions_unexplored:prismachasm",
                    "regions_unexplored:scorching_caves"
                ]
            }
        },
        {
            "id": "galvantula-3",
            "pokemon": "galvantula",
            "presets": [
                "natural"
            ],
            "type": "pokemon",
            "context": "grounded",
            "bucket": "common",
            "level": "40-52",
            "weight": 0.6,
            "condition": {
                "biomes": [
                    "betterend:glowing_grasslands",
                    "betterend:neon_oasis"
                ]
            }
        }
    ]
}