{
    "enabled": "true",
    "neededInstalledMods": [],
    "neededUninstalledMods": [],
    "spawns": [
        {
            "id": "golurk-1",
            "pokemon": "golurk",
            "presets": [
                "ancient_city"
            ],
            "type": "pokemon",
            "context": "grounded",
            "bucket": "uncommon",
            "level": "43-48",
            "weight": 1.0,
            "condition": {
                "canSeeSky": false,
                "biomes": [
                    "#cobblemon:is_deep_dark"
                ]
            }
        },
        {
            "id": "golurk-2",
            "pokemon": "golurk",
            "presets": [
                "trail_ruins"
            ],
            "type": "pokemon",
            "context": "grounded",
            "bucket": "common",
            "level": "43-48",
            "weight": 2.0,
            "condition": {
                "biomes": [
                    "#cobblemon:is_overworld"
                ]
            }
        },
        {
            "id": "golurk-3",
            "pokemon": "golurk",
            "presets": [
                "natural",
                "desert_pyramid",
                "jungle_pyramid"
            ],
            "type": "pokemon",
            "context": "grounded",
            "bucket": "common",
            "level": "43-48",
            "weight": 2.0,
            "condition": {
                "biomes": [
                    "#cobblemon:is_overworld"
                ]
            }
        },
        {
            "id": "golurk-4",
            "pokemon": "golurk",
            "type": "pokemon",
            "context": "grounded",
            "bucket": "common",
            "level": "43-48",
            "weight": 0.6,
            "condition": {
                "biomes": [
                    "the_bumblezone:howling_constructs"
                ]
            },
            "anticondition": {
                "structures": [
                    "#the_bumblezone:sempiternal_sanctums"
                ]
            }
        },
        {
            "id": "golurk-5",
            "pokemon": "golurk",
            "type": "pokemon",
            "context": "grounded",
            "bucket": "common",
            "level": "46-52",
            "weight": 2,
            "condition": {
                "biomes": [
                    "betterend:dust_wastelands"
                ]
            }
        }
    ]
}