{
    "enabled": "true",
    "neededInstalledMods": [],
    "neededUninstalledMods": [],
    "spawns": [
        {
            "id": "diggersby-1",
            "pokemon": "diggersby",
            "presets": [
                "natural"
            ],
            "type": "pokemon",
            "context": "grounded",
            "bucket": "common",
            "level": "20-42",
            "weight": 1.0,
            "condition": {
                "biomes": [
                    "#cobblemon:is_hills",
                    "#cobblemon:is_temperate"
                ],
                "exclude": [
                    "terrestria:volcanic_island"
                ]
            },
            "anticondition": {
                "biomes": [
                    "terrestria:volcanic_island",
                    "regions_unexplored:prismachasm",
                    "regions_unexplored:scorching_caves",
                    "terralith:cave/mantle_caves"
                ]
            }
        }
    ]
}