{
    "enabled": true,
    "neededInstalledMods": [],
    "neededUninstalledMods": [],
    "spawns": [
        {
            "id": "florges-red-1",
            "pokemon": "florges flower=red",
            "presets": [
                "natural",
                "red_flowers"
            ],
            "type": "pokemon",
            "context": "grounded",
            "bucket": "common",
            "level": "32-55",
            "weight": 0.1,
            "weightMultiplier": {
                "multiplier": 0.25,
                "condition": {
                    "timeRange": "night"
                }
            },
            "condition": {
                "minSkyLight": 8,
                "maxSkyLight": 15,
                "biomes": [
                    "#cobblemon:is_overworld"
                ]
            },
            "drops": {
                "amount": 4,
                "entries": [
                    {
                        "item": "minecraft:poppy",
                        "quantityRange": "0-3"
                    },
                    {
                        "item": "cobblemon:kebia_berry",
                        "percentage": 10.0
                    }
                ]
            }
        },
        {
            "id": "florges-yellow-2",
            "pokemon": "florges flower=yellow",
            "presets": [
                "natural",
                "yellow_flowers"
            ],
            "type": "pokemon",
            "context": "grounded",
            "bucket": "common",
            "level": "32-55",
            "weight": 0.1,
            "weightMultiplier": {
                "multiplier": 0.25,
                "condition": {
                    "timeRange": "night"
                }
            },
            "condition": {
                "minSkyLight": 8,
                "maxSkyLight": 15,
                "biomes": [
                    "#cobblemon:is_overworld"
                ]
            },
            "drops": {
                "amount": 4,
                "entries": [
                    {
                        "item": "minecraft:dandelion",
                        "quantityRange": "0-3"
                    },
                    {
                        "item": "cobblemon:kebia_berry",
                        "percentage": 10.0
                    }
                ]
            }
        },
        {
            "id": "florges-orange-3",
            "pokemon": "florges flower=orange",
            "presets": [
                "natural",
                "orange_flowers"
            ],
            "type": "pokemon",
            "context": "grounded",
            "bucket": "common",
            "level": "32-55",
            "weight": 0.1,
            "weightMultiplier": {
                "multiplier": 0.25,
                "condition": {
                    "timeRange": "night"
                }
            },
            "condition": {
                "minSkyLight": 8,
                "maxSkyLight": 15,
                "biomes": [
                    "#cobblemon:is_overworld"
                ]
            },
            "drops": {
                "amount": 4,
                "entries": [
                    {
                        "item": "minecraft:orange_tulip",
                        "quantityRange": "0-3"
                    },
                    {
                        "item": "cobblemon:kebia_berry",
                        "percentage": 10.0
                    }
                ]
            }
        },
        {
            "id": "florges-blue-4",
            "pokemon": "florges flower=blue",
            "presets": [
                "natural",
                "blue_flowers"
            ],
            "type": "pokemon",
            "context": "grounded",
            "bucket": "common",
            "level": "32-55",
            "weight": 0.1,
            "weightMultiplier": {
                "multiplier": 0.25,
                "condition": {
                    "timeRange": "night"
                }
            },
            "condition": {
                "minSkyLight": 8,
                "maxSkyLight": 15,
                "biomes": [
                    "#cobblemon:is_overworld"
                ]
            },
            "drops": {
                "amount": 4,
                "entries": [
                    {
                        "item": "minecraft:cornflower",
                        "quantityRange": "0-3"
                    },
                    {
                        "item": "cobblemon:kebia_berry",
                        "percentage": 10.0
                    }
                ]
            }
        },
        {
            "id": "florges-white-5",
            "pokemon": "florges flower=white",
            "presets": [
                "natural",
                "white_flowers"
            ],
            "type": "pokemon",
            "context": "grounded",
            "bucket": "common",
            "level": "32-55",
            "weight": 0.1,
            "weightMultiplier": {
                "multiplier": 0.25,
                "condition": {
                    "timeRange": "night"
                }
            },
            "condition": {
                "minSkyLight": 8,
                "maxSkyLight": 15,
                "biomes": [
                    "#cobblemon:is_overworld"
                ]
            },
            "drops": {
                "amount": 4,
                "entries": [
                    {
                        "item": "minecraft:oxeye_daisy",
                        "quantityRange": "0-3"
                    },
                    {
                        "item": "cobblemon:kebia_berry",
                        "percentage": 10.0
                    }
                ]
            }
        },
        {
            "id": "florges-pink-6",
            "pokemon": "florges flower=pink",
            "presets": [
                "natural",
                "pink_flowers"
            ],
            "type": "pokemon",
            "context": "grounded",
            "bucket": "common",
            "level": "32-55",
            "weight": 0.1,
            "weightMultiplier": {
                "multiplier": 0.25,
                "condition": {
                    "timeRange": "night"
                }
            },
            "condition": {
                "minSkyLight": 8,
                "maxSkyLight": 15,
                "biomes": [
                    "#cobblemon:is_overworld"
                ]
            },
            "drops": {
                "amount": 4,
                "entries": [
                    {
                        "item": "minecraft:allium",
                        "quantityRange": "0-3"
                    },
                    {
                        "item": "cobblemon:kebia_berry",
                        "percentage": 10.0
                    }
                ]
            }
        },
        {
            "id": "florges-red-7",
            "pokemon": "florges flower=red",
            "type": "pokemon",
            "context": "grounded",
            "bucket": "common",
            "level": "32-55",
            "weight": 0.1,
            "weightMultiplier": {
                "multiplier": 0.25,
                "condition": {
                    "timeRange": "night"
                }
            },
            "condition": {
                "biomes": [
                    "the_bumblezone:floral_meadow"
                ]
            },
            "anticondition": {
                "structures": [
                    "#the_bumblezone:sempiternal_sanctums"
                ]
            }
        },
        {
            "id": "florges-yellow-7",
            "pokemon": "florges flower=yellow",
            "type": "pokemon",
            "context": "grounded",
            "bucket": "common",
            "level": "32-55",
            "weight": 0.1,
            "weightMultiplier": {
                "multiplier": 0.25,
                "condition": {
                    "timeRange": "night"
                }
            },
            "condition": {
                "biomes": [
                    "the_bumblezone:floral_meadow"
                ]
            },
            "anticondition": {
                "structures": [
                    "#the_bumblezone:sempiternal_sanctums"
                ]
            }
        },
        {
            "id": "florges-orange-7",
            "pokemon": "florges flower=orange",
            "type": "pokemon",
            "context": "grounded",
            "bucket": "common",
            "level": "32-55",
            "weight": 0.1,
            "weightMultiplier": {
                "multiplier": 0.25,
                "condition": {
                    "timeRange": "night"
                }
            },
            "condition": {
                "biomes": [
                    "the_bumblezone:floral_meadow"
                ]
            },
            "anticondition": {
                "structures": [
                    "#the_bumblezone:sempiternal_sanctums"
                ]
            }
        },
        {
            "id": "florges-blue-7",
            "pokemon": "florges flower=blue",
            "type": "pokemon",
            "context": "grounded",
            "bucket": "common",
            "level": "32-55",
            "weight": 0.1,
            "weightMultiplier": {
                "multiplier": 0.25,
                "condition": {
                    "timeRange": "night"
                }
            },
            "condition": {
                "biomes": [
                    "the_bumblezone:floral_meadow"
                ]
            },
            "anticondition": {
                "structures": [
                    "#the_bumblezone:sempiternal_sanctums"
                ]
            }
        },
        {
            "id": "florges-white-7",
            "pokemon": "florges flower=white",
            "type": "pokemon",
            "context": "grounded",
            "bucket": "common",
            "level": "32-55",
            "weight": 0.1,
            "weightMultiplier": {
                "multiplier": 0.25,
                "condition": {
                    "timeRange": "night"
                }
            },
            "condition": {
                "biomes": [
                    "the_bumblezone:floral_meadow"
                ]
            },
            "anticondition": {
                "structures": [
                    "#the_bumblezone:sempiternal_sanctums"
                ]
            }
        },
        {
            "id": "florges-pink-7",
            "pokemon": "florges flower=pink",
            "type": "pokemon",
            "context": "grounded",
            "bucket": "common",
            "level": "32-55",
            "weight": 0.1,
            "weightMultiplier": {
                "multiplier": 0.25,
                "condition": {
                    "timeRange": "night"
                }
            },
            "condition": {
                "biomes": [
                    "the_bumblezone:floral_meadow"
                ]
            },
            "anticondition": {
                "structures": [
                    "#the_bumblezone:sempiternal_sanctums"
                ]
            }
        }
    ]
}