{
    "enabled": true,
    "neededInstalledMods": [],
    "neededUninstalledMods": [],
    "spawns": [
        {
            "id": "sliggoo-1",
            "pokemon": "sliggoo",
            "presets": [
                "natural",
                "wild"
            ],
            "type": "pokemon",
            "context": "grounded",
            "bucket": "rare",
            "level": "40-45",
            "weight": 0.9,
            "condition": {
                "minSkyLight": 8,
                "maxSkyLight": 15,
                "biomes": [
                    "#cobblemon:is_swamp"
                ],
                "isRaining": true
            }
        },
        {
            "id": "sliggoo-2",
            "pokemon": "sliggoo",
            "presets": [
                "natural",
                "wild"
            ],
            "type": "pokemon",
            "context": "grounded",
            "bucket": "ultra-rare",
            "level": "40-45",
            "weight": 0.9,
            "condition": {
                "minSkyLight": 8,
                "maxSkyLight": 15,
                "biomes": [
                    "#cobblemon:is_swamp"
                ],
                "isRaining": false
            }
        },
        {
            "id": "sliggoo-hisuian-3",
            "pokemon": "sliggoo hisuian",
            "presets": [
                "natural"
            ],
            "type": "pokemon",
            "context": "grounded",
            "bucket": "rare",
            "level": "40-45",
            "weight": 0.9,
            "condition": {
                "minSkyLight": 0,
                "maxSkyLight": 7,
                "biomes": [
                    "#cobblemon:is_dripstone",
                    "#cobblemon:is_lush"
                ]
            }
        },
        {
            "id": "sliggoo-hisuian-4",
            "pokemon": "sliggoo hisuian",
            "presets": [
                "natural"
            ],
            "type": "pokemon",
            "context": "grounded",
            "bucket": "ultra-rare",
            "level": "40-45",
            "weight": 0.9,
            "condition": {
                "minSkyLight": 0,
                "maxSkyLight": 7,
                "biomes": [
                    "#cobblemon:is_overworld"
                ],
                "neededNearbyBlocks": [
                    "#minecraft:water"
                ]
            }
        },
        {
            "id": "sliggoo-5",
            "pokemon": "sliggoo",
            "presets": [
                "natural"
            ],
            "type": "pokemon",
            "context": "grounded",
            "bucket": "uncommon",
            "level": "44-50",
            "weight": 0.6,
            "condition": {
                "biomes": [
                    "betterend:megalakes",
                    "betterend:umbrella_jungle",
                    "betternether:glistering_meadow"
                ]
            }
        },
        {
            "id": "sliggoo-6",
            "pokemon": "sliggoo",
            "presets": [
                "natural"
            ],
            "type": "pokemon",
            "context": "grounded",
            "bucket": "common",
            "level": "44-50",
            "weight": 0.6,
            "condition": {
                "biomes": [
                    "betterend:dragon_graveyards"
                ]
            }
        }
    ]
}