{
    "enabled": true,
    "neededInstalledMods": [],
    "neededUninstalledMods": [],
    "spawns": [
        {
            "id": "avalugg-1",
            "pokemon": "avalugg",
            "presets": [
                "natural"
            ],
            "type": "pokemon",
            "context": "grounded",
            "bucket": "common",
            "level": "37-51",
            "weight": 1.0,
            "condition": {
                "minSkyLight": 8,
                "maxSkyLight": 15,
                "biomes": [
                    "#cobblemon:is_frozen_ocean"
                ]
            }
        },
        {
            "id": "avalugg-2",
            "pokemon": "avalugg",
            "presets": [
                "water_surface"
            ],
            "type": "pokemon",
            "context": "surface",
            "bucket": "common",
            "level": "37-51",
            "weight": 1.0,
            "condition": {
                "minSkyLight": 8,
                "maxSkyLight": 15,
                "biomes": [
                    "#cobblemon:is_frozen_ocean"
                ]
            }
        },
        {
            "id": "avalugg-3",
            "pokemon": "avalugg",
            "presets": [
                "natural"
            ],
            "type": "pokemon",
            "context": "grounded",
            "bucket": "common",
            "level": "37-51",
            "weight": 1.0,
            "condition": {
                "biomes": [
                    "#cobblemon:nether/is_frozen"
                ]
            }
        }
    ]
}