{
  "format_version": "1.12.0",
  "minecraft:geometry": [
    {
      "description": {
        "identifier": "geometry.eelektross",
        "texture_width": 128,
        "texture_height": 128,
        "visible_bounds_width": 9,
        "visible_bounds_height": 2.5,
        "visible_bounds_offset": [0, 0.75, 0]
      },
      "bones": [
        {
          "name": "eelektross",
          "pivot": [0, 0, 0]
        },
        {
          "name": "head",
          "parent": "eelektross",
          "pivot": [0, 0, -16],
          "cubes": [
            { "origin": [-5.5, 0.5, -13], "size": [6, 6, 5], "uv": [22, 48] }
          ]
        },
        {
          "name": "hairthingy",
          "parent": "head",
          "pivot": [-2.5, 6.4197, -7.5219]
        },
        {
          "name": "front",
          "parent": "hairthingy",
          "pivot": [-2.5, 6.4197, -7.9219],
          "cubes": [
            { "origin": [-3, 6.25, -9], "size": [1, 1, 3], "uv": [55, 12] }
          ]
        },
        {
          "name": "front2",
          "parent": "front",
          "pivot": [-2.5, 6.9197, -6.1219],
          "cubes": [
            { "origin": [-3.5, 6, -6], "size": [2, 2, 5], "uv": [65, 62] }
          ]
        },
        {
          "name": "thing1",
          "parent": "front2",
          "pivot": [-2.5, 6.85837, -0.47046],
          "rotation": [25, 0, 0],
          "cubes": [
            {
              "origin": [-3.5, 6.13144, -0.88218],
              "size": [2, 2, 5],
              "uv": [44, 65]
            },
            {
              "origin": [-3.4, 5.33144, -1.28218],
              "size": [1.8, 2, 5],
              "pivot": [-2.5, 7.13144, 1.61782],
              "rotation": [17.5, 0, 0],
              "uv": [63, 54]
            },
            {
              "origin": [-2.5, 2.63144, -0.88218],
              "size": [0, 4, 5],
              "uv": [48, 6]
            }
          ]
        },
        {
          "name": "thing2",
          "parent": "thing1",
          "pivot": [-2.5, 6.05114, 4.29592],
          "cubes": [
            {
              "origin": [-3.5, 6.13144, 4.11782],
              "size": [2, 2, 8],
              "uv": [48, 29]
            },
            {
              "origin": [-2.5, 2.63144, 4.11782],
              "size": [0, 4, 8],
              "uv": [15, 8]
            }
          ]
        },
        {
          "name": "thing3",
          "parent": "thing2",
          "pivot": [-2.5, 5.75114, 12.09592],
          "cubes": [
            {
              "origin": [-3.5, 6.13144, 12.11782],
              "size": [2, 2, 8],
              "uv": [46, 16]
            },
            {
              "origin": [-2.5, 2.63144, 12.11782],
              "size": [0, 4, 8],
              "uv": [0, 30]
            }
          ]
        },
        {
          "name": "thing4",
          "parent": "thing3",
          "pivot": [-2.5, 5.25114, 20.29592],
          "cubes": [
            {
              "origin": [-3, 6.63144, 20.11782],
              "size": [1, 1, 4],
              "uv": [64, 69]
            },
            {
              "origin": [-2.5, 1.13144, 20.11782],
              "size": [0, 6, 4],
              "uv": [48, 22]
            }
          ]
        },
        {
          "name": "thing5",
          "parent": "thing4",
          "pivot": [-2.5, 5.55114, 23.99592],
          "cubes": [
            {
              "origin": [-3, 6.63144, 24.11782],
              "size": [1, 1, 4],
              "uv": [69, 35]
            },
            {
              "origin": [-2.5, 1.13144, 24.11782],
              "size": [0, 6, 4],
              "uv": [26, 64]
            }
          ]
        },
        {
          "name": "thing6",
          "parent": "thing5",
          "pivot": [-2.5, 7.05114, 28.19592],
          "cubes": [
            {
              "origin": [-3, 6.63144, 28.11782],
              "size": [1, 1, 4],
              "uv": [58, 67]
            },
            {
              "origin": [-2.5, 1.13144, 28.11782],
              "size": [0, 6, 4],
              "uv": [34, 64]
            }
          ]
        },
        {
          "name": "thing7",
          "parent": "thing6",
          "pivot": [-2.5, 7.05114, 31.69592],
          "cubes": [
            {
              "origin": [-3.5, 6.13144, 31.61782],
              "size": [2, 2, 5],
              "uv": [61, 46]
            }
          ]
        },
        {
          "name": "thingend",
          "parent": "thing7",
          "pivot": [-2.5, 7.05114, 14.69592],
          "cubes": [
            {
              "origin": [-3, 6.63144, 36.61782],
              "size": [1, 1, 1],
              "uv": [26, 0]
            }
          ]
        },
        {
          "name": "right_eye",
          "parent": "head",
          "pivot": [0, 0, 0]
        },
        {
          "name": "r_around",
          "parent": "right_eye",
          "pivot": [0, 0, 0],
          "cubes": [
            { "origin": [0.51, 2.75, -11.5], "size": [0, 3, 3], "uv": [0, 5] }
          ]
        },
        {
          "name": "yummy",
          "parent": "r_around",
          "pivot": [0, 0, 0],
          "cubes": [
            { "origin": [0.52, 3.25, -11], "size": [0, 2, 2], "uv": [48, 15] }
          ]
        },
        {
          "name": "r_eyeball",
          "parent": "yummy",
          "pivot": [0, 0, 0],
          "cubes": [
            { "origin": [0.53, 3.75, -10.5], "size": [0, 1, 1], "uv": [0, 1] }
          ]
        },
        {
          "name": "lefteye",
          "parent": "head",
          "pivot": [-6.1, 0, 0]
        },
        {
          "name": "l_around",
          "parent": "lefteye",
          "pivot": [-6.1, 0, 0],
          "cubes": [
            { "origin": [-5.59, 2.75, -11.5], "size": [0, 3, 3], "uv": [0, 0] }
          ]
        },
        {
          "name": "yum",
          "parent": "l_around",
          "pivot": [-6.1, 0, 0],
          "cubes": [
            { "origin": [-5.6, 3.25, -11], "size": [0, 2, 2], "uv": [48, 13] }
          ]
        },
        {
          "name": "l_eyeball",
          "parent": "yum",
          "pivot": [-6.1, 0, 0],
          "cubes": [
            { "origin": [-5.61, 3.75, -10.5], "size": [0, 1, 1], "uv": [0, 0] }
          ]
        },
        {
          "name": "head2",
          "parent": "head",
          "pivot": [-2.4, 3.7, -7.5],
          "cubes": [
            {
              "origin": [-5.5, 0.5, -9],
              "size": [6, 6, 5],
              "inflate": 0.001,
              "uv": [44, 48]
            }
          ]
        },
        {
          "name": "head3",
          "parent": "head2",
          "pivot": [-2, 3.3, -3.7],
          "cubes": [
            { "origin": [-5.5, 0.5, -6], "size": [6, 6, 5], "uv": [0, 43] }
          ]
        },
        {
          "name": "head4",
          "parent": "head3",
          "pivot": [-3, 4, -0.6],
          "cubes": [
            {
              "origin": [-5.5, 0.5, -2],
              "size": [6, 6, 5],
              "inflate": 0.001,
              "uv": [42, 0]
            }
          ]
        },
        {
          "name": "torso",
          "parent": "head4",
          "pivot": [-3, 4, 4],
          "cubes": [{ "origin": [-5, 1, 2], "size": [5, 5, 6], "uv": [32, 37] }]
        },
        {
          "name": "body",
          "parent": "torso",
          "pivot": [-3.9, 3, 7],
          "cubes": [{ "origin": [-5, 1, 7], "size": [5, 5, 6], "uv": [32, 26] }]
        },
        {
          "name": "body2",
          "parent": "body",
          "pivot": [-2.9, 3.6, 12.4],
          "cubes": [
            { "origin": [-5, 1, 12], "size": [5, 5, 6], "uv": [16, 32] }
          ]
        },
        {
          "name": "body3",
          "parent": "body2",
          "pivot": [-2.3, 3.3, 17.6],
          "cubes": [
            { "origin": [-5, 1, 17], "size": [5, 5, 6], "uv": [32, 13] }
          ]
        },
        {
          "name": "body4",
          "parent": "body3",
          "pivot": [-2.4, 3, 22],
          "cubes": [{ "origin": [-5, 1, 22], "size": [5, 5, 6], "uv": [0, 27] }]
        },
        {
          "name": "body5",
          "parent": "body4",
          "pivot": [-2, 3.4, 27],
          "cubes": [
            { "origin": [-5, 1, 27], "size": [5, 5, 6], "uv": [16, 21] }
          ]
        },
        {
          "name": "body6",
          "parent": "body5",
          "pivot": [-2.7, 1.8, 32],
          "cubes": [
            { "origin": [-5, 1, 32], "size": [5, 5, 6], "uv": [20, 2] },
            { "origin": [-2.5, 5, 33], "size": [0, 5, 5], "uv": [39, 43] }
          ]
        },
        {
          "name": "lilhand_right",
          "parent": "body6",
          "pivot": [-0.5, 1.5, 31.5],
          "cubes": [
            { "origin": [-0.5, 1.5, 30.5], "size": [2, 0, 2], "uv": [0, 11] },
            { "origin": [1.5, 1.5, 29.5], "size": [2, 0, 4], "uv": [32, 4] },
            { "origin": [3.5, 1.5, 28.5], "size": [3, 0, 6], "uv": [25, 13] }
          ]
        },
        {
          "name": "lilhand_left",
          "parent": "body6",
          "pivot": [-5.5, 1.5, 31.5],
          "cubes": [
            { "origin": [-6.5, 1.5, 30.5], "size": [2, 0, 2], "uv": [0, 0] },
            { "origin": [-8.5, 1.5, 29.5], "size": [2, 0, 4], "uv": [32, 0] },
            { "origin": [-11.5, 1.5, 28.5], "size": [3, 0, 6], "uv": [14, 0] }
          ]
        },
        {
          "name": "tail",
          "parent": "body6",
          "pivot": [-3, 3, 38],
          "cubes": [
            { "origin": [-4.5, 1.5, 37], "size": [4, 4, 7], "uv": [0, 16] },
            { "origin": [-2.5, 4, 38], "size": [0, 6, 6], "uv": [58, 12] }
          ]
        },
        {
          "name": "tail2",
          "parent": "tail",
          "pivot": [-2.8, 3, 44],
          "cubes": [
            { "origin": [-4, 2, 43], "size": [3, 3, 7], "uv": [0, 54] },
            { "origin": [-2.5, 4, 44], "size": [0, 6, 6], "uv": [0, 58] }
          ]
        },
        {
          "name": "tail3",
          "parent": "tail2",
          "pivot": [-3, 3, 50],
          "cubes": [
            { "origin": [-3.5, 2.5, 49], "size": [2, 2, 7], "uv": [13, 59] },
            { "origin": [-2.5, 3, 50], "size": [0, 6, 6], "uv": [49, 53] }
          ]
        },
        {
          "name": "tail4",
          "parent": "tail3",
          "pivot": [-2.5, 4, 56.5],
          "cubes": [
            { "origin": [-3, 3, 55], "size": [1, 1, 7], "uv": [54, 59] },
            { "origin": [-2.5, 3, 56], "size": [0, 4, 6], "uv": [17, 37] }
          ]
        },
        {
          "name": "right_arm",
          "parent": "torso",
          "pivot": [-0.5, 4, 7],
          "cubes": [
            { "origin": [-1.5, 3, 6], "size": [6, 2, 2], "uv": [68, 22] }
          ]
        },
        {
          "name": "right_arm2",
          "parent": "right_arm",
          "pivot": [4.8, 3, 8],
          "cubes": [
            { "origin": [4.5, 3, 6], "size": [6, 2, 2], "uv": [10, 68] }
          ]
        },
        {
          "name": "right_arm3",
          "parent": "right_arm2",
          "pivot": [9, 3.1, 7.1],
          "cubes": [
            { "origin": [9.5, 3, 5.5], "size": [6, 2, 3], "uv": [60, 26] }
          ]
        },
        {
          "name": "right_arm4",
          "parent": "right_arm3",
          "pivot": [15.5, 3.8, 7.4],
          "cubes": [
            { "origin": [15, 3, 4.5], "size": [5, 2, 5], "uv": [58, 11] },
            { "origin": [16, 5.01, 6], "size": [3, 0, 2], "uv": [76, 0] }
          ]
        },
        {
          "name": "right_arm5",
          "parent": "right_arm4",
          "pivot": [21, 3, 6.6],
          "cubes": [
            { "origin": [20, 3, 4], "size": [7, 2, 6], "uv": [0, 8] },
            { "origin": [21.5, 5.01, 5], "size": [4, 0, 4], "uv": [74, 2] },
            { "origin": [21, 2.99, 4.5], "size": [5, 0, 5], "uv": [81, 1] },
            { "origin": [22.5, 2.98, 6], "size": [2, 0, 2], "uv": [85, 6] }
          ]
        },
        {
          "name": "finger3",
          "parent": "right_arm5",
          "pivot": [26, 3.5, 7.7],
          "cubes": [
            { "origin": [25.5, 2, 6], "size": [2, 2, 2], "uv": [0, 70] },
            {
              "origin": [26.5, 0.4, 6],
              "size": [0, 2, 2],
              "pivot": [26.5, 1.4, 7],
              "rotation": [-180, -45, 180],
              "uv": [42, 9]
            }
          ]
        },
        {
          "name": "finger2",
          "parent": "right_arm5",
          "pivot": [23.4, 4, 10],
          "cubes": [
            { "origin": [22.5, 2, 9], "size": [2, 2, 2], "uv": [70, 18] },
            {
              "origin": [23.5, 0.4, 9],
              "size": [0, 2, 2],
              "pivot": [23.5, 1.4, 10],
              "rotation": [-180, -45, 180],
              "uv": [0, 42]
            }
          ]
        },
        {
          "name": "finger1",
          "parent": "right_arm5",
          "pivot": [24, 3, 5],
          "cubes": [
            { "origin": [22.5, 2, 3], "size": [2, 2, 2], "uv": [70, 46] },
            {
              "origin": [23.5, 0.4, 3],
              "size": [0, 2, 2],
              "pivot": [23.5, 1.4, 4],
              "rotation": [0, 45, 0],
              "uv": [22, 47]
            }
          ]
        },
        {
          "name": "left_arm",
          "parent": "torso",
          "pivot": [-4.5, 4, 7],
          "cubes": [
            {
              "origin": [-9.5, 3, 6],
              "size": [6, 2, 2],
              "uv": [68, 22],
              "mirror": true
            }
          ]
        },
        {
          "name": "left_arm2",
          "parent": "left_arm",
          "pivot": [-9.8, 3, 8],
          "cubes": [
            {
              "origin": [-15.5, 3, 6],
              "size": [6, 2, 2],
              "uv": [10, 68],
              "mirror": true
            }
          ]
        },
        {
          "name": "left_arm3",
          "parent": "left_arm2",
          "pivot": [-14, 3.1, 7.1],
          "cubes": [
            {
              "origin": [-20.5, 3, 5.5],
              "size": [6, 2, 3],
              "uv": [60, 26],
              "mirror": true
            }
          ]
        },
        {
          "name": "left_arm4",
          "parent": "left_arm3",
          "pivot": [-20.5, 3.8, 7.4],
          "cubes": [
            {
              "origin": [-25, 3, 4.5],
              "size": [5, 2, 5],
              "uv": [58, 11],
              "mirror": true
            },
            {
              "origin": [-24, 5.01, 6],
              "size": [3, 0, 2],
              "uv": [76, 0],
              "mirror": true
            }
          ]
        },
        {
          "name": "left_arm5",
          "parent": "left_arm4",
          "pivot": [-26, 3, 6.6],
          "cubes": [
            {
              "origin": [-32, 3, 4],
              "size": [7, 2, 6],
              "uv": [0, 8],
              "mirror": true
            },
            {
              "origin": [-30.5, 5.01, 5],
              "size": [4, 0, 4],
              "uv": [74, 2],
              "mirror": true
            },
            {
              "origin": [-31, 2.99, 4.5],
              "size": [5, 0, 5],
              "uv": [81, 1],
              "mirror": true
            },
            {
              "origin": [-29.5, 2.98, 6],
              "size": [2, 0, 2],
              "uv": [85, 6],
              "mirror": true
            }
          ]
        },
        {
          "name": "finger4",
          "parent": "left_arm5",
          "pivot": [-29, 3, 5],
          "cubes": [
            {
              "origin": [-29.5, 2, 3],
              "size": [2, 2, 2],
              "uv": [70, 46],
              "mirror": true
            },
            {
              "origin": [-28.5, 0.4, 3],
              "size": [0, 2, 2],
              "pivot": [-28.5, 1.4, 4],
              "rotation": [0, -45, 0],
              "uv": [22, 47],
              "mirror": true
            }
          ]
        },
        {
          "name": "finger5",
          "parent": "left_arm5",
          "pivot": [-28.4, 4, 10],
          "cubes": [
            {
              "origin": [-29.5, 2, 9],
              "size": [2, 2, 2],
              "uv": [70, 18],
              "mirror": true
            },
            {
              "origin": [-28.5, 0.4, 9],
              "size": [0, 2, 2],
              "pivot": [-28.5, 1.4, 10],
              "rotation": [-180, 45, -180],
              "uv": [0, 42],
              "mirror": true
            }
          ]
        },
        {
          "name": "finger7",
          "parent": "left_arm5",
          "pivot": [-32, 4, 7.5],
          "cubes": [
            {
              "origin": [-32.5, 2, 6],
              "size": [2, 2, 2],
              "uv": [0, 70],
              "mirror": true
            },
            {
              "origin": [-31.5, 0.4, 6],
              "size": [0, 2, 2],
              "pivot": [-31.5, 1.4, 7],
              "rotation": [-180, 45, -180],
              "uv": [42, 9],
              "mirror": true
            }
          ]
        },
        {
          "name": "mouth",
          "parent": "head",
          "pivot": [-2.2, 3, -14],
          "cubes": [
            { "origin": [-6, 0, -15], "size": [7, 7, 2], "uv": [31, 59] }
          ]
        },
        {
          "name": "teeth",
          "parent": "mouth",
          "pivot": [0, 0, -14],
          "cubes": [
            {
              "origin": [0.1, 0, -17],
              "size": [1, 1, 2],
              "pivot": [0, 0, -14],
              "rotation": [0, 9, 0],
              "uv": [0, 27]
            }
          ]
        },
        {
          "name": "t2",
          "parent": "teeth",
          "pivot": [0, 0, -14],
          "cubes": [
            {
              "origin": [-6, 6, -16.2],
              "size": [1, 1, 2],
              "pivot": [0, 0, -14],
              "rotation": [0, -5, 0],
              "uv": [0, 16]
            }
          ]
        },
        {
          "name": "t3",
          "parent": "t2",
          "pivot": [0, 0, -14],
          "cubes": [
            {
              "origin": [-6.1, 0, -16.3],
              "size": [1, 1, 2],
              "pivot": [0, 0, -14],
              "rotation": [0, -6, 0],
              "uv": [0, 19]
            }
          ]
        },
        {
          "name": "t4",
          "parent": "t3",
          "pivot": [0.5, 6.5, -16],
          "rotation": [0, 0, 0],
          "cubes": [
            {
              "origin": [0.1, 6, -16.7],
              "size": [1, 1, 2],
              "pivot": [0, 0, -14],
              "rotation": [0, 10, 0],
              "uv": [15, 20]
            }
          ]
        }
      ]
    }
  ]
}
