{
  "format_version": "1.12.0",
  "minecraft:geometry": [
    {
      "description": {
        "identifier": "geometry.eelektrik",
        "texture_width": 64,
        "texture_height": 64,
        "visible_bounds_width": 7,
        "visible_bounds_height": 2.5,
        "visible_bounds_offset": [0, 0.75, 0]
      },
      "bones": [
        {
          "name": "root",
          "pivot": [0, 0, 0]
        },
        {
          "name": "eelektrik",
          "parent": "root",
          "pivot": [0, 0, 0]
        },
        {
          "name": "head",
          "parent": "eelektrik",
          "pivot": [-2, 3, 6],
          "cubes": [{ "origin": [-4, 0, -1], "size": [5, 5, 7], "uv": [0, 7] }]
        },
        {
          "name": "upperfin",
          "parent": "head",
          "pivot": [-1.6, 5.2, 2.6],
          "cubes": [
            { "origin": [-1.5, 5, 0], "size": [0, 6, 5], "uv": [19, 27] }
          ]
        },
        {
          "name": "downsyndromfin",
          "parent": "head",
          "pivot": [-1.6, 0, 3],
          "cubes": [
            { "origin": [-1.5, -6, 0], "size": [0, 6, 5], "uv": [9, 25] }
          ]
        },
        {
          "name": "eyes",
          "parent": "head",
          "pivot": [0, 1.1, 4.2]
        },
        {
          "name": "righteye",
          "parent": "eyes",
          "pivot": [0, -0.5, 0.5],
          "cubes": [
            { "origin": [1.01, 1.5, 1.5], "size": [0, 2, 2], "uv": [0, 6] }
          ]
        },
        {
          "name": "eyeball_right",
          "parent": "righteye",
          "pivot": [0, -0.5, 0.5],
          "cubes": [{ "origin": [1.02, 2, 2], "size": [0, 1, 1], "uv": [4, 6] }]
        },
        {
          "name": "lefteye",
          "parent": "eyes",
          "pivot": [-5, -0.5, 0.5],
          "cubes": [
            { "origin": [-4.01, 1.5, 1.5], "size": [0, 2, 2], "uv": [0, 4] }
          ]
        },
        {
          "name": "eyeball_left",
          "parent": "lefteye",
          "pivot": [-5, -0.5, 0.5],
          "cubes": [
            { "origin": [-4.02, 2, 2], "size": [0, 1, 1], "uv": [4, 5] }
          ]
        },
        {
          "name": "mouth",
          "parent": "head",
          "pivot": [-1.6, 2.4, -0.8],
          "cubes": [
            {
              "origin": [-3, 1, -1.02],
              "size": [3, 3, 0],
              "pivot": [-1.5, 2.5, -1.3],
              "rotation": [0, 0, 45],
              "uv": [0, 3]
            },
            { "origin": [-3, 1, -1.01], "size": [3, 3, 0], "uv": [0, 0] }
          ]
        },
        {
          "name": "torso",
          "parent": "eelektrik",
          "pivot": [0, 0, 0]
        },
        {
          "name": "neck",
          "parent": "torso",
          "pivot": [-2, 2, 5.8],
          "cubes": [
            { "origin": [-3.5, 0.5, 5], "size": [4, 4, 5], "uv": [22, 23] }
          ]
        },
        {
          "name": "body1",
          "parent": "neck",
          "pivot": [-2.1, 2, 9.7],
          "cubes": [
            {
              "origin": [-3.5, 0.5, 9],
              "size": [4, 4, 7],
              "inflate": 0.001,
              "uv": [0, 19]
            }
          ]
        },
        {
          "name": "body2",
          "parent": "body1",
          "pivot": [-1.6, 2.5, 15.3],
          "cubes": [
            { "origin": [-3.5, 0.5, 15], "size": [4, 4, 7], "uv": [17, 12] }
          ]
        },
        {
          "name": "tail1",
          "parent": "body2",
          "pivot": [-2, 2, 22],
          "cubes": [{ "origin": [-3, 1, 21], "size": [3, 3, 7], "uv": [20, 0] }]
        },
        {
          "name": "tail2",
          "parent": "tail1",
          "pivot": [-3.6, 2, 27.4],
          "cubes": [
            { "origin": [-2.5, 1.5, 27], "size": [2, 2, 5], "uv": [32, 10] }
          ]
        },
        {
          "name": "tail3",
          "parent": "tail2",
          "pivot": [-1.8, 2, 32],
          "cubes": [
            { "origin": [-2.25, 2, 31], "size": [1.5, 1, 7], "uv": [0, 30] }
          ]
        },
        {
          "name": "tailfin",
          "parent": "tail3",
          "pivot": [-1.9, 2.1, 36],
          "cubes": [
            { "origin": [-7, 2.5, 35], "size": [10, 0, 7], "uv": [0, 0] }
          ]
        }
      ]
    }
  ]
}
