{
  "format_version": "1.12.0",
  "minecraft:geometry": [
    {
      "description": {
        "identifier": "geometry.feebas",
        "texture_width": 64,
        "texture_height": 64,
        "visible_bounds_width": 3,
        "visible_bounds_height": 3.5,
        "visible_bounds_offset": [0, 1.25, 0]
      },
      "bones": [
        {
          "name": "root",
          "pivot": [0, 0, 0]
        },
        {
          "name": "feebas",
          "parent": "root",
          "pivot": [0, 0, 0]
        },
        {
          "name": "body",
          "parent": "feebas",
          "pivot": [0, 10.16667, -0.25],
          "cubes": [
            {
              "origin": [-2.5, 4, -6.5],
              "size": [5, 11, 5],
              "inflate": 0.01,
              "uv": [15, 11]
            },
            { "origin": [-2, 5, -8.5], "size": [4, 9, 2], "uv": [30, 27] },
            {
              "origin": [0, 14.2, -5],
              "size": [0, 7, 7],
              "pivot": [0, 15, -4],
              "rotation": [-10, 0, 0],
              "uv": [0, 24]
            }
          ]
        },
        {
          "name": "lipup",
          "parent": "body",
          "pivot": [0, 7.5, -8.25],
          "rotation": [-7.5, 0, 0],
          "cubes": [
            {
              "origin": [-2, 7, -8.25],
              "size": [4, 1, 1],
              "inflate": 0.01,
              "uv": [15, 2]
            },
            {
              "origin": [-2, 7, -9.25],
              "size": [4, 1, 1],
              "inflate": 0.01,
              "uv": [15, 2]
            }
          ]
        },
        {
          "name": "lipdown",
          "parent": "body",
          "pivot": [0, 6.25, -8.15],
          "rotation": [20, 0, 0],
          "cubes": [
            {
              "origin": [-2, 5.75, -9.15],
              "size": [4, 1, 1],
              "inflate": 0.01,
              "uv": [15, 0]
            },
            {
              "origin": [-2, 5.75, -8.15],
              "size": [4, 1, 1],
              "inflate": 0.01,
              "uv": [15, 0]
            }
          ]
        },
        {
          "name": "eyes",
          "parent": "body",
          "pivot": [0.5, 10.45, -5]
        },
        {
          "name": "eye_right",
          "parent": "eyes",
          "pivot": [-2.615, 10.45, -4],
          "cubes": [
            { "origin": [-2.53, 9.95, -4.9], "size": [0, 1, 1], "uv": [0, 0] }
          ]
        },
        {
          "name": "eyelid_right",
          "parent": "eye_right",
          "pivot": [-2.015, 10.45, -3.905],
          "cubes": [
            {
              "origin": [-2.515, 8.95, -5.405],
              "size": [1, 3, 2],
              "inflate": 0.01,
              "uv": [20, 4]
            }
          ]
        },
        {
          "name": "eye_left",
          "parent": "eyes",
          "pivot": [2.515, 10.45, -4.1],
          "cubes": [
            { "origin": [2.529, 9.95, -5], "size": [0, 1, 1], "uv": [0, 1] }
          ]
        },
        {
          "name": "eyelid_left",
          "parent": "eye_left",
          "pivot": [1.915, 10.45, -4.005],
          "cubes": [
            {
              "origin": [1.516, 8.95, -5.505],
              "size": [1, 3, 2],
              "inflate": 0.01,
              "uv": [35, 13]
            }
          ]
        },
        {
          "name": "fin_right",
          "parent": "body",
          "pivot": [-2.5, 8, -4],
          "rotation": [0, -30, 0],
          "cubes": [
            { "origin": [-2.5, 5, -4], "size": [0, 4, 8], "uv": [12, 19] }
          ]
        },
        {
          "name": "fin_left",
          "parent": "body",
          "pivot": [2.5, 8, -4],
          "rotation": [0, 30, 0],
          "cubes": [
            { "origin": [2.5, 5, -4], "size": [0, 4, 8], "uv": [14, 23] }
          ]
        },
        {
          "name": "tail",
          "parent": "body",
          "pivot": [0, 9.5, -2.5],
          "cubes": [
            { "origin": [-2.5, 4, -2.5], "size": [5, 11, 5], "uv": [0, 0] }
          ]
        },
        {
          "name": "tail2",
          "parent": "tail",
          "pivot": [0, 9.5, 2],
          "cubes": [
            { "origin": [-1.5, 5, 1], "size": [3, 9, 4], "uv": [30, 0] }
          ]
        },
        {
          "name": "tail3",
          "parent": "tail2",
          "pivot": [0, 9.5, 5],
          "cubes": [
            { "origin": [0, 2.5, 5], "size": [0, 14, 6], "uv": [0, 10] }
          ]
        }
      ]
    }
  ]
}
