{
  "format_version": "1.12.0",
  "minecraft:geometry": [
    {
      "description": {
        "identifier": "geometry.Frigibax",
        "texture_width": 64,
        "texture_height": 64,
        "visible_bounds_width": 3,
        "visible_bounds_height": 2.5,
        "visible_bounds_offset": [0, 0.75, 0]
      },
      "bones": [
        {
          "name": "frigibax",
          "pivot": [0, 0, 0]
        },
        {
          "name": "body",
          "parent": "frigibax",
          "pivot": [0, 0, 0]
        },
        {
          "name": "torso",
          "parent": "body",
          "pivot": [0, 7, 2],
          "cubes": [
            {
              "origin": [-3.5, 4, 0],
              "size": [7, 5, 5],
              "inflate": 0.01,
              "pivot": [-2, 0, 0],
              "rotation": [5, 0, 0],
              "uv": [40, 26]
            },
            {
              "origin": [-1.5, 8, -1.5],
              "size": [3, 4, 4],
              "inflate": 0.01,
              "pivot": [-2, 0, 0],
              "rotation": [5, 0, 0],
              "uv": [16, 9]
            },
            {
              "origin": [-2.5, 2, 0],
              "size": [5, 3, 5],
              "pivot": [-2, 0, 0],
              "rotation": [5, 0, 0],
              "uv": [44, 56]
            },
            {
              "origin": [-1, 8.1, 1.25],
              "size": [2, 4, 3],
              "inflate": 0.1,
              "pivot": [-2, 0, 0],
              "rotation": [15, 0, 0],
              "uv": [0, 20]
            },
            {
              "origin": [-3.5, 9, 1],
              "size": [7, 4, 4],
              "inflate": 0.01,
              "pivot": [-2, 0, 0],
              "rotation": [5, 0, 0],
              "uv": [0, 0]
            },
            {
              "origin": [0, 6, 4],
              "size": [0, 5, 5],
              "inflate": 0.01,
              "pivot": [-2, 0, 0],
              "rotation": [5, 0, 0],
              "uv": [38, -5]
            }
          ]
        },
        {
          "name": "arm_right",
          "parent": "torso",
          "pivot": [-3, 6, 1],
          "cubes": [
            {
              "origin": [-5, 5, 1],
              "size": [2, 2, 1],
              "inflate": 0.01,
              "pivot": [2, 0, 0],
              "rotation": [5, 0, 0],
              "uv": [26, 17]
            }
          ]
        },
        {
          "name": "arm_right2",
          "parent": "arm_right",
          "pivot": [-5, 6, 1],
          "cubes": [
            {
              "origin": [-9.8, 0.9, 0.5],
              "size": [1, 1, 1],
              "inflate": 0.01,
              "pivot": [2, 0, 0],
              "rotation": [5, 0, 30],
              "uv": [0, 13]
            },
            {
              "origin": [-3.8, 8.5, 1.3],
              "size": [1, 1, 1],
              "inflate": 0.01,
              "pivot": [2, 0, 0],
              "rotation": [5, 0, -30],
              "uv": [0, 2]
            },
            {
              "origin": [-7.8, 5.5, 1],
              "size": [1, 1, 1],
              "inflate": 0.01,
              "pivot": [2, 0, 0],
              "rotation": [5, 0, 0],
              "uv": [0, 0]
            },
            {
              "origin": [-7, 5, 1],
              "size": [2, 2, 1],
              "inflate": 0.01,
              "pivot": [2, 0, 0],
              "rotation": [5, 0, 0],
              "uv": [9, 20]
            }
          ]
        },
        {
          "name": "bone15",
          "parent": "arm_right2",
          "pivot": [-5, 5, 1],
          "cubes": [
            {
              "origin": [-6, 3, 2],
              "size": [1, 3, 0],
              "inflate": 0.02,
              "pivot": [2, 0, 0],
              "rotation": [5, 0, 0],
              "uv": [0, 34],
              "mirror": true
            }
          ]
        },
        {
          "name": "bone16",
          "parent": "bone15",
          "pivot": [-5.5, 3.25, 1.75],
          "cubes": [
            {
              "origin": [-6, 1, 2],
              "size": [1, 2, 0],
              "inflate": 0.02,
              "pivot": [2, 0, 0],
              "rotation": [5, 0, 0],
              "uv": [0, 34],
              "mirror": true
            }
          ]
        },
        {
          "name": "arm_left",
          "parent": "torso",
          "pivot": [3, 6, 1],
          "cubes": [
            {
              "origin": [3, 5, 1],
              "size": [2, 2, 1],
              "inflate": 0.01,
              "pivot": [-2, 0, 0],
              "rotation": [5, 0, 0],
              "uv": [26, 17],
              "mirror": true
            }
          ]
        },
        {
          "name": "arm_left2",
          "parent": "arm_left",
          "pivot": [5, 6, 1],
          "cubes": [
            {
              "origin": [8.8, 0.9, 0.5],
              "size": [1, 1, 1],
              "inflate": 0.01,
              "pivot": [-2, 0, 0],
              "rotation": [5, 0, -30],
              "uv": [0, 13],
              "mirror": true
            },
            {
              "origin": [2.8, 8.5, 1.3],
              "size": [1, 1, 1],
              "inflate": 0.01,
              "pivot": [-2, 0, 0],
              "rotation": [5, 0, 30],
              "uv": [0, 2],
              "mirror": true
            },
            {
              "origin": [6.8, 5.5, 1],
              "size": [1, 1, 1],
              "inflate": 0.01,
              "pivot": [-2, 0, 0],
              "rotation": [5, 0, 0],
              "uv": [0, 0],
              "mirror": true
            },
            {
              "origin": [5, 5, 1],
              "size": [2, 2, 1],
              "inflate": 0.01,
              "pivot": [-2, 0, 0],
              "rotation": [5, 0, 0],
              "uv": [9, 20],
              "mirror": true
            }
          ]
        },
        {
          "name": "bone3",
          "parent": "arm_left2",
          "pivot": [5, 5, 1],
          "cubes": [
            {
              "origin": [5, 3, 2],
              "size": [1, 3, 0],
              "inflate": 0.02,
              "pivot": [-2, 0, 0],
              "rotation": [5, 0, 0],
              "uv": [0, 34]
            }
          ]
        },
        {
          "name": "bone4",
          "parent": "bone3",
          "pivot": [5.5, 3.25, 1.75],
          "cubes": [
            {
              "origin": [5, 1, 2],
              "size": [1, 2, 0],
              "inflate": 0.02,
              "pivot": [-2, 0, 0],
              "rotation": [5, 0, 0],
              "uv": [0, 34]
            }
          ]
        },
        {
          "name": "tail",
          "parent": "torso",
          "pivot": [0, 3, 4],
          "cubes": [
            {
              "origin": [-1.5, 3, 1],
              "size": [3, 2, 5],
              "pivot": [-2, 0, 0],
              "rotation": [-5, 0, 0],
              "uv": [37, 43]
            }
          ]
        },
        {
          "name": "bone5",
          "parent": "tail",
          "pivot": [-2, 0, 0],
          "cubes": [
            {
              "origin": [-1, 3.5, 2],
              "size": [2, 1, 5],
              "pivot": [-2, 0, 0],
              "rotation": [-5, 0, 0],
              "uv": [44, 56]
            }
          ]
        },
        {
          "name": "eye_right",
          "parent": "torso",
          "pivot": [-2, 0, -2],
          "rotation": [5, 15, 0],
          "cubes": [
            {
              "origin": [-4.02037, 8.38721, -1.41083],
              "size": [3, 5, 2],
              "inflate": 0.01,
              "pivot": [2.82963, -0.11279, -0.71083],
              "rotation": [0, 10, 0],
              "uv": [20, 0],
              "mirror": true
            },
            {
              "origin": [-3.67037, 9.38721, -1.41083],
              "size": [2, 3, 0],
              "inflate": 0.02,
              "pivot": [2.82963, -0.11279, -0.71083],
              "rotation": [0, 10, 0],
              "uv": [32, 2],
              "mirror": true
            },
            {
              "origin": [-2.92037, 9.88721, -1.43083],
              "size": [1, 2, 0],
              "inflate": 0.01,
              "pivot": [2.82963, -0.11279, -0.71083],
              "rotation": [0, 10, 0],
              "uv": [36, 0],
              "mirror": true
            }
          ]
        },
        {
          "name": "eyelid_right",
          "parent": "eye_right",
          "pivot": [2.82963, -0.11279, -0.71083],
          "cubes": [
            {
              "origin": [-3.67037, 9.38721, -1.41083],
              "size": [2, 3, 0],
              "inflate": 0.01,
              "pivot": [2.82963, -0.11279, -0.71083],
              "rotation": [0, 10, 0],
              "uv": [22, 2],
              "mirror": true
            }
          ]
        },
        {
          "name": "angy",
          "parent": "eye_right",
          "pivot": [0.82963, 1.88721, 0.28917],
          "rotation": [0, 0, 15],
          "cubes": [
            {
              "origin": [-6.17037, 10.38721, -0.53083],
              "size": [2, 1, 0],
              "inflate": 0.01,
              "pivot": [0.82963, 1.88721, 0.28917],
              "rotation": [0, 10, 0],
              "uv": [22, 2],
              "mirror": true
            }
          ]
        },
        {
          "name": "eye_left",
          "parent": "torso",
          "pivot": [-3, 0, -2],
          "rotation": [5, -15, 0],
          "cubes": [
            {
              "origin": [0.85, 8.5, -2.7],
              "size": [3, 5, 2],
              "inflate": 0.01,
              "pivot": [-3, 0, -2],
              "rotation": [0, -10, 0],
              "uv": [20, 0]
            },
            {
              "origin": [1.5, 9.5, -2.7],
              "size": [2, 3, 0],
              "inflate": 0.02,
              "pivot": [-3, 0, -2],
              "rotation": [0, -10, 0],
              "uv": [32, 2]
            },
            {
              "origin": [1.75, 10, -2.72],
              "size": [1, 2, 0],
              "inflate": 0.01,
              "pivot": [-3, 0, -2],
              "rotation": [0, -10, 0],
              "uv": [36, 0]
            }
          ]
        },
        {
          "name": "bone",
          "parent": "eye_left",
          "pivot": [-3, 0, -2],
          "cubes": [
            {
              "origin": [1.45, 9.5, -2.7],
              "size": [2, 3, 0],
              "inflate": 0.01,
              "pivot": [-3, 0, -2],
              "rotation": [0, -10, 0],
              "uv": [22, 2]
            }
          ]
        },
        {
          "name": "angy2",
          "parent": "eye_left",
          "pivot": [-1, 2, -2],
          "rotation": [0, 0, -15],
          "cubes": [
            {
              "origin": [4, 10.5, -1.82],
              "size": [2, 1, 0],
              "inflate": 0.01,
              "pivot": [-1, 2, -2],
              "rotation": [0, -10, 0],
              "uv": [22, 2]
            }
          ]
        },
        {
          "name": "eyelid_left",
          "parent": "eye_left",
          "pivot": [-3, 0, -2],
          "cubes": [
            {
              "origin": [1.5, 9.5, -2.7],
              "size": [2, 3, 0],
              "inflate": 0.01,
              "pivot": [-3, 0, -2],
              "rotation": [0, -10, 0],
              "uv": [22, 2]
            }
          ]
        },
        {
          "name": "bone2",
          "parent": "torso",
          "pivot": [-4, 6, 0]
        },
        {
          "name": "mouth_left",
          "parent": "bone2",
          "pivot": [-4, 6, 0],
          "rotation": [0, -5, 30],
          "cubes": [
            {
              "origin": [-1.9, 10, -0.8],
              "size": [3, 1, 0],
              "inflate": 0.01,
              "pivot": [-4, 6, 0],
              "rotation": [5, 0, 0],
              "uv": [10, 31]
            }
          ]
        },
        {
          "name": "mouth_right",
          "parent": "bone2",
          "pivot": [4, 6, 0],
          "rotation": [0, 5, -30],
          "cubes": [
            {
              "origin": [-1.1, 10, -0.8],
              "size": [3, 1, 0],
              "inflate": 0.01,
              "pivot": [4, 6, 0],
              "rotation": [5, 0, 0],
              "uv": [11, 31]
            }
          ]
        },
        {
          "name": "gem",
          "parent": "bone2",
          "pivot": [-4, 6, 0],
          "rotation": [5, 0, 0],
          "cubes": [
            {
              "origin": [-1.2, 9.5, -0.6],
              "size": [1, 1, 0],
              "inflate": 0.01,
              "pivot": [-4, 6, 0],
              "rotation": [0, 0, 45],
              "uv": [14, 13]
            }
          ]
        },
        {
          "name": "leg_right",
          "parent": "body",
          "pivot": [-2, 4, 2],
          "rotation": [0, 15, 0],
          "cubes": [
            {
              "origin": [-3.56695, 1.25, -3.08725],
              "size": [2, 5, 3],
              "pivot": [1.93305, 0, -1.08725],
              "rotation": [-45, 0, 0],
              "uv": [0, 56],
              "mirror": true
            }
          ]
        },
        {
          "name": "foot_right",
          "parent": "leg_right",
          "pivot": [-2.06695, 1, 0.91275],
          "cubes": [
            {
              "origin": [-3.06695, 0, -1.83725],
              "size": [1, 1, 1],
              "uv": [30, 0]
            },
            {
              "origin": [-0.56695, 0, -5.58725],
              "size": [1, 1, 1],
              "pivot": [3.93305, 0, -1.08725],
              "rotation": [0, 45, 0],
              "uv": [14, 29]
            },
            {
              "origin": [-3.56695, 0, -0.58725],
              "size": [1, 1, 1],
              "pivot": [-2.06695, 0, -1.08725],
              "rotation": [0, -45, 0],
              "uv": [10, 29]
            },
            {
              "origin": [-3.56695, 0, -1.08725],
              "size": [2, 1, 2],
              "uv": [26, 10]
            }
          ]
        },
        {
          "name": "leg_left",
          "parent": "body",
          "pivot": [2, 4, 2],
          "rotation": [0, -15, 0],
          "cubes": [
            {
              "origin": [1.56695, 1.25, -3.08725],
              "size": [2, 5, 3],
              "pivot": [-1.93305, 0, -1.08725],
              "rotation": [-45, 0, 0],
              "uv": [0, 56]
            }
          ]
        },
        {
          "name": "foot_left",
          "parent": "leg_left",
          "pivot": [3.06695, 1, 0.91275],
          "cubes": [
            {
              "origin": [2.06695, 0, -1.83725],
              "size": [1, 1, 1],
              "uv": [16, 25]
            },
            {
              "origin": [-0.43305, 0, -5.58725],
              "size": [1, 1, 1],
              "pivot": [-3.93305, 0, -1.08725],
              "rotation": [0, -45, 0],
              "uv": [24, 7]
            },
            {
              "origin": [2.56695, 0, -0.58725],
              "size": [1, 1, 1],
              "pivot": [2.06695, 0, -1.08725],
              "rotation": [0, 45, 0],
              "uv": [20, 7]
            },
            {
              "origin": [1.56695, 0, -1.08725],
              "size": [2, 1, 2],
              "inflate": 0.01,
              "uv": [26, 7]
            }
          ]
        }
      ]
    }
  ]
}
