{
  "format_version": "1.12.0",
  "minecraft:geometry": [
    {
      "description": {
        "identifier": "geometry.unknown",
        "texture_width": 64,
        "texture_height": 64,
        "visible_bounds_width": 3,
        "visible_bounds_height": 3.5,
        "visible_bounds_offset": [0, 1.25, 0]
      },
      "bones": [
        {
          "name": "Mesprit",
          "pivot": [0, 0, 0]
        },
        {
          "name": "Body",
          "parent": "Mesprit",
          "pivot": [-0.005, 26.44729, 1.07756],
          "cubes": [
            {
              "origin": [-2.5, 23.05221, -1.62612],
              "size": [5, 5, 5],
              "pivot": [0, 25.75221, 0.34888],
              "rotation": [4.5, 0, 0],
              "uv": [0, 22]
            },
            {
              "origin": [-2, 27.01354, -1.16474],
              "size": [4, 5, 4],
              "pivot": [0, 27.62297, 0.7819],
              "rotation": [12, 0, 0],
              "uv": [36, 27]
            },
            {
              "origin": [-1.5, 31.12773, -1.67537],
              "size": [3, 2, 3],
              "pivot": [0, 34.34519, -1.39602],
              "rotation": [4.5, 0, 0],
              "uv": [0, 53]
            },
            {
              "origin": [-2.675, 22.0531, -1.13216],
              "size": [2, 1, 4],
              "pivot": [-1.425, 22.5531, 0.86784],
              "rotation": [22.48152, 11.57669, 4.74742],
              "uv": [26, 51]
            },
            {
              "origin": [0.65, 22.0531, -1.13216],
              "size": [2, 1, 4],
              "pivot": [1.4, 22.5531, 0.86784],
              "rotation": [23.26556, -18.48858, -7.76415],
              "uv": [51, 41]
            }
          ]
        },
        {
          "name": "Head",
          "parent": "Body",
          "pivot": [0, 32.87959, -0.40568],
          "rotation": [-32.5, 0, 0],
          "cubes": [
            {
              "origin": [-3.525, 36.52479, -4.30767],
              "size": [7, 3, 6],
              "pivot": [-0.475, 25.1342, 3.76117],
              "rotation": [7.5, 0, 0],
              "uv": [0, 12]
            },
            {
              "origin": [-3, 36.43763, -5.44259],
              "size": [6, 3, 5],
              "pivot": [-0.5, 37.18763, -3.44259],
              "rotation": [7.5, 0, 0],
              "uv": [22, 7]
            },
            {
              "origin": [-1, 34.91333, 4.62513],
              "size": [2, 3, 1],
              "pivot": [0, 20.48494, 5.14495],
              "rotation": [34.5, 0, 0],
              "uv": [55, 18]
            },
            {
              "origin": [-3.5, 37.91256, 4.61974],
              "size": [7, 1, 1],
              "pivot": [0, 20.48494, 5.14495],
              "rotation": [34.5, 0, 0],
              "uv": [0, 33]
            },
            {
              "origin": [-0.25, 33.94529, -5.50514],
              "size": [3, 1, 1],
              "pivot": [0, 35.24529, -5.03014],
              "rotation": [33.2437, 9.80652, -14.56595],
              "uv": [16, 22]
            },
            {
              "origin": [-2.75, 33.94529, -5.50514],
              "size": [3, 1, 1],
              "pivot": [0, 35.24529, -5.03014],
              "rotation": [33.2437, -9.80652, 14.56595],
              "uv": [21, 0]
            },
            {
              "origin": [-0.225, 37.96474, -2.03385],
              "size": [1, 1, 1],
              "pivot": [0.025, 23.8203, 1.26275],
              "rotation": [17.5, 0, 0],
              "uv": [21, 3]
            },
            {
              "origin": [-0.725, 37.96474, -2.03385],
              "size": [1, 1, 1],
              "pivot": [0.025, 23.8203, 1.26275],
              "rotation": [17.5, 0, 0],
              "uv": [50, 41]
            },
            {
              "origin": [-0.475, 37.46474, -2.08385],
              "size": [1, 2, 1],
              "pivot": [0.025, 23.8203, 1.26275],
              "rotation": [17.5, 0, 0],
              "uv": [0, 59]
            },
            {
              "origin": [-0.5, 33.96256, 4.71974],
              "size": [1, 1, 0],
              "pivot": [0, 20.48494, 5.14495],
              "rotation": [34.5, 0, 0],
              "uv": [16, 25]
            },
            {
              "origin": [-1.5, 33.56256, 4.65478],
              "size": [3, 1, 1],
              "pivot": [0, 20.48494, 5.14495],
              "rotation": [34.5, 0, 0],
              "uv": [45, 11]
            },
            {
              "origin": [1, 33.81256, 4.6498],
              "size": [1, 2, 1],
              "pivot": [0, 20.48494, 5.14495],
              "rotation": [34.5, 0, 0],
              "uv": [0, 12]
            },
            {
              "origin": [-2, 33.81256, 4.6498],
              "size": [1, 2, 1],
              "pivot": [0, 20.48494, 5.14495],
              "rotation": [34.5, 0, 0],
              "uv": [0, 0]
            },
            {
              "origin": [-3.5, 33.72939, 4.93543],
              "size": [7, 5, 6],
              "pivot": [-0.5, 20.48494, 5.14495],
              "rotation": [34.5, 0, 0],
              "uv": [0, 0]
            }
          ]
        },
        {
          "name": "Hair1",
          "parent": "Head",
          "pivot": [3.01638, 37.1797, -4.24118],
          "rotation": [41.63777, -9.58346, -10.50406],
          "cubes": [
            {
              "origin": [10.25935, 37.45935, -6.3918],
              "size": [5, 4, 4],
              "pivot": [3.01638, 37.4047, -3.85147],
              "rotation": [7.28502, -5.82636, 59.77656],
              "uv": [36, 16]
            },
            {
              "origin": [5.80982, 36.73452, -5.8668],
              "size": [5, 3, 3],
              "pivot": [3.01638, 37.4047, -3.85147],
              "rotation": [8.18071, -4.47741, 49.82744],
              "uv": [19, 41]
            },
            {
              "origin": [2.39328, 35.94775, -5.88378],
              "size": [4, 3, 3],
              "pivot": [3.01638, 37.4047, -3.85147],
              "rotation": [3.9705, -3.04137, 37.39455],
              "uv": [50, 11]
            }
          ]
        },
        {
          "name": "Hair2",
          "parent": "Head",
          "pivot": [2.84138, 37.1797, -1.10147],
          "rotation": [62.8887, -23.44465, -5.56819],
          "cubes": [
            {
              "origin": [10.15314, 37.1021, -3.26643],
              "size": [5, 4, 4],
              "pivot": [2.84138, 37.1797, -1.10147],
              "rotation": [7.28502, -5.82636, 59.77656],
              "uv": [0, 36]
            },
            {
              "origin": [5.67961, 36.36733, -2.74143],
              "size": [5, 3, 3],
              "pivot": [2.84138, 37.1797, -1.10147],
              "rotation": [8.18071, -4.47741, 49.82744],
              "uv": [41, 4]
            },
            {
              "origin": [2.23413, 35.60739, -2.74704],
              "size": [4, 3, 3],
              "pivot": [2.84138, 37.1797, -1.10147],
              "rotation": [3.9705, -3.04137, 37.39455],
              "uv": [50, 34]
            }
          ]
        },
        {
          "name": "Hair3",
          "parent": "Head",
          "pivot": [-3.01638, 37.6047, -4.00147],
          "rotation": [41.63777, 9.58346, 10.50406],
          "cubes": [
            {
              "origin": [-15.11402, 37.40298, -6.48561],
              "size": [5, 4, 4],
              "pivot": [-3.01638, 37.6047, -4.00147],
              "rotation": [7.28502, 5.82636, -59.77656],
              "uv": [17, 31]
            },
            {
              "origin": [-10.62219, 36.70728, -5.96061],
              "size": [5, 3, 3],
              "pivot": [-3.01638, 37.6047, -4.00147],
              "rotation": [8.18071, 4.47741, -49.82744],
              "uv": [33, 37]
            },
            {
              "origin": [-6.1614, 35.97215, -5.96029],
              "size": [4, 3, 3],
              "pivot": [-3.01638, 37.6047, -4.00147],
              "rotation": [3.9705, 3.04137, -37.39455],
              "uv": [48, 49]
            }
          ]
        },
        {
          "name": "Hair4",
          "parent": "Head",
          "pivot": [-2.84138, 37.1797, -1.10147],
          "rotation": [62.8887, 23.44465, 5.56819],
          "cubes": [
            {
              "origin": [-15.15314, 37.1021, -3.26643],
              "size": [5, 4, 4],
              "pivot": [-2.84138, 37.1797, -1.10147],
              "rotation": [7.28502, 5.82636, -59.77656],
              "uv": [21, 22]
            },
            {
              "origin": [-10.67961, 36.36733, -2.74143],
              "size": [5, 3, 3],
              "pivot": [-2.84138, 37.1797, -1.10147],
              "rotation": [8.18071, 4.47741, -49.82744],
              "uv": [27, 0]
            },
            {
              "origin": [-6.23413, 35.60739, -2.74704],
              "size": [4, 3, 3],
              "pivot": [-2.84138, 37.1797, -1.10147],
              "rotation": [3.9705, 3.04137, -37.39455],
              "uv": [15, 48]
            }
          ]
        },
        {
          "name": "Mouth",
          "parent": "Head",
          "pivot": [0, 31.58685, -3.11594],
          "cubes": [
            {
              "origin": [-1, 33.81333, 4.62513],
              "size": [2, 1, 0],
              "pivot": [0, 20.48494, 5.14495],
              "rotation": [34.5, 0, 0],
              "uv": [0, 4]
            }
          ]
        },
        {
          "name": "EyeLeft",
          "parent": "Head",
          "pivot": [2.12365, 33.78388, -4.35458],
          "cubes": [
            {
              "origin": [0.375, 32.40473, -4.31901],
              "size": [3, 3, 0],
              "pivot": [1.8375, 33.79248, -4.33784],
              "rotation": [34.5, 0, 0],
              "uv": [29, 57]
            },
            {
              "origin": [2.05, 32.78023, -4.33167],
              "size": [1, 2, 0],
              "pivot": [2.0375, 33.79248, -4.33784],
              "rotation": [34.5, 0, 0],
              "uv": [35, 52]
            },
            {
              "origin": [1.15, 32.78023, -4.35667],
              "size": [1, 2, 0],
              "pivot": [2.0375, 33.79248, -4.36284],
              "rotation": [34.5, 0, 0],
              "uv": [15, 48]
            },
            {
              "origin": [1.32617, 32.81124, -4.46385],
              "size": [1, 1, 0],
              "pivot": [1.6875, 33.79248, -4.36284],
              "rotation": [34.49975, -0.1416, 0.20603],
              "uv": [24, 16]
            },
            {
              "origin": [1.4, 33.21124, -4.43885],
              "size": [1, 1, 0],
              "pivot": [1.6875, 33.79248, -4.36284],
              "rotation": [34.5, 0, 0],
              "uv": [21, 16]
            }
          ]
        },
        {
          "name": "EyeLidLeft",
          "parent": "EyeLeft",
          "pivot": [1.475, 34.17306, -4.54997],
          "cubes": [
            {
              "origin": [0.375, 32.40473, -4.29401],
              "size": [3, 3, 0],
              "inflate": 0.01,
              "pivot": [1.8375, 33.79248, -4.33784],
              "rotation": [34.5, 0, 0],
              "uv": [22, 57]
            }
          ]
        },
        {
          "name": "EyeRight",
          "parent": "Head",
          "pivot": [-2.12365, 33.78388, -4.35458],
          "cubes": [
            {
              "origin": [-3.375, 32.40473, -4.31901],
              "size": [3, 3, 0],
              "pivot": [-1.8375, 33.79248, -4.33784],
              "rotation": [34.5, 0, 0],
              "uv": [55, 56]
            },
            {
              "origin": [-3.05, 32.78023, -4.33167],
              "size": [1, 2, 0],
              "pivot": [-2.0375, 33.79248, -4.33784],
              "rotation": [34.5, 0, 0],
              "uv": [47, 37]
            },
            {
              "origin": [-2.15, 32.78023, -4.35667],
              "size": [1, 2, 0],
              "pivot": [-2.0375, 33.79248, -4.36284],
              "rotation": [34.5, 0, 0],
              "uv": [15, 45]
            },
            {
              "origin": [-2.3793, 32.81126, -4.4638],
              "size": [1, 1, 0],
              "pivot": [-1.8125, 33.79248, -4.36284],
              "rotation": [34.49898, -0.2832, -1.08793],
              "uv": [3, 16]
            },
            {
              "origin": [-2.45078, 33.21123, -4.4388],
              "size": [1, 1, 0],
              "pivot": [-1.8125, 33.79248, -4.36284],
              "rotation": [34.49363, -0.70797, -0.46979],
              "uv": [0, 16]
            }
          ]
        },
        {
          "name": "EyeLidRight",
          "parent": "EyeRight",
          "pivot": [-1.475, 34.17306, -4.54997],
          "cubes": [
            {
              "origin": [-3.375, 32.40473, -4.29401],
              "size": [3, 3, 0],
              "inflate": 0.01,
              "pivot": [-1.8375, 33.79248, -4.33784],
              "rotation": [34.5, 0, 0],
              "uv": [48, 56]
            }
          ]
        },
        {
          "name": "ArmRight",
          "parent": "Body",
          "pivot": [-1.76961, 30.7572, 0.19417],
          "cubes": [
            {
              "origin": [-5.2, 30.34735, -0.73608],
              "size": [4, 1, 2],
              "pivot": [-3, 31.37235, 0.26392],
              "rotation": [-23, 0, 0],
              "uv": [52, 29]
            }
          ]
        },
        {
          "name": "HandRight",
          "parent": "ArmRight",
          "pivot": [-5.21961, 30.7572, 0.19417],
          "cubes": [
            {
              "origin": [-10.2, 30.34735, -0.73608],
              "size": [5, 1, 2],
              "pivot": [-3, 31.37235, 0.26392],
              "rotation": [-23, 0, 0],
              "uv": [49, 25]
            },
            {
              "origin": [-9.59532, 30.02908, -0.90267],
              "size": [2, 1, 1],
              "pivot": [-9.09532, 30.32908, -0.47767],
              "rotation": [-21.83805, -7.40143, -17.82025],
              "uv": [55, 4]
            }
          ]
        },
        {
          "name": "ArmLeft",
          "parent": "Body",
          "pivot": [1.76961, 30.7572, 0.19417],
          "cubes": [
            {
              "origin": [1.2, 30.34735, -0.73608],
              "size": [4, 1, 2],
              "pivot": [3, 31.37235, 0.26392],
              "rotation": [-23, 0, 0],
              "uv": [27, 16],
              "mirror": true
            }
          ]
        },
        {
          "name": "HandLeft",
          "parent": "ArmLeft",
          "pivot": [5.19461, 31.0072, 0.19417],
          "cubes": [
            {
              "origin": [5.2, 30.34735, -0.73608],
              "size": [5, 1, 2],
              "pivot": [3, 31.37235, 0.26392],
              "rotation": [-23, 0, 0],
              "uv": [44, 0],
              "mirror": true
            },
            {
              "origin": [7.59532, 30.02908, -0.90267],
              "size": [2, 1, 1],
              "pivot": [9.09532, 30.32908, -0.47767],
              "rotation": [-21.83805, 7.40143, 17.82025],
              "uv": [27, 48]
            }
          ]
        },
        {
          "name": "TailLeft",
          "parent": "Body",
          "pivot": [0.75, 25.32545, 3.16387],
          "rotation": [-2.49762, 0.10901, 2.49762],
          "cubes": [
            {
              "origin": [0.26937, 18.23642, 7.68108],
              "size": [1, 8, 0],
              "inflate": 0.01,
              "pivot": [-0.00262, 14.2429, 9.00941],
              "rotation": [22, 0, 0],
              "uv": [19, 55]
            }
          ]
        },
        {
          "name": "TailLeft2",
          "parent": "TailLeft",
          "pivot": [0.69738, 17.5179, 6.28441],
          "rotation": [-19.71975, -3.40487, -9.40804],
          "cubes": [
            {
              "origin": [0.25745, 10.18087, 7.54632],
              "size": [1, 8, 0],
              "inflate": 0.01,
              "pivot": [0.14097, 14.63223, 8.78867],
              "rotation": [22, 0, 0],
              "uv": [16, 55]
            }
          ]
        },
        {
          "name": "TailLeft3",
          "parent": "TailLeft2",
          "pivot": [0.84097, 10.06476, 9.26052],
          "rotation": [-12.35932, -2.24944, -7.15656],
          "cubes": [
            {
              "origin": [-0.08626, 4.15232, 11.24775],
              "size": [1, 2, 0],
              "pivot": [1.03702, 5.55256, 12.40063],
              "rotation": [18.31242, 12.40764, -32.99248],
              "uv": [19, 40]
            },
            {
              "origin": [0.66827, 3.82357, 11.27275],
              "size": [1, 2, 0],
              "pivot": [1.03702, 5.55256, 12.40063],
              "rotation": [18.81666, -11.61158, 30.56955],
              "uv": [41, 0]
            },
            {
              "origin": [0.25603, 2.13905, 7.47669],
              "size": [1, 8, 0],
              "inflate": 0.01,
              "pivot": [0.28702, 14.8244, 8.57957],
              "rotation": [22, 0, 0],
              "uv": [13, 55]
            },
            {
              "origin": [-2.74397, -4.86095, 7.47669],
              "size": [7, 7, 0],
              "pivot": [0.28702, 14.8244, 8.57957],
              "rotation": [22, 0, 0],
              "uv": [0, 45]
            }
          ]
        },
        {
          "name": "TailRight",
          "parent": "Body",
          "pivot": [-0.75, 25.47545, 3.26387],
          "rotation": [-2.49762, 0.10901, 2.49762],
          "cubes": [
            {
              "origin": [-1.23058, 18.38533, 7.7561],
              "size": [1, 8, 0],
              "inflate": 0.01,
              "pivot": [-0.00257, 14.39181, 9.08444],
              "rotation": [22, 0, 0],
              "uv": [45, 52]
            }
          ]
        },
        {
          "name": "TailRight2",
          "parent": "TailRight",
          "pivot": [-0.70257, 17.61681, 6.33444],
          "rotation": [-20, 0, 0],
          "cubes": [
            {
              "origin": [-1.23058, 10.33883, 7.59908],
              "size": [1, 8, 0],
              "inflate": 0.01,
              "pivot": [-0.00257, 14.79924, 8.84508],
              "rotation": [22, 0, 0],
              "uv": [42, 52]
            }
          ]
        },
        {
          "name": "TailRight3",
          "parent": "TailRight2",
          "pivot": [-0.70257, 10.15677, 9.29194],
          "rotation": [-17.43745, 1.50179, 4.76968],
          "cubes": [
            {
              "origin": [-0.79366, 4.20388, 11.24186],
              "size": [1, 2, 0],
              "pivot": [-0.85697, 5.79577, 12.3394],
              "rotation": [18.31242, -12.40764, 32.99248],
              "uv": [0, 36]
            },
            {
              "origin": [-1.68824, 4.04883, 11.26686],
              "size": [1, 2, 0],
              "pivot": [-0.85697, 5.79577, 12.3394],
              "rotation": [18.81666, 11.61158, -30.56955],
              "uv": [32, 31]
            },
            {
              "origin": [-1.23503, 2.25965, 7.4708],
              "size": [1, 8, 0],
              "inflate": 0.01,
              "pivot": [-0.10697, 15.06761, 8.51833],
              "rotation": [22, 0, 0],
              "uv": [39, 52]
            },
            {
              "origin": [-4.23503, -4.74035, 7.4708],
              "size": [7, 7, 0],
              "pivot": [-0.10697, 15.06761, 8.51833],
              "rotation": [22, 0, 0],
              "uv": [36, 44]
            }
          ]
        }
      ]
    }
  ]
}
