{
  "format_version": "1.12.0",
  "minecraft:geometry": [
    {
      "description": {
        "identifier": "geometry.MoltresNew",
        "texture_width": 128,
        "texture_height": 128,
        "visible_bounds_width": 9,
        "visible_bounds_height": 5.5,
        "visible_bounds_offset": [0, 2.25, 0]
      },
      "bones": [
        {
          "name": "moltres",
          "pivot": [0, 0, 0]
        },
        {
          "name": "body",
          "parent": "moltres",
          "pivot": [0, 26, 1],
          "cubes": [
            {
              "origin": [-5.5, 14, 2],
              "size": [11, 12, 11],
              "pivot": [0, 2, 2],
              "rotation": [15, 0, 0],
              "uv": [49, 42]
            }
          ]
        },
        {
          "name": "tail",
          "parent": "body",
          "pivot": [0, 20, 8],
          "rotation": [5, 0, 0],
          "cubes": [
            {
              "origin": [0, 14.59904, 6.27972],
              "size": [0, 11, 12],
              "uv": [0, 81]
            },
            {
              "origin": [-5.5, 19.59904, 6.52972],
              "size": [11, 0, 12],
              "uv": [44, 65]
            }
          ]
        },
        {
          "name": "tail2",
          "parent": "tail",
          "pivot": [0, 19.59904, 18.27972],
          "cubes": [
            {
              "origin": [0, 14.59904, 18.27972],
              "size": [0, 11, 12],
              "uv": [0, 70]
            },
            {
              "origin": [-5.5, 19.59904, 18.52972],
              "size": [11, 0, 12],
              "uv": [22, 65]
            }
          ]
        },
        {
          "name": "tail3",
          "parent": "tail2",
          "pivot": [0, 19.59904, 30.27972],
          "cubes": [
            {
              "origin": [0, 14.59904, 30.27972],
              "size": [0, 11, 12],
              "uv": [68, 77]
            },
            {
              "origin": [-5.5, 19.59904, 30.52972],
              "size": [11, 0, 12],
              "uv": [0, 60]
            }
          ]
        },
        {
          "name": "upper_torso",
          "parent": "body",
          "pivot": [0, 26, 1],
          "rotation": [5, 0, 0],
          "cubes": [
            {
              "origin": [-4.5, 21.00417, 0.90446],
              "size": [9, 12, 9],
              "pivot": [0, 2.00417, -0.09554],
              "rotation": [10, 0, 0],
              "uv": [69, 68]
            }
          ]
        },
        {
          "name": "wing_right",
          "parent": "upper_torso",
          "pivot": [-4, 32.00417, 0.90446],
          "cubes": [
            {
              "origin": [-21, 32.00417, -2.09554],
              "size": [17, 0, 11],
              "uv": [49, 31],
              "mirror": true
            }
          ]
        },
        {
          "name": "wing_right2",
          "parent": "wing_right",
          "pivot": [-21, 32.00417, -0.09554],
          "cubes": [
            {
              "origin": [-41, 32.00417, -2.09554],
              "size": [20, 0, 4],
              "uv": [78, 43],
              "mirror": true
            }
          ]
        },
        {
          "name": "fire_right",
          "parent": "wing_right2",
          "pivot": [-29, 32.00417, 1.90446],
          "cubes": [
            {
              "origin": [-41, 32.00417, 1.90446],
              "size": [20, 0, 11],
              "uv": [47, 9],
              "mirror": true
            }
          ]
        },
        {
          "name": "wing_right3",
          "parent": "wing_right2",
          "pivot": [-41, 32.00417, 0.90446],
          "cubes": [
            {
              "origin": [-52, 32.00417, -2.09554],
              "size": [11, 0, 5],
              "uv": [15, 50],
              "mirror": true
            }
          ]
        },
        {
          "name": "bone",
          "parent": "wing_right3",
          "pivot": [-52, 32, 0],
          "cubes": [
            {
              "origin": [-63, 32.00417, -2.09554],
              "size": [11, 0, 5],
              "uv": [12, 55],
              "mirror": true
            },
            {
              "origin": [-63, 32.00417, 2.90446],
              "size": [11, 0, 14],
              "uv": [11, 14],
              "mirror": true
            }
          ]
        },
        {
          "name": "fire_right2",
          "parent": "wing_right3",
          "pivot": [-47, 32.00417, 2.90446],
          "cubes": [
            {
              "origin": [-52, 32.00417, 2.90446],
              "size": [11, 0, 14],
              "uv": [9, 0]
            }
          ]
        },
        {
          "name": "wing_left",
          "parent": "upper_torso",
          "pivot": [4, 32.00417, 0.90446],
          "cubes": [
            {
              "origin": [4, 32.00417, -2.09554],
              "size": [17, 0, 11],
              "uv": [49, 31]
            }
          ]
        },
        {
          "name": "wing_left2",
          "parent": "wing_left",
          "pivot": [21, 32.00417, -0.09554],
          "cubes": [
            {
              "origin": [21, 32.00417, -2.09554],
              "size": [20, 0, 4],
              "uv": [78, 43]
            }
          ]
        },
        {
          "name": "fire_left",
          "parent": "wing_left2",
          "pivot": [29, 5.00417, 4.90446],
          "cubes": [
            {
              "origin": [21, 32.00417, 1.90446],
              "size": [20, 0, 11],
              "uv": [47, 9]
            }
          ]
        },
        {
          "name": "wing_left3",
          "parent": "wing_left2",
          "pivot": [41, 32.00417, 0.90446],
          "cubes": [
            {
              "origin": [41, 32.00417, -2.09554],
              "size": [11, 0, 5],
              "uv": [10, 50]
            }
          ]
        },
        {
          "name": "bone2",
          "parent": "wing_left3",
          "pivot": [52, 32, 0],
          "cubes": [
            {
              "origin": [52, 32.00417, -2.09554],
              "size": [11, 0, 5],
              "uv": [12, 55]
            },
            {
              "origin": [52, 32.00417, 2.90446],
              "size": [11, 0, 14],
              "uv": [11, 14]
            }
          ]
        },
        {
          "name": "fire_left2",
          "parent": "wing_left3",
          "pivot": [52, 5.00417, 4.90446],
          "cubes": [
            {
              "origin": [41, 32.00417, 2.90446],
              "size": [11, 0, 14],
              "uv": [9, 0],
              "mirror": true
            }
          ]
        },
        {
          "name": "neck",
          "parent": "upper_torso",
          "pivot": [0, 33.00417, -0.09554],
          "cubes": [
            {
              "origin": [-2, 32.00417, -2.09554],
              "size": [4, 10, 4],
              "uv": [94, 16]
            }
          ]
        },
        {
          "name": "head",
          "parent": "neck",
          "pivot": [0, 41.00417, -0.09554],
          "cubes": [
            {
              "origin": [-4, 41.00417, -6.09554],
              "size": [8, 7, 9],
              "uv": [37, 112]
            }
          ]
        },
        {
          "name": "eye_left",
          "parent": "head",
          "pivot": [0, 2.00417, -0.09554],
          "cubes": [
            {
              "origin": [1.75, 44.00417, -6.09554],
              "size": [1, 2, 0],
              "inflate": 0.005,
              "uv": [47, 95]
            },
            {
              "origin": [12.22, 43.50417, -6.09554],
              "size": [3, 1, 4],
              "inflate": 0.03,
              "pivot": [0, 2.00417, -0.09554],
              "rotation": [0, 0, -15],
              "uv": [49, 106]
            }
          ]
        },
        {
          "name": "pupil_left",
          "parent": "eye_left",
          "pivot": [0, 2.00417, -0.09554],
          "cubes": [
            {
              "origin": [2.25, 44.00417, -6.09554],
              "size": [1, 2, 2],
              "inflate": 0.02,
              "uv": [23, 82]
            },
            {
              "origin": [2.75, 45.30417, -6.09554],
              "size": [1, 1, 0],
              "inflate": 0.025,
              "uv": [32, 89]
            }
          ]
        },
        {
          "name": "eye_right",
          "parent": "head",
          "pivot": [0, 2.00417, -0.09554],
          "cubes": [
            {
              "origin": [-15.22, 43.50417, -6.09554],
              "size": [3, 1, 4],
              "inflate": 0.03,
              "pivot": [0, 2.00417, -0.09554],
              "rotation": [0, 0, 15],
              "uv": [49, 106],
              "mirror": true
            },
            {
              "origin": [-2.75, 44.00417, -6.09554],
              "size": [1, 2, 0],
              "inflate": 0.005,
              "uv": [47, 95],
              "mirror": true
            }
          ]
        },
        {
          "name": "pupil_right",
          "parent": "eye_right",
          "pivot": [0, 2.00417, -0.09554],
          "cubes": [
            {
              "origin": [-3.25, 44.00417, -6.09554],
              "size": [1, 2, 2],
              "inflate": 0.02,
              "uv": [23, 82],
              "mirror": true
            },
            {
              "origin": [-3.75, 45.30417, -6.09554],
              "size": [1, 1, 0],
              "inflate": 0.025,
              "uv": [32, 89],
              "mirror": true
            }
          ]
        },
        {
          "name": "beak",
          "parent": "head",
          "pivot": [0, 2.00417, -0.09554],
          "cubes": [
            {
              "origin": [-1.5, 42.00417, -12.09554],
              "size": [3, 3, 9],
              "uv": [84, 56]
            },
            {
              "origin": [-1, 42.50417, -18.09554],
              "size": [2, 2, 6],
              "uv": [113, 75]
            },
            {
              "origin": [0, 42.50417, -20.09554],
              "size": [0, 2, 3],
              "uv": [6, 25]
            }
          ]
        },
        {
          "name": "jaw",
          "parent": "beak",
          "pivot": [0, 42.00417, -6.09554],
          "cubes": [
            {
              "origin": [-1, 41.50417, -12.09554],
              "size": [2, 1, 8],
              "uv": [73, 119]
            },
            {
              "origin": [-0.5, 41.50417, -18.09554],
              "size": [1, 1, 6],
              "inflate": -0.01,
              "uv": [76, 121]
            }
          ]
        },
        {
          "name": "head_fire",
          "parent": "head",
          "pivot": [0, 4.00417, 1.90446],
          "rotation": [5, 0, 0],
          "cubes": [
            {
              "origin": [0, 43.00417, -3.09554],
              "size": [0, 16, 12],
              "uv": [101, 98]
            }
          ]
        },
        {
          "name": "head_fire2",
          "parent": "head_fire",
          "pivot": [0, 4.00417, 1.90446],
          "cubes": [
            {
              "origin": [0, 43.00417, 8.90446],
              "size": [0, 16, 15],
              "uv": [0, 92]
            }
          ]
        },
        {
          "name": "leg_left",
          "parent": "body",
          "pivot": [5, 18, 4],
          "cubes": [
            {
              "origin": [4, 12, 2],
              "size": [6, 8, 6],
              "pivot": [-1, 0, 0],
              "rotation": [5, 0, 0],
              "uv": [24, 93]
            }
          ]
        },
        {
          "name": "leg_left2",
          "parent": "leg_left",
          "pivot": [7, 12, 4],
          "cubes": [
            {
              "origin": [5, 9.5, 3],
              "size": [4, 3, 4],
              "pivot": [-1, 0, 0],
              "rotation": [5, 0, 0],
              "uv": [96, 68]
            }
          ]
        },
        {
          "name": "leg_left3",
          "parent": "leg_left2",
          "pivot": [7, 10, 4],
          "cubes": [
            {
              "origin": [6, 2, 0],
              "size": [2, 10, 2],
              "pivot": [10, 0, -4],
              "rotation": [-15, 0, 0],
              "uv": [87, 103]
            }
          ]
        },
        {
          "name": "foot_left",
          "parent": "leg_left3",
          "pivot": [7, 2, 2],
          "cubes": [
            {
              "origin": [4.5, 0, -1],
              "size": [5, 2, 5],
              "inflate": 0.01,
              "uv": [94, 30]
            }
          ]
        },
        {
          "name": "toe_middle_left",
          "parent": "foot_left",
          "pivot": [7, 1, -1],
          "cubes": [
            { "origin": [6, 0, -5.5], "size": [2, 2, 5], "uv": [99, 54] }
          ]
        },
        {
          "name": "claw_middle_left",
          "parent": "toe_middle_left",
          "pivot": [7, 1, -5],
          "cubes": [
            { "origin": [7, 0, -7.5], "size": [0, 2, 2], "uv": [2, 58] }
          ]
        },
        {
          "name": "toe_back_left",
          "parent": "foot_left",
          "pivot": [7, 1, 4],
          "cubes": [{ "origin": [6, 0, 3.5], "size": [2, 2, 5], "uv": [98, 0] }]
        },
        {
          "name": "claw_back_left",
          "parent": "toe_back_left",
          "pivot": [7, 1, 8],
          "cubes": [
            {
              "origin": [7, 0, 8.5],
              "size": [0, 2, 2],
              "uv": [50, 26],
              "mirror": true
            }
          ]
        },
        {
          "name": "toe_outer_left",
          "parent": "foot_left",
          "pivot": [9, 1, -1],
          "rotation": [0, -20, 0],
          "cubes": [
            {
              "origin": [7.91363, 0, -5.1611],
              "size": [2, 2, 5],
              "uv": [98, 7]
            }
          ]
        },
        {
          "name": "claw_outer_left",
          "parent": "toe_outer_left",
          "pivot": [8.91363, 1, -5.1611],
          "cubes": [
            {
              "origin": [8.91363, 0, -7.1611],
              "size": [0, 2, 2],
              "uv": [50, 26],
              "mirror": true
            }
          ]
        },
        {
          "name": "toe_inner_left",
          "parent": "foot_left",
          "pivot": [5, 1, -1],
          "rotation": [0, 20, 0],
          "cubes": [
            {
              "origin": [4.08637, 0, -5.1611],
              "size": [2, 2, 5],
              "uv": [65, 100]
            }
          ]
        },
        {
          "name": "claw_inner_left",
          "parent": "toe_inner_left",
          "pivot": [5.08637, 1, -5.1611],
          "cubes": [
            {
              "origin": [5.08637, 0, -7.1611],
              "size": [0, 2, 2],
              "uv": [36, 58]
            }
          ]
        },
        {
          "name": "leg_right",
          "parent": "body",
          "pivot": [-5, 18, 4],
          "cubes": [
            {
              "origin": [-10, 12, 2],
              "size": [6, 8, 6],
              "pivot": [-15, 0, 0],
              "rotation": [5, 0, 0],
              "uv": [92, 89]
            }
          ]
        },
        {
          "name": "leg_right2",
          "parent": "leg_right",
          "pivot": [-7, 12, 4],
          "cubes": [
            {
              "origin": [-9, 9.5, 3],
              "size": [4, 3, 4],
              "pivot": [-15, 0, 0],
              "rotation": [5, 0, 0],
              "uv": [0, 68]
            }
          ]
        },
        {
          "name": "leg_right3",
          "parent": "leg_right2",
          "pivot": [-7, 10, 4],
          "cubes": [
            {
              "origin": [-8, 2, 0],
              "size": [2, 10, 2],
              "pivot": [-4, 0, -4],
              "rotation": [-15, 0, 0],
              "uv": [79, 100]
            }
          ]
        },
        {
          "name": "foot_right",
          "parent": "leg_right3",
          "pivot": [-7, 2, 2],
          "cubes": [
            {
              "origin": [-9.5, 0, -1],
              "size": [5, 2, 5],
              "inflate": 0.01,
              "uv": [93, 47]
            }
          ]
        },
        {
          "name": "toe_middle_right",
          "parent": "foot_right",
          "pivot": [-7, 1, -1],
          "cubes": [
            { "origin": [-8, 0, -5.5], "size": [2, 2, 5], "uv": [0, 21] }
          ]
        },
        {
          "name": "claw_middle_right",
          "parent": "toe_middle_right",
          "pivot": [-7, 1, -5],
          "cubes": [
            { "origin": [-7, 0, -7.5], "size": [0, 2, 2], "uv": [44, 26] }
          ]
        },
        {
          "name": "toe_back_right",
          "parent": "foot_right",
          "pivot": [-7, 1, 4],
          "cubes": [
            { "origin": [-8, 0, 3.5], "size": [2, 2, 5], "uv": [0, 14] }
          ]
        },
        {
          "name": "claw_back_right",
          "parent": "toe_back_right",
          "pivot": [-7, 1, 8],
          "cubes": [
            { "origin": [-7, 0, 8.5], "size": [0, 2, 2], "uv": [50, 26] }
          ]
        },
        {
          "name": "toe_inner_right",
          "parent": "foot_right",
          "pivot": [-5, 1, 0],
          "rotation": [0, -20, 0],
          "cubes": [
            {
              "origin": [-6.42839, 0, -5.10079],
              "size": [2, 2, 5],
              "uv": [0, 7]
            }
          ]
        },
        {
          "name": "claw_inner_right",
          "parent": "toe_inner_right",
          "pivot": [-5.42839, 1, -5.10079],
          "cubes": [
            {
              "origin": [-5.42839, 0, -7.10079],
              "size": [0, 2, 2],
              "uv": [28, 26]
            }
          ]
        },
        {
          "name": "toe_outer_right",
          "parent": "foot_right",
          "pivot": [-9, 1, -1],
          "rotation": [0, 20, 0],
          "cubes": [
            {
              "origin": [-9.91363, 0, -5.1611],
              "size": [2, 2, 5],
              "uv": [0, 0]
            }
          ]
        },
        {
          "name": "claw_outer_right",
          "parent": "toe_outer_right",
          "pivot": [-8.91363, 1, -5.1611],
          "cubes": [
            {
              "origin": [-8.91363, 0, -7.1611],
              "size": [0, 2, 4],
              "uv": [18, 24]
            }
          ]
        }
      ]
    }
  ]
}
