{
  "format_version": "1.12.0",
  "minecraft:geometry": [
    {
      "description": {
        "identifier": "geometry.dewpider",
        "texture_width": 64,
        "texture_height": 64,
        "visible_bounds_width": 2,
        "visible_bounds_height": 2.5,
        "visible_bounds_offset": [0, 0.75, 0]
      },
      "bones": [
        {
          "name": "all",
          "pivot": [0, 0, 0]
        },
        {
          "name": "head",
          "parent": "all",
          "pivot": [0, 7, 0],
          "cubes": [
            { "origin": [-4.5, 7, -4.5], "size": [9, 8, 9], "uv": [0, 0] },
            { "origin": [-3.5, 7, -3.5], "size": [7, 7, 7], "uv": [0, 17] },
            { "origin": [-1, 14, 1], "size": [2, 1, 2], "uv": [42, 24] },
            { "origin": [-3.5, 14, -2.5], "size": [2, 1, 2], "uv": [42, 21] },
            { "origin": [1.5, 14, -2.5], "size": [2, 1, 2], "uv": [42, 27] },
            { "origin": [-4.5, 7, 4.5], "size": [9, 8, 0], "uv": [46, 56] },
            {
              "origin": [-4.5, 7, -4.5],
              "size": [9, 8, 0],
              "pivot": [0, 11, -4.5],
              "rotation": [0, 180, 0],
              "uv": [46, 56]
            },
            {
              "origin": [1.5, 13, -4.49],
              "size": [2, 2, 0],
              "pivot": [0, 11, -4.5],
              "rotation": [0, 180, 0],
              "uv": [0, 62]
            },
            {
              "origin": [0, 7, 9],
              "size": [9, 8, 0],
              "pivot": [0, 11, 4.5],
              "rotation": [0, 90, 0],
              "uv": [46, 56]
            },
            {
              "origin": [-9, 7, 0],
              "size": [9, 8, 0],
              "pivot": [-4.5, 11, 0],
              "rotation": [0, -90, 0],
              "uv": [46, 56]
            },
            { "origin": [-4.5, 15, -4.5], "size": [9, 0, 9], "uv": [19, 55] },
            { "origin": [-4.5, 7, -4.5], "size": [9, 0, 9], "uv": [1, 55] }
          ]
        },
        {
          "name": "body",
          "parent": "all",
          "pivot": [0, 7, 0],
          "cubes": [
            { "origin": [-3.5, 6, -3.5], "size": [7, 1, 7], "uv": [21, 24] },
            { "origin": [-1.5, 2, -1.5], "size": [3, 4, 3], "uv": [21, 17] },
            { "origin": [-0.5, 1, -0.5], "size": [1, 1, 1], "uv": [0, 6] }
          ]
        },
        {
          "name": "leg_back_right",
          "parent": "body",
          "pivot": [-1.5, 5.5, 1.5],
          "cubes": [
            { "origin": [-5.5, 0, 1.5], "size": [4, 6, 0], "uv": [27, 0] }
          ]
        },
        {
          "name": "leg_back_left",
          "parent": "body",
          "pivot": [1.5, 5.5, 1.5],
          "cubes": [
            { "origin": [1.5, 0, 1.5], "size": [4, 6, 0], "uv": [0, 0] }
          ]
        },
        {
          "name": "leg_front_right",
          "parent": "body",
          "pivot": [-1.5, 5.5, -1.5],
          "cubes": [
            { "origin": [-5.5, 0, -1.5], "size": [4, 6, 0], "uv": [0, 31] }
          ]
        },
        {
          "name": "leg_front_left",
          "parent": "body",
          "pivot": [1.5, 5.5, -1.5],
          "cubes": [
            { "origin": [1.5, 0, -1.5], "size": [4, 6, 0], "uv": [8, 31] }
          ]
        }
      ]
    }
  ]
}
