{
  "format_version": "1.12.0",
  "minecraft:geometry": [
    {
      "description": {
        "identifier": "geometry.sewaddle",
        "texture_width": 64,
        "texture_height": 64,
        "visible_bounds_width": 2,
        "visible_bounds_height": 1.5,
        "visible_bounds_offset": [0, 0.25, 0]
      },
      "bones": [
        {
          "name": "sewaddle",
          "pivot": [0, 0, 0]
        },
        {
          "name": "body",
          "parent": "sewaddle",
          "pivot": [0, 3, -2]
        },
        {
          "name": "leg_right",
          "parent": "body",
          "pivot": [-2, 1, 5.5],
          "cubes": [
            { "origin": [-3, 0, 4.5], "size": [2, 2, 2], "uv": [32, 35] }
          ]
        },
        {
          "name": "leg_left",
          "parent": "body",
          "pivot": [2, 1, 5.5],
          "cubes": [{ "origin": [1, 0, 4.5], "size": [2, 2, 2], "uv": [8, 34] }]
        },
        {
          "name": "waist",
          "parent": "body",
          "pivot": [0, 0.49375, 6.5125],
          "cubes": [
            { "origin": [-2, 0.5, 3.5], "size": [4, 4, 4], "uv": [24, 8] },
            { "origin": [-0.5, 0.51, 3.51], "size": [1, 4, 4], "uv": [0, 48] }
          ]
        },
        {
          "name": "torso",
          "parent": "waist",
          "pivot": [0, 0.45, 3.52857],
          "cubes": [
            {
              "origin": [-2, 0.5, -0.5],
              "size": [4, 4, 4],
              "inflate": 0.02,
              "uv": [0, 26]
            },
            {
              "origin": [-0.5, 4.51, -0.5],
              "size": [1, 0, 4],
              "inflate": 0.02,
              "uv": [-4, 38]
            }
          ]
        },
        {
          "name": "leg_right2",
          "parent": "torso",
          "pivot": [-2, 1, 1.25],
          "cubes": [
            { "origin": [-3, 0, 0.25], "size": [2, 2, 2], "uv": [24, 34] }
          ]
        },
        {
          "name": "leg_left2",
          "parent": "torso",
          "pivot": [2, 1, 1.25],
          "cubes": [
            { "origin": [1, 0, 0.25], "size": [2, 2, 2], "uv": [34, 0] }
          ]
        },
        {
          "name": "torso2",
          "parent": "torso",
          "pivot": [0, 0.5, -0.5],
          "cubes": [
            { "origin": [-2, 0.5, -1.5], "size": [4, 4, 1], "uv": [32, 30] },
            { "origin": [-0.5, 4.51, -1.5], "size": [1, 0, 1], "uv": [23, 34] }
          ]
        },
        {
          "name": "neck",
          "parent": "torso2",
          "pivot": [0, 0.5, -1.5],
          "cubes": [
            {
              "origin": [-2, 0.5, -6.5],
              "size": [4, 4, 5],
              "inflate": 0.01,
              "uv": [41, 14]
            },
            {
              "origin": [-0.5, 4.51, -5.5],
              "size": [1, 0, 4],
              "inflate": 0.01,
              "uv": [-2, 38]
            }
          ]
        },
        {
          "name": "head",
          "parent": "neck",
          "pivot": [0, 1.5, -5],
          "cubes": [
            { "origin": [-4, -0.55, -11], "size": [8, 6, 6], "uv": [0, 0] },
            {
              "origin": [-2, 1.2, -12.75],
              "size": [2, 2, 2],
              "pivot": [0, 2.2, -11.25],
              "rotation": [0, 12.5, 0],
              "uv": [32, 4]
            },
            {
              "origin": [0, 1.2, -12.75],
              "size": [2, 2, 2],
              "inflate": 0.01,
              "pivot": [0, 2.2, -11.25],
              "rotation": [0, -12.5, 0],
              "uv": [12, 26]
            },
            {
              "origin": [-2, -1.05, -8],
              "size": [2, 1, 1],
              "pivot": [0, -0.55, -8],
              "rotation": [0, 27.5, 0],
              "uv": [18, 26]
            },
            {
              "origin": [0.32201, -0.57, -7.2858],
              "size": [1, 0, 1],
              "pivot": [0.82201, -0.05, -6.7858],
              "rotation": [0, 17.5, 0],
              "uv": [0, 13]
            },
            {
              "origin": [-1.32201, -0.57, -7.2858],
              "size": [1, 0, 1],
              "pivot": [-0.82201, -0.05, -6.7858],
              "rotation": [0, -17.5, 0],
              "uv": [2, 12]
            },
            {
              "origin": [0, -1.05, -8],
              "size": [2, 1, 1],
              "inflate": 0.01,
              "pivot": [0, -0.55, -8],
              "rotation": [0, -27.5, 0],
              "uv": [0, 4]
            },
            { "origin": [-3.7, -0.56, -9.25], "size": [2, 0, 2], "uv": [0, 2] },
            { "origin": [1.7, -0.56, -9.25], "size": [2, 0, 2], "uv": [0, 0] },
            { "origin": [2.2, -0.57, -8.75], "size": [1, 0, 1], "uv": [0, 14] },
            { "origin": [-3.2, -0.57, -8.75], "size": [1, 0, 1], "uv": [2, 13] }
          ]
        },
        {
          "name": "mouth_open",
          "parent": "head",
          "pivot": [0, -0.56, -6.325],
          "cubes": [
            {
              "origin": [-0.5, -0.56, -6.825],
              "size": [1, 0, 1],
              "pivot": [0, -0.56, -6.325],
              "rotation": [0, 45, 0],
              "uv": [0, 12]
            }
          ]
        },
        {
          "name": "hood",
          "parent": "head",
          "pivot": [0, 3, -5],
          "cubes": [
            { "origin": [-4, 2, -5], "size": [8, 4, 0], "uv": [16, 30] },
            {
              "origin": [-4, 6, -9],
              "size": [8, 0, 4],
              "inflate": 0.01,
              "uv": [16, 17]
            }
          ]
        },
        {
          "name": "hood_left",
          "parent": "hood",
          "pivot": [4, 6, -5],
          "rotation": [0, -30.25, 0],
          "cubes": [
            { "origin": [1, 6, -11], "size": [3, 0, 6], "uv": [22, 0] },
            { "origin": [4, 1, -12], "size": [0, 5, 7], "uv": [14, 14] }
          ]
        },
        {
          "name": "hood_right",
          "parent": "hood",
          "pivot": [-4, 6, -5],
          "rotation": [0, 30.25, 0],
          "cubes": [
            { "origin": [-4, 1, -12], "size": [0, 5, 7], "uv": [0, 14] },
            { "origin": [-4, 6, -11], "size": [3, 0, 6], "uv": [16, 0] }
          ]
        },
        {
          "name": "hood2",
          "parent": "hood",
          "pivot": [0, 6, -9],
          "cubes": [
            {
              "origin": [-4.5, 6, -14],
              "size": [9, 0, 5],
              "inflate": 0.01,
              "uv": [0, 12]
            }
          ]
        },
        {
          "name": "hood3",
          "parent": "hood2",
          "pivot": [0, 6, -14],
          "cubes": [
            { "origin": [-3.5, 6, -18], "size": [7, 0, 4], "uv": [1, 17] }
          ]
        },
        {
          "name": "eyelids",
          "parent": "head",
          "pivot": [0, 0.6, -5]
        },
        {
          "name": "eyelid_left",
          "parent": "eyelids",
          "pivot": [1.7, 0.55, -7.25],
          "cubes": [
            { "origin": [1.7, -0.48, -9.25], "size": [2, 0, 2], "uv": [2, 38] }
          ]
        },
        {
          "name": "eyelid_right",
          "parent": "eyelids",
          "pivot": [-1.7, 0.55, -7.25],
          "cubes": [
            {
              "origin": [-3.7, -0.48, -9.25],
              "size": [2, 0, 2],
              "uv": [2, 38],
              "mirror": true
            }
          ]
        },
        {
          "name": "arm_right",
          "parent": "neck",
          "pivot": [-2, 1, -2.5],
          "cubes": [
            { "origin": [-3, 0, -3.6], "size": [2, 2, 2], "uv": [16, 34] }
          ]
        },
        {
          "name": "arm_left",
          "parent": "neck",
          "pivot": [2, 1, -2.5],
          "cubes": [
            { "origin": [1, 0, -3.6], "size": [2, 2, 2], "uv": [0, 34] }
          ]
        }
      ]
    }
  ]
}
