{
  "name": "Hydreigon",
  "nationalPokedexNumber": 635,
  "primaryType": "dark",
  "secondaryType": "dragon",
  "abilities": [
    "levitate"
  ],
  "drops": {
    "amount": 4,
    "entries": [
      {
        "item": "minecraft:dragon_breath",
        "quantityRange": "0-3"
      },
      {
        "item": "cobblemon:roseli_berry",
        "percentage": 10.0
      }
    ]
  },
  "baseStats": {
    "hp": 92,
    "attack": 105,
    "defence": 90,
    "special_attack": 125,
    "special_defence": 90,
    "speed": 98
  },
  "catchRate": 45,
  "maleRatio": 0.5,
  "shoulderMountable": false,
  "baseExperienceYield": 300,
  "experienceGroup": "slow",
  "eggCycles": 40,
  "eggGroups": [
    "dragon"
  ],
   "behaviour": {
       "moving": {
           "fly": {
               "canFly": true,
               "flySpeedHorizontal": 0.5
           }
       }
   },
  "moves": [
    "1:bite",
    "1:doublehit",
    "1:dragonbreath",
    "1:dragonrage",
    "1:focusenergy",
    "1:tackle",
    "1:triattack",
    "12:roar",
    "16:assurance",
    "20:headbutt",
    "24:workup",
    "28:slam",
    "32:crunch",
    "36:scaryface",
    "40:dragonpulse",
    "44:bodyslam",
    "48:hypervoice",
    "54:dragonrush",
    "60:nastyplot",
    "68:outrage",
    "76:hyperbeam",
    "tm:acrobatics",
    "tm:assurance",
    "tm:attract",
    "tm:beatup",
    "tm:bodyslam",
    "tm:breakingswipe",
    "tm:brutalswing",
    "tm:bulldoze",
    "tm:chargebeam",
    "tm:confide",
    "tm:crunch",
    "tm:darkpulse",
    "tm:doubleteam",
    "tm:dracometeor",
    "tm:dragondance",
    "tm:dragonpulse",
    "tm:dragontail",
    "tm:earthpower",
    "tm:earthquake",
    "tm:echoedvoice",
    "tm:endure",
    "tm:facade",
    "tm:fireblast",
    "tm:firefang",
    "tm:firespin",
    "tm:flamethrower",
    "tm:flashcannon",
    "tm:fly",
    "tm:focusblast",
    "tm:focusenergy",
    "tm:frustration",
    "tm:gigaimpact",
    "tm:heatwave",
    "tm:helpinghand",
    "tm:hiddenpower",
    "tm:hydropump",
    "tm:hyperbeam",
    "tm:hypervoice",
    "tm:icefang",
    "tm:incinerate",
    "tm:irontail",
    "tm:nastyplot",
    "tm:outrage",
    "tm:payback",
    "tm:protect",
    "tm:psychup",
    "tm:raindance",
    "tm:reflect",
    "tm:rest",
    "tm:return",
    "tm:roar",
    "tm:rockslide",
    "tm:rocksmash",
    "tm:rocktomb",
    "tm:roost",
    "tm:round",
    "tm:scaryface",
    "tm:screech",
    "tm:secretpower",
    "tm:sleeptalk",
    "tm:snarl",
    "tm:snore",
    "tm:stealthrock",
    "tm:steelwing",
    "tm:stompingtantrum",
    "tm:stoneedge",
    "tm:strength",
    "tm:substitute",
    "tm:sunnyday",
    "tm:superpower",
    "tm:surf",
    "tm:swagger",
    "tm:tailwind",
    "tm:takedown",
    "tm:taunt",
    "tm:terablast",
    "tm:thief",
    "tm:throatchop",
    "tm:thunderfang",
    "tm:thunderwave",
    "tm:torment",
    "tm:toxic",
    "tm:triattack",
    "tm:uproar",
    "tm:uturn",
    "tm:workup",
    "tm:zenheadbutt",
    "tutor:aquatail",
    "tutor:crunch",
    "tutor:darkpulse",
    "tutor:defog",
    "tutor:dracometeor",
    "tutor:dragonbreath",
    "tutor:dragonpulse",
    "tutor:dragonrush",
    "tutor:dualwingbeat",
    "tutor:earthpower",
    "tutor:flamethrower",
    "tutor:focusblast",
    "tutor:frustration",
    "tutor:heatwave",
    "tutor:hypervoice",
    "tutor:irontail",
    "tutor:outrage",
    "tutor:rockslide",
    "tutor:roost",
    "tutor:scaleshot",
    "tutor:shockwave",
    "tutor:signalbeam",
    "tutor:sleeptalk",
    "tutor:snore",
    "tutor:spite",
    "tutor:superpower",
    "tutor:tailwind",
    "tutor:throatchop",
    "tutor:uproar",
    "tutor:zenheadbutt"
  ],
  "labels": [
    "gen5",
    "pseudo_legendary"
  ],
  "pokedex": [
    "cobblemon.species.hydreigon.desc"
  ],
  "preEvolution": "zweilous",
  "evolutions": [],
  "baseScale": 1,
  "hitbox": {
    "width": 1,
    "height": 1,
    "fixed": false
  },
  "baseFriendship": 35,
  "evYield": {
    "hp": 0,
    "attack": 0,
    "defence": 0,
    "special_attack": 3,
    "special_defence": 0,
    "speed": 0
  },
  "height": 18,
  "weight": 1600,
  "aspects": [],
  "cannotDynamax": false
}