{
	"format_version": "1.12.0",
	"minecraft:geometry": [
		{
			"description": {
				"identifier": "geometry.unknown",
				"texture_width": 512,
				"texture_height": 512,
				"visible_bounds_width": 20,
				"visible_bounds_height": 15,
				"visible_bounds_offset": [0, 6.5, 0]
			},
			"bones": [
				{
					"name": "lugia_shadow",
					"pivot": [0, 0, 0]
				},
				{
					"name": "body",
					"parent": "lugia_shadow",
					"pivot": [0, 24, -5.5]
				},
				{
					"name": "torso",
					"parent": "body",
					"pivot": [-1, 51, 5.5],
					"cubes": [
						{"origin": [-19, 38, -19.5], "size": [38, 36, 33], "inflate": 0.01, "uv": [0, 0]},
						{"origin": [-14.5, 35, 0.5], "size": [29, 26, 19], "inflate": 0.01, "uv": [100, 180]},
						{"origin": [-17, 70.44, -19.03], "size": [34, 7, 31], "inflate": -0.1, "uv": [0, 119]},
						{"origin": [-16, 74.55, 1.99], "size": [32, 9, 9], "inflate": -0.1, "pivot": [0, 76.05, 9.49], "rotation": [29.5, 0, 0], "uv": [255, 91]},
						{"origin": [-15, 37.92, -26.28], "size": [30, 17, 15], "pivot": [0, 57.42, -9.28], "rotation": [17, 0, 0], "uv": [230, 0]},
						{"origin": [-15, 31.17, -33.21], "size": [30, 17, 15], "inflate": -0.01, "pivot": [0, 50.67, -16.21], "rotation": [69.5, 0, 0], "uv": [88, 225]},
						{"origin": [-14, 24.09968, -6.03516], "size": [28, 22, 19], "pivot": [0, 37.59968, 1.46484], "rotation": [107, 0, 0], "uv": [180, 100]},
						{"origin": [-15, 47.86581, -21.06271], "size": [30, 24, 15], "inflate": -0.01, "pivot": [0, 65.36581, -13.56271], "rotation": [-13, 0, 0], "uv": [170, 61]},
						{"origin": [-10.5, 58.74, 3.41], "size": [21, 11, 15], "inflate": 0.1, "pivot": [0, 64.24, 10.91], "rotation": [-61, 0, 0], "uv": [105, 278]}
					]
				},
				{
					"name": "fin3",
					"parent": "torso",
					"pivot": [0, 67.5489, 15.30198],
					"cubes": [
						{"origin": [13.90452, 63.0489, 7.36282], "size": [0, 10, 26], "pivot": [0, 67.5489, 15.30198], "rotation": [0.53209, 19.99921, 0.18198], "uv": [274, 102]},
						{"origin": [-13.90452, 63.0489, 7.36282], "size": [0, 10, 26], "pivot": [0, 67.5489, 15.30198], "rotation": [0.53209, -19.99921, -0.18198], "uv": [112, 278]}
					]
				},
				{
					"name": "chest",
					"parent": "torso",
					"pivot": [0.22222, 73.45648, -5.10364],
					"cubes": [
						{"origin": [-16, 69, -18.5], "size": [32, 19, 29], "uv": [77, 71]},
						{"origin": [-10.5, 82.42, -15.95], "size": [21, 15, 23], "pivot": [0, 91.92, -3.95], "rotation": [17.5, 0, 0], "uv": [0, 206]}
					]
				},
				{
					"name": "fin1",
					"parent": "chest",
					"pivot": [10, 97.48306, 13.69376],
					"cubes": [
						{"origin": [-10, 91.98306, 4.19376], "size": [0, 10, 19], "pivot": [-10, 97.48306, 13.69376], "rotation": [23.54835, -19.03771, -6.24605], "uv": [184, 294]},
						{"origin": [10, 91.98306, 4.19376], "size": [0, 10, 19], "pivot": [10, 97.48306, 13.69376], "rotation": [23.54835, 19.03771, 6.24605], "uv": [142, 42]}
					]
				},
				{
					"name": "fin2",
					"parent": "chest",
					"pivot": [-0.5, 72.49, 9.14],
					"cubes": [
						{"origin": [8, 74.54, 4.79], "size": [0, 11, 26], "pivot": [0.5, 74.04, 8.29], "rotation": [11.15745, 19.65118, 3.79477], "uv": [260, 54]},
						{"origin": [-8, 74.54, 4.79], "size": [0, 11, 26], "pivot": [-0.5, 74.04, 8.29], "rotation": [11.15745, -19.65118, -3.79477], "uv": [176, 115]}
					]
				},
				{
					"name": "wing_right",
					"parent": "chest",
					"pivot": [14.1726, 84.24358, -3.64887],
					"cubes": [
						{"origin": [9, 73, -8.84], "size": [19, 24, 10], "pivot": [16, 85.5, -3.84], "rotation": [0, 0, -17.5], "uv": [64, 304]}
					]
				},
				{
					"name": "wing_right1",
					"parent": "wing_right",
					"pivot": [28.4, 88.62, -4.07],
					"cubes": [
						{"origin": [20.4, 77.12, -7.07], "size": [32, 21, 7], "uv": [171, 252]}
					]
				},
				{
					"name": "wing_right2",
					"parent": "wing_right1",
					"pivot": [53.32, 104.48, -3.57],
					"cubes": [
						{"origin": [50.4, 70.12, -7.07], "size": [30, 37, 7], "inflate": 0.1, "uv": [0, 244]},
						{"origin": [49.56651, 65.6545, -7.07], "size": [30, 12, 7], "inflate": 0.02, "pivot": [54.82, 69.59, -3.57], "rotation": [0, 0, 7], "uv": [241, 291]},
						{"origin": [47.83031, 95.70284, -7.07], "size": [30, 12, 7], "pivot": [53.32, 104.48, -3.57], "rotation": [0, 0, -10], "uv": [0, 288]}
					]
				},
				{
					"name": "wing_branch_right1",
					"parent": "wing_right2",
					"pivot": [67.32, 113.56, -3.57],
					"cubes": [
						{"origin": [48.50734, 102.39975, -7.07], "size": [30, 18, 7], "inflate": 0.02, "pivot": [67.32, 113.56, -3.57], "rotation": [0, 0, -30], "uv": [272, 210]}
					]
				},
				{
					"name": "wing_branch_right6",
					"parent": "wing_branch_right1",
					"pivot": [74.01685, 114.28284, -3.57],
					"cubes": [
						{"origin": [74.50734, 102.39975, -7.07], "size": [24, 18, 7], "pivot": [67.32, 113.56, -3.57], "rotation": [0, 0, -30], "uv": [311, 261]}
					]
				},
				{
					"name": "wing_right3",
					"parent": "wing_right2",
					"pivot": [74.7234, 88.94568, -3.69],
					"cubes": [
						{"origin": [74.4, 63, -6.99], "size": [37, 54, 7], "inflate": 0.6, "uv": [142, 0]},
						{"origin": [75.32, 105.56, -7.22], "size": [33, 12, 7], "inflate": 0.02, "pivot": [85.32, 111.56, -3.72], "rotation": [0, 0, -10], "uv": [260, 61]},
						{"origin": [72.27081, 61.04077, -7.09], "size": [30, 12, 7], "inflate": -0.1, "pivot": [80.18, 65.17, -3.59], "rotation": [0, 0, 25.91962], "uv": [0, 100]}
					]
				},
				{
					"name": "wing_branch_right2",
					"parent": "wing_right3",
					"pivot": [98.76, 58.55, -3.57],
					"rotation": [0, 0, 0],
					"cubes": [
						{"origin": [93.977, 49.86986, -7.11], "size": [18, 19, 7], "inflate": 0.1, "uv": [325, 319]}
					]
				},
				{
					"name": "wing_branch_right2_1",
					"parent": "wing_branch_right2",
					"pivot": [109.977, 59.36986, -3.61],
					"cubes": [
						{"origin": [109.977, 49.86986, -7.11], "size": [19, 19, 7], "inflate": -0.1, "uv": [316, 138]}
					]
				},
				{
					"name": "wing_branch_right3",
					"parent": "wing_right3",
					"pivot": [107.4, 72.62, -3.57],
					"rotation": [0, 0, 0],
					"cubes": [
						{"origin": [106.92296, 66.74347, -7.07], "size": [12, 19, 7], "inflate": 0.05, "uv": [268, 345]}
					]
				},
				{
					"name": "wing_branch_right3_1",
					"parent": "wing_branch_right3",
					"pivot": [115.92296, 76.24347, -3.57],
					"cubes": [
						{"origin": [114.92296, 66.74347, -7.07], "size": [25, 19, 7], "uv": [308, 32]}
					]
				},
				{
					"name": "wing_branch_right4",
					"parent": "wing_right3",
					"pivot": [107.4, 112.62, -3.57],
					"rotation": [0, 0, 0],
					"cubes": [
						{"origin": [104.39383, 102.64881, -7.07], "size": [18, 19, 7], "inflate": 0.05, "uv": [275, 319]}
					]
				},
				{
					"name": "wing_branch_right4_1",
					"parent": "wing_branch_right4",
					"pivot": [120.39383, 112.14881, -1.57],
					"cubes": [
						{"origin": [120.39383, 102.64881, -7.07], "size": [26, 19, 7], "inflate": 0.1, "uv": [295, 235]}
					]
				},
				{
					"name": "wing_branch_right5",
					"parent": "wing_right3",
					"pivot": [109.4, 92.62, -3.57],
					"rotation": [0, 0, 0],
					"cubes": [
						{"origin": [108.15692, 85.89837, -7.07], "size": [15, 19, 7], "inflate": 0.04, "uv": [0, 333]}
					]
				},
				{
					"name": "wing_branch_right5_1",
					"parent": "wing_branch_right5",
					"pivot": [119.15692, 95.39837, -1.57],
					"cubes": [
						{"origin": [120.15692, 85.89837, -7.07], "size": [25, 19, 7], "uv": [0, 307]}
					]
				},
				{
					"name": "wing_left",
					"parent": "chest",
					"pivot": [-14.1726, 84.24358, -3.64887],
					"cubes": [
						{"origin": [-28, 73, -8.84], "size": [19, 24, 10], "pivot": [-16, 85.5, -3.84], "rotation": [0, 0, 17.5], "uv": [64, 304], "mirror": true}
					]
				},
				{
					"name": "wing_left1",
					"parent": "wing_left",
					"pivot": [-28.4, 88.62, -4.07],
					"cubes": [
						{"origin": [-52.4, 77.12, -7.07], "size": [32, 21, 7], "uv": [238, 141]}
					]
				},
				{
					"name": "wing_left2",
					"parent": "wing_left1",
					"pivot": [-53.32, 104.48, -3.57],
					"cubes": [
						{"origin": [-80.4, 70.12, -7.07], "size": [30, 37, 7], "inflate": 0.1, "uv": [0, 244], "mirror": true},
						{"origin": [-79.56651, 65.6545, -7.07], "size": [30, 12, 7], "inflate": 0.02, "pivot": [-54.82, 69.59, -3.57], "rotation": [0, 0, -7], "uv": [241, 291], "mirror": true},
						{"origin": [-77.83031, 95.70284, -7.07], "size": [30, 12, 7], "pivot": [-53.32, 104.48, -3.57], "rotation": [0, 0, 10], "uv": [0, 288], "mirror": true}
					]
				},
				{
					"name": "wing_branch_left1",
					"parent": "wing_left2",
					"pivot": [-67.32, 113.56, -3.57],
					"cubes": [
						{"origin": [-78.50734, 102.39975, -7.07], "size": [30, 18, 7], "inflate": 0.02, "pivot": [-67.32, 113.56, -3.57], "rotation": [0, 0, 30], "uv": [272, 210], "mirror": true}
					]
				},
				{
					"name": "wing_branch_left6",
					"parent": "wing_branch_left1",
					"pivot": [-67.32, 113.56, -3.57],
					"cubes": [
						{"origin": [-97.64131, 103.1677, -7.07], "size": [24, 18, 7], "pivot": [-68.32, 115.56, -3.57], "rotation": [0, 0, 30], "uv": [311, 261], "mirror": true}
					]
				},
				{
					"name": "wing_left3",
					"parent": "wing_left2",
					"pivot": [-74.7234, 88.94568, -3.69],
					"cubes": [
						{"origin": [-111.4, 63, -7.26], "size": [37, 54, 7], "inflate": 0.6, "uv": [142, 0], "mirror": true},
						{"origin": [-108.32, 105.56, -7.22], "size": [33, 12, 7], "inflate": 0.02, "pivot": [-85.32, 111.56, -3.72], "rotation": [0, 0, 10], "uv": [274, 109]},
						{"origin": [-102.27081, 61.04077, -7.09], "size": [30, 12, 7], "inflate": -0.1, "pivot": [-80.18, 65.17, -3.59], "rotation": [0, 0, -25.91962], "uv": [293, 169]}
					]
				},
				{
					"name": "wing_branch_left2",
					"parent": "wing_left3",
					"pivot": [-98.76, 58.55, -3.57],
					"rotation": [0, 0, 0],
					"cubes": [
						{"origin": [-111.977, 49.86986, -7.11], "size": [18, 19, 7], "inflate": 0.1, "uv": [325, 319], "mirror": true}
					]
				},
				{
					"name": "wing_branch_left2_1",
					"parent": "wing_branch_left2",
					"pivot": [-109.977, 59.36986, -3.61],
					"cubes": [
						{"origin": [-128.977, 49.86986, -7.11], "size": [19, 19, 7], "inflate": -0.1, "uv": [316, 138], "mirror": true}
					]
				},
				{
					"name": "wing_branch_left3",
					"parent": "wing_left3",
					"pivot": [-107.4, 72.62, -3.57],
					"rotation": [0, 0, 0],
					"cubes": [
						{"origin": [-118.92296, 66.74347, -7.07], "size": [12, 19, 7], "inflate": 0.05, "uv": [268, 345], "mirror": true}
					]
				},
				{
					"name": "wing_branch_left3_1",
					"parent": "wing_branch_left3",
					"pivot": [-115.92296, 76.24347, -3.57],
					"cubes": [
						{"origin": [-139.92296, 66.74347, -7.07], "size": [25, 19, 7], "uv": [308, 32], "mirror": true}
					]
				},
				{
					"name": "wing_branch_left4",
					"parent": "wing_left3",
					"pivot": [-107.4, 112.62, -3.57],
					"rotation": [0, 0, 0],
					"cubes": [
						{"origin": [-122.39383, 102.64881, -7.07], "size": [18, 19, 7], "inflate": 0.05, "uv": [275, 319], "mirror": true}
					]
				},
				{
					"name": "wing_branch_left4_1",
					"parent": "wing_branch_left4",
					"pivot": [-120.39383, 112.14881, -1.57],
					"cubes": [
						{"origin": [-146.39383, 102.64881, -7.07], "size": [26, 19, 7], "inflate": 0.1, "uv": [295, 235], "mirror": true}
					]
				},
				{
					"name": "wing_branch_left5",
					"parent": "wing_left3",
					"pivot": [-109.4, 92.62, -3.57],
					"rotation": [0, 0, 0],
					"cubes": [
						{"origin": [-123.15692, 85.89837, -7.07], "size": [15, 19, 7], "inflate": 0.04, "uv": [0, 333], "mirror": true}
					]
				},
				{
					"name": "wing_branch_left5_1",
					"parent": "wing_branch_left5",
					"pivot": [-119.15692, 95.39837, -1.57],
					"cubes": [
						{"origin": [-145.15692, 85.89837, -7.07], "size": [25, 19, 7], "uv": [0, 307], "mirror": true}
					]
				},
				{
					"name": "neck",
					"parent": "chest",
					"pivot": [0.5, 94.68661, -5.11663],
					"cubes": [
						{"origin": [-7.5, 88.42, -14.95], "size": [15, 23, 16], "pivot": [0, 105.92, -5.95], "rotation": [14, 0, 0], "uv": [249, 252]}
					]
				},
				{
					"name": "bone",
					"parent": "neck",
					"pivot": [0.5, 110.31958, -9.93093],
					"cubes": [
						{"origin": [-5.5, 129.11, -16.05], "size": [11, 11, 7], "inflate": -0.1, "pivot": [0, 126.61, -9.05], "rotation": [6.5, 0, 0], "uv": [80, 353]},
						{"origin": [-5.5, 107, -17.5], "size": [11, 28, 12], "pivot": [0, 134.5, -10.5], "rotation": [6.5, 0, 0], "uv": [229, 310]}
					]
				},
				{
					"name": "head",
					"parent": "bone",
					"pivot": [0, 134.5, -13.5],
					"cubes": [
						{"origin": [-5.5, 133.94, -6.82], "size": [11, 23, 7], "inflate": -0.1, "pivot": [0, 148.44, -5.82], "rotation": [-85, 0, 0], "uv": [44, 338]},
						{"origin": [-6.5, 134.17, -6.82], "size": [13, 14, 7], "pivot": [0, 141.67, -5.82], "rotation": [-25, 0, 0], "uv": [306, 345]},
						{"origin": [-7.5, 132, -20.5], "size": [15, 16, 17], "uv": [177, 280]}
					]
				},
				{
					"name": "eye_right",
					"parent": "head",
					"pivot": [6.47, 143, -18.68],
					"cubes": [
						{"origin": [5.6, 139.76, -21.17], "size": [2, 3, 2], "pivot": [2.1, 141.76, -21.67], "rotation": [15.1784, 8.69092, 2.34741], "uv": [18, 119]},
						{"origin": [5.65, 142.19, -22.54], "size": [2, 2, 3], "pivot": [2.15, 143.19, -22.04], "rotation": [15.1784, 8.69092, 2.34741], "uv": [67, 100]},
						{"origin": [6.09, 139.48, -21.44], "size": [2, 3, 2], "inflate": -0.5, "pivot": [2.59, 141.48, -21.94], "rotation": [15.1784, 8.69092, 2.34741], "uv": [109, 28]},
						{"origin": [4.83, 140, -24.18], "size": [3, 5, 7], "pivot": [6.33, 143, -20.68], "rotation": [15.1784, 8.69092, 2.34741], "uv": [120, 21]},
						{"origin": [7.97, 130, -30.18], "size": [0, 31, 53], "pivot": [6.47, 143, -18.68], "rotation": [15.19899, 9.17345, 2.48001], "uv": [0, 16]}
					]
				},
				{
					"name": "eyelid_right",
					"parent": "eye_right",
					"pivot": [6.04041, 141.73415, -20.04925],
					"cubes": [
						{"origin": [5.07, 142.14, -19.56], "size": [2, 1, 3], "inflate": 0.05, "pivot": [1.57, 143.14, -20.06], "rotation": [15.1784, 8.69092, 2.34741], "uv": [22, 0]},
						{"origin": [4.88, 141.38, -21.35], "size": [2, 1, 4], "inflate": 0.08, "pivot": [1.38, 142.38, -20.85], "rotation": [15.1784, 8.69092, 2.34741], "uv": [0, 28]},
						{"origin": [4.71, 140.73, -22.3], "size": [2, 1, 5], "inflate": 0.08, "pivot": [1.21, 141.73, -21.8], "rotation": [15.1784, 8.69092, 2.34741], "uv": [126, 120]},
						{"origin": [4.55, 139.43, -22.94], "size": [2, 1, 5], "inflate": 0.08, "pivot": [1.05, 140.43, -22.44], "rotation": [15.1784, 8.69092, 2.34741], "uv": [126, 120]}
					]
				},
				{
					"name": "eye_left",
					"parent": "head",
					"pivot": [-6.47, 143, -18.68],
					"cubes": [
						{"origin": [-7.6, 139.76, -21.17], "size": [2, 3, 2], "pivot": [-2.1, 141.76, -21.67], "rotation": [15.1784, -8.69092, -2.34741], "uv": [18, 119], "mirror": true},
						{"origin": [-7.65, 142.19, -22.54], "size": [2, 2, 3], "pivot": [-2.15, 143.19, -22.04], "rotation": [15.1784, -8.69092, -2.34741], "uv": [67, 100], "mirror": true},
						{"origin": [-8.09, 139.48, -21.44], "size": [2, 3, 2], "inflate": -0.5, "pivot": [-2.59, 141.48, -21.94], "rotation": [15.1784, -8.69092, -2.34741], "uv": [109, 28], "mirror": true},
						{"origin": [-7.83, 140, -24.18], "size": [3, 5, 7], "pivot": [-6.33, 143, -20.68], "rotation": [15.1784, -8.69092, -2.34741], "uv": [120, 21], "mirror": true},
						{"origin": [-7.97, 130, -30.18], "size": [0, 31, 53], "pivot": [-6.47, 143, -18.68], "rotation": [15.19899, -9.17345, -2.48001], "uv": [0, 16], "mirror": true}
					]
				},
				{
					"name": "eyelid_left",
					"parent": "eye_left",
					"pivot": [-6.04041, 141.73415, -20.04925],
					"cubes": [
						{"origin": [-7.07, 142.14, -19.56], "size": [2, 1, 3], "inflate": 0.05, "pivot": [-1.57, 143.14, -20.06], "rotation": [15.1784, -8.69092, -2.34741], "uv": [22, 0], "mirror": true},
						{"origin": [-6.88, 141.38, -21.35], "size": [2, 1, 4], "inflate": 0.08, "pivot": [-1.38, 142.38, -20.85], "rotation": [15.1784, -8.69092, -2.34741], "uv": [0, 28], "mirror": true},
						{"origin": [-6.71, 140.73, -22.3], "size": [2, 1, 5], "inflate": 0.08, "pivot": [-1.21, 141.73, -21.8], "rotation": [15.1784, -8.69092, -2.34741], "uv": [126, 120], "mirror": true},
						{"origin": [-6.55, 139.43, -22.94], "size": [2, 1, 5], "inflate": 0.08, "pivot": [-1.05, 140.43, -22.44], "rotation": [15.1784, -8.69092, -2.34741], "uv": [126, 120], "mirror": true}
					]
				},
				{
					"name": "head_back",
					"parent": "head",
					"pivot": [1, 150.77, 14.62],
					"rotation": [-28, 0, 0],
					"cubes": [
						{"origin": [-3.5, 144.54338, 9.18158], "size": [7, 5, 6], "pivot": [0, 148.61, 6.2], "rotation": [-62.5, 0, 0], "uv": [99, 133]},
						{"origin": [-1, 147.84338, 19.32158], "size": [2, 7, 3], "pivot": [0.5, 153.96, 15.34], "rotation": [-62.5, 0, 0], "uv": [0, 119]},
						{"origin": [-2, 145.84338, 14.32158], "size": [4, 6, 5], "pivot": [0.5, 150.96, 11.34], "rotation": [-62.5, 0, 0], "uv": [100, 186]},
						{"origin": [0, 133.72338, 5.93158], "size": [0, 36, 23], "pivot": [0.5, 149.84, 13.95], "rotation": [-67.5, 0, 0], "uv": [74, 234]}
					]
				},
				{
					"name": "head_front",
					"parent": "head",
					"pivot": [0.5, 143.04336, -27.95891],
					"rotation": [10, 0, 0],
					"cubes": [
						{"origin": [-6.5, 136.90577, -31.85607], "size": [13, 9, 13], "pivot": [0, 145.21, -23.12], "rotation": [8, 0, 0], "uv": [315, 188]}
					]
				},
				{
					"name": "jaw",
					"parent": "head_front",
					"pivot": [0.25, 135.34, -20],
					"cubes": [
						{"origin": [-5.5, 132.87557, -31.44485], "size": [11, 5, 11], "inflate": -0.8, "uv": [346, 210]},
						{"origin": [-6.5, 132.41557, -27.35485], "size": [13, 5, 12], "inflate": -0.2, "uv": [335, 286]}
					]
				},
				{
					"name": "beak",
					"parent": "head_front",
					"pivot": [0.5, 147.21, -31.58],
					"rotation": [7.5, 0, 0],
					"cubes": [
						{"origin": [-0.80248, 135.81248, -35.61282], "size": [7, 7, 4], "inflate": -0.35, "pivot": [0, 142.01, -33.41], "rotation": [0, 0, 45], "uv": [0, 157]},
						{"origin": [-4.5, 138.12513, -35.27282], "size": [9, 5, 4], "uv": [0, 0]},
						{"origin": [-4.5, 141.517, -30.11636], "size": [9, 4, 3], "inflate": -0.2, "pivot": [0, 146.87, -31.42], "rotation": [-62, 0, 0], "uv": [109, 0]}
					]
				},
				{
					"name": "tail",
					"parent": "torso",
					"pivot": [-0.21651, 49, 10.5],
					"cubes": [
						{"origin": [-10.5, 49.03, 4.95], "size": [21, 11, 18], "pivot": [0, 54.53, 15.45], "rotation": [-27.5, 0, 0], "uv": [230, 32]}
					]
				},
				{
					"name": "bone2",
					"parent": "tail",
					"pivot": [0, 45.5, 15.5],
					"cubes": [
						{"origin": [-11.5, 34, 7.5], "size": [23, 23, 30], "uv": [100, 127]}
					]
				},
				{
					"name": "fin4",
					"parent": "bone2",
					"pivot": [-0.71651, 53.5, 18],
					"cubes": [
						{"origin": [-7.78349, 57, 15.5], "size": [0, 19, 9], "pivot": [0.71651, 53.5, 18], "rotation": [-32.14138, -4.97765, -8.67306], "uv": [0, 0]},
						{"origin": [7.78349, 57, 15.5], "size": [0, 19, 9], "pivot": [-0.71651, 53.5, 18], "rotation": [-32.14138, 4.97765, 8.67306], "uv": [109, 0]}
					]
				},
				{
					"name": "tail2",
					"parent": "fin4",
					"pivot": [0, 44.93, 37.42],
					"cubes": [
						{"origin": [-9.5, 36.43, 30.5], "size": [19, 18, 31], "uv": [0, 157]}
					]
				},
				{
					"name": "fin5",
					"parent": "tail2",
					"pivot": [6.78349, 59.93, 46.88],
					"cubes": [
						{"origin": [-6.78349, 52.96, 34.38], "size": [0, 13, 7], "pivot": [-6.78349, 59.46, 37.88], "rotation": [-14.78217, -2.57594, -9.6658], "uv": [18, 2]},
						{"origin": [6.78349, 52.96, 34.38], "size": [0, 13, 7], "pivot": [6.78349, 59.46, 37.88], "rotation": [-14.78217, 2.57594, 9.6658], "uv": [127, 0]}
					]
				},
				{
					"name": "tail3",
					"parent": "tail2",
					"pivot": [0, 43.76, 57.67],
					"rotation": [0, 0, 0],
					"cubes": [
						{"origin": [-8, 36.72661, 53.58112], "size": [16, 17, 28], "uv": [178, 152]}
					]
				},
				{
					"name": "tail4",
					"parent": "tail3",
					"pivot": [0, 45.22661, 80.58112],
					"cubes": [
						{"origin": [-6, 38.72661, 76.58112], "size": [12, 13, 22], "uv": [247, 175]}
					]
				},
				{
					"name": "tail5",
					"parent": "tail4",
					"pivot": [0, 46.22661, 97.58112],
					"cubes": [
						{"origin": [-5, 41.72661, 94.58112], "size": [10, 9, 21], "uv": [294, 289]}
					]
				},
				{
					"name": "tail_fin_left",
					"parent": "tail5",
					"pivot": [3.78349, 19.22661, 86.58112],
					"rotation": [0, -30, 0],
					"cubes": [
						{"origin": [12.28349, 47.22661, 99.30355], "size": [24, 0, 12], "uv": [293, 0]}
					]
				},
				{
					"name": "tail_fin_right",
					"parent": "tail5",
					"pivot": [-3.78349, 19.22661, 86.58112],
					"rotation": [0, 30, 0],
					"cubes": [
						{"origin": [-36.28349, 47.22661, 99.30355], "size": [24, 0, 12], "uv": [108, 257]}
					]
				},
				{
					"name": "tail6",
					"parent": "tail5",
					"pivot": [0, 46.72661, 115.08112],
					"cubes": [
						{"origin": [-3, 43.72661, 112.58112], "size": [6, 6, 15], "uv": [69, 165]}
					]
				},
				{
					"name": "leg_left",
					"parent": "body",
					"pivot": [19.5, 47.82899, -0.53015],
					"cubes": [
						{"origin": [15, 27, -14], "size": [13, 30, 25], "pivot": [20.5, 42, -2], "rotation": [-20, 0, 0], "uv": [196, 197]}
					]
				},
				{
					"name": "leg_left3",
					"parent": "leg_left",
					"pivot": [21, 33.27967, -14.27994],
					"cubes": [
						{"origin": [16, 18.36416, -10.71828], "size": [10, 22, 11], "inflate": -0.1, "pivot": [20.5, 24.36416, 3.28172], "rotation": [-20, 0, 0], "uv": [111, 327]},
						{"origin": [16, 36.79302, -8.01295], "size": [10, 7, 11], "inflate": -0.2, "pivot": [21, 44.79302, -2.51295], "rotation": [26, 0, 0], "uv": [343, 117]},
						{"origin": [16, 5.36416, -11.71828], "size": [10, 32, 10], "pivot": [20.5, 24.36416, -2.71828], "rotation": [25, 0, 0], "uv": [154, 313]}
					]
				},
				{
					"name": "leg_left2",
					"parent": "leg_left3",
					"pivot": [20.99483, 6.55552, 0.02794],
					"cubes": [
						{"origin": [16.51, 0.34416, -9.48828], "size": [9, 5, 10], "uv": [230, 350]},
						{"origin": [15.38, 0.34416, -9.24828], "size": [9, 5, 11], "inflate": -0.1, "pivot": [10.38, -1.65584, -2.24828], "rotation": [0, 15, 0], "uv": [347, 95]},
						{"origin": [18.37, 0.34416, -11.48828], "size": [9, 5, 11], "inflate": -0.1, "pivot": [22.87, 2.84416, -6.48828], "rotation": [0, -15, 0], "uv": [346, 345]},
						{"origin": [13.51, 1.03416, -19.85828], "size": [15, 4, 11], "pivot": [11.51, -1.96584, -10.85828], "rotation": [6, 0, 0], "uv": [328, 80]},
						{"origin": [13.51, 0.25416, -20.42828], "size": [15, 4, 11], "inflate": -0.1, "uv": [320, 12]},
						{"origin": [16, 2.87416, -5.29828], "size": [10, 6, 13], "inflate": 0.1, "uv": [194, 337]},
						{"origin": [16, 1.83416, -1.47828], "size": [10, 6, 8], "inflate": 0.05, "pivot": [21, 6.33416, 3.52172], "rotation": [16, 0, 0], "uv": [354, 226]},
						{"origin": [17.02, 3.20416, -13.55828], "size": [8, 4, 14], "inflate": -0.1, "pivot": [21.02, 2.70416, -3.55828], "rotation": [12, 0, 0], "uv": [340, 58]}
					]
				},
				{
					"name": "foot_left",
					"parent": "leg_left2",
					"pivot": [21, 3.76416, -10.54828],
					"rotation": [15, 0, 0]
				},
				{
					"name": "toe_left3",
					"parent": "foot_left",
					"pivot": [26.96742, 4.99339, -13.78043],
					"rotation": [0, -7.5, 0],
					"cubes": [
						{"origin": [24.18483, 3.47179, -23.71167], "size": [4, 4, 6], "uv": [0, 178]},
						{"origin": [24.18483, 2.41179, -18.42167], "size": [4, 4, 10], "inflate": 0.1, "pivot": [26.18483, 4.41179, -15.42167], "rotation": [-20, 0, 0], "uv": [99, 119]},
						{"origin": [26.11631, 1.93151, -28.94085], "size": [0, 3, 7], "pivot": [23.58313, 2.17096, -13.5776], "rotation": [-11.89588, 0.16203, 1.55509], "uv": [17, 126]}
					]
				},
				{
					"name": "toe_left2",
					"parent": "foot_left",
					"pivot": [14.55293, 5.30039, -13.33501],
					"rotation": [0, 7.5, 0],
					"cubes": [
						{"origin": [13.46718, 3.72179, -24.10108], "size": [4, 4, 6], "uv": [0, 168]},
						{"origin": [13.46718, 2.66179, -18.81108], "size": [4, 4, 9], "inflate": 0.1, "pivot": [15.46718, 4.66179, -15.81108], "rotation": [-20, 0, 0], "uv": [0, 133]},
						{"origin": [15.39866, 2.18151, -29.33025], "size": [0, 3, 7], "pivot": [12.86548, 2.42096, -13.967], "rotation": [-11.89588, 0.16203, 1.55509], "uv": [117, 115]}
					]
				},
				{
					"name": "toe_left1",
					"parent": "foot_left",
					"pivot": [20.91722, 6.24339, -13.26174],
					"cubes": [
						{"origin": [18.91779, 4.72179, -25.24431], "size": [4, 4, 6], "uv": [12, 22]},
						{"origin": [18.91779, 3.66179, -19.95431], "size": [4, 4, 10], "inflate": 0.1, "pivot": [20.91779, 5.66179, -16.95431], "rotation": [-20, 0, 0], "uv": [0, 119]},
						{"origin": [20.84927, 3.18151, -30.47349], "size": [0, 3, 7], "pivot": [18.31608, 3.42096, -15.11024], "rotation": [-11.89588, 0.16203, 1.55509], "uv": [117, 112]}
					]
				},
				{
					"name": "leg_right",
					"parent": "body",
					"pivot": [-19.5, 47.82899, -0.53015],
					"cubes": [
						{"origin": [-28, 27, -14], "size": [13, 30, 25], "pivot": [-20.5, 42, -2], "rotation": [-20, 0, 0], "uv": [196, 197], "mirror": true}
					]
				},
				{
					"name": "leg_right3",
					"parent": "leg_right",
					"pivot": [-21, 33.27967, -14.27994],
					"cubes": [
						{"origin": [-26, 18.36416, -10.71828], "size": [10, 22, 11], "inflate": -0.1, "pivot": [-20.5, 24.36416, 3.28172], "rotation": [-20, 0, 0], "uv": [111, 327], "mirror": true},
						{"origin": [-26, 36.79302, -8.01295], "size": [10, 7, 11], "inflate": -0.2, "pivot": [-21, 44.79302, -2.51295], "rotation": [26, 0, 0], "uv": [343, 117], "mirror": true},
						{"origin": [-26, 5.36416, -11.71828], "size": [10, 32, 10], "pivot": [-20.5, 24.36416, -2.71828], "rotation": [25, 0, 0], "uv": [154, 313], "mirror": true}
					]
				},
				{
					"name": "leg_right2",
					"parent": "leg_right3",
					"pivot": [-20.99483, 6.55552, 0.02794],
					"cubes": [
						{"origin": [-25.51, 0.34416, -9.48828], "size": [9, 5, 10], "uv": [230, 350], "mirror": true},
						{"origin": [-24.38, 0.34416, -9.24828], "size": [9, 5, 11], "inflate": -0.1, "pivot": [-10.38, -1.65584, -2.24828], "rotation": [0, -15, 0], "uv": [347, 95], "mirror": true},
						{"origin": [-27.37, 0.34416, -11.48828], "size": [9, 5, 11], "inflate": -0.1, "pivot": [-22.87, 2.84416, -6.48828], "rotation": [0, 15, 0], "uv": [346, 345], "mirror": true},
						{"origin": [-28.51, 1.03416, -19.85828], "size": [15, 4, 11], "pivot": [-11.51, -1.96584, -10.85828], "rotation": [6, 0, 0], "uv": [328, 80], "mirror": true},
						{"origin": [-28.51, 0.25416, -20.42828], "size": [15, 4, 11], "inflate": -0.1, "uv": [320, 12], "mirror": true},
						{"origin": [-26, 2.87416, -5.29828], "size": [10, 6, 13], "inflate": 0.1, "uv": [194, 337], "mirror": true},
						{"origin": [-26, 1.83416, -1.47828], "size": [10, 6, 8], "inflate": 0.05, "pivot": [-21, 6.33416, 3.52172], "rotation": [16, 0, 0], "uv": [354, 226], "mirror": true},
						{"origin": [-25.02, 3.20416, -13.55828], "size": [8, 4, 14], "inflate": -0.1, "pivot": [-21.02, 2.70416, -3.55828], "rotation": [12, 0, 0], "uv": [340, 58], "mirror": true}
					]
				},
				{
					"name": "foot_right",
					"parent": "leg_right2",
					"pivot": [-21, 3.76416, -10.54828],
					"rotation": [15, 0, 0]
				},
				{
					"name": "toe_right3",
					"parent": "foot_right",
					"pivot": [-26.96742, 4.99339, -13.78043],
					"rotation": [0, 7.5, 0],
					"cubes": [
						{"origin": [-28.18483, 3.47179, -23.71167], "size": [4, 4, 6], "uv": [0, 178], "mirror": true},
						{"origin": [-28.18483, 2.41179, -18.42167], "size": [4, 4, 10], "inflate": 0.1, "pivot": [-26.18483, 4.41179, -15.42167], "rotation": [-20, 0, 0], "uv": [99, 119], "mirror": true},
						{"origin": [-26.11631, 1.93151, -28.94085], "size": [0, 3, 7], "pivot": [-23.58313, 2.17096, -13.5776], "rotation": [-11.89588, -0.16203, -1.55509], "uv": [17, 126], "mirror": true}
					]
				},
				{
					"name": "toe_right2",
					"parent": "foot_right",
					"pivot": [-14.55293, 5.30039, -13.33501],
					"rotation": [0, -7.5, 0],
					"cubes": [
						{"origin": [-17.46718, 3.72179, -24.10108], "size": [4, 4, 6], "uv": [0, 168], "mirror": true},
						{"origin": [-17.46718, 2.66179, -18.81108], "size": [4, 4, 9], "inflate": 0.1, "pivot": [-15.46718, 4.66179, -15.81108], "rotation": [-20, 0, 0], "uv": [0, 133], "mirror": true},
						{"origin": [-15.39866, 2.18151, -29.33025], "size": [0, 3, 7], "pivot": [-12.86548, 2.42096, -13.967], "rotation": [-11.89588, -0.16203, -1.55509], "uv": [117, 115], "mirror": true}
					]
				},
				{
					"name": "toe_right1",
					"parent": "foot_right",
					"pivot": [-20.91722, 6.24339, -13.26174],
					"cubes": [
						{"origin": [-22.91779, 4.72179, -25.24431], "size": [4, 4, 6], "uv": [12, 22], "mirror": true},
						{"origin": [-22.91779, 3.66179, -19.95431], "size": [4, 4, 10], "inflate": 0.1, "pivot": [-20.91779, 5.66179, -16.95431], "rotation": [-20, 0, 0], "uv": [0, 119], "mirror": true},
						{"origin": [-20.84927, 3.18151, -30.47349], "size": [0, 3, 7], "pivot": [-18.31608, 3.42096, -15.11024], "rotation": [-11.89588, -0.16203, -1.55509], "uv": [117, 112], "mirror": true}
					]
				}
			]
		}
	]
}