{
  "implemented": true,
  "name": "arceus",
  "nationalPokedexNumber": 493,
  "primaryType": "normal",
  "abilities": [
    "pressure",
    "h:telepathy"
  ],
  "baseStats": {
    "hp": 126,
    "attack": 131,
    "defence": 95,
    "special_attack": 131,
    "special_defence": 98,
    "speed": 99
  },
  "catchRate": 15,
  "maleRatio": -1,
  "shoulderMountable": false,
  "baseExperienceYield": 285,
  "experienceGroup": "slow",
  "eggCycles": 120,
  "eggGroups": [
    "undiscovered"
  ],
  "moves": [
    "100:dragonbreath",
    "100:metalclaw",
    "100:scaryface",
    "100:metalclaw",
    "100:dragonbreath",
    "100:ancientpower",
    "100:slash",
    "100:ancientpower",
    "100:powergem",
    "100:metalburst",
    "100:slash",
    "100:dragonclaw",
    "100:flashcannon",
    "100:earthpower",
    "100:aurasphere",
    "100:dragonclaw",
    "100:roaroftime",
    "100:flashcannon",
    "100:irontail",
    "100:roaroftime",
    "100:aurasphere",
    "100:flashcannon",
    "100:healblock",
    "100:powergem",
    "100:metalburst",
    "100:earthpower",
    "100:irontail",
    "100:roaroftime",
    "100:aerialace",
    "100:aurasphere",
    "100:blizzard",
    "100:bodypress",
    "100:bodyslam",
    "100:breakingswipe",
    "100:brickbreak",
    "100:bulkup",
    "100:bulldoze",
    "100:confide",
    "100:cut",
    "100:doubleteam",
    "100:dracometeor",
    "100:dragonclaw",
    "100:dragonpulse",
    "100:dragontail",
    "100:earthpower",
    "100:earthquake",
    "100:echoedvoice",
    "100:endure",
    "100:facade",
    "100:fireblast",
    "100:flamethrower",
    "100:flash",
    "100:flashcannon",
    "100:focusblast",
    "100:frustration",
    "100:gigaimpact",
    "100:heavyslam",
    "100:hiddenpower",
    "100:honeclaws",
    "100:hyperbeam",
    "100:hypervoice",
    "100:icebeam",
    "100:incinerate",
    "100:irondefense",
    "100:ironhead",
    "100:irontail",
    "100:metalclaw",
    "100:naturalgift",
    "100:outrage",
    "100:overheat",
    "100:powergem",
    "100:protect",
    "100:psychup",
    "100:raindance",
    "100:rest",
    "100:return",
    "100:roar",
    "100:rockslide",
    "100:rocksmash",
    "100:rocktomb",
    "100:round",
    "100:safeguard",
    "100:sandstorm",
    "100:scaryface",
    "100:secretpower",
    "100:shadowclaw",
    "100:shockwave",
    "100:sleeptalk",
    "100:snore",
    "100:stealthrock",
    "100:steelbeam",
    "100:stompingtantrum",
    "100:stoneedge",
    "100:strength",
    "100:substitute",
    "100:sunnyday",
    "100:swagger",
    "100:swift",
    "100:takedown",
    "100:terablast",
    "100:thunder",
    "100:thunderbolt",
    "100:thunderwave",
    "100:toxic",
    "100:trick",
    "100:trickroom",
    "100:ancientpower",
    "100:aurasphere",
    "100:dracometeor",
    "100:dragonbreath",
    "100:dragonclaw",
    "100:dragonpulse",
    "100:earthpower",
    "100:flashcannon",
    "100:furycutter",
    "100:gravity",
    "100:headbutt",
    "100:healblock",
    "100:hypervoice",
    "100:irondefense",
    "100:ironhead",
    "100:irontail",
    "100:magnetrise",
    "100:metalburst",
    "100:metalclaw",
    "100:mudslap",
    "100:outrage",
    "100:overheat",
    "100:roaroftime",
    "100:scaleshot",
    "100:scaryface",
    "100:shockwave",
    "100:slash",
    "100:sleeptalk",
    "100:snore",
    "100:stealthrock",
    "100:steelbeam",
    "100:stompingtantrum",
    "100:swift",
    "100:twister",
    "tm:aurasphere",
    "tm:blizzard",
    "tm:bodypress",
    "tm:bodyslam",
    "tm:breakingswipe",
    "tm:brickbreak",
    "tm:bulkup",
    "tm:bulldoze",
    "tm:confide",
    "tm:cut",
    "tm:doubleteam",
    "tm:dracometeor",
    "tm:dragonclaw",
    "tm:dragonpulse",
    "tm:dragontail",
    "tm:earthpower",
    "tm:earthquake",
    "tm:echoedvoice",
    "tm:endure",
    "tm:facade",
    "tm:fireblast",
    "tm:flamethrower",
    "tm:flash",
    "tm:flashcannon",
    "tm:focusblast",
    "tm:frustration",
    "tm:gigaimpact",
    "tm:heavyslam",
    "tm:hiddenpower",
    "tm:honeclaws",
    "tm:hyperbeam",
    "tm:hypervoice",
    "tm:icebeam",
    "tm:incinerate",
    "tm:irondefense",
    "tm:ironhead",
    "tm:irontail",
    "tm:metalclaw",
    "tm:naturalgift",
    "tm:outrage",
    "tm:overheat",
    "tm:powergem",
    "tm:protect",
    "tm:psychup",
    "tm:raindance",
    "tm:rest",
    "tm:return",
    "tm:roar",
    "tm:rockslide",
    "tm:rocksmash",
    "tm:rocktomb",
    "tm:round",
    "tm:safeguard",
    "tm:sandstorm",
    "tm:scaryface",
    "tm:secretpower",
    "tm:shadowclaw",
    "tm:shockwave",
    "tm:sleeptalk",
    "tm:snore",
    "tm:stealthrock",
    "tm:steelbeam",
    "tm:stompingtantrum",
    "tm:stoneedge",
    "tm:strength",
    "tm:substitute",
    "tm:sunnyday",
    "tm:swagger",
    "tm:swift",
    "tm:takedown",
    "tm:terablast",
    "tm:thunder",
    "tm:thunderbolt",
    "tm:thunderwave",
    "tm:toxic",
    "tm:trick",
    "tm:trickroom",
    "tutor:ancientpower",
    "tutor:aurasphere",
    "tutor:dracometeor",
    "tutor:dragonbreath",
    "tutor:dragonclaw",
    "tutor:dragonpulse",
    "tutor:earthpower",
    "tutor:flashcannon",
    "tutor:furycutter",
    "tutor:gravity",
    "tutor:headbutt",
    "tutor:healblock",
    "tutor:hypervoice",
    "tutor:irondefense",
    "tutor:ironhead",
    "tutor:irontail",
    "tutor:magnetrise",
    "tutor:metalburst",
    "tutor:metalclaw",
    "tutor:mudslap",
    "tutor:outrage",
    "tutor:overheat",
    "tutor:roaroftime",
    "tutor:scaleshot",
    "tutor:scaryface",
    "tutor:shockwave",
    "tutor:slash",
    "tutor:sleeptalk",
    "tutor:snore",
    "tutor:stealthrock",
    "tutor:steelbeam",
    "tutor:stompingtantrum",
    "tutor:swift",
    "tutor:twister"
  ],
  "labels": [
    "mythical"
  ],
  "pokedex": [
    "cobblemon.species.arceus.desc"
  ],
  "preEvolution": null,
  "evolutions": [],
  "baseScale": 2.6,
  "hitbox": {
    "width": 3,
    "height": 8,
    "fixed": false
  },
  "behaviour": {
    "moving": {
      "canLook": false,
      "fly": {
        "canFly": true
      },          
      "swim": {
        "swimSpeed": 0.2,
        "canSwimInWater": true,
        "canBreatheUnderwater": false
      }
    }
  },
  "baseFriendship": 70,
  "evYield": {
    "hp": 0,
    "attack": 1,
    "defence": 2,
    "special_attack": 0,
    "special_defence": 0,
    "speed": 0
  },
  "height": 19,
  "weight": 447,
  "aspects": [],
  "cannotDynamax": false
}
