{
	"format_version": "1.8.0",
	"animations": {
		"animation.treecko.ground_idle": {
			"loop": true,
			"animation_length": 2,
			"bones": {
				"torso": {
					"rotation": ["5+Math.cos((query.anim_time - 0.2) * 180) * 2", 0, 0]
				},
				"tail": {
					"rotation": ["-45+Math.cos((query.anim_time - 0.2) * 180) * 0.5", 0, 0]
				},
				"left_tail": {
					"rotation": [10, 0, "Math.cos((query.anim_time - 0.2) * 180) * 2"]
				},
				"left_tail2": {
					"rotation": [15, "Math.cos((query.anim_time - 0.2) * 180) * 1", 0]
				},
				"right_tail": {
					"rotation": [10, 0, "-Math.cos((query.anim_time - 0.2) * 180) * 2"]
				},
				"right_tail2": {
					"rotation": [15, "-Math.cos((query.anim_time - 0.2) * 180) * 1", 0]
				},
				"upper_torso": {
					"rotation": [-5, 0, 0],
					"scale": [1, 1, "1+Math.cos((query.anim_time - 0.2) * 180) * 0.01"]
				},
				"neck": {
					"rotation": [-2.5, 0, 0]
				},
				"head": {
					"rotation": ["5-Math.cos((query.anim_time - 0.2) * 180) * 2", 0, 0]
				},
				"right_pupil": {
					"position": [0, 0, 0]
				},
				"left_upper_arm": {
					"rotation": [10.08453, "-7.3854+Math.cos((query.anim_time - 0.2) * 180) * 1", 48.69038]
				},
				"left_lower_arm": {
					"rotation": [0, "42.5+Math.cos((query.anim_time - 0.2) * 180) * 1", 0]
				},
				"left_hand": {
					"rotation": ["Math.cos((query.anim_time - 0.2) * 180) * 8", "Math.cos((query.anim_time - 0.2) * 180) * 1", 22.5],
					"position": [-0.15, 0.05, 0]
				},
				"left_index_finger": {
					"rotation": [6.94363, 7.64256, 14.02881]
				},
				"left_index_finger2": {
					"rotation": [0, 0, 22.5]
				},
				"left_pinky_finger": {
					"rotation": [-4.01743, -1.75217, 14.46202]
				},
				"left_pinky_finger2": {
					"rotation": [0, 0, 30]
				},
				"left_middle_finger": {
					"rotation": [0, 0, 12.5]
				},
				"left_middle_finger2": {
					"rotation": [0, 0, 20]
				},
				"right_upper_arm": {
					"rotation": [10.08453, "7.3854-Math.cos((query.anim_time - 0.2) * 180) * 8", -48.69038]
				},
				"right_lower_arm": {
					"rotation": [0, "-42.5-Math.cos((query.anim_time - 0.2) * 180) * 8", 0]
				},
				"right_hand": {
					"rotation": ["0-Math.cos((query.anim_time - 0.2) * 180) * 8", "-Math.cos((query.anim_time - 0.2) * 180) * 1", -22.5],
					"position": [0.15, 0.05, 0]
				},
				"right_index_finger": {
					"rotation": [6.94363, -7.64256, -14.02881]
				},
				"right_index_finger2": {
					"rotation": [0, 0, -22.5]
				},
				"right_pinky_finger": {
					"rotation": [-4.01743, 1.75217, -14.46202]
				},
				"right_pinky_finger2": {
					"rotation": [0, 0, -30]
				},
				"right_middle_finger": {
					"rotation": [0, 0, -12.5]
				},
				"right_middle_finger2": {
					"rotation": [0, 0, -20]
				},
				"right_upper_leg": {
					"rotation": [1.18155, 9.91358, 2.38565]
				},
				"right_foot": {
					"rotation": [-0.4165, 7.26605, -3.29302]
				},
				"left_upper_leg": {
					"rotation": [1.18155, -9.91358, -2.38565]
				},
				"left_foot": {
					"rotation": [-0.4165, -7.26605, 3.29302]
				},
				"left_tail3": {
					"rotation": [0, "Math.cos((query.anim_time - 0.2) * 180) * 0.5", 0]
				},
				"right_tail3": {
					"rotation": [0, "-Math.cos((query.anim_time - 0.2) * 180) * 0.5", 0]
				}
			}
		},
		"animation.treecko.blink": {
			"animation_length": 0.1667,
			"bones": {
				"left_eyelid": {
					"position": {
						"0.0": [0.1, 0, 0],
						"0.125": [0.1, 0, 0],
						"0.1667": {"pre": [0.1, 0, 0], "post": [0, 0, 0]}
					}
				},
				"right_eyelid": {
					"position": {
						"0.0": [-0.1, 0, 0],
						"0.125": [-0.1, 0, 0],
						"0.1667": {"pre": [-0.1, 0, 0], "post": [0, 0, 0]}
					}
				}
			}
		},
		"animation.treecko.ground_walk": {
			"loop": true,
			"animation_length": 1,
			"bones": {
				"treecko": {
					"position": [0, 0, "0+math.sin(q.anim_time*90*8+210)*0.2"]
				},
				"body": {
					"position": {
						"0.0": [0, 0, 0],
						"0.125": {
							"pre": [0, 0, 0],
							"post": [0, 0, 0],
							"lerp_mode": "catmullrom"
						},
						"0.25": {
							"post": [0, -0.25, 0],
							"lerp_mode": "catmullrom"
						},
						"0.375": {
							"post": [0, 0, 0],
							"lerp_mode": "catmullrom"
						},
						"0.5": [0, 0, 0],
						"0.625": {
							"pre": [0, 0, 0],
							"post": [0, 0, 0],
							"lerp_mode": "catmullrom"
						},
						"0.75": {
							"post": [0, -0.25, 0],
							"lerp_mode": "catmullrom"
						},
						"0.8333": {
							"post": [0, 0, 0],
							"lerp_mode": "catmullrom"
						},
						"1.0": [0, 0, 0]
					}
				},
				"torso": {
					"rotation": ["5+math.sin(q.anim_time*90*8+30)*2", "0+math.sin(q.anim_time*90*4+90)*10", "0+math.sin(q.anim_time*90*4+270)*3"],
					"position": [0, "0+math.sin(q.anim_time*90*8+130)*0.3", 0]
				},
				"tail": {
					"rotation": ["-42.5+math.sin(q.anim_time*90*8+0)*3", "math.sin(q.anim_time*90*4+60)*10", 0]
				},
				"left_tail": {
					"rotation": ["10+math.sin(q.anim_time*90*8-25)*2", "0+math.sin(q.anim_time*90*4+30)*8", 0]
				},
				"left_tail2": {
					"rotation": ["15+math.sin(q.anim_time*90*8-55)*2", "0+math.sin(q.anim_time*90*4+0)*6", 0]
				},
				"left_tail3": {
					"rotation": ["0+math.sin(q.anim_time*90*8-85)*2", "0+math.sin(q.anim_time*90*4-30)*4", 0]
				},
				"right_tail": {
					"rotation": ["10+math.sin(q.anim_time*90*8-35)*2", "0+math.sin(q.anim_time*90*4+30)*8", 0]
				},
				"right_tail2": {
					"rotation": ["15+math.sin(q.anim_time*90*8-65)*2", "0+math.sin(q.anim_time*90*4+0)*6", 0]
				},
				"right_tail3": {
					"rotation": ["0+math.sin(q.anim_time*90*8-95)*2", "0+math.sin(q.anim_time*90*4-30)*4", 0]
				},
				"upper_torso": {
					"rotation": ["-5+math.sin(q.anim_time*90*8+0)*1", "0+math.sin(q.anim_time*90*4+60+180)*5", "0+math.sin(q.anim_time*90*4+60)*3"]
				},
				"neck": {
					"rotation": ["-2.5+math.sin(q.anim_time*90*8-30)*1", "0+math.sin(q.anim_time*90*4+30+180)*2", "0+math.sin(q.anim_time*90*4+30)*1"]
				},
				"head": {
					"rotation": ["2.5+math.sin(q.anim_time*90*8-60)*1.5", "0+math.sin(q.anim_time*90*4+0)*5", "0+math.sin(q.anim_time*90*4+0+180)*3"]
				},
				"right_pupil": {
					"position": [0, 0, 0]
				},
				"left_upper_arm": {
					"rotation": [10.08453, "-7.3854+math.sin(q.anim_time*90*4-90)*25", "48.6904+math.sin(q.anim_time*90*4+0)*2.5"]
				},
				"left_lower_arm": {
					"rotation": [0, "42.5+math.sin(q.anim_time*90*4-120)*20", 0]
				},
				"left_hand": {
					"rotation": [0, "0+math.sin(q.anim_time*90*4-150)*2.5", "22.5+math.sin(q.anim_time*90*4-150)*5"],
					"position": [-0.15, 0.05, 0]
				},
				"left_index_finger": {
					"rotation": [6.94363, 7.64256, 14.02881]
				},
				"left_index_finger2": {
					"rotation": [0, 0, 22.5]
				},
				"left_pinky_finger": {
					"rotation": [-4.01743, -1.75217, 14.46202]
				},
				"left_pinky_finger2": {
					"rotation": [0, 0, 30]
				},
				"left_middle_finger": {
					"rotation": [0, 0, 12.5]
				},
				"left_middle_finger2": {
					"rotation": [0, 0, 20]
				},
				"right_upper_arm": {
					"rotation": [10.08453, "7.3854+math.sin(q.anim_time*90*4-90)*25", "-48.6904+math.sin(q.anim_time*90*4+0)*2.5"]
				},
				"right_lower_arm": {
					"rotation": [0, "-42.5+math.sin(q.anim_time*90*4-120)*20", 0]
				},
				"right_hand": {
					"rotation": [0, "0+math.sin(q.anim_time*90*4-150)*2.5", "-22.5+math.sin(q.anim_time*90*4-150)*5"],
					"position": [0.15, 0.05, 0]
				},
				"right_index_finger": {
					"rotation": [6.94363, -7.64256, -14.02881]
				},
				"right_index_finger2": {
					"rotation": [0, 0, -22.5]
				},
				"right_pinky_finger": {
					"rotation": [-4.01743, 1.75217, -14.46202]
				},
				"right_pinky_finger2": {
					"rotation": [0, 0, -30]
				},
				"right_middle_finger": {
					"rotation": [0, 0, -12.5]
				},
				"right_middle_finger2": {
					"rotation": [0, 0, -20]
				},
				"right_upper_leg": {
					"rotation": {
						"0.0": {
							"post": [36.50677, 8.43184, 4.42536],
							"lerp_mode": "catmullrom"
						},
						"0.1667": {
							"post": [24.86042, 8.76111, 3.97209],
							"lerp_mode": "catmullrom"
						},
						"0.5": {
							"post": [-61.31845, 9.91358, 2.38565],
							"lerp_mode": "catmullrom"
						},
						"0.75": {
							"post": [1.18155, 9.91358, 2.38565],
							"lerp_mode": "catmullrom"
						},
						"1.0": {
							"post": [36.50677, 8.43184, 4.42536],
							"lerp_mode": "catmullrom"
						}
					},
					"position": {
						"0.0": {
							"post": [0, 0.5, 1],
							"lerp_mode": "catmullrom"
						},
						"0.25": {
							"post": [0, 0.75, 0.13],
							"lerp_mode": "catmullrom"
						},
						"0.5": {
							"post": [0, 0, -0.75],
							"lerp_mode": "catmullrom"
						},
						"0.75": {
							"post": [0, 0, 0],
							"lerp_mode": "catmullrom"
						},
						"0.875": {
							"post": [0, 0.75, 0.5],
							"lerp_mode": "catmullrom"
						},
						"1.0": {
							"post": [0, 0.5, 1],
							"lerp_mode": "catmullrom"
						}
					}
				},
				"right_lower_leg": {
					"rotation": {
						"0.0": {
							"post": [15, 0, 0],
							"lerp_mode": "catmullrom"
						},
						"0.1667": {
							"post": [55, 0, 0],
							"lerp_mode": "catmullrom"
						},
						"0.3333": {
							"post": [92.5, 0, 0],
							"lerp_mode": "catmullrom"
						},
						"0.5": {
							"post": [47.5, 0, 0],
							"lerp_mode": "catmullrom"
						},
						"0.75": {
							"post": [0, 0, 0],
							"lerp_mode": "catmullrom"
						},
						"1.0": {
							"post": [15, 0, 0],
							"lerp_mode": "catmullrom"
						}
					}
				},
				"right_foot": {
					"rotation": {
						"0.0": {
							"post": [24.37394, 0.4385, -6.40588],
							"lerp_mode": "catmullrom"
						},
						"0.1667": {
							"post": [11.9438, 2.71435, -5.36826],
							"lerp_mode": "catmullrom"
						},
						"0.3333": {
							"post": [-35.48635, 4.9902, -4.33064],
							"lerp_mode": "catmullrom"
						},
						"0.5": {
							"post": [-30.4165, 7.26605, -3.29302],
							"lerp_mode": "catmullrom"
						},
						"0.75": {
							"post": [-0.4165, 7.26605, -3.29302],
							"lerp_mode": "catmullrom"
						},
						"1.0": {
							"post": [24.37394, 0.4385, -6.40588],
							"lerp_mode": "catmullrom"
						}
					}
				},
				"right_foot2": {
					"rotation": {
						"0.0": {
							"post": [-30, 0, 0],
							"lerp_mode": "catmullrom"
						},
						"0.5": {
							"post": [12.5, 0, 0],
							"lerp_mode": "catmullrom"
						},
						"0.75": {
							"post": [0, 0, 0],
							"lerp_mode": "catmullrom"
						},
						"1.0": {
							"post": [-30, 0, 0],
							"lerp_mode": "catmullrom"
						}
					},
					"position": {
						"0.0": {
							"post": [0, 0, 0],
							"lerp_mode": "catmullrom"
						},
						"0.5": {
							"post": [0, 0, 0.2],
							"lerp_mode": "catmullrom"
						},
						"0.75": {
							"post": [0, 0, 0],
							"lerp_mode": "catmullrom"
						},
						"1.0": {
							"post": [0, 0, 0],
							"lerp_mode": "catmullrom"
						}
					}
				},
				"right_toes": {
					"rotation": {
						"0.0": {
							"post": [-42.5, 0, 0],
							"lerp_mode": "catmullrom"
						},
						"0.5": {
							"post": [15, 0, 0],
							"lerp_mode": "catmullrom"
						},
						"0.75": {
							"post": [0, 0, 0],
							"lerp_mode": "catmullrom"
						},
						"1.0": {
							"post": [-42.5, 0, 0],
							"lerp_mode": "catmullrom"
						}
					},
					"position": {
						"0.0": {
							"post": [0, 0, 0],
							"lerp_mode": "catmullrom"
						},
						"0.5": {
							"post": [0, -0.1, 0],
							"lerp_mode": "catmullrom"
						},
						"0.75": {
							"post": [0, 0, 0],
							"lerp_mode": "catmullrom"
						},
						"1.0": {
							"post": [0, 0, 0],
							"lerp_mode": "catmullrom"
						}
					}
				},
				"left_upper_leg": {
					"rotation": {
						"0.0": {
							"post": [-61.31845, -9.91358, -2.38565],
							"lerp_mode": "catmullrom"
						},
						"0.25": {
							"post": [1.18155, -9.91358, -2.38565],
							"lerp_mode": "catmullrom"
						},
						"0.5": {
							"post": [36.50677, -8.43184, -4.42536],
							"lerp_mode": "catmullrom"
						},
						"0.6667": {
							"post": [24.86042, -8.76111, -3.97209],
							"lerp_mode": "catmullrom"
						},
						"1.0": {
							"post": [-61.31845, -9.91358, -2.38565],
							"lerp_mode": "catmullrom"
						}
					},
					"position": {
						"0.0": {
							"post": [0, 0, -0.75],
							"lerp_mode": "catmullrom"
						},
						"0.25": {
							"post": [0, 0, 0],
							"lerp_mode": "catmullrom"
						},
						"0.375": {
							"post": [0, 0.75, 0.5],
							"lerp_mode": "catmullrom"
						},
						"0.5": {
							"post": [0, 0.5, 1],
							"lerp_mode": "catmullrom"
						},
						"0.75": {
							"post": [0, 0.75, 0.13],
							"lerp_mode": "catmullrom"
						},
						"1.0": {
							"post": [0, 0, -0.75],
							"lerp_mode": "catmullrom"
						}
					}
				},
				"left_lower_leg": {
					"rotation": {
						"0.0": {
							"post": [47.5, 0, 0],
							"lerp_mode": "catmullrom"
						},
						"0.25": {
							"post": [0, 0, 0],
							"lerp_mode": "catmullrom"
						},
						"0.5": {
							"post": [15, 0, 0],
							"lerp_mode": "catmullrom"
						},
						"0.6667": {
							"post": [55, 0, 0],
							"lerp_mode": "catmullrom"
						},
						"0.8333": {
							"post": [92.5, 0, 0],
							"lerp_mode": "catmullrom"
						},
						"1.0": {
							"post": [47.5, 0, 0],
							"lerp_mode": "catmullrom"
						}
					}
				},
				"left_foot": {
					"rotation": {
						"0.0": {
							"post": [-30.4165, -7.26605, 3.29302],
							"lerp_mode": "catmullrom"
						},
						"0.25": {
							"post": [-0.4165, -7.26605, 3.29302],
							"lerp_mode": "catmullrom"
						},
						"0.5": {
							"post": [24.37394, -0.4385, 6.40588],
							"lerp_mode": "catmullrom"
						},
						"0.6667": {
							"post": [11.9438, -2.71435, 5.36826],
							"lerp_mode": "catmullrom"
						},
						"0.8333": {
							"post": [-35.48635, -4.9902, 4.33064],
							"lerp_mode": "catmullrom"
						},
						"1.0": {
							"post": [-30.4165, -7.26605, 3.29302],
							"lerp_mode": "catmullrom"
						}
					}
				},
				"left_foot2": {
					"rotation": {
						"0.0": {
							"post": [12.5, 0, 0],
							"lerp_mode": "catmullrom"
						},
						"0.25": {
							"post": [0, 0, 0],
							"lerp_mode": "catmullrom"
						},
						"0.5": {
							"post": [-30, 0, 0],
							"lerp_mode": "catmullrom"
						},
						"1.0": {
							"post": [12.5, 0, 0],
							"lerp_mode": "catmullrom"
						}
					},
					"position": {
						"0.0": {
							"post": [0, 0, 0.2],
							"lerp_mode": "catmullrom"
						},
						"0.25": {
							"post": [0, 0, 0],
							"lerp_mode": "catmullrom"
						},
						"0.5": {
							"post": [0, 0, 0],
							"lerp_mode": "catmullrom"
						},
						"1.0": {
							"post": [0, 0, 0.2],
							"lerp_mode": "catmullrom"
						}
					}
				},
				"left_toes": {
					"rotation": {
						"0.0": {
							"post": [15, 0, 0],
							"lerp_mode": "catmullrom"
						},
						"0.25": {
							"post": [0, 0, 0],
							"lerp_mode": "catmullrom"
						},
						"0.5": {
							"post": [-42.5, 0, 0],
							"lerp_mode": "catmullrom"
						},
						"1.0": {
							"post": [15, 0, 0],
							"lerp_mode": "catmullrom"
						}
					},
					"position": {
						"0.0": {
							"post": [0, -0.1, 0],
							"lerp_mode": "catmullrom"
						},
						"0.25": {
							"post": [0, 0, 0],
							"lerp_mode": "catmullrom"
						},
						"0.5": {
							"post": [0, 0, 0],
							"lerp_mode": "catmullrom"
						},
						"1.0": {
							"post": [0, -0.1, 0],
							"lerp_mode": "catmullrom"
						}
					}
				}
			}
		},
		"animation.treecko.battle_idle": {
			"loop": true,
			"animation_length": 2,
			"bones": {
				"torso": {
					"rotation": [0, -15, 0],
					"position": [0, "math.cos(q.anim_time*90*2)*0.1", 0]
				},
				"tail": {
					"rotation": [0, "-35-Math.cos((query.anim_time - 0.2) * 180) * 25", 0]
				},
				"left_tail": {
					"rotation": ["17.6315+Math.cos((query.anim_time - 0.2) * 180) * 8", "-14.308-Math.cos((query.anim_time - 0.2) * 180) * 15", -4.51713]
				},
				"left_tail2": {
					"rotation": ["19.2422+Math.cos((query.anim_time - 0.2) * 180) * 8", "-29.2452-Math.cos((query.anim_time - 0.2) * 180) * 10", -5.02213]
				},
				"left_tail3": {
					"rotation": ["-42.5+Math.cos((query.anim_time - 0.2) * 180) * 8", "-15-Math.cos((query.anim_time - 0.2) * 180) * 8", 0]
				},
				"right_tail": {
					"rotation": ["-15-Math.cos((query.anim_time - 0.2) * 180) * 8", "-35-Math.cos((query.anim_time - 0.2) * 180) * 15", 0]
				},
				"right_tail2": {
					"rotation": ["-Math.cos((query.anim_time - 0.2) * 180) * 8", "-45-Math.cos((query.anim_time - 0.2) * 180) * 10", 0]
				},
				"right_tail3": {
					"rotation": ["-47.5-Math.cos((query.anim_time - 0.2) * 180) * 8", "-17.5-Math.cos((query.anim_time - 0.2) * 180) * 8", 0]
				},
				"upper_torso": {
					"rotation": [10, 0, 0],
					"position": [0, "math.cos(q.anim_time*90*2)*0.1", 0]
				},
				"head": {
					"rotation": [5, 15, 0]
				},
				"left_upper_arm": {
					"rotation": [0, -15, "30-Math.cos((query.anim_time - 0.2) * 180) * 8"]
				},
				"left_lower_arm": {
					"rotation": [0, 32.5, "-Math.cos((query.anim_time - 0.2) * 180) * 8"]
				},
				"left_hand": {
					"rotation": [0, 0, "12.5-Math.cos((query.anim_time - 0.2) * 180) * 2"]
				},
				"left_pinky_finger": {
					"rotation": [0, 0, 12.5]
				},
				"right_upper_arm": {
					"rotation": [-54.89549, "-20.8813-Math.cos((query.anim_time - 0.2) * 180) * 8", -14.06573]
				},
				"right_lower_arm": {
					"rotation": [32.39936, "-14.0285-Math.cos((query.anim_time - 0.2) * 180) * 8", -119.0943]
				},
				"right_hand": {
					"rotation": [62.5, 0, "-Math.cos((query.anim_time - 0.2) * 180) * 8"]
				},
				"right_index_finger": {
					"rotation": [0, 0, 22.5]
				},
				"right_index_finger2": {
					"rotation": [0, 0, "-25+Math.cos((query.anim_time - 0.2) * 180) * 8"]
				},
				"right_pinky_finger": {
					"rotation": [0, 0, -25]
				},
				"right_pinky_finger2": {
					"rotation": [0, 0, "-25+Math.cos((query.anim_time - 0.2) * 180) * 8"]
				},
				"right_upper_leg": {
					"rotation": ["-35-Math.cos((query.anim_time - 0.2) * 180) * 2", 0, 0]
				},
				"right_lower_leg": {
					"rotation": ["40+Math.cos((query.anim_time - 0.2) * 180) * 1", 0, 0]
				},
				"right_foot": {
					"rotation": [22.5, 0, 0]
				},
				"right_foot2": {
					"rotation": [-15, 0, 0]
				},
				"right_inner_toe": {
					"rotation": [-10, 0, 0]
				},
				"right_outer_toe": {
					"rotation": [-10, 0, 0]
				},
				"right_middle_toe": {
					"rotation": [-10, 0, 0]
				},
				"left_upper_leg": {
					"rotation": ["25+Math.cos((query.anim_time - 0.2) * 180) * 8", -47.5, 0],
					"position": [-0.25, 0, 0.25]
				},
				"left_lower_leg": {
					"rotation": ["30-Math.cos((query.anim_time - 0.2) * 180) * 8", 0, 0]
				},
				"left_foot": {
					"position": [0, 0, "-Math.cos((query.anim_time - 0.2) * 180) * 0.1"]
				},
				"left_foot2": {
					"rotation": [-16.89865, -6.18486, 14.73943],
					"position": [0, 0, "Math.cos((query.anim_time - 0.2) * 180) * 0.1"]
				},
				"left_inner_toe": {
					"rotation": [-42.5, 0, 0],
					"position": [0, "-Math.cos((query.anim_time - 0.2) * 180) * 0.1", 0]
				},
				"left_outer_toe": {
					"rotation": [-47.5, 0, 0],
					"position": [0, "-Math.cos((query.anim_time - 0.2) * 180) * 0.1", 0]
				},
				"left_middle_toe": {
					"rotation": [-50, 0, 0],
					"position": [0, "-Math.cos((query.anim_time - 0.2) * 180) * 0.1", 0]
				}
			}
		},
		"animation.treecko.faint": {
			"animation_length": 1,
			"bones": {
				"torso": {
					"rotation": {
						"0.0": [0, -15, 0],
						"0.1667": [0, -15, 0],
						"0.25": [-20, -15, 0],
						"0.2917": [-18.99886, -15, 0],
						"0.3333": [-17.00326, -15, 0],
						"0.375": [-14.57061, -15, 0],
						"0.4167": [-11.90245, -15, 0],
						"0.5833": [-0.59755, -15, 0],
						"0.625": [2.07061, -15, 0],
						"0.6667": [4.50326, -15, 0],
						"0.7083": [6.49886, -15, 0],
						"0.75": [7.5, -15, 0]
					},
					"position": [0, 0, 0]
				},
				"tail": {
					"rotation": {
						"0.0": [0, -35, 0],
						"1.0": [-45, -35, 0]
					}
				},
				"left_tail": {
					"rotation": {
						"0.0": [17.6315, -14.308, -4.51713],
						"1.0": [-14.8685, -14.308, -4.51713]
					}
				},
				"left_tail2": {
					"rotation": {
						"0.0": [19.2422, -29.2452, -5.02213],
						"1.0": [39.2422, -29.2452, -5.02213]
					}
				},
				"left_tail3": {
					"rotation": [-42.5, -15, 0]
				},
				"right_tail": {
					"rotation": {
						"0.0": [-15, -35, 0],
						"1.0": [4.84736, -11.84193, -10.64777]
					}
				},
				"right_tail2": {
					"rotation": {
						"0.0": [0, -45, 0],
						"1.0": [7.5, -45, 0]
					}
				},
				"right_tail3": {
					"rotation": [-47.5, -17.5, 0]
				},
				"upper_torso": {
					"rotation": {
						"0.0": [10, 0, 0],
						"0.1667": [10, 0, 0],
						"0.25": [-7.5, 0, 0],
						"0.3333": [-10, 0, 0],
						"0.375": [-8.85836, 0, 0],
						"0.4167": [-6.39698, 0, 0],
						"0.4583": [-3.2901, 0, 0],
						"0.5": [0.15535, 0, 0],
						"0.5833": [7.34465, 0, 0],
						"0.625": [10.7901, 0, 0],
						"0.6667": [13.89698, 0, 0],
						"0.7083": [16.35836, 0, 0],
						"0.75": [17.5, 0, 0]
					},
					"position": [0, 0, 0]
				},
				"head": {
					"rotation": {
						"0.0": [5, 15, 0],
						"0.1667": [5, 15, 0],
						"0.25": [-45, 15, 0],
						"0.2917": [-43.45279, 15, 0],
						"0.3333": [-40.36867, 15, 0],
						"0.375": [-36.60913, 15, 0],
						"0.4167": [-32.48561, 15, 0],
						"0.5833": [-15.01439, 15, 0],
						"0.625": [-10.89087, 15, 0],
						"0.6667": [-7.13133, 15, 0],
						"0.7083": [-4.04721, 15, 0],
						"0.75": [-2.5, 15, 0]
					}
				},
				"left_upper_arm": {
					"rotation": {
						"0.0": [0, -15, 30],
						"1.0": [-9.21696, 10.36621, 64.87267]
					}
				},
				"left_lower_arm": {
					"rotation": {
						"0.0": [0, 32.5, 0],
						"1.0": [0, 30, 0]
					}
				},
				"left_hand": {
					"rotation": [0, 0, 12.5]
				},
				"left_pinky_finger": {
					"rotation": [0, 0, 12.5]
				},
				"right_upper_arm": {
					"rotation": {
						"0.0": [-54.89549, -20.8813, -14.06573],
						"1.0": [-47.45591, -18.63571, -65.69937]
					}
				},
				"right_lower_arm": {
					"rotation": {
						"0.0": [32.39936, -14.0285, -119.0943],
						"1.0": [3.02636, -17.66935, -24.82765]
					}
				},
				"right_hand": {
					"rotation": [62.5, 0, 0]
				},
				"right_index_finger": {
					"rotation": {
						"0.0": [0, 0, 22.5],
						"1.0": [0, 0, 0]
					}
				},
				"right_index_finger2": {
					"rotation": {
						"0.0": [0, 0, -25],
						"1.0": [0, 0, -17.5]
					}
				},
				"right_pinky_finger": {
					"rotation": [0, 0, -25]
				},
				"right_pinky_finger2": {
					"rotation": [0, 0, -25]
				},
				"right_upper_leg": {
					"rotation": {
						"0.0": [-35, 0, 0],
						"0.1667": [-35, 0, 0],
						"0.25": [-50, 0, 0],
						"1.0": [-10, 0, 0]
					}
				},
				"right_lower_leg": {
					"rotation": {
						"0.0": [40, 0, 0],
						"0.1667": [40, 0, 0],
						"0.25": [28.13, 0, 0],
						"1.0": [92.5, 0, 0]
					}
				},
				"right_foot": {
					"rotation": {
						"0.0": [22.5, 0, 0],
						"0.1667": [22.5, 0, 0],
						"0.25": [55, 0, 0],
						"1.0": [-2.5, 0, 0]
					}
				},
				"right_foot2": {
					"rotation": {
						"0.0": [-15, 0, 0],
						"0.1667": [-15, 0, 0],
						"0.25": [-10, 0, 0],
						"0.4583": [-28.89, 0, 0],
						"1.0": [-15, 0, 0]
					}
				},
				"right_inner_toe": {
					"rotation": [-10, 0, 0]
				},
				"right_outer_toe": {
					"rotation": [-10, 0, 0]
				},
				"right_middle_toe": {
					"rotation": [-10, 0, 0]
				},
				"left_upper_leg": {
					"rotation": {
						"0.0": [25, -47.5, 0],
						"0.125": [25, -47.5, 0],
						"0.25": [35, -47.5, 0],
						"1.0": [-25, -47.5, 0]
					},
					"position": {
						"0.0": [-0.25, 0, 0.25],
						"0.125": [-0.25, 0, 0.25],
						"0.7083": [-0.25, 0.75, 0.25],
						"1.0": [-0.25, 0, 0.25]
					}
				},
				"left_lower_leg": {
					"rotation": [30, 0, 0],
					"position": {
						"0.0": [0, 0, 0],
						"0.7083": [0, 0.25, 0],
						"1.0": [0, 0, 0]
					}
				},
				"left_foot": {
					"rotation": {
						"0.0": [0, 0, 0],
						"0.5": [-15, 0, 0],
						"0.7083": [-45, 0, 0],
						"1.0": [10, 0, 0]
					},
					"position": [0, 0, 0]
				},
				"left_foot2": {
					"rotation": {
						"0.0": [-16.89865, -6.18486, 14.73943],
						"0.125": [-16.89865, -6.18486, 14.73943],
						"0.25": [-12.97301, -4.1777, 10.15289],
						"0.5": [-7.3807, -2.17055, 5.56635],
						"0.7083": [12.48789, -0.49792, 1.74424],
						"1.0": [16.30391, 1.84376, -3.60673]
					},
					"position": {
						"0.0": [0, 0, 0],
						"0.125": [0, 0, 0],
						"1.0": [0, 0, 0.5]
					}
				},
				"left_inner_toe": {
					"rotation": [-42.5, 0, 0],
					"position": [0, 0, 0]
				},
				"left_outer_toe": {
					"rotation": [-47.5, 0, 0],
					"position": [0, 0, 0]
				},
				"left_middle_toe": {
					"rotation": [-50, 0, 0],
					"position": [0, 0, 0]
				},
				"neck": {
					"rotation": {
						"0.0": [0, 0, 0],
						"0.1667": [0, 0, 0],
						"0.25": [0, 0, 0],
						"0.2917": [-1.03051, 0, 0],
						"0.3333": [-8.96949, 0, 0],
						"0.375": [-10, 0, 0],
						"0.75": [32.5, 0, 0]
					}
				},
				"body": {
					"position": {
						"0.0": [0, 0, 0],
						"0.1667": [0, 0, 0],
						"0.25": [0, 0, 2],
						"0.2917": [0, 0, 1.94583],
						"0.3333": [0, 0, 1.85184],
						"0.7917": [0, 0, 0.49389],
						"0.9167": [0, 0, 0.14816],
						"0.9583": [0, 0, 0.05417],
						"1.0": [0, 0, 0]
					}
				},
				"eyes": {
					"position": {
						"0.0": [0, 0, 0],
						"0.1667": [0, 0, 0],
						"0.25": [0, 2, 0]
					},
					"scale": {
						"0.0": [1, 1, 1],
						"0.1667": [1, 1, 1],
						"0.25": [1, 0.2, 1]
					}
				},
				"right_toes": {
					"rotation": {
						"0.0": [0, 0, 0],
						"0.7083": [-45, 0, 0]
					}
				},
				"left_toes": {
					"rotation": {
						"0.0": [0, 0, 0],
						"0.125": [0, 0, 0],
						"0.25": [0, 0, 0],
						"0.5": [24.85, 0, 0],
						"0.7083": [68.06, 0, 0],
						"1.0": [5, 0, 0]
					}
				}
			}
		},
		"animation.treecko.sleep": {
			"loop": true,
			"animation_length": 2,
			"bones": {
				"body": {
					"rotation": [-90, 0, 0],
					"position": [0, 2, -8]
				},
				"torso": {
					"scale": [1, 1, "1-Math.cos((query.anim_time - 0.2) * 180) * 0.01"]
				},
				"tail": {
					"rotation": [-90, 0, 0]
				},
				"left_tail": {
					"rotation": [-10, 50, 0]
				},
				"left_tail2": {
					"rotation": ["-109.6453-Math.cos((query.anim_time - 0.2) * 180) * 2", -17.90103, -41.78624],
					"position": [-1, 1, 0]
				},
				"left_tail3": {
					"rotation": ["-Math.cos((query.anim_time - 0.2) * 180) * 1", 0, 0]
				},
				"right_tail": {
					"rotation": [-10, -50, 0]
				},
				"right_tail2": {
					"rotation": ["-109.6453-Math.cos((query.anim_time - 0.2) * 180) * 2", 17.90103, 41.78624],
					"position": [1, 1, 0]
				},
				"right_tail3": {
					"rotation": ["-Math.cos((query.anim_time - 0.2) * 180) * 1", 0, 0]
				},
				"upper_torso": {
					"rotation": [7.5, 0, 0]
				},
				"neck": {
					"rotation": ["10-Math.cos((query.anim_time - 0.2) * 180) * 0.5", 0, 0]
				},
				"head": {
					"rotation": ["22.5-Math.cos((query.anim_time - 0.2) * 180) * 1", 0, 0]
				},
				"snout": {
					"scale": [1, "1-Math.cos((query.anim_time - 0.2) * 180) * 0.01", 1]
				},
				"left_eyelid": {
					"position": [0.1, 0, 0]
				},
				"right_eyelid": {
					"position": [-0.1, 0, 0]
				},
				"left_upper_arm": {
					"rotation": [-90, 0, -45]
				},
				"left_lower_arm": {
					"rotation": [-90, 40, -90]
				},
				"left_hand": {
					"rotation": [0, 0, 37.5]
				},
				"right_upper_arm": {
					"rotation": [-90, 0, 45]
				},
				"right_lower_arm": {
					"rotation": [-90, -45, 90]
				},
				"right_hand": {
					"rotation": [0, 0, -47.5]
				},
				"right_upper_leg": {
					"rotation": ["-Math.cos((query.anim_time - 0.2) * 180) * 0.5", 0, 0]
				},
				"right_lower_leg": {
					"rotation": ["17.5-Math.cos((query.anim_time - 0.2) * 180) * 1", 0, 0]
				},
				"right_foot": {
					"rotation": ["-Math.cos((query.anim_time - 0.2) * 180) * 2", 12.5, 0]
				},
				"right_foot2": {
					"rotation": ["22.5-Math.cos((query.anim_time - 0.2) * 180) * 1", 0, 0],
					"position": [0, 0.19134, 0.46194]
				},
				"right_toes": {
					"rotation": ["15-Math.cos((query.anim_time - 0.2) * 180) * 2", 0, 0]
				},
				"right_inner_toe": {
					"rotation": ["17.5-Math.cos((query.anim_time - 0.2) * 180) * 1", 0, 0]
				},
				"right_outer_toe": {
					"rotation": [55, 0, 0]
				},
				"right_middle_toe": {
					"rotation": ["35-Math.cos((query.anim_time - 0.2) * 180) * 2", 0, 0]
				},
				"left_upper_leg": {
					"rotation": [-35, 0, 0]
				},
				"left_lower_leg": {
					"rotation": ["90-Math.cos((query.anim_time - 0.2) * 180) * 1", 0, 0]
				},
				"left_foot": {
					"rotation": [45, 0, 0]
				},
				"left_toes": {
					"rotation": ["2.5-Math.cos((query.anim_time - 0.2) * 180) * 2", 0, 0]
				}
			}
		},
		"animation.treecko.physical": {
			"animation_length": 0.5,
			"bones": {
				"torso": {
					"rotation": {
						"0.0": [0, 0, 0],
						"0.0417": [0, 2.69546, 0],
						"0.0833": [0, 10.72961, 0],
						"0.1667": [0, 34.27039, 0],
						"0.2083": [0, 42.30454, 0],
						"0.25": [0, 45, 0],
						"0.2917": [0, 42.30454, 0],
						"0.3333": [0, 34.27039, 0],
						"0.4167": [0, 10.72961, 0],
						"0.4583": [0, 2.69546, 0],
						"0.5": [0, 0, 0]
					}
				},
				"tail": {
					"rotation": {
						"0.0": [0, 0, 0],
						"0.0417": [0, 2.69546, 0],
						"0.0833": [0, 10.72961, 0],
						"0.1667": [0, 34.27039, 0],
						"0.2083": [0, 42.30454, 0],
						"0.25": [0, 45, 0],
						"0.2917": [0, 42.30454, 0],
						"0.3333": [0, 34.27039, 0],
						"0.4167": [0, 10.72961, 0],
						"0.4583": [0, 2.69546, 0],
						"0.5": [0, 0, 0]
					}
				},
				"left_tail": {
					"rotation": {
						"0.0": [0, 0, 0],
						"0.0417": [0, 1.19798, 0],
						"0.0833": [0, 4.76872, 0],
						"0.1667": [0, 15.23128, 0],
						"0.2083": [0, 18.80202, 0],
						"0.25": [0, 20, 0],
						"0.2917": [0, 18.80202, 0],
						"0.3333": [0, 15.23128, 0],
						"0.4167": [0, 4.76872, 0],
						"0.4583": [0, 1.19798, 0],
						"0.5": [0, 0, 0]
					}
				},
				"left_tail2": {
					"rotation": {
						"0.0": [0, 0, 0],
						"0.0417": [0, 0.59899, 0],
						"0.0833": [0, 2.38436, 0],
						"0.1667": [0, 7.61564, 0],
						"0.2083": [0, 9.40101, 0],
						"0.25": [0, 10, 0],
						"0.2917": [0, 9.40101, 0],
						"0.3333": [0, 7.61564, 0],
						"0.4167": [0, 2.38436, 0],
						"0.4583": [0, 0.59899, 0],
						"0.5": [0, 0, 0]
					}
				},
				"left_tail3": {
					"rotation": {
						"0.0": [0, 0, 0],
						"0.0417": [0, 0.89849, 0],
						"0.0833": [0, 3.57654, 0],
						"0.1667": [0, 11.42346, 0],
						"0.2083": [0, 14.10151, 0],
						"0.25": [0, 15, 0],
						"0.2917": [0, 14.10151, 0],
						"0.3333": [0, 11.42346, 0],
						"0.4167": [0, 3.57654, 0],
						"0.4583": [0, 0.89849, 0],
						"0.5": [0, 0, 0]
					}
				},
				"right_tail": {
					"rotation": {
						"0.0": [0, 0, 0],
						"0.0417": [0, 1.04823, 0],
						"0.0833": [0, 4.17263, 0],
						"0.1667": [0, 13.32737, 0],
						"0.2083": [0, 16.45177, 0],
						"0.25": [0, 17.5, 0],
						"0.2917": [0, 16.45177, 0],
						"0.3333": [0, 13.32737, 0],
						"0.4167": [0, 4.17263, 0],
						"0.4583": [0, 1.04823, 0],
						"0.5": [0, 0, 0]
					}
				},
				"right_tail2": {
					"rotation": {
						"0.0": [0, 0, 0],
						"0.0417": [0, 0.59899, 0],
						"0.0833": [0, 2.38436, 0],
						"0.1667": [0, 7.61564, 0],
						"0.2083": [0, 9.40101, 0],
						"0.25": [0, 10, 0],
						"0.2917": [0, 9.40101, 0],
						"0.3333": [0, 7.61564, 0],
						"0.4167": [0, 2.38436, 0],
						"0.4583": [0, 0.59899, 0],
						"0.5": [0, 0, 0]
					}
				},
				"right_tail3": {
					"rotation": {
						"0.0": [0, 0, 0],
						"0.0417": [0, 0.89849, 0],
						"0.0833": [0, 3.57654, 0],
						"0.1667": [0, 11.42346, 0],
						"0.2083": [0, 14.10151, 0],
						"0.25": [0, 15, 0],
						"0.2917": [0, 14.10151, 0],
						"0.3333": [0, 11.42346, 0],
						"0.4167": [0, 3.57654, 0],
						"0.4583": [0, 0.89849, 0],
						"0.5": [0, 0, 0]
					}
				}
			}
		},
		"animation.treecko.special": {
			"animation_length": 0.5,
			"bones": {
				"upper_torso": {
					"position": {
						"0.0": [0, 0, 0],
						"0.1667": [0, 0.03726, 0],
						"0.2083": [0, 0.04, 0],
						"0.25": [0, -0.25, 0],
						"0.2917": [0, 0.04, 0],
						"0.4583": [0, 0.00274, 0],
						"0.5": [0, 0, 0]
					}
				},
				"neck": {
					"position": {
						"0.0": [0, 0, 0],
						"0.1667": [0, 0.03726, 0],
						"0.2083": [0, 0.04, 0],
						"0.25": [0, -0.25, 0],
						"0.2917": [0, 0.04, 0],
						"0.4583": [0, 0.00274, 0],
						"0.5": [0, 0, 0]
					}
				},
				"head": {
					"rotation": {
						"0.0": [0, 0, 0],
						"0.0417": [-1.19798, 0, 0],
						"0.0833": [-4.76872, 0, 0],
						"0.1667": [-15.23128, 0, 0],
						"0.2083": [-18.80202, 0, 0],
						"0.25": [-20, 0, 0],
						"0.2917": [-18.80202, 0, 0],
						"0.3333": [-15.23128, 0, 0],
						"0.4167": [-4.76872, 0, 0],
						"0.4583": [-1.19798, 0, 0],
						"0.5": [0, 0, 0]
					}
				},
				"jaw": {
					"rotation": {
						"0.0": [0, 0, 0],
						"0.0417": [2.8452, 0, 0],
						"0.0833": [11.3257, 0, 0],
						"0.1667": [36.1743, 0, 0],
						"0.2083": [44.6548, 0, 0],
						"0.25": [47.5, 0, 0],
						"0.2917": [44.6548, 0, 0],
						"0.3333": [36.1743, 0, 0],
						"0.4167": [11.3257, 0, 0],
						"0.4583": [2.8452, 0, 0],
						"0.5": [0, 0, 0]
					}
				},
				"snout": {
					"position": {
						"0.0": [0, 0, 0],
						"0.0417": [0, 0.03123, -0.00571],
						"0.0833": [0, 0.14374, -0.02628],
						"0.125": [0, 0.31246, -0.05713],
						"0.1667": [0, 0.42497, -0.0777],
						"0.2083": [0, 0.4562, -0.08341],
						"0.25": [0, 0.2462, -0.04341],
						"0.2917": [0, 0.4562, -0.08341],
						"0.3333": [0, 0.42497, -0.0777],
						"0.375": [0, 0.31246, -0.05713],
						"0.4167": [0, 0.14374, -0.02628],
						"0.4583": [0, 0.03123, -0.00571],
						"0.5": [0, 0, 0]
					}
				}
			}
		}
	}
}