{
	"format_version": "1.12.0",
	"minecraft:geometry": [
		{
			"description": {
				"identifier": "geometry.plusle",
				"texture_width": 128,
				"texture_height": 64,
				"visible_bounds_width": 3,
				"visible_bounds_height": 2.5,
				"visible_bounds_offset": [0, 0.75, 0]
			},
			"bones": [
				{
					"name": "plusle",
					"pivot": [0, 0, 0]
				},
				{
					"name": "body",
					"parent": "plusle",
					"pivot": [0, 4, -0.75],
					"cubes": [
						{"origin": [-3, 1, -2.75], "size": [6, 6, 4], "uv": [0, 14]}
					]
				},
				{
					"name": "head",
					"parent": "body",
					"pivot": [0, 7, -0.75],
					"cubes": [
						{"origin": [-4.5, 7, -4.25], "size": [9, 7, 7], "uv": [0, 0]},
						{"origin": [-4.525, 7.5, -3.75], "size": [0, 2, 1], "uv": [18, 33]},
						{"origin": [4.525, 7.5, -3.75], "size": [0, 2, 1], "uv": [18, 33], "mirror": true},
						{"origin": [-1, 7.75, -4.325], "size": [2, 1, 0], "uv": [0, 0]},
						{"origin": [-0.5, 9, -4.325], "size": [1, 1, 0], "uv": [0, 0]}
					]
				},
				{
					"name": "Hat",
					"parent": "head",
					"pivot": [7.75, 17, 4],
					"rotation": [-10, 0, 0],
					"cubes": [
						{"origin": [-4.5, 12.5, -4], "size": [9, 5, 9], "uv": [40, 50]},
						{"origin": [-5, 10.5, -4.5], "size": [10, 3, 10], "inflate": 0.01, "uv": [0, 51]},
						{"origin": [4.5, 18.22114, -13.00632], "size": [3, 3, 6], "inflate": 0.001, "pivot": [-2, 14.5, -4.5], "rotation": [0, -90, 45], "uv": [58, 50]},
						{"origin": [6.25, 9.82685, 2.88797], "size": [3, 3, 3], "inflate": 0.2, "pivot": [7.75, 14.5, 3.5], "rotation": [0, -90, -12.5], "uv": [76, 58]}
					]
				},
				{
					"name": "lefteye",
					"parent": "head",
					"pivot": [2.5, 10.75, -4.275],
					"rotation": [0, 0, -2.5],
					"cubes": [
						{"origin": [1.4891, 9.00024, -4.275], "size": [2, 3, 0], "uv": [45, 0]}
					]
				},
				{
					"name": "righteye",
					"parent": "head",
					"pivot": [-2.5, 10.5, -4.275],
					"rotation": [0, 0, 2.5],
					"cubes": [
						{"origin": [-3.5, 9, -4.275], "size": [2, 3, 0], "uv": [45, 0], "mirror": true}
					]
				},
				{
					"name": "lefteyelid",
					"parent": "head",
					"pivot": [2.5, 10.5, -3.525],
					"rotation": [0, 0, -2.5],
					"cubes": [
						{"origin": [1.5, 9, -4.025], "size": [2, 3, 1], "inflate": 0.02, "uv": [45, 5]}
					]
				},
				{
					"name": "righteyelid",
					"parent": "head",
					"pivot": [-2.5, 10.5, -3.525],
					"rotation": [0, 0, 2.5],
					"cubes": [
						{"origin": [-3.5, 9, -4.025], "size": [2, 3, 1], "inflate": 0.02, "uv": [45, 5], "mirror": true}
					]
				},
				{
					"name": "leftear",
					"parent": "head",
					"pivot": [2.75, 13, -0.75],
					"rotation": [0, 0, 30],
					"cubes": [
						{"origin": [0.25, 13, -0.75], "size": [5, 10, 0], "uv": [0, 24]}
					]
				},
				{
					"name": "rightear",
					"parent": "head",
					"pivot": [-2.75, 13, -0.75],
					"rotation": [0, 0, -30],
					"cubes": [
						{"origin": [-5.25, 13, -0.75], "size": [5, 10, 0], "uv": [20, 14]}
					]
				},
				{
					"name": "leftarm",
					"parent": "body",
					"pivot": [3, 5.75, -1],
					"cubes": [
						{"origin": [3, 4.75, -2], "size": [4, 2, 2], "uv": [26, 24]}
					]
				},
				{
					"name": "rightarm",
					"parent": "body",
					"pivot": [-3, 5.75, -1],
					"cubes": [
						{"origin": [-7, 4.75, -2], "size": [4, 2, 2], "uv": [28, 28]}
					]
				},
				{
					"name": "tail",
					"parent": "body",
					"pivot": [0, 2.75, 1.25],
					"cubes": [
						{"origin": [0, 1.75, 1.25], "size": [0, 2, 1], "uv": [0, 0]},
						{"origin": [0, 0.25, 2.25], "size": [0, 5, 2], "uv": [12, 22]},
						{"origin": [0, 1.75, 4.25], "size": [0, 2, 2], "uv": [11, 31]}
					]
				},
				{
					"name": "leftfoot",
					"parent": "body",
					"pivot": [1.75, 1, 0],
					"cubes": [
						{"origin": [0.75, 0, -3], "size": [2, 1, 4], "uv": [25, 0]}
					]
				},
				{
					"name": "rightfoot",
					"parent": "body",
					"pivot": [-1.75, 1, 0],
					"cubes": [
						{"origin": [-2.75, 0, -3], "size": [2, 1, 4], "uv": [18, 24]}
					]
				}
			]
		}
	]
}