{
	"format_version": "1.12.0",
	"minecraft:geometry": [
		{
			"description": {
				"identifier": "geometry.unknown",
				"texture_width": 128,
				"texture_height": 64,
				"visible_bounds_width": 3,
				"visible_bounds_height": 2.5,
				"visible_bounds_offset": [0, 0.75, 0]
			},
			"bones": [
				{
					"name": "oddish",
					"pivot": [0, 0, 0]
				},
				{
					"name": "body",
					"parent": "oddish",
					"pivot": [0, 5.5, 0]
				},
				{
					"name": "torso",
					"parent": "body",
					"pivot": [0, 5.5, 0],
					"cubes": [
						{"origin": [-4.5, 2, -3], "size": [9, 7, 6], "uv": [0, 0]}
					]
				},
				{
					"name": "Hat",
					"parent": "torso",
					"pivot": [7.75, 18, 4],
					"cubes": [
						{"origin": [-4.5, 9.5, -7.75], "size": [9, 5, 9], "pivot": [0, -7.5, -3.25], "rotation": [-12.5, 0, 0], "uv": [40, 50]},
						{"origin": [-5, 7.5, -8.25], "size": [10, 3, 10], "inflate": 0.01, "pivot": [0, -7.5, -3.25], "rotation": [-12.5, 0, 0], "uv": [0, 51]},
						{"origin": [4.5, 15.22114, -16.75632], "size": [3, 3, 6], "inflate": 0.001, "pivot": [-2, 11.5, -8.25], "rotation": [-44.99999, -77.5, 89.99999], "uv": [58, 50]},
						{"origin": [6.25, 6.82685, -0.86203], "size": [3, 3, 3], "inflate": 0.2, "pivot": [7.75, 11.5, -0.25], "rotation": [-102.49999, -77.5, 89.99999], "uv": [76, 58]}
					]
				},
				{
					"name": "mouth",
					"parent": "torso",
					"pivot": [0, 4, -2.905]
				},
				{
					"name": "mouth_closed",
					"parent": "mouth",
					"pivot": [0, 4, -3.01],
					"cubes": [
						{"origin": [-1, 3.5, -3.01], "size": [2, 1, 0], "uv": [60, 12], "mirror": true}
					]
				},
				{
					"name": "mouth_open",
					"parent": "mouth",
					"pivot": [0, 4, -2.91],
					"cubes": [
						{"origin": [-1, 3, -2.91], "size": [2, 2, 0], "uv": [54, 0]}
					]
				},
				{
					"name": "eyes",
					"parent": "torso",
					"pivot": [0, 5.5, -3.025]
				},
				{
					"name": "eye_right",
					"parent": "eyes",
					"pivot": [-2, 5.5, -3.01],
					"cubes": [
						{"origin": [-2.5, 5, -3.01], "size": [1, 1, 0], "uv": [62, 0]}
					]
				},
				{
					"name": "eyelid_right",
					"parent": "eye_right",
					"pivot": [-2.25, 6, -2.41],
					"cubes": [
						{"origin": [-3.25, 5, -2.91], "size": [2, 2, 1], "inflate": 0.01, "uv": [58, 2], "mirror": true}
					]
				},
				{
					"name": "eye_left",
					"parent": "eyes",
					"pivot": [2, 5.5, -3.01],
					"cubes": [
						{"origin": [1.5, 5, -3.01], "size": [1, 1, 0], "uv": [62, 0], "mirror": true}
					]
				},
				{
					"name": "eyelid_left",
					"parent": "eye_left",
					"pivot": [2.25, 6, -2.41],
					"cubes": [
						{"origin": [1.25, 5, -2.91], "size": [2, 2, 1], "inflate": 0.01, "uv": [58, 2]}
					]
				},
				{
					"name": "leaf_center",
					"parent": "torso",
					"pivot": [0, 9, -1.5],
					"cubes": [
						{"origin": [-2.5, 9, -1.5], "size": [5, 5, 0], "uv": [30, 17]}
					]
				},
				{
					"name": "leaf_center2",
					"parent": "leaf_center",
					"pivot": [0, 14, -1.5],
					"rotation": [-15, 0, 0],
					"cubes": [
						{"origin": [-2.5, 14, -1.5], "size": [5, 6, 0], "uv": [30, 11]},
						{"origin": [-0.5, 20, -1.5], "size": [2, 0, 2], "pivot": [0.5, 20, -1.5], "rotation": [-22.5, 0, 0], "uv": [0, 0]}
					]
				},
				{
					"name": "leaf_front_right",
					"parent": "torso",
					"pivot": [-2.75, 9, -1.25],
					"rotation": [0, 22.5, -30],
					"cubes": [
						{"origin": [-5.25, 8, -1.25], "size": [5, 5, 0], "uv": [30, 6]}
					]
				},
				{
					"name": "leaf_front_right2",
					"parent": "leaf_front_right",
					"pivot": [-2.75, 13, -1.25],
					"rotation": [-10, 0, 0],
					"cubes": [
						{"origin": [-5.25, 13, -1.25], "size": [5, 6, 0], "uv": [30, 0]}
					]
				},
				{
					"name": "leaf_front_left",
					"parent": "torso",
					"pivot": [2.75, 9, -1.25],
					"rotation": [0, -22.5, 30],
					"cubes": [
						{"origin": [0.25, 8, -1.25], "size": [5, 5, 0], "uv": [20, 26]}
					]
				},
				{
					"name": "leaf_front_left2",
					"parent": "leaf_front_left",
					"pivot": [2.75, 13, -1.25],
					"rotation": [-10, 0, 0],
					"cubes": [
						{"origin": [0.25, 13, -1.25], "size": [5, 6, 0], "uv": [20, 21]}
					]
				},
				{
					"name": "leaf_back_right",
					"parent": "torso",
					"pivot": [-1.25, 9, 0],
					"rotation": [-5, -7.5, -10],
					"cubes": [
						{"origin": [-4.2716, 8.75215, 0.02454], "size": [5, 5, 0], "uv": [10, 27]}
					]
				},
				{
					"name": "leaf_back_right2",
					"parent": "leaf_back_right",
					"pivot": [-1.7716, 13.75215, 0.02454],
					"rotation": [-5, 0, 0],
					"cubes": [
						{"origin": [-4.2716, 13.75215, 0.02454], "size": [5, 6, 0], "uv": [10, 21]}
					]
				},
				{
					"name": "leaf_back_left",
					"parent": "torso",
					"pivot": [1.25, 9, 0.5],
					"rotation": [-5, 7.5, 10],
					"cubes": [
						{"origin": [-0.75, 8.75, 0.5], "size": [5, 5, 0], "uv": [0, 26]}
					]
				},
				{
					"name": "leaf_back_left2",
					"parent": "leaf_back_left",
					"pivot": [1.75, 13.75, 0.5],
					"rotation": [-5, 0, 0],
					"cubes": [
						{"origin": [-0.75, 13.75, 0.5], "size": [5, 6, 0], "uv": [0, 20]}
					]
				},
				{
					"name": "leg_right",
					"parent": "body",
					"pivot": [-2, 2, 0.25],
					"cubes": [
						{"origin": [-2.5, 0.5, -0.25], "size": [1, 2, 1], "uv": [0, 2]}
					]
				},
				{
					"name": "foot_right",
					"parent": "leg_right",
					"pivot": [-2, 1, 0.25],
					"rotation": [0, 5, 0],
					"cubes": [
						{"origin": [-3.5, 0, -1.25], "size": [3, 1, 3], "uv": [15, 14]}
					]
				},
				{
					"name": "foot_right2",
					"parent": "foot_right",
					"pivot": [-2, 0, -1.25],
					"cubes": [
						{"origin": [-3.5, 0, -3.25], "size": [3, 1, 2], "inflate": 0.01, "uv": [4, 17]}
					]
				},
				{
					"name": "leg_left",
					"parent": "body",
					"pivot": [2, 2, 0.25],
					"cubes": [
						{"origin": [1.5, 0.5, -0.25], "size": [1, 2, 1], "uv": [0, 2]}
					]
				},
				{
					"name": "foot_left",
					"parent": "leg_left",
					"pivot": [2, 1, 0.25],
					"rotation": [0, -5, 0],
					"cubes": [
						{"origin": [0.5, 0, -1.25], "size": [3, 1, 3], "uv": [3, 13]}
					]
				},
				{
					"name": "foot_left2",
					"parent": "foot_left",
					"pivot": [2, 0, -1.25],
					"cubes": [
						{"origin": [0.5, 0, -3.25], "size": [3, 1, 2], "inflate": 0.01, "uv": [16, 18]}
					]
				}
			]
		}
	]
}