{
	"format_version": "1.12.0",
	"minecraft:geometry": [
		{
			"description": {
				"identifier": "geometry.rowlet",
				"texture_width": 64,
				"texture_height": 64,
				"visible_bounds_width": 3,
				"visible_bounds_height": 2.5,
				"visible_bounds_offset": [0, 0.75, 0]
			},
			"bones": [
				{
					"name": "rowlet",
					"pivot": [0, 0, 0]
				},
				{
					"name": "body",
					"parent": "rowlet",
					"pivot": [0, 6, 0]
				},
				{
					"name": "torso",
					"parent": "body",
					"pivot": [0, 1, 0],
					"cubes": [
						{"origin": [-4.5, 1, -4], "size": [9, 10, 8], "uv": [0, 0]},
						{"origin": [-4.5, 12, -4], "size": [9, 2, 8], "uv": [0, 54]},
						{"origin": [-4.5, 11, -4], "size": [9, 1, 8], "inflate": 0.25, "uv": [30, 33]},
						{"origin": [-4, 5.5, -4.025], "size": [8, 5, 0], "inflate": 0.01, "uv": [0, 31]},
						{"origin": [-1, 7.25, -5], "size": [2, 2, 1], "uv": [0, 0]},
						{"origin": [-4.5, 2.5, -4], "size": [9, 3, 0], "inflate": 0.01, "uv": [0, 39]},
						{"origin": [-4.5, 0.5, -4.1], "size": [3, 5, 0], "inflate": 0.01, "pivot": [0, 5, -4], "rotation": [-4, 0, 0], "uv": [0, 42]},
						{"origin": [0, 2.5, -8.5], "size": [8, 3, 0], "inflate": 0.01, "pivot": [0, 5, -4], "rotation": [0, -90, 0], "uv": [0, 39]},
						{"origin": [0, 2.5, 0.5], "size": [8, 3, 0], "inflate": 0.01, "pivot": [0, 5, -4], "rotation": [0, -90, 0], "uv": [0, 39]},
						{"origin": [-4.5, 2.5, 4], "size": [9, 3, 0], "inflate": 0.01, "uv": [0, 39]},
						{"origin": [-3, 6.75138, 4.06443], "size": [6, 3, 0], "pivot": [0, 8.25138, 4.06443], "rotation": [2.5, 0, 0], "uv": [0, 36]}
					]
				},
				{
					"name": "eyes",
					"parent": "torso",
					"pivot": [0, 8, -4.05]
				},
				{
					"name": "eye_left",
					"parent": "eyes",
					"pivot": [-1, -2, -0.05],
					"cubes": [
						{"origin": [1.5, 7, -4.05], "size": [2, 2, 0], "inflate": 0.01, "uv": [38, 0]}
					]
				},
				{
					"name": "eyelid_left",
					"parent": "eye_left",
					"pivot": [-1, -2, -0.05],
					"cubes": [
						{"origin": [1.5, 7, -3.95], "size": [2, 2, 1], "inflate": 0.04, "uv": [42, 0]}
					]
				},
				{
					"name": "eye_right",
					"parent": "eyes",
					"pivot": [1, -2, -0.05],
					"cubes": [
						{"origin": [-3.5, 7, -4.05], "size": [2, 2, 0], "inflate": 0.01, "uv": [38, 0], "mirror": true}
					]
				},
				{
					"name": "eyelid_right",
					"parent": "eye_right",
					"pivot": [1, -2, -0.05],
					"cubes": [
						{"origin": [-3.5, 7, -3.95], "size": [2, 2, 1], "inflate": 0.04, "uv": [42, 0], "mirror": true}
					]
				},
				{
					"name": "jaw",
					"parent": "torso",
					"pivot": [0, 7.25, -4],
					"cubes": [
						{"origin": [-1, 6.25, -5], "size": [2, 1, 1], "uv": [0, 6]}
					]
				},
				{
					"name": "tail",
					"parent": "torso",
					"pivot": [0, 6, 4],
					"rotation": [10, 0, 0],
					"cubes": [
						{"origin": [-3, 0, 4], "size": [6, 6, 0], "inflate": 0.01, "uv": [0, 18]}
					]
				},
				{
					"name": "wing_right_main",
					"parent": "torso",
					"pivot": [-4.5, 6.25, 0]
				},
				{
					"name": "wing_right1",
					"parent": "wing_right_main",
					"pivot": [-4.5, 7.75, 0],
					"rotation": [0, 0, 12.5],
					"cubes": [
						{"origin": [-10.5, 6.25, 0], "size": [6, 3, 0], "inflate": 0.01, "uv": [12, 24]}
					]
				},
				{
					"name": "wing_right2",
					"parent": "wing_right_main",
					"pivot": [-4.5, 6.25, 0],
					"rotation": [0, 0, 2.5],
					"cubes": [
						{"origin": [-10.5, 4.75, 0], "size": [6, 3, 0], "inflate": 0.02, "uv": [0, 24]}
					]
				},
				{
					"name": "wing_right3",
					"parent": "wing_right_main",
					"pivot": [-4, 4.75, 0],
					"rotation": [0, 0, -10],
					"cubes": [
						{"origin": [-10, 3.25, 0], "size": [6, 3, 0], "inflate": 0.01, "uv": [12, 21]}
					]
				},
				{
					"name": "wing_left_main",
					"parent": "torso",
					"pivot": [4.5, 6.25, 0]
				},
				{
					"name": "wing_left1",
					"parent": "wing_left_main",
					"pivot": [4.5, 7.75, 0],
					"rotation": [0, 0, -12.5],
					"cubes": [
						{"origin": [4.5, 6.25, 0], "size": [6, 3, 0], "inflate": 0.01, "uv": [26, 0]}
					]
				},
				{
					"name": "wing_left2",
					"parent": "wing_left_main",
					"pivot": [4.5, 6.25, 0],
					"rotation": [0, 0, -2.5],
					"cubes": [
						{"origin": [4.5, 4.75, 0], "size": [6, 3, 0], "inflate": 0.02, "uv": [24, 24]}
					]
				},
				{
					"name": "wing_left3",
					"parent": "wing_left_main",
					"pivot": [4, 4.75, 0],
					"rotation": [0, 0, 10],
					"cubes": [
						{"origin": [4, 3.25, 0], "size": [6, 3, 0], "inflate": 0.01, "uv": [24, 21]}
					]
				},
				{
					"name": "foot_right",
					"parent": "body",
					"pivot": [-2, 1, 0],
					"rotation": [0, 10, 0],
					"cubes": [
						{"origin": [-3, 0, -1.5], "size": [2, 1, 3], "inflate": 0.01, "uv": [26, 3]}
					]
				},
				{
					"name": "toe_front_right1",
					"parent": "foot_right",
					"pivot": [-2.5, 1, -1.5],
					"rotation": [0, 10, 0],
					"cubes": [
						{"origin": [-3, 0, -3.5], "size": [1, 1, 2], "uv": [7, 27]}
					]
				},
				{
					"name": "toe_front_right2",
					"parent": "foot_right",
					"pivot": [-1.5, 1, -1.5],
					"rotation": [0, -10, 0],
					"cubes": [
						{"origin": [-2, 0, -3.5], "size": [1, 1, 2], "uv": [26, 18]}
					]
				},
				{
					"name": "toe_back_right",
					"parent": "foot_right",
					"pivot": [-2, 1, 1.5],
					"cubes": [
						{"origin": [-2.5, 0, 1.5], "size": [1, 1, 2], "uv": [0, 3]}
					]
				},
				{
					"name": "foot_left",
					"parent": "body",
					"pivot": [2, 1, 0],
					"rotation": [0, -10, 0],
					"cubes": [
						{"origin": [1, 0, -1.5], "size": [2, 1, 3], "inflate": 0.01, "uv": [0, 27]}
					]
				},
				{
					"name": "toe_front_left1",
					"parent": "foot_left",
					"pivot": [2.5, 1, -1.5],
					"rotation": [0, -10, 0],
					"cubes": [
						{"origin": [2, 0, -3.5], "size": [1, 1, 2], "uv": [25, 27]}
					]
				},
				{
					"name": "toe_front_left2",
					"parent": "foot_left",
					"pivot": [1.5, 1, -1.5],
					"rotation": [0, 10, 0],
					"cubes": [
						{"origin": [1, 0, -3.5], "size": [1, 1, 2], "uv": [19, 27]}
					]
				},
				{
					"name": "toe_back_left",
					"parent": "foot_left",
					"pivot": [2, 1, 1.5],
					"cubes": [
						{"origin": [1.5, 0, 1.5], "size": [1, 1, 2], "uv": [13, 27]}
					]
				}
			]
		}
	]
}