{
	"format_version": "1.12.0",
	"minecraft:geometry": [
		{
			"description": {
				"identifier": "geometry.omanyte",
				"texture_width": 64,
				"texture_height": 32,
				"visible_bounds_width": 2,
				"visible_bounds_height": 2.5,
				"visible_bounds_offset": [0, 0.75, 0]
			},
			"bones": [
				{
					"name": "omanyte",
					"pivot": [0, 0, 0]
				},
				{
					"name": "body",
					"parent": "omanyte",
					"pivot": [0, 2, -2],
					"cubes": [
						{"origin": [-2.5, 1, -4], "size": [5, 2, 4], "uv": [0, 15]}
					]
				},
				{
					"name": "shell",
					"parent": "body",
					"pivot": [0, 1.75, -1.75],
					"cubes": [
						{"origin": [-4, 1.25, -3.5], "size": [8, 8, 8], "inflate": 0.02, "pivot": [0, 4.75, 0.5], "rotation": [-5, 0, 0], "uv": [32, 16]},
						{"origin": [-0.5, 5.25, -6], "size": [1, 1, 3], "inflate": 0.02, "pivot": [0, 4.75, 0.5], "rotation": [-5, 0, 0], "uv": [32, 20]}
					]
				},
				{
					"name": "eyes",
					"parent": "body",
					"pivot": [0, 3.5, -4],
					"cubes": [
						{"origin": [-2.25, 2.5, -4], "size": [2, 2, 0], "pivot": [-1.25, 3.5, -4], "rotation": [-2.5, 0, 0], "uv": [0, 2]},
						{"origin": [0.25, 2.5, -4], "size": [2, 2, 0], "pivot": [1.25, 3.5, -4], "rotation": [-2.5, 0, 0], "uv": [0, 0]}
					]
				},
				{
					"name": "pupils",
					"parent": "eyes",
					"pivot": [0, 3.50218, -4.04995],
					"cubes": [
						{"origin": [-1.75, 3, -4.05], "size": [1, 1, 0], "pivot": [-1.25, 3.5, -4], "rotation": [-2.5, 0, 0], "uv": [30, 31], "mirror": true},
						{"origin": [0.75, 3, -4.05], "size": [1, 1, 0], "pivot": [1.25, 3.5, -4], "rotation": [-2.5, 0, 0], "uv": [30, 31]}
					]
				},
				{
					"name": "frontfeet",
					"parent": "body",
					"pivot": [0, 1, -4],
					"rotation": [-60, 0, 0],
					"cubes": [
						{"origin": [-2.5, -1, -4], "size": [5, 2, 0], "uv": [14, 15]}
					]
				},
				{
					"name": "leftfeet",
					"parent": "body",
					"pivot": [2.5, 1, -2],
					"rotation": [0, 0, 30],
					"cubes": [
						{"origin": [2.5, 1, -4], "size": [2, 0, 4], "uv": [0, 0]}
					]
				},
				{
					"name": "rightfeet",
					"parent": "body",
					"pivot": [-2.5, 1, -2],
					"rotation": [0, 0, -30],
					"cubes": [
						{"origin": [-4.5, 1, -4], "size": [2, 0, 4], "uv": [0, 4]}
					]
				},
				{
					"name": "lefthand",
					"parent": "body",
					"pivot": [2.5, 2, -2],
					"cubes": [
						{"origin": [2.5, 1, -2], "size": [3, 3, 0], "uv": [18, 0]}
					]
				},
				{
					"name": "righthand",
					"parent": "body",
					"pivot": [-2.5, 2, -2],
					"cubes": [
						{"origin": [-5.5, 1, -2], "size": [3, 3, 0], "uv": [18, 3]}
					]
				}
			]
		}
	]
}