{
	"format_version": "1.12.0",
	"minecraft:geometry": [
		{
			"description": {
				"identifier": "geometry.magnemite",
				"texture_width": 64,
				"texture_height": 32,
				"visible_bounds_width": 3,
				"visible_bounds_height": 2.5,
				"visible_bounds_offset": [0, 0.75, 0]
			},
			"bones": [
				{
					"name": "magnemite",
					"pivot": [0, 0, 0]
				},
				{
					"name": "body",
					"parent": "magnemite",
					"pivot": [0, 4.5, 0],
					"cubes": [
						{"origin": [-4, 1, -4], "size": [8, 8, 8], "uv": [0, 0]}
					]
				},
				{
					"name": "eye",
					"parent": "body",
					"pivot": [0, 5, -4.01],
					"cubes": [
						{"origin": [-2, 3, -4.01], "size": [4, 4, 0], "uv": [32, 8]}
					]
				},
				{
					"name": "pupil",
					"parent": "eye",
					"pivot": [0, 5, -4.1],
					"cubes": [
						{"origin": [-0.5, 4.5, -4.02], "size": [1, 1, 0], "uv": [40, 8]}
					]
				},
				{
					"name": "pupil_closed",
					"parent": "eye",
					"pivot": [0, 5, -3.92],
					"cubes": [
						{"origin": [-1.5, 4.5, -3.92], "size": [3, 1, 0], "uv": [32, 15]}
					]
				},
				{
					"name": "nail_head",
					"parent": "body",
					"pivot": [0, 9, 0],
					"cubes": [
						{"origin": [-1, 8.5, -1], "size": [2, 3, 2], "uv": [38, 11]},
						{"origin": [-2, 11.5, -2], "size": [4, 1, 4], "uv": [48, 8]},
						{"origin": [-1.5, 12.51, -1.5], "size": [3, 0, 3], "uv": [49, 13]}
					]
				},
				{
					"name": "nail_left",
					"parent": "body",
					"pivot": [2.75, 2, -4],
					"rotation": [0, -25, 0]
				},
				{
					"name": "nail_left_rotation",
					"parent": "nail_left",
					"pivot": [2.75, 2, -4],
					"cubes": [
						{"origin": [1.75, 1, -6.5], "size": [2, 2, 1], "uv": [32, 12]},
						{"origin": [2.25, 1.5, -5.5], "size": [1, 1, 2], "uv": [40, 8]}
					]
				},
				{
					"name": "nail_right",
					"parent": "body",
					"pivot": [-2.75, 2, -4],
					"rotation": [0, 25, 0]
				},
				{
					"name": "nail_right_rotation",
					"parent": "nail_right",
					"pivot": [-2.75, 2, -4],
					"cubes": [
						{"origin": [-3.75, 1, -6.5], "size": [2, 2, 1], "uv": [46, 8], "mirror": true},
						{"origin": [-3.25, 1.5, -5.5], "size": [1, 1, 2], "uv": [46, 13], "mirror": true}
					]
				},
				{
					"name": "magnets",
					"parent": "body",
					"pivot": [0.5, 0.5, 0]
				},
				{
					"name": "magnet_left",
					"parent": "magnets",
					"pivot": [4, 5, 0],
					"cubes": [
						{"origin": [3.5, 2, -1], "size": [2, 6, 2], "inflate": 0.01, "uv": [0, 0]},
						{"origin": [5, 6, -1], "size": [6, 2, 2], "uv": [32, 0]},
						{"origin": [5, 2, -1], "size": [6, 2, 2], "uv": [48, 0]}
					]
				},
				{
					"name": "magnet_right",
					"parent": "magnets",
					"pivot": [-4, 5, 0],
					"cubes": [
						{"origin": [-5.5, 2, -1], "size": [2, 6, 2], "inflate": 0.01, "uv": [24, 0], "mirror": true},
						{"origin": [-11, 6, -1], "size": [6, 2, 2], "uv": [32, 4], "mirror": true},
						{"origin": [-11, 2, -1], "size": [6, 2, 2], "uv": [48, 4], "mirror": true}
					]
				},
				{
					"name": "nails",
					"parent": "body",
					"pivot": [0, 4.5, 0]
				}
			]
		}
	]
}