{
	"format_version": "1.12.0",
	"minecraft:geometry": [
		{
			"description": {
				"identifier": "geometry.vulpix_alolan",
				"texture_width": 128,
				"texture_height": 128,
				"visible_bounds_width": 3,
				"visible_bounds_height": 2.5,
				"visible_bounds_offset": [0, 0.75, 0]
			},
			"bones": [
				{
					"name": "vulpix_alolan",
					"pivot": [0, 0, 0]
				},
				{
					"name": "body",
					"parent": "vulpix_alolan",
					"pivot": [0, 0, 0]
				},
				{
					"name": "torso",
					"parent": "body",
					"pivot": [0, 7.75, 3.25],
					"cubes": [
						{"origin": [-3, 5, -5.5], "size": [6, 5, 11], "uv": [0, 0]},
						{"origin": [-3, 3, -5.5], "size": [2, 5, 0], "pivot": [-2, 8, -5.5], "rotation": [-10, 0, 0], "uv": [0, 6]}
					]
				},
				{
					"name": "head",
					"parent": "torso",
					"pivot": [0, 9.75, -4],
					"cubes": [
						{"origin": [-3.5, 9.5, -8], "size": [7, 6, 6], "uv": [0, 16]},
						{"origin": [-2, 9.75, -10], "size": [4, 3, 2], "uv": [49, 21]}
					]
				},
				{
					"name": "eyes",
					"parent": "head",
					"pivot": [-1.5, 0.25, -6]
				},
				{
					"name": "eye_right",
					"parent": "eyes",
					"pivot": [-3.525, 13, -6.25],
					"rotation": [5, 0, 0],
					"cubes": [
						{"origin": [-3.525, 12, -7.75], "size": [0, 2, 3], "inflate": 0.01, "uv": [64, -2], "mirror": true}
					]
				},
				{
					"name": "eye_left",
					"parent": "eyes",
					"pivot": [3.525, 13, -6.25],
					"rotation": [5, 0, 0],
					"cubes": [
						{"origin": [3.525, 12, -7.75], "size": [0, 2, 3], "inflate": 0.01, "uv": [64, -2]}
					]
				},
				{
					"name": "eyelids",
					"parent": "eyes",
					"pivot": [-1.5, 0.25, -6]
				},
				{
					"name": "eyelid_right",
					"parent": "eyelids",
					"pivot": [-3.275, 13, -6.25],
					"rotation": [5, 0, 0],
					"cubes": [
						{"origin": [-3.275, 12, -7.75], "size": [1, 2, 3], "inflate": 0.02, "uv": [64, 3], "mirror": true}
					]
				},
				{
					"name": "eyelid_left",
					"parent": "eyelids",
					"pivot": [3.275, 13, -6.25],
					"rotation": [5, 0, 0],
					"cubes": [
						{"origin": [2.275, 12, -7.75], "size": [1, 2, 3], "inflate": 0.02, "uv": [64, 3]}
					]
				},
				{
					"name": "head_tuft",
					"parent": "head",
					"pivot": [0, 15.25, -4.25],
					"rotation": [5, 0, 0],
					"cubes": [
						{"origin": [-3, 15.25, -6.25], "size": [6, 4, 4], "uv": [23, 0]}
					]
				},
				{
					"name": "head_tuft_front1",
					"parent": "head_tuft",
					"pivot": [0, 16.75, -6],
					"rotation": [10, 0, 0],
					"cubes": [
						{"origin": [-2, 15.75, -8], "size": [4, 2, 2], "uv": [66, 16]}
					]
				},
				{
					"name": "head_tuft_front2",
					"parent": "head_tuft_front1",
					"pivot": [0, 16.5, -8],
					"rotation": [12.5, 0, 0],
					"cubes": [
						{"origin": [-1.5, 16.5, -9], "size": [3, 0, 1], "inflate": 0.01, "uv": [63, 36]}
					]
				},
				{
					"name": "head_tuft_back",
					"parent": "head_tuft",
					"pivot": [0, 16.25, -2.25],
					"rotation": [-45, 0, 0],
					"cubes": [
						{"origin": [-2, 16.25, -2.25], "size": [4, 0, 3], "inflate": 0.01, "uv": [0, 0]}
					]
				},
				{
					"name": "ear_right",
					"parent": "head",
					"pivot": [-2.75, 15, -4.25],
					"rotation": [-5, -15, -30],
					"cubes": [
						{"origin": [-3.75, 14.5, -6.25], "size": [2, 5, 4], "uv": [41, 22]}
					]
				},
				{
					"name": "ear_left",
					"parent": "head",
					"pivot": [2.75, 15, -4.25],
					"rotation": [-5, 15, 30],
					"cubes": [
						{"origin": [1.75, 14.5, -6.25], "size": [2, 5, 4], "uv": [0, 43]}
					]
				},
				{
					"name": "Hat",
					"parent": "head",
					"pivot": [7.75, 18, 4],
					"cubes": [
						{"origin": [-4.5, 15.5, -12.75], "size": [9, 5, 9], "pivot": [0, -1.5, -8.25], "rotation": [-12.5, 0, 0], "uv": [40, 114]},
						{"origin": [-5, 13.5, -13.25], "size": [10, 3, 10], "inflate": 0.01, "pivot": [0, -1.5, -8.25], "rotation": [-12.5, 0, 0], "uv": [0, 115]},
						{"origin": [4.5, 21.22114, -21.75632], "size": [3, 3, 6], "inflate": 0.001, "pivot": [-2, 17.5, -13.25], "rotation": [-44.99999, -77.5, 89.99999], "uv": [58, 114]},
						{"origin": [6.25, 12.82685, -5.86203], "size": [3, 3, 3], "inflate": 0.2, "pivot": [7.75, 17.5, -5.25], "rotation": [-102.49999, -77.5, 89.99999], "uv": [76, 122]}
					]
				},
				{
					"name": "tail",
					"parent": "torso",
					"pivot": [0.25, 8.5, 4.75],
					"rotation": [40, 20, 0],
					"cubes": [
						{"origin": [-0.25, 7, 4.75], "size": [1, 3, 5], "uv": [14, 50]}
					]
				},
				{
					"name": "tail_end",
					"parent": "tail",
					"pivot": [0.25, 9, 8.75],
					"rotation": [0, -10, 0],
					"cubes": [
						{"origin": [-0.75, 4.75, 8.75], "size": [2, 6, 7], "uv": [22, 40]}
					]
				},
				{
					"name": "tail2",
					"parent": "torso",
					"pivot": [-0.25, 8.5, 4.75],
					"rotation": [40, -20, 0],
					"cubes": [
						{"origin": [-0.75, 7, 4.75], "size": [1, 3, 5], "uv": [49, 44]}
					]
				},
				{
					"name": "tail_end2",
					"parent": "tail2",
					"pivot": [-0.25, 9, 8.75],
					"rotation": [0, 10, 0],
					"cubes": [
						{"origin": [-1.25, 4.75, 8.75], "size": [2, 6, 7], "uv": [11, 34]}
					]
				},
				{
					"name": "tail3",
					"parent": "torso",
					"pivot": [0.5, 8.5, 4.75],
					"rotation": [30, 45, 0],
					"cubes": [
						{"origin": [0, 7, 4.75], "size": [1, 3, 5], "uv": [35, 49]}
					]
				},
				{
					"name": "tail_end3",
					"parent": "tail3",
					"pivot": [0.5, 9, 8.75],
					"rotation": [-5, -10, 0],
					"cubes": [
						{"origin": [-0.5, 4.75, 8.75], "size": [2, 6, 7], "uv": [30, 27]}
					]
				},
				{
					"name": "tail4",
					"parent": "torso",
					"pivot": [0.75, 8.5, 4.75],
					"rotation": [20, 70, 0],
					"cubes": [
						{"origin": [0.25, 7, 4.75], "size": [1, 3, 5], "uv": [48, 26]}
					]
				},
				{
					"name": "tail_end4",
					"parent": "tail4",
					"pivot": [0.75, 9, 8.75],
					"rotation": [-15, -10, 0],
					"cubes": [
						{"origin": [-0.25, 4.75, 8.75], "size": [2, 6, 7], "uv": [30, 9]}
					]
				},
				{
					"name": "tail5",
					"parent": "torso",
					"pivot": [-0.5, 8.5, 4.75],
					"rotation": [30, -45, 0],
					"cubes": [
						{"origin": [-1, 7, 4.75], "size": [1, 3, 5], "uv": [48, 13]}
					]
				},
				{
					"name": "tail_end5",
					"parent": "tail5",
					"pivot": [-0.5, 9, 8.75],
					"rotation": [-5, 10, 0],
					"cubes": [
						{"origin": [-1.5, 4.75, 8.75], "size": [2, 6, 7], "uv": [0, 28]}
					]
				},
				{
					"name": "tail6",
					"parent": "torso",
					"pivot": [-0.75, 8.5, 4.75],
					"rotation": [20, -70, 0],
					"cubes": [
						{"origin": [-1.25, 7, 4.75], "size": [1, 3, 5], "uv": [7, 47]}
					]
				},
				{
					"name": "tail_end6",
					"parent": "tail6",
					"pivot": [-0.75, 9, 8.75],
					"rotation": [-15, 10, 0],
					"cubes": [
						{"origin": [-1.75, 4.75, 8.75], "size": [2, 6, 7], "uv": [19, 21]}
					]
				},
				{
					"name": "leg_front_right",
					"parent": "body",
					"pivot": [-2, 7.25, -3.5],
					"rotation": [5, 0, 0],
					"cubes": [
						{"origin": [-3.5, 3.75, -5], "size": [3, 5, 3], "inflate": 0.02, "uv": [50, 34]}
					]
				},
				{
					"name": "leg_front_right2",
					"parent": "leg_front_right",
					"pivot": [-2, 3.75, -2.5],
					"rotation": [-20, 0, 0],
					"cubes": [
						{"origin": [-3.5, 0.75, -5], "size": [3, 3, 3], "uv": [47, 52]}
					]
				},
				{
					"name": "leg_front_right3",
					"parent": "leg_front_right2",
					"pivot": [-2, 1.5, -3.5],
					"rotation": [15, 0, 0],
					"cubes": [
						{"origin": [-3.5, -0.5, -5.25], "size": [3, 2, 3], "inflate": 0.02, "uv": [55, 26]}
					]
				},
				{
					"name": "leg_front_left",
					"parent": "body",
					"pivot": [2, 7.25, -3.5],
					"rotation": [5, 0, 0],
					"cubes": [
						{"origin": [0.5, 3.75, -5], "size": [3, 5, 3], "inflate": 0.02, "uv": [51, 0]}
					]
				},
				{
					"name": "leg_front_left2",
					"parent": "leg_front_left",
					"pivot": [2, 3.75, -2.5],
					"rotation": [-20, 0, 0],
					"cubes": [
						{"origin": [0.5, 0.75, -5], "size": [3, 3, 3], "uv": [26, 54]}
					]
				},
				{
					"name": "leg_front_left3",
					"parent": "leg_front_left2",
					"pivot": [2, 1.5, -3.5],
					"rotation": [15, 0, 0],
					"cubes": [
						{"origin": [0.5, -0.5, -5.25], "size": [3, 2, 3], "inflate": 0.02, "uv": [56, 42]}
					]
				},
				{
					"name": "leg_back_right",
					"parent": "body",
					"pivot": [-2, 7.75, 3.25],
					"rotation": [5, 0, 0],
					"cubes": [
						{"origin": [-3.5, 3.75, 1], "size": [3, 5, 4], "inflate": 0.02, "uv": [40, 40]}
					]
				},
				{
					"name": "leg_back_right2",
					"parent": "leg_back_right",
					"pivot": [-2, 3.75, 4.5],
					"rotation": [-15, 0, 0],
					"cubes": [
						{"origin": [-3.5, 1, 2.5], "size": [3, 3, 3], "uv": [0, 55]}
					]
				},
				{
					"name": "leg_back_right3",
					"parent": "leg_back_right2",
					"pivot": [-2, 1.25, 4],
					"rotation": [10, 0, 0],
					"cubes": [
						{"origin": [-3.5, -0.25, 2.25], "size": [3, 2, 3], "inflate": 0.02, "uv": [56, 55]}
					]
				},
				{
					"name": "leg_back_left",
					"parent": "body",
					"pivot": [2, 7.75, 3.25],
					"rotation": [5, 0, 0],
					"cubes": [
						{"origin": [0.5, 3.75, 1], "size": [3, 5, 4], "inflate": 0.02, "uv": [41, 4]}
					]
				},
				{
					"name": "leg_back_left2",
					"parent": "leg_back_left",
					"pivot": [2, 3.75, 4.5],
					"rotation": [-15, 0, 0],
					"cubes": [
						{"origin": [0.5, 1, 2.5], "size": [3, 3, 3], "uv": [55, 8]}
					]
				},
				{
					"name": "leg_back_left3",
					"parent": "leg_back_left2",
					"pivot": [2, 1.25, 4],
					"rotation": [10, 0, 0],
					"cubes": [
						{"origin": [0.5, -0.25, 2.25], "size": [3, 2, 3], "inflate": 0.02, "uv": [35, 57]}
					]
				}
			]
		}
	]
}