{
	"format_version": "1.12.0",
	"minecraft:geometry": [
		{
			"description": {
				"identifier": "geometry.jigglypuff",
				"texture_width": 64,
				"texture_height": 32,
				"visible_bounds_width": 2,
				"visible_bounds_height": 2.5,
				"visible_bounds_offset": [0, 0.75, 0]
			},
			"bones": [
				{
					"name": "jigglypuff",
					"pivot": [0, 0, 0]
				},
				{
					"name": "body",
					"parent": "jigglypuff",
					"pivot": [0, 5.5, 0]
				},
				{
					"name": "torso",
					"parent": "body",
					"pivot": [0, 1.25, 0],
					"cubes": [
						{"origin": [-4.5, 1.25, -4], "size": [9, 9, 8], "uv": [0, 0]}
					]
				},
				{
					"name": "mouth",
					"parent": "torso",
					"pivot": [0, 4, -4]
				},
				{
					"name": "mouth_closed",
					"parent": "mouth",
					"pivot": [0, 4, -4.01],
					"cubes": [
						{"origin": [-1, 3.5, -4.01], "size": [2, 1, 0], "uv": [55, 4]}
					]
				},
				{
					"name": "mouth_open",
					"parent": "mouth",
					"pivot": [0, 4, -3.91],
					"cubes": [
						{"origin": [-1, 3, -3.91], "size": [2, 2, 0], "uv": [60, 4]}
					]
				},
				{
					"name": "eyes",
					"parent": "torso",
					"pivot": [0, 6.5, -4.025]
				},
				{
					"name": "eye_right",
					"parent": "eyes",
					"pivot": [-2.5, 6.5, -4.01],
					"rotation": [0, 0, 2.5],
					"cubes": [
						{"origin": [-4, 5, -4.01], "size": [3, 3, 0], "uv": [58, 0], "mirror": true}
					]
				},
				{
					"name": "eyelid_right",
					"parent": "eye_right",
					"pivot": [-2.5, 6.5, -3.41],
					"cubes": [
						{"origin": [-4, 5, -3.91], "size": [3, 3, 1], "inflate": 0.01, "uv": [56, 12]}
					]
				},
				{
					"name": "eye_left",
					"parent": "eyes",
					"pivot": [2.5, 6.5, -4.01],
					"rotation": [0, 0, -2.5],
					"cubes": [
						{"origin": [1, 5, -4.01], "size": [3, 3, 0], "uv": [52, 0]}
					]
				},
				{
					"name": "eyelid_left",
					"parent": "eye_left",
					"pivot": [2.5, 6.5, -3.41],
					"cubes": [
						{"origin": [1, 5, -3.91], "size": [3, 3, 1], "inflate": 0.01, "uv": [56, 7]}
					]
				},
				{
					"name": "ear_right",
					"parent": "torso",
					"pivot": [-2.75, 9.25, 0.75],
					"rotation": [-5, 10, -30],
					"cubes": [
						{"origin": [-4.75, 9.25, -0.25], "size": [4, 4, 2], "uv": [38, 0]}
					]
				},
				{
					"name": "ear_left",
					"parent": "torso",
					"pivot": [2.75, 9.25, 0.75],
					"rotation": [-5, -10, 30],
					"cubes": [
						{"origin": [0.75, 9.25, -0.25], "size": [4, 4, 2], "uv": [26, 0]}
					]
				},
				{
					"name": "tuft",
					"parent": "torso",
					"pivot": [0, 9.75, -2.5],
					"rotation": [-15, 2.5, 25],
					"cubes": [
						{"origin": [-2, 7.25, -5], "size": [4, 4, 3], "uv": [0, 17]}
					]
				},
				{
					"name": "arm_right",
					"parent": "torso",
					"pivot": [-4.5, 5.5, -3],
					"cubes": [
						{"origin": [-7.25, 3.5, -4], "size": [3, 2, 1], "inflate": 0.01, "uv": [0, 3]}
					]
				},
				{
					"name": "arm_left",
					"parent": "torso",
					"pivot": [4.5, 5.5, -3],
					"cubes": [
						{"origin": [4.25, 3.5, -4], "size": [3, 2, 1], "inflate": 0.01, "uv": [0, 0]}
					]
				},
				{
					"name": "leg_right",
					"parent": "body",
					"pivot": [-2.75, 2.5, 0],
					"rotation": [0, 5, 0],
					"cubes": [
						{"origin": [-3.75, 0.5, -1], "size": [2, 2, 2], "uv": [34, 14]}
					]
				},
				{
					"name": "foot_right",
					"parent": "leg_right",
					"pivot": [-2.75, 1, 0],
					"cubes": [
						{"origin": [-4.25, 0, -1.5], "size": [3, 1, 3], "uv": [34, 10]}
					]
				},
				{
					"name": "foot_right2",
					"parent": "foot_right",
					"pivot": [-2.75, 0, -1.5],
					"cubes": [
						{"origin": [-4.25, 0, -3.5], "size": [3, 1, 2], "inflate": 0.01, "uv": [43, 10]}
					]
				},
				{
					"name": "leg_left",
					"parent": "body",
					"pivot": [2.75, 2.5, 0],
					"rotation": [0, -5, 0],
					"cubes": [
						{"origin": [1.75, 0.5, -1], "size": [2, 2, 2], "uv": [42, 14]}
					]
				},
				{
					"name": "foot_left",
					"parent": "leg_left",
					"pivot": [2.75, 1, 0],
					"rotation": [0, 0, 0],
					"cubes": [
						{"origin": [1.25, 0, -1.5], "size": [3, 1, 3], "uv": [34, 6]}
					]
				},
				{
					"name": "foot_left2",
					"parent": "foot_left",
					"pivot": [2.75, 0, -1.5],
					"cubes": [
						{"origin": [1.25, 0, -3.5], "size": [3, 1, 2], "inflate": 0.01, "uv": [43, 6]}
					]
				}
			]
		}
	]
}