{
	"format_version": "1.12.0",
	"minecraft:geometry": [
		{
			"description": {
				"identifier": "geometry.litten",
				"texture_width": 64,
				"texture_height": 64,
				"visible_bounds_width": 4,
				"visible_bounds_height": 2.5,
				"visible_bounds_offset": [0, 0.75, 0]
			},
			"bones": [
				{
					"name": "litten",
					"pivot": [0, 0, 0]
				},
				{
					"name": "body",
					"parent": "litten",
					"pivot": [0, 0, 0]
				},
				{
					"name": "torso",
					"parent": "body",
					"pivot": [0, 6.25, 3.5],
					"cubes": [
						{"origin": [-2.5, 4.5, -4], "size": [5, 5, 9], "uv": [0, 13]}
					]
				},
				{
					"name": "head",
					"parent": "torso",
					"pivot": [0, 8.75, -2.75],
					"cubes": [
						{"origin": [-4.5, 7.75, -7.25], "size": [9, 7, 6], "uv": [0, 0]},
						{"origin": [-0.5, 8.5, -7.275], "size": [1, 1, 0], "inflate": 0.01, "uv": [0, 36]}
					]
				},
				{
					"name": "eyes",
					"parent": "head",
					"pivot": [0, 0, 0]
				},
				{
					"name": "eye_right",
					"parent": "eyes",
					"pivot": [-3.025, 10.25, -6.775],
					"cubes": [
						{"origin": [-4.525, 8.75, -7.275], "size": [3, 3, 1], "inflate": 0.01, "uv": [0, 38], "mirror": true}
					]
				},
				{
					"name": "eye_left",
					"parent": "eyes",
					"pivot": [3.025, 10.25, -6.775],
					"cubes": [
						{"origin": [1.525, 8.75, -7.275], "size": [3, 3, 1], "inflate": 0.01, "uv": [0, 38]}
					]
				},
				{
					"name": "eyelid_right",
					"parent": "eyes",
					"pivot": [-2.925, 10.25, -6.675],
					"cubes": [
						{"origin": [-4.425, 8.75, -7.175], "size": [3, 3, 1], "inflate": 0.02, "uv": [0, 42], "mirror": true}
					]
				},
				{
					"name": "eyelid_left",
					"parent": "eyes",
					"pivot": [2.925, 10.25, -6.675],
					"cubes": [
						{"origin": [1.425, 8.75, -7.175], "size": [3, 3, 1], "inflate": 0.02, "uv": [0, 42]}
					]
				},
				{
					"name": "ear_right",
					"parent": "head",
					"pivot": [-2.75, 14.25, -4.75],
					"rotation": [-2.5, 10, -15],
					"cubes": [
						{"origin": [-4.75, 14.25, -4.75], "size": [4, 5, 0], "inflate": 0.01, "uv": [30, 4]}
					]
				},
				{
					"name": "ear_left",
					"parent": "head",
					"pivot": [2.75, 14.25, -4.75],
					"rotation": [-2.5, -10, 15],
					"cubes": [
						{"origin": [0.75, 14.25, -4.75], "size": [4, 5, 0], "inflate": 0.01, "uv": [0, 31]}
					]
				},
				{
					"name": "fluff",
					"parent": "head",
					"pivot": [0, 14.75, -5.25],
					"rotation": [-5, 0, 0],
					"cubes": [
						{"origin": [-1.5, 14.75, -5.25], "size": [3, 2, 0], "inflate": 0.01, "uv": [0, 0]}
					]
				},
				{
					"name": "whisker_right",
					"parent": "head",
					"pivot": [-4.25, 8.75, -5.5],
					"rotation": [0, -5, -15],
					"cubes": [
						{"origin": [-9.25, 6.75, -5.5], "size": [5, 4, 0], "inflate": 0.01, "uv": [24, 0]}
					]
				},
				{
					"name": "whisker_left",
					"parent": "head",
					"pivot": [4.25, 8.75, -5.5],
					"rotation": [0, 5, 15],
					"cubes": [
						{"origin": [4.25, 6.75, -5.5], "size": [5, 4, 0], "inflate": 0.01, "uv": [0, 27]}
					]
				},
				{
					"name": "fur_back",
					"parent": "torso",
					"pivot": [0, 5.5, 1.25],
					"cubes": [
						{"origin": [0, 5.5, -0.25], "size": [0, 4, 3], "uv": [0, 10]}
					]
				},
				{
					"name": "tail1",
					"parent": "torso",
					"pivot": [0, 8.75, 4.5],
					"cubes": [
						{"origin": [0, 7.75, 4.5], "size": [0, 2, 3], "inflate": 0.01, "uv": [16, 24]}
					]
				},
				{
					"name": "tail2",
					"parent": "tail1",
					"pivot": [0, 8.75, 7.5],
					"cubes": [
						{"origin": [0, 7.75, 7.5], "size": [0, 2, 3], "inflate": 0.02, "uv": [24, 1]}
					]
				},
				{
					"name": "tail3",
					"parent": "tail2",
					"pivot": [0, 8.75, 10.5],
					"cubes": [
						{"origin": [0, 7.75, 10.5], "size": [0, 2, 3], "inflate": 0.01, "uv": [19, 17]}
					]
				},
				{
					"name": "tail4",
					"parent": "tail3",
					"pivot": [0, 8.75, 13.5],
					"cubes": [
						{"origin": [0, 7.75, 13.5], "size": [0, 2, 3], "inflate": 0.02, "uv": [0, 0]}
					]
				},
				{
					"name": "tail5",
					"parent": "tail4",
					"pivot": [0, 8.75, 16.5],
					"cubes": [
						{"origin": [0, 6.75, 16.5], "size": [0, 4, 3], "inflate": 0.01, "uv": [0, 14]}
					]
				},
				{
					"name": "leg_front_right1",
					"parent": "body",
					"pivot": [-2.5, 5, -2.25],
					"rotation": [5, 0, 0],
					"cubes": [
						{"origin": [-3, 4, -3.25], "size": [2, 3, 2], "inflate": 0.01, "uv": [28, 18]}
					]
				},
				{
					"name": "leg_front_right2",
					"parent": "leg_front_right1",
					"pivot": [-2.5, 4, -1.25],
					"rotation": [-15, 0, 0],
					"cubes": [
						{"origin": [-3, 1.25, -3.25], "size": [2, 3, 2], "uv": [28, 11]}
					]
				},
				{
					"name": "leg_front_right3",
					"parent": "leg_front_right2",
					"pivot": [-2.5, 1.75, -2.25],
					"rotation": [10, 0, 0],
					"cubes": [
						{"origin": [-3, -0.25, -3.5], "size": [2, 2, 2], "inflate": 0.01, "uv": [33, 29]},
						{"origin": [-2.5, -0.275, -3], "size": [1, 0, 1], "inflate": 0.01, "uv": [8, 38], "mirror": true}
					]
				},
				{
					"name": "leg_front_left1",
					"parent": "body",
					"pivot": [2.5, 5, -2.25],
					"rotation": [5, 0, 0],
					"cubes": [
						{"origin": [1, 4, -3.25], "size": [2, 3, 2], "inflate": 0.01, "uv": [26, 31]}
					]
				},
				{
					"name": "leg_front_left2",
					"parent": "leg_front_left1",
					"pivot": [2.5, 4, -1.25],
					"rotation": [-15, 0, 0],
					"cubes": [
						{"origin": [1, 1.25, -3.25], "size": [2, 3, 2], "uv": [18, 29]}
					]
				},
				{
					"name": "leg_front_left3",
					"parent": "leg_front_left2",
					"pivot": [2.5, 1.75, -2.25],
					"rotation": [10, 0, 0],
					"cubes": [
						{"origin": [1, -0.25, -3.5], "size": [2, 2, 2], "inflate": 0.01, "uv": [34, 0]},
						{"origin": [1.5, -0.275, -3], "size": [1, 0, 1], "inflate": 0.01, "uv": [8, 38]}
					]
				},
				{
					"name": "leg_back_right1",
					"parent": "body",
					"pivot": [-2, 6.25, 3.5],
					"rotation": [5, 0, 0],
					"cubes": [
						{"origin": [-3, 3.75, 1.75], "size": [2, 4, 3], "inflate": 0.01, "uv": [19, 13]}
					]
				},
				{
					"name": "leg_back_right2",
					"parent": "leg_back_right1",
					"pivot": [-2, 3.75, 4.75],
					"rotation": [-17.5, 0, 0],
					"cubes": [
						{"origin": [-3, 1, 3.25], "size": [2, 3, 2], "uv": [10, 27]}
					]
				},
				{
					"name": "leg_back_right3",
					"parent": "leg_back_right2",
					"pivot": [-2, 1.25, 4.25],
					"rotation": [12.5, 0, 0],
					"cubes": [
						{"origin": [-3, -0.25, 3], "size": [2, 2, 2], "inflate": 0.01, "uv": [32, 23]},
						{"origin": [-2.5, -0.275, 3.5], "size": [1, 0, 1], "inflate": 0.01, "uv": [8, 38], "mirror": true}
					]
				},
				{
					"name": "leg_back_left1",
					"parent": "body",
					"pivot": [2, 6.25, 3.5],
					"rotation": [5, 0, 0],
					"cubes": [
						{"origin": [1, 3.75, 1.75], "size": [2, 4, 3], "inflate": 0.01, "uv": [25, 24]}
					]
				},
				{
					"name": "leg_back_left2",
					"parent": "leg_back_left1",
					"pivot": [2, 3.75, 4.75],
					"rotation": [-17.5, 0, 0],
					"cubes": [
						{"origin": [1, 1, 3.25], "size": [2, 3, 2], "uv": [8, 32]}
					]
				},
				{
					"name": "leg_back_left3",
					"parent": "leg_back_left2",
					"pivot": [2, 1.25, 4.25],
					"rotation": [12.5, 0, 0],
					"cubes": [
						{"origin": [1, -0.25, 3], "size": [2, 2, 2], "inflate": 0.01, "uv": [34, 9]},
						{"origin": [1.5, -0.275, 3.5], "size": [1, 0, 1], "inflate": 0.01, "uv": [8, 38]}
					]
				}
			]
		}
	]
}