{
	"format_version": "1.12.0",
	"minecraft:geometry": [
		{
			"description": {
				"identifier": "geometry.lombre",
				"texture_width": 64,
				"texture_height": 64,
				"visible_bounds_width": 3,
				"visible_bounds_height": 2.5,
				"visible_bounds_offset": [0, 0.75, 0]
			},
			"bones": [
				{
					"name": "lombre",
					"pivot": [0, 0, 0]
				},
				{
					"name": "body",
					"parent": "lombre",
					"pivot": [0, 8, 0]
				},
				{
					"name": "torso",
					"parent": "body",
					"pivot": [0, 4, 0],
					"cubes": [
						{"origin": [-2.5, 4, -2], "size": [5, 6, 4], "uv": [34, 29]}
					]
				},
				{
					"name": "head",
					"parent": "torso",
					"pivot": [0, 10, -0.5],
					"cubes": [
						{"origin": [-8.5, 17, -9], "size": [17, 3, 0], "uv": [26, 26]},
						{"origin": [-8.5, 17, -9], "size": [0, 3, 17], "uv": [0, 3]},
						{"origin": [-8.5, 17, 8], "size": [17, 3, 0], "uv": [26, 23]},
						{"origin": [8.5, 17, -9], "size": [0, 3, 17], "uv": [0, 0]},
						{"origin": [-8.5, 17.01, -9], "size": [17, 0, 17], "uv": [0, 0]},
						{"origin": [-4.5, 10, -4.5], "size": [9, 7, 8], "uv": [0, 23]},
						{"origin": [-4.5, 17, -4.5], "size": [9, 7, 8], "uv": [0, 49]},
						{"origin": [-3.5, 11, -6.5], "size": [0, 2, 2], "uv": [11, 5]},
						{"origin": [-3.5, 13, -6.5], "size": [7, 0, 2], "uv": [0, 0]},
						{"origin": [3.5, 11, -6.5], "size": [0, 2, 2], "uv": [11, 0]},
						{"origin": [-3.5, 11, -6.5], "size": [7, 2, 0], "uv": [34, 20]}
					]
				},
				{
					"name": "eye_left",
					"parent": "head",
					"pivot": [0, 10, -0.5],
					"cubes": [
						{"origin": [1.51, 13, -4.51], "size": [3, 2, 1], "uv": [24, 44]}
					]
				},
				{
					"name": "eyelid_left",
					"parent": "eye_left",
					"pivot": [-0.1, 10, -0.4],
					"cubes": [
						{"origin": [1.41, 13, -4.41], "size": [3, 2, 1], "inflate": 0.01, "uv": [32, 44]}
					]
				},
				{
					"name": "eye_right",
					"parent": "head",
					"pivot": [0, 10.25, -0.5],
					"cubes": [
						{"origin": [-4.51, 13, -4.51], "size": [3, 2, 1], "uv": [0, 28]}
					]
				},
				{
					"name": "eyelid_right",
					"parent": "eye_right",
					"pivot": [0.1, 10.25, -0.15],
					"cubes": [
						{"origin": [-4.41, 13, -4.41], "size": [3, 2, 1], "inflate": 0.01, "uv": [16, 43]}
					]
				},
				{
					"name": "jaw",
					"parent": "head",
					"pivot": [0, 12.5, -4.4],
					"cubes": [
						{"origin": [-3.5, 11, -6.4], "size": [7, 1, 2], "uv": [34, 17]}
					]
				},
				{
					"name": "arm_right",
					"parent": "torso",
					"pivot": [-2.5, 9, 0],
					"cubes": [
						{"origin": [-6.25, 7.5, -1.5], "size": [4, 2, 3], "uv": [0, 38]}
					]
				},
				{
					"name": "arm_right2",
					"parent": "arm_right",
					"pivot": [-6.25, 8.5, 1.5],
					"cubes": [
						{"origin": [-10.25, 7.5, -1.5], "size": [4, 2, 3], "inflate": -0.001, "uv": [0, 12]}
					]
				},
				{
					"name": "hand_right",
					"parent": "arm_right2",
					"pivot": [-10.25, 9.5, 0],
					"cubes": [
						{"origin": [-13.25, 7.5, -1.5], "size": [3, 2, 3], "inflate": -0.001, "uv": [26, 39]},
						{"origin": [-14.25, 8, -0.5], "size": [1, 1, 0], "inflate": -0.001, "uv": [13, 4]},
						{"origin": [-14.25, 8, -1.3], "size": [1, 1, 0], "inflate": -0.001, "uv": [0, 13]},
						{"origin": [-14.25, 8, 1.3], "size": [1, 1, 0], "inflate": -0.001, "uv": [11, 12]},
						{"origin": [-14.25, 8, 0.5], "size": [1, 1, 0], "inflate": -0.001, "uv": [0, 12]}
					]
				},
				{
					"name": "arm_left",
					"parent": "torso",
					"pivot": [2.5, 9, 0],
					"cubes": [
						{"origin": [2.25, 7.5, -1.5], "size": [4, 2, 3], "uv": [0, 7]}
					]
				},
				{
					"name": "arm_left2",
					"parent": "arm_left",
					"pivot": [6.25, 8.5, 1.5],
					"cubes": [
						{"origin": [6.25, 7.5, -1.5], "size": [4, 2, 3], "inflate": -0.001, "uv": [0, 2]}
					]
				},
				{
					"name": "hand_left",
					"parent": "arm_left2",
					"pivot": [10.25, 9.5, 0],
					"cubes": [
						{"origin": [10.25, 7.5, -1.5], "size": [3, 2, 3], "inflate": -0.001, "uv": [14, 38]},
						{"origin": [13.25, 8, -0.5], "size": [1, 1, 0], "inflate": -0.001, "uv": [11, 9]},
						{"origin": [13.25, 8, -1.3], "size": [1, 1, 0], "inflate": -0.001, "uv": [11, 4]},
						{"origin": [13.25, 8, 1.3], "size": [1, 1, 0], "inflate": -0.001, "uv": [0, 9]},
						{"origin": [13.25, 8, 0.5], "size": [1, 1, 0], "inflate": -0.001, "uv": [0, 0]}
					]
				},
				{
					"name": "leg_left",
					"parent": "body",
					"pivot": [2, 4.5, -0.5],
					"cubes": [
						{"origin": [1, 2, -1.5], "size": [2, 3, 2], "inflate": -0.001, "uv": [38, 39]}
					]
				},
				{
					"name": "foot_left",
					"parent": "leg_left",
					"pivot": [2, 2, -1.5],
					"cubes": [
						{"origin": [1, 0, -1.5], "size": [2, 2, 2], "uv": [8, 43]},
						{"origin": [1.25, 0, -2.5], "size": [0, 1, 1], "uv": [0, 7]},
						{"origin": [2.75, 0, -2.5], "size": [0, 1, 1], "uv": [0, 6]},
						{"origin": [2, 0, -2.5], "size": [0, 1, 1], "uv": [0, 3]}
					]
				},
				{
					"name": "leg_right",
					"parent": "body",
					"pivot": [-2, 4.5, -0.5],
					"cubes": [
						{"origin": [-3, 2, -1.5], "size": [2, 3, 2], "inflate": -0.001, "uv": [0, 23]}
					]
				},
				{
					"name": "foot_right",
					"parent": "leg_right",
					"pivot": [-2, 2, -1.5],
					"cubes": [
						{"origin": [-3, 0, -1.5], "size": [2, 2, 2], "uv": [0, 43]},
						{"origin": [-1.25, 0, -2.5], "size": [0, 1, 1], "uv": [0, 2]},
						{"origin": [-2.75, 0, -2.5], "size": [0, 1, 1], "uv": [0, 1]},
						{"origin": [-2, 0, -2.5], "size": [0, 1, 1], "uv": [0, 0]}
					]
				}
			]
		}
	]
}