{
	"format_version": "1.12.0",
	"minecraft:geometry": [
		{
			"description": {
				"identifier": "geometry.slowbro",
				"texture_width": 128,
				"texture_height": 128,
				"visible_bounds_width": 4,
				"visible_bounds_height": 3.5,
				"visible_bounds_offset": [0, 1.25, 0]
			},
			"bones": [
				{
					"name": "slowbro",
					"pivot": [0, 0, 0]
				},
				{
					"name": "body",
					"parent": "slowbro",
					"pivot": [0, 11, 1]
				},
				{
					"name": "torso",
					"parent": "body",
					"pivot": [-0.5, 5, 0.5],
					"rotation": [7.5, 0, 0],
					"cubes": [
						{"origin": [-4.5, 3, -3.5], "size": [9, 11, 8], "uv": [0, 0]}
					]
				},
				{
					"name": "head",
					"parent": "torso",
					"pivot": [0, 13.5, 0],
					"cubes": [
						{"origin": [-3.5, 15, -6.5], "size": [7, 2, 3], "uv": [50, 0]},
						{"origin": [1.5, 14.75, -6.25], "size": [1, 1, 0], "pivot": [2, 15.25, -6.25], "rotation": [0, 0, 45], "uv": [34, 9]},
						{"origin": [-2.5, 14.75, -6.25], "size": [1, 1, 0], "pivot": [-2, 15.25, -6.25], "rotation": [0, 0, -45], "uv": [34, 8]},
						{"origin": [-4, 13.5, -4], "size": [8, 7, 7], "uv": [23, 27]}
					]
				},
				{
					"name": "Hat",
					"parent": "head",
					"pivot": [7.75, 23.5, 3.5],
					"rotation": [-30, 0, 0],
					"cubes": [
						{"origin": [-4.5, 18, -1.5], "size": [9, 5, 9], "uv": [40, 114]},
						{"origin": [-5, 16, -2], "size": [10, 3, 10], "inflate": 0.025, "uv": [0, 115]},
						{"origin": [4.5, 23.72114, -10.50632], "size": [3, 3, 6], "inflate": 0.001, "pivot": [-2, 20, -2], "rotation": [0, -90, 45], "uv": [58, 114]},
						{"origin": [6.25, 15.32685, 5.38797], "size": [3, 3, 3], "inflate": 0.2, "pivot": [7.75, 20, 6], "rotation": [0, -90, -12.5], "uv": [76, 122]}
					]
				},
				{
					"name": "ear_left",
					"parent": "head",
					"pivot": [3.38388, 19.88388, -1],
					"rotation": [0, 0, 45],
					"cubes": [
						{"origin": [1.88388, 19.7981, -1.5], "size": [3, 3, 1], "uv": [0, 4]}
					]
				},
				{
					"name": "ear_right",
					"parent": "head",
					"pivot": [-3.38388, 19.88388, -1],
					"rotation": [0, 0, -45],
					"cubes": [
						{"origin": [-4.88388, 19.7981, -1.5], "size": [3, 3, 1], "uv": [0, 0]}
					]
				},
				{
					"name": "eye_left",
					"parent": "head",
					"pivot": [3.135, 18.375, -3.5125],
					"cubes": [
						{"origin": [2.01, 16.75, -4.01], "size": [2, 3, 1], "uv": [32, 41]},
						{"origin": [2.76, 18, -4.015], "size": [1, 1, 1], "uv": [38, 41]}
					]
				},
				{
					"name": "eyelid_left",
					"parent": "eye_left",
					"pivot": [2.91, 18.25, -3.41],
					"cubes": [
						{"origin": [1.91, 16.75, -3.91], "size": [2, 3, 1], "inflate": 0.01, "uv": [15, 34]}
					]
				},
				{
					"name": "eye_right",
					"parent": "head",
					"pivot": [-3.135, 18.375, -3.5125],
					"cubes": [
						{"origin": [-4.01, 16.75, -4.01], "size": [2, 3, 1], "uv": [0, 34]},
						{"origin": [-3.76, 18, -4.015], "size": [1, 1, 1], "uv": [19, 38]}
					]
				},
				{
					"name": "eyelid_right",
					"parent": "eye_right",
					"pivot": [-2.91, 18.25, -3.41],
					"cubes": [
						{"origin": [-3.91, 16.75, -3.91], "size": [2, 3, 1], "inflate": 0.01, "uv": [26, 0]}
					]
				},
				{
					"name": "jaw",
					"parent": "head",
					"pivot": [0, 15, -4],
					"cubes": [
						{"origin": [-3, 14, -6], "size": [6, 1, 2], "uv": [50, 43]}
					]
				},
				{
					"name": "arm_left",
					"parent": "torso",
					"pivot": [4, 11.25, -1.75],
					"cubes": [
						{"origin": [1.5, 9.75, -3.25], "size": [5, 3, 3], "inflate": 0.001, "uv": [18, 51]}
					]
				},
				{
					"name": "arm_left2",
					"parent": "arm_left",
					"pivot": [6.5, 12.75, -1.75],
					"cubes": [
						{"origin": [6.5, 9.75, -3.25], "size": [4, 3, 3], "uv": [48, 51]}
					]
				},
				{
					"name": "finger_left",
					"parent": "arm_left2",
					"pivot": [10, 11.25, -3],
					"cubes": [
						{"origin": [9.5, 10.75, -3], "size": [2, 1, 0], "uv": [0, 45]}
					]
				},
				{
					"name": "finger_left2",
					"parent": "arm_left2",
					"pivot": [10, 11.25, -1.75],
					"cubes": [
						{"origin": [9.5, 10.75, -1.75], "size": [2, 1, 0], "uv": [42, 14]}
					]
				},
				{
					"name": "finger_left3",
					"parent": "arm_left2",
					"pivot": [10, 11.25, -0.5],
					"cubes": [
						{"origin": [9.5, 10.75, -0.5], "size": [2, 1, 0], "uv": [38, 14]}
					]
				},
				{
					"name": "arm_right",
					"parent": "torso",
					"pivot": [-4, 11.25, -1.75],
					"cubes": [
						{"origin": [-6.5, 9.75, -3.25], "size": [5, 3, 3], "inflate": 0.001, "uv": [34, 8]}
					]
				},
				{
					"name": "arm_right2",
					"parent": "arm_right",
					"pivot": [-6.5, 12.75, -1.75],
					"cubes": [
						{"origin": [-10.5, 9.75, -3.25], "size": [4, 3, 3], "uv": [34, 51]}
					]
				},
				{
					"name": "finger_right",
					"parent": "arm_right2",
					"pivot": [-10, 11.25, -3],
					"cubes": [
						{"origin": [-11.5, 10.75, -3], "size": [2, 1, 0], "uv": [34, 14]}
					]
				},
				{
					"name": "finger_right2",
					"parent": "arm_right2",
					"pivot": [-10, 11.25, -1.75],
					"cubes": [
						{"origin": [-11.5, 10.75, -1.75], "size": [2, 1, 0], "uv": [25, 23]}
					]
				},
				{
					"name": "finger_right3",
					"parent": "arm_right2",
					"pivot": [-10, 11.25, -0.5],
					"cubes": [
						{"origin": [-11.5, 10.75, -0.5], "size": [2, 1, 0], "uv": [0, 23]}
					]
				},
				{
					"name": "tail",
					"parent": "torso",
					"pivot": [0, 6.5, 3.5],
					"cubes": [
						{"origin": [-2.5, 4, 2.5], "size": [5, 5, 5], "uv": [17, 41]}
					]
				},
				{
					"name": "tail2",
					"parent": "tail",
					"pivot": [0, 6.5, 6.6],
					"cubes": [
						{"origin": [-2, 4.5, 5.5], "size": [4, 4, 7], "uv": [0, 34]}
					]
				},
				{
					"name": "shell",
					"parent": "tail2",
					"pivot": [0, 6.5, 9.7],
					"rotation": [35, 0, 0],
					"cubes": [
						{"origin": [-5, 1.5, 9], "size": [10, 10, 5], "uv": [0, 19]},
						{"origin": [2.5, -0.5, 10], "size": [0, 2, 2], "pivot": [2.5, 1.5, 11], "rotation": [0, 0, -27.5], "uv": [0, 19]},
						{"origin": [-2.5, -0.5, 10], "size": [0, 2, 2], "pivot": [-2.5, 1.5, 11], "rotation": [0, 0, 27.5], "uv": [0, 17]},
						{"origin": [-4, 2.5, 14], "size": [8, 8, 4], "uv": [30, 15]},
						{"origin": [3.75, 6.5, 15], "size": [2, 0, 2], "uv": [23, 21]},
						{"origin": [-5.75, 6.5, 15], "size": [2, 0, 2], "uv": [23, 19]},
						{"origin": [0, 10.25, 15], "size": [0, 2, 2], "uv": [26, 2]},
						{"origin": [-3, 3.5, 18], "size": [6, 6, 3], "uv": [50, 8]},
						{"origin": [3, 7.5, 19], "size": [1, 0, 1], "pivot": [3, 7.5, 19.5], "rotation": [0, 0, -20], "uv": [29, 5]},
						{"origin": [-4, 7.5, 19], "size": [1, 0, 1], "pivot": [-3, 7.5, 19.5], "rotation": [0, 0, 20], "uv": [29, 4]},
						{"origin": [-1.5, 5, 21], "size": [3, 3, 3], "uv": [71, 0]},
						{"origin": [-2.5, 6.5, 23], "size": [5, 0, 5], "uv": [113, 59]},
						{"origin": [0, 8, 21.75], "size": [0, 1, 1], "uv": [20, 33]},
						{"origin": [0, 4.25, 21.75], "size": [0, 1, 1], "uv": [5, 33]}
					]
				},
				{
					"name": "shell_eye_left",
					"parent": "shell",
					"pivot": [2.26, 11.01, 11.25],
					"rotation": [0, -10, 0],
					"cubes": [
						{"origin": [0.76, 10.51, 9.75], "size": [3, 1, 3], "uv": [93, 8]}
					]
				},
				{
					"name": "shell_eyelid_left",
					"parent": "shell_eye_left",
					"pivot": [2.26, 10.91, 11.25],
					"cubes": [
						{"origin": [0.76, 10.41, 9.75], "size": [3, 1, 3], "inflate": 0.01, "uv": [81, 8]}
					]
				},
				{
					"name": "shell_eye_right",
					"parent": "shell",
					"pivot": [-2.26, 11.01, 11.25],
					"rotation": [0, 10, 0],
					"cubes": [
						{"origin": [-3.76, 10.51, 9.75], "size": [3, 1, 3], "uv": [55, 46]}
					]
				},
				{
					"name": "shell_eyelid_right",
					"parent": "shell_eye_right",
					"pivot": [-2.26, 10.91, 11.25],
					"cubes": [
						{"origin": [-3.76, 10.41, 9.75], "size": [3, 1, 3], "inflate": 0.01, "uv": [54, 23]}
					]
				},
				{
					"name": "shell_jaw",
					"parent": "shell",
					"pivot": [0, 2.5, 9],
					"rotation": [-25, 0, 0],
					"cubes": [
						{"origin": [-4.5, 2.5, 3], "size": [9, 2, 6], "uv": [26, 0]}
					]
				},
				{
					"name": "leg_left",
					"parent": "body",
					"pivot": [4, 5, 0.5],
					"cubes": [
						{"origin": [2.5, 2.5, -2], "size": [4, 5, 5], "uv": [0, 46]}
					]
				},
				{
					"name": "leg_left2",
					"parent": "leg_left",
					"pivot": [4.5, 2.5, -0.5],
					"cubes": [
						{"origin": [3, 0.5, -0.5], "size": [3, 3, 3], "uv": [69, 8]}
					]
				},
				{
					"name": "foot_left",
					"parent": "leg_left2",
					"pivot": [4.5, 1.5, 2],
					"cubes": [
						{"origin": [2.5, 0, -2], "size": [4, 2, 5], "inflate": 0.001, "uv": [50, 36]},
						{"origin": [5, 0, -3.5], "size": [1, 1, 2], "uv": [36, 43]},
						{"origin": [3, 0, -3.5], "size": [1, 1, 2], "uv": [47, 8]}
					]
				},
				{
					"name": "leg_right",
					"parent": "body",
					"pivot": [-4, 5, 0.5],
					"cubes": [
						{"origin": [-6.5, 2.5, -2], "size": [4, 5, 5], "uv": [37, 41]}
					]
				},
				{
					"name": "leg_right2",
					"parent": "leg_right",
					"pivot": [-4.5, 2.5, -0.5],
					"cubes": [
						{"origin": [-6, 0.5, -0.5], "size": [3, 3, 3], "uv": [54, 17]}
					]
				},
				{
					"name": "foot_right",
					"parent": "leg_right2",
					"pivot": [-4.5, 1.5, 2],
					"cubes": [
						{"origin": [-6.5, 0, -2], "size": [4, 2, 5], "inflate": 0.001, "uv": [46, 27]},
						{"origin": [-6, 0, -3.5], "size": [1, 1, 2], "uv": [15, 38]},
						{"origin": [-4, 0, -3.5], "size": [1, 1, 2], "uv": [0, 38]}
					]
				}
			]
		}
	]
}