{
	"format_version": "1.12.0",
	"minecraft:geometry": [
		{
			"description": {
				"identifier": "geometry.solrock",
				"texture_width": 64,
				"texture_height": 64,
				"visible_bounds_width": 3,
				"visible_bounds_height": 3.5,
				"visible_bounds_offset": [0, 1.25, 0]
			},
			"bones": [
				{
					"name": "solrock",
					"pivot": [0, 0, 0]
				},
				{
					"name": "body",
					"parent": "solrock",
					"pivot": [0, 14, 0],
					"cubes": [
						{"origin": [-5.5, 8.5, -5.5], "size": [11, 11, 11], "uv": [0, 0]}
					]
				},
				{
					"name": "eyes",
					"parent": "body",
					"pivot": [0, 13.5, 0]
				},
				{
					"name": "eye_left",
					"parent": "eyes",
					"pivot": [3.5, 14, -5.51],
					"cubes": [
						{"origin": [1, 11.5, -5.51], "size": [5, 5, 0], "uv": [49, 30]}
					]
				},
				{
					"name": "eyelid_left",
					"parent": "eye_left",
					"pivot": [3.5, 14, -4.5],
					"cubes": [
						{"origin": [2, 12.5, -5.41], "size": [3, 3, 1], "inflate": 0.01, "uv": [0, 3]}
					]
				},
				{
					"name": "eyelash_left",
					"parent": "eye_left",
					"pivot": [3.5, 14, -5.53],
					"cubes": [
						{"origin": [2, 12.5, -5.53], "size": [3, 3, 0], "uv": [0, 0]}
					]
				},
				{
					"name": "eye_right",
					"parent": "eyes",
					"pivot": [-3.5, 14, -5.51],
					"cubes": [
						{"origin": [-6, 11.5, -5.51], "size": [5, 5, 0], "uv": [49, 30], "mirror": true}
					]
				},
				{
					"name": "eyelid_right",
					"parent": "eye_right",
					"pivot": [-3.5, 14, -4.5],
					"cubes": [
						{"origin": [-5, 12.5, -5.41], "size": [3, 3, 1], "inflate": 0.01, "uv": [0, 3], "mirror": true}
					]
				},
				{
					"name": "eyelash_right",
					"parent": "eye_right",
					"pivot": [-3.5, 14, -5.53],
					"cubes": [
						{"origin": [-5, 12.5, -5.53], "size": [3, 3, 0], "uv": [0, 0], "mirror": true}
					]
				},
				{
					"name": "rock_edges",
					"parent": "body",
					"pivot": [0, 1.5, 0.1]
				},
				{
					"name": "rock_edge_main",
					"parent": "rock_edges",
					"pivot": [0, 1.5, 0]
				},
				{
					"name": "rock_edge_left",
					"parent": "rock_edge_main",
					"pivot": [-5.5, 14, 0.4],
					"cubes": [
						{"origin": [-7.5, 13, -1.5], "size": [2, 2, 4], "uv": [0, 22], "mirror": true},
						{"origin": [-10, 13, -1.7], "size": [3, 2, 4], "inflate": 0.01, "pivot": [-8, 14, 1], "rotation": [0, -11.5, 0], "uv": [12, 22], "mirror": true},
						{"origin": [-14, 13, -1.3], "size": [4, 2, 3], "pivot": [-8, 14, 1], "rotation": [0, -11.5, 0], "uv": [26, 22], "mirror": true}
					]
				},
				{
					"name": "rock_edge_right",
					"parent": "rock_edge_main",
					"pivot": [5.5, 14, 0.9],
					"cubes": [
						{"origin": [5.5, 13, -1.4], "size": [2, 2, 4], "uv": [0, 28]},
						{"origin": [6.5, 13, -1.7], "size": [3, 2, 5], "inflate": 0.01, "pivot": [8, 14, 1.1], "rotation": [0, -13.5, 0], "uv": [12, 28]},
						{"origin": [9.5, 13, -1.2], "size": [4, 2, 3], "pivot": [8, 14, 1.1], "rotation": [0, -13.5, 0], "uv": [23, 28]}
					]
				},
				{
					"name": "rock_edge_up",
					"parent": "rock_edge_main",
					"pivot": [0, 19.5, 0.66],
					"cubes": [
						{"origin": [-1, 19.5, -2], "size": [2, 2, 5], "uv": [0, 34]},
						{"origin": [-1, 20.6, -1.6], "size": [2, 3, 5], "inflate": 0.01, "pivot": [0, 22, 0.5], "rotation": [-22.5, 0, 0], "uv": [14, 35]},
						{"origin": [-1, 23.6, -1.5], "size": [2, 4, 4], "pivot": [0, 22, 0.5], "rotation": [-22.5, 0, 0], "uv": [28, 33]}
					]
				},
				{
					"name": "rock_edge_down",
					"parent": "rock_edge_main",
					"pivot": [0, 8.5, 0.5],
					"cubes": [
						{"origin": [-1, 6.5, -2], "size": [2, 2, 5], "uv": [0, 41]},
						{"origin": [-1, 4.4, -2.4], "size": [2, 3, 5], "inflate": 0.01, "pivot": [0, 6, 0.5], "rotation": [-22.5, 0, 0], "uv": [9, 43]},
						{"origin": [-1, 0.4, -1.7], "size": [2, 4, 4], "pivot": [0, 6, 0.5], "rotation": [-22.5, 0, 0], "uv": [23, 43]}
					]
				},
				{
					"name": "rock_edge_small",
					"parent": "rock_edges",
					"pivot": [0, 1.5, 0.1]
				},
				{
					"name": "rock_edge_up_left",
					"parent": "rock_edge_small",
					"pivot": [-4.7, 18.82683, 0.66965],
					"rotation": [0, 0, -45],
					"cubes": [
						{"origin": [-5.77071, 18.84645, -1.5], "size": [2, 3, 4], "inflate": 0.01, "uv": [41, 0], "mirror": true},
						{"origin": [-5.67071, 21.74645, -1.3], "size": [2, 2, 3], "inflate": 0.01, "pivot": [-4.57071, 22.84645, 0.2], "rotation": [0, 0, 2.5], "uv": [53, 0], "mirror": true}
					]
				},
				{
					"name": "rock_edge_up_right",
					"parent": "rock_edge_small",
					"pivot": [4.6, 18.62683, 0.66965],
					"rotation": [0, 0, 45],
					"cubes": [
						{"origin": [3.6, 18.65858, -1.5], "size": [2, 3, 4], "inflate": 0.01, "uv": [44, 7]},
						{"origin": [3.6, 21.05858, -0.8], "size": [2, 4, 3], "pivot": [4.6, 20.95858, 0.5], "rotation": [-22.5, 0, 0], "uv": [53, 11]}
					]
				},
				{
					"name": "rock_edge_down_right",
					"parent": "rock_edge_small",
					"pivot": [4.6, 9.47317, 0.66965],
					"rotation": [0, 0, -55],
					"cubes": [
						{"origin": [3.54264, 5.48192, -1.5], "size": [2, 4, 4], "inflate": 0.01, "pivot": [4.54264, 6.132, 0.85736], "rotation": [-2.5, 0, 0], "uv": [45, 14]},
						{"origin": [3.54264, 2.23674, -0.58593], "size": [2, 4, 3], "pivot": [4.54264, 6.132, 0.85736], "rotation": [10, 0, 0], "uv": [54, 19]}
					]
				},
				{
					"name": "rock_edge_down_left",
					"parent": "rock_edge_small",
					"pivot": [-4.25, 9.97317, 0.66965],
					"rotation": [0, 0, 45],
					"cubes": [
						{"origin": [-5.25, 5.9, -1.5], "size": [2, 4, 4], "inflate": 0.01, "pivot": [-4.25, 6.55009, 0.85736], "rotation": [-2.5, 0, 0], "uv": [46, 22], "mirror": true},
						{"origin": [-5.25, 2.65483, -1.38593], "size": [2, 4, 3], "pivot": [-4.25, 6.55009, 0.85736], "rotation": [10, 0, 0], "uv": [39, 27], "mirror": true}
					]
				}
			]
		}
	]
}