{
	"format_version": "1.12.0",
	"minecraft:geometry": [
		{
			"description": {
				"identifier": "geometry.rookidee",
				"texture_width": 64,
				"texture_height": 32,
				"visible_bounds_width": 4,
				"visible_bounds_height": 2.5,
				"visible_bounds_offset": [0, 0.75, 0]
			},
			"bones": [
				{
					"name": "rookidee",
					"pivot": [0, 0, 0]
				},
				{
					"name": "body",
					"parent": "rookidee",
					"pivot": [0, 5, 0]
				},
				{
					"name": "torso",
					"parent": "body",
					"pivot": [0, 3.75, -0.25],
					"rotation": [-2.5, 0, 0],
					"cubes": [
						{"origin": [-2.5, 10.4, -3.5], "size": [5, 2, 5], "uv": [44, 25]},
						{"origin": [-1, 12.4, -2], "size": [2, 2, 2], "uv": [54, 26]},
						{"origin": [-2.5, 9.4, -3.5], "size": [5, 1, 5], "inflate": 0.25, "uv": [44, 19]},
						{"origin": [-3.5, 2.25, -4.75], "size": [7, 7, 7], "uv": [0, 0]},
						{"origin": [-1, 5.75, -6.75], "size": [2, 1, 2], "inflate": 0.01, "uv": [19, 24]},
						{"origin": [-3.5, 9.25, -4.75], "size": [0, 2, 5], "uv": [0, 21]},
						{"origin": [3.5, 9.25, -4.75], "size": [0, 2, 5], "uv": [11, 19]},
						{"origin": [0.5, 9.25, -4.75], "size": [3, 2, 0], "uv": [0, 2]},
						{"origin": [-3.5, 9.25, -4.75], "size": [3, 2, 0], "uv": [0, 0]}
					]
				},
				{
					"name": "eye_right",
					"parent": "torso",
					"pivot": [1.75, 3, 0.25],
					"cubes": [
						{"origin": [-2.76, 6, -4.76], "size": [1, 2, 0], "uv": [0, 16]}
					]
				},
				{
					"name": "eyelid_right",
					"parent": "eye_right",
					"pivot": [-2.26, 7, -4.76],
					"cubes": [
						{"origin": [-2.76, 6, -4.66], "size": [1, 2, 0], "inflate": 0.01, "uv": [0, 22]}
					]
				},
				{
					"name": "eye_left",
					"parent": "torso",
					"pivot": [-1.75, 3, 0.25],
					"cubes": [
						{"origin": [1.76, 6, -4.76], "size": [1, 2, 0], "uv": [2, 17], "mirror": true}
					]
				},
				{
					"name": "eyelid_left",
					"parent": "eye_left",
					"pivot": [2.26, 7, -4.76],
					"cubes": [
						{"origin": [1.76, 6, -4.66], "size": [1, 2, 0], "inflate": 0.01, "uv": [2, 22], "mirror": true}
					]
				},
				{
					"name": "jaw",
					"parent": "torso",
					"pivot": [0, 6.25, -4.75],
					"cubes": [
						{"origin": [-1, 5.25, -6.75], "size": [2, 1, 2], "uv": [23, 0]}
					]
				},
				{
					"name": "tail",
					"parent": "torso",
					"pivot": [0, 4.25, 2.25],
					"cubes": [
						{"origin": [-1.5, 4.25, 2.25], "size": [3, 0, 7], "inflate": 0.01, "uv": [0, 14]}
					]
				},
				{
					"name": "wing_left",
					"parent": "torso",
					"pivot": [3.5, 5.75, -3.5],
					"cubes": [
						{"origin": [3.5, 5.75, -5.5], "size": [3, 0, 5], "uv": [0, 21]}
					]
				},
				{
					"name": "wing_left2",
					"parent": "wing_left",
					"pivot": [6.5, 5.75, -0.5],
					"cubes": [
						{"origin": [6.5, 5.75, -5.5], "size": [4, 0, 5], "inflate": 0.01, "uv": [16, 19]}
					]
				},
				{
					"name": "wing_left3",
					"parent": "wing_left2",
					"pivot": [10.5, 5.75, -5.5],
					"cubes": [
						{"origin": [10.5, 5.75, -5.5], "size": [6, 0, 5], "uv": [11, 27]}
					]
				},
				{
					"name": "wing_right",
					"parent": "torso",
					"pivot": [-3.5, 5.75, -3.5],
					"cubes": [
						{"origin": [-6.5, 5.75, -5.5], "size": [3, 0, 5], "uv": [20, 14]}
					]
				},
				{
					"name": "wing_right2",
					"parent": "wing_right",
					"pivot": [-6.5, 5.75, -0.5],
					"cubes": [
						{"origin": [-10.5, 5.75, -5.5], "size": [4, 0, 5], "inflate": 0.01, "uv": [8, 19]}
					]
				},
				{
					"name": "wing_right3",
					"parent": "wing_right2",
					"pivot": [-10.5, 5.75, -5.5],
					"cubes": [
						{"origin": [-16.5, 5.75, -5.5], "size": [6, 0, 5], "uv": [8, 14]}
					]
				},
				{
					"name": "leg_left",
					"parent": "body",
					"pivot": [2, 3, -0.75],
					"rotation": [5, 0, 0],
					"cubes": [
						{"origin": [1.5, 1.75, -1.25], "size": [1, 1, 1], "inflate": 0.01, "uv": [3, 15]}
					]
				},
				{
					"name": "leg_left2",
					"parent": "leg_left",
					"pivot": [2, 1.75, -0.25],
					"rotation": [-15, 0, 0],
					"cubes": [
						{"origin": [1.5, 0.75, -1.25], "size": [1, 1, 1], "uv": [0, 14]}
					]
				},
				{
					"name": "foot_left",
					"parent": "leg_left2",
					"pivot": [2, 0.75, -1.25],
					"rotation": [10, 0, 0],
					"cubes": [
						{"origin": [1, -0.25, -2], "size": [2, 1, 2], "uv": [8, 29]}
					]
				},
				{
					"name": "toe_back_left",
					"parent": "foot_left",
					"pivot": [2, 0.75, 0],
					"cubes": [
						{"origin": [2, -0.25, 0], "size": [0, 1, 1], "inflate": 0.01, "uv": [0, 19]}
					]
				},
				{
					"name": "claw_back_left",
					"parent": "toe_back_left",
					"pivot": [2, 0.75, 1],
					"cubes": [
						{"origin": [2, -0.25, 1], "size": [0, 1, 1], "uv": [4, 18]}
					]
				},
				{
					"name": "toe_inner_left",
					"parent": "foot_left",
					"pivot": [1.25, 0.75, -2],
					"cubes": [
						{"origin": [1.25, -0.25, -3], "size": [0, 1, 1], "inflate": 0.01, "uv": [2, 18]}
					]
				},
				{
					"name": "claw_inner_left",
					"parent": "toe_inner_left",
					"pivot": [1.25, 0.75, -3],
					"cubes": [
						{"origin": [1.25, -0.25, -4], "size": [0, 1, 1], "uv": [0, 18]}
					]
				},
				{
					"name": "toe_outer_left",
					"parent": "foot_left",
					"pivot": [2.75, 0.75, -2],
					"cubes": [
						{"origin": [2.75, -0.25, -3], "size": [0, 1, 1], "inflate": 0.01, "uv": [4, 17]}
					]
				},
				{
					"name": "claw_outer_left",
					"parent": "toe_outer_left",
					"pivot": [2.75, 0.75, -3],
					"cubes": [
						{"origin": [2.75, -0.25, -4], "size": [0, 1, 1], "uv": [0, 17]}
					]
				},
				{
					"name": "leg_right",
					"parent": "body",
					"pivot": [-2, 3, -0.75],
					"rotation": [5, 0, 0],
					"cubes": [
						{"origin": [-2.5, 1.75, -1.25], "size": [1, 1, 1], "inflate": 0.01, "uv": [3, 5]}
					]
				},
				{
					"name": "leg_right2",
					"parent": "leg_right",
					"pivot": [-2, 1.75, -0.25],
					"rotation": [-15, 0, 0],
					"cubes": [
						{"origin": [-2.5, 0.75, -1.25], "size": [1, 1, 1], "uv": [0, 4]}
					]
				},
				{
					"name": "foot_right",
					"parent": "leg_right2",
					"pivot": [-2, 0.75, -1.25],
					"rotation": [10, 0, 0],
					"cubes": [
						{"origin": [-3, -0.25, -2], "size": [2, 1, 2], "uv": [0, 29]}
					]
				},
				{
					"name": "toe_back_right",
					"parent": "foot_right",
					"pivot": [-2, 0.75, 0],
					"cubes": [
						{"origin": [-2, -0.25, 0], "size": [0, 1, 1], "inflate": 0.01, "uv": [4, 16]}
					]
				},
				{
					"name": "claw_back_right",
					"parent": "toe_back_right",
					"pivot": [-2, 0.75, 1],
					"cubes": [
						{"origin": [-2, -0.25, 1], "size": [0, 1, 1], "uv": [5, 13]}
					]
				},
				{
					"name": "toe_inner_right",
					"parent": "foot_right",
					"pivot": [-1.25, 0.75, -2],
					"cubes": [
						{"origin": [-1.25, -0.25, -3], "size": [0, 1, 1], "inflate": 0.01, "uv": [3, 13]}
					]
				},
				{
					"name": "claw_inner_right",
					"parent": "toe_inner_right",
					"pivot": [-1.25, 0.75, -3],
					"cubes": [
						{"origin": [-1.25, -0.25, -4], "size": [0, 1, 1], "uv": [5, 3]}
					]
				},
				{
					"name": "toe_outer_right",
					"parent": "foot_right",
					"pivot": [-2.75, 0.75, -2],
					"cubes": [
						{"origin": [-2.75, -0.25, -3], "size": [0, 1, 1], "inflate": 0.01, "uv": [0, 5]}
					]
				},
				{
					"name": "claw_outer_right",
					"parent": "toe_outer_right",
					"pivot": [-2.75, 0.75, -3],
					"cubes": [
						{"origin": [-2.75, -0.25, -4], "size": [0, 1, 1], "uv": [3, 3]}
					]
				}
			]
		}
	]
}