{
	"format_version": "1.12.0",
	"minecraft:geometry": [
		{
			"description": {
				"identifier": "geometry.unknown",
				"texture_width": 128,
				"texture_height": 128,
				"visible_bounds_width": 3,
				"visible_bounds_height": 3.5,
				"visible_bounds_offset": [0, 1.25, 0]
			},
			"bones": [
				{
					"name": "hoopa_confined",
					"pivot": [0.5, 0, 0]
				},
				{
					"name": "body",
					"parent": "hoopa_confined",
					"pivot": [0, 12.5, 0],
					"cubes": [
						{"origin": [-3.5, 7, -3], "size": [7, 9, 7], "uv": [0, 35]},
						{"origin": [5.5, 11, 0], "size": [1, 1, 1], "pivot": [7, 15.5, 3.5], "rotation": [0, 0, 45], "uv": [33, 0]},
						{"origin": [-8.5, 11, -6], "size": [1, 1, 1], "pivot": [-7, 15.5, -2.5], "rotation": [-180, 0, 135], "uv": [7, 21]},
						{"origin": [-6, 7.5, -5.5], "size": [12, 2, 12], "uv": [0, 21]}
					]
				},
				{
					"name": "arm_left",
					"parent": "body",
					"pivot": [4.79645, 38.43934, 0.5],
					"cubes": [
						{"origin": [7.5, 14, 0], "size": [1, 1, 1], "pivot": [7, 16.5, 3.5], "rotation": [0, 0, 45], "uv": [7, 23]},
						{"origin": [6.3, 13, -1], "size": [2, 3, 3], "uv": [55, 44]}
					]
				},
				{
					"name": "arm_left2",
					"parent": "arm_left",
					"pivot": [6.4, 38.5, 0.5],
					"cubes": [
						{"origin": [7.3, 12.5, -1.5], "size": [5, 4, 4], "uv": [28, 35]},
						{"origin": [10, 12, -2], "size": [2, 5, 5], "uv": [39, 47]}
					]
				},
				{
					"name": "finger_left",
					"parent": "arm_left2",
					"pivot": [11.8, 39.5, 0.5],
					"cubes": [
						{"origin": [11.3, 15, -1], "size": [2, 1, 3], "uv": [40, 57]},
						{"origin": [13.3, 15, -1], "size": [2, 1, 3], "uv": [36, 29]}
					]
				},
				{
					"name": "thumb_left",
					"parent": "arm_left2",
					"pivot": [11.8, 38.5, -0.9],
					"cubes": [
						{"origin": [11.3, 14, -1.4], "size": [2, 1, 1], "uv": [55, 21]},
						{"origin": [13.3, 14, -1.4], "size": [2, 1, 1], "uv": [21, 51]}
					]
				},
				{
					"name": "arm_right",
					"parent": "body",
					"pivot": [-4.79645, 38.43934, 0.5],
					"cubes": [
						{"origin": [-8.5, 14, 0], "size": [1, 1, 1], "pivot": [-7, 16.5, 3.5], "rotation": [0, 0, -45], "uv": [7, 23], "mirror": true},
						{"origin": [-8.3, 13, -1], "size": [2, 3, 3], "uv": [55, 44], "mirror": true}
					]
				},
				{
					"name": "arm_right2",
					"parent": "arm_right",
					"pivot": [-6.4, 38.5, 0.5],
					"cubes": [
						{"origin": [-12.3, 12.5, -1.5], "size": [5, 4, 4], "uv": [28, 35], "mirror": true},
						{"origin": [-12, 12, -2], "size": [2, 5, 5], "uv": [39, 47], "mirror": true}
					]
				},
				{
					"name": "finger_right",
					"parent": "arm_right2",
					"pivot": [-11.8, 39.5, 0.5],
					"cubes": [
						{"origin": [-13.3, 15, -1], "size": [2, 1, 3], "uv": [40, 57], "mirror": true},
						{"origin": [-15.3, 15, -1], "size": [2, 1, 3], "uv": [36, 29], "mirror": true}
					]
				},
				{
					"name": "thumb_right",
					"parent": "arm_right2",
					"pivot": [-11.8, 38.5, -0.9],
					"cubes": [
						{"origin": [-13.3, 14, -1.4], "size": [2, 1, 1], "uv": [55, 21], "mirror": true},
						{"origin": [-15.3, 14, -1.4], "size": [2, 1, 1], "uv": [21, 51], "mirror": true}
					]
				},
				{
					"name": "tail",
					"parent": "body",
					"pivot": [0, 7, 0.5],
					"cubes": [
						{"origin": [-1.5, 3.5, -1], "size": [3, 5, 3], "pivot": [0.5, 7, 0.5], "rotation": [12.5, 0, 0], "uv": [12, 51]}
					]
				},
				{
					"name": "left_arm",
					"parent": "body",
					"pivot": [4.1, 38.4, 0.5]
				},
				{
					"name": "left_arm_2",
					"parent": "left_arm",
					"pivot": [6.3, 38.4, 0.5]
				},
				{
					"name": "left_arm_3",
					"parent": "left_arm_2",
					"pivot": [7.3, 38.5, -0.5]
				},
				{
					"name": "left_finger_1_1",
					"parent": "left_arm_3",
					"pivot": [12.3, 40, 0.5]
				},
				{
					"name": "left_finger_1_2",
					"parent": "left_finger_1_1",
					"pivot": [13.3, 40, 0.5]
				},
				{
					"name": "left_finger_2_1",
					"parent": "left_arm_3",
					"pivot": [12.3, 39, -1.4]
				},
				{
					"name": "left_finger_2_2",
					"parent": "left_finger_2_1",
					"pivot": [13.3, 39, -1.4]
				},
				{
					"name": "head",
					"parent": "body",
					"pivot": [0, 14.5, 0],
					"cubes": [
						{"origin": [-2.7, 15.6, -5.01], "size": [6, 2, 0], "pivot": [0, 16.5, -5.01], "rotation": [0, 0, -5], "uv": [0, 31]},
						{"origin": [-0.5, 23, -5.02], "size": [1, 1, 1], "pivot": [0, 23.5, -5], "rotation": [0, 0, 45], "uv": [0, 21]},
						{"origin": [-1, 22.5, -5.01], "size": [2, 2, 1], "pivot": [0, 23.5, -5], "rotation": [0, 0, 45], "uv": [50, 34]},
						{"origin": [-5.5, 15, -5], "size": [11, 10, 11], "uv": [0, 0]}
					]
				},
				{
					"name": "hair_1",
					"parent": "head",
					"pivot": [0, 25, 4],
					"cubes": [
						{"origin": [-2, 23.36025, 1.26795], "size": [4, 4, 4], "pivot": [0, 24, 4], "rotation": [-30, 0, 0], "uv": [28, 43]}
					]
				},
				{
					"name": "hair_2",
					"parent": "hair_1",
					"pivot": [0, 24.8, 5.8],
					"cubes": [
						{"origin": [-1.5, 23.16025, 4.5359], "size": [3, 3, 4], "pivot": [0, 24, 6], "rotation": [-30, 0, 0], "uv": [51, 0]}
					]
				},
				{
					"name": "hair_3",
					"parent": "hair_2",
					"pivot": [0, 23.3, 8.5],
					"cubes": [
						{"origin": [-1, 27, 12], "size": [2, 2, 3], "pivot": [0, 34, 2], "rotation": [-30, 0, 0], "uv": [0, 6]}
					]
				},
				{
					"name": "hair_4",
					"parent": "hair_3",
					"pivot": [0, 22.3, 10.2],
					"cubes": [
						{"origin": [-0.5, 21.95929, 9.3218], "size": [1, 1, 2], "pivot": [0, 22.5, 10], "rotation": [-30, 0, 0], "uv": [0, 35]}
					]
				},
				{
					"name": "left_horn_1",
					"parent": "head",
					"pivot": [5.5, 20.5, 0],
					"cubes": [
						{"origin": [5.5, 18, -2], "size": [1, 5, 5], "uv": [48, 24]}
					]
				},
				{
					"name": "left_horn_2",
					"parent": "left_horn_1",
					"pivot": [6.5, 20.5, 0],
					"rotation": [0, 0, -20],
					"cubes": [
						{"origin": [5.5, 18.5, -1.5], "size": [4, 4, 4], "uv": [42, 39]}
					]
				},
				{
					"name": "left_horn_3",
					"parent": "left_horn_2",
					"pivot": [9.5, 20.5, 0],
					"rotation": [0, 0, -27.5],
					"cubes": [
						{"origin": [8.5, 19, -1], "size": [3, 3, 3], "uv": [54, 34]}
					]
				},
				{
					"name": "left_horn_4",
					"parent": "left_horn_3",
					"pivot": [11.5, 20.5, 0],
					"rotation": [0, 0, -32.5],
					"cubes": [
						{"origin": [10.5, 19.4, -0.5], "size": [3, 2, 2], "uv": [55, 24]}
					]
				},
				{
					"name": "left_horn_5",
					"parent": "left_horn_4",
					"pivot": [13.5, 20.5, 0],
					"rotation": [0, 0, -20],
					"cubes": [
						{"origin": [12.5, 20, 0], "size": [3, 1, 1], "uv": [47, 0]}
					]
				},
				{
					"name": "left_ring",
					"parent": "left_horn_1",
					"pivot": [8.3, 23.1, 0.5],
					"rotation": [0, 0, -10],
					"cubes": [
						{"origin": [7.8, 17.1, -3], "size": [1, 7, 1], "uv": [31, 58]},
						{"origin": [7.8, 17.1, 3], "size": [1, 7, 1], "uv": [35, 58]},
						{"origin": [7.8, 23.1, -2], "size": [1, 1, 5], "uv": [24, 51]},
						{"origin": [7.8, 17.1, -2], "size": [1, 1, 5], "uv": [48, 18]}
					]
				},
				{
					"name": "left_eye",
					"parent": "head",
					"pivot": [2.64843, 20.72139, -4.865],
					"cubes": [
						{"origin": [1.9, 21.4, -4.9], "size": [3, 1, 1], "inflate": 0.2, "pivot": [3.9, 19.4, -1], "rotation": [0, 0, -27.5], "uv": [47, 2]},
						{"origin": [2.9, 20.2, -5.03], "size": [1, 1, 0], "pivot": [3.9, 19.4, -1], "rotation": [0, 0, -27.5], "uv": [0, 0]},
						{"origin": [2.4, 19.7, -5.02], "size": [2, 2, 0], "pivot": [3.9, 19.4, -1], "rotation": [0, 0, -27.5], "uv": [7, 0]},
						{"origin": [1.9, 19.2, -5.01], "size": [3, 3, 0], "pivot": [3.9, 19.4, -1], "rotation": [0, 0, -27.5], "uv": [0, 38]}
					]
				},
				{
					"name": "left_eyelid",
					"parent": "left_eye",
					"pivot": [2.99475, 20.05614, -3.47],
					"cubes": [
						{"origin": [1.9, 19.3, -3.97], "size": [3, 2, 1], "inflate": 0.1, "pivot": [3.9, 19.4, -1], "rotation": [0, 0, -27.5], "uv": [33, 8]}
					]
				},
				{
					"name": "right_eye",
					"parent": "head",
					"pivot": [-2.63545, 20.78314, -4.865],
					"cubes": [
						{"origin": [-5, 21, -4.9], "size": [3, 1, 1], "inflate": 0.2, "pivot": [-3, 19, -1], "rotation": [0, 0, 27.5], "uv": [48, 49]},
						{"origin": [-4, 19.8, -5.03], "size": [1, 1, 0], "pivot": [-3, 19, -1], "rotation": [0, 0, 27.5], "uv": [0, 1]},
						{"origin": [-4.5, 19.3, -5.02], "size": [2, 2, 0], "pivot": [-3, 19, -1], "rotation": [0, 0, 27.5], "uv": [7, 6]},
						{"origin": [-5, 18.8, -5.01], "size": [3, 3, 0], "pivot": [-3, 19, -1], "rotation": [0, 0, 27.5], "uv": [21, 39]}
					]
				},
				{
					"name": "right_eyelid",
					"parent": "right_eye",
					"pivot": [-3.08176, 19.91789, -4.47],
					"cubes": [
						{"origin": [-5.1, 18.8, -3.97], "size": [3, 2, 1], "inflate": 0.1, "pivot": [-3.1, 18.8, -2], "rotation": [0, 0, 27.5], "uv": [41, 8]}
					]
				},
				{
					"name": "right_horn_1",
					"parent": "head",
					"pivot": [-5.5, 20.5, 0.5],
					"cubes": [
						{"origin": [-6.5, 18, -2], "size": [1, 5, 5], "uv": [0, 21]}
					]
				},
				{
					"name": "right_horn_2",
					"parent": "right_horn_1",
					"pivot": [-6.5, 20.5, 0.5],
					"rotation": [0, 0, 20],
					"cubes": [
						{"origin": [-9.5, 18.5, -1.5], "size": [4, 4, 4], "uv": [36, 21]}
					]
				},
				{
					"name": "right_horn_3",
					"parent": "right_horn_2",
					"pivot": [-9.5, 20.5, 0.5],
					"rotation": [0, 0, 27.5],
					"cubes": [
						{"origin": [-11.5, 19, -1], "size": [3, 3, 3], "uv": [53, 7]}
					]
				},
				{
					"name": "right_horn_4",
					"parent": "right_horn_3",
					"pivot": [-11.5, 20.5, 0.5],
					"rotation": [0, 0, 32.5],
					"cubes": [
						{"origin": [-13.5, 19.5, -0.5], "size": [3, 2, 2], "uv": [42, 35]}
					]
				},
				{
					"name": "right_horn_5",
					"parent": "right_horn_4",
					"pivot": [-13.5, 20.5, 0.5],
					"rotation": [0, 0, 20],
					"cubes": [
						{"origin": [-15.5, 20, 0], "size": [3, 1, 1], "uv": [44, 18]}
					]
				},
				{
					"name": "right_ring",
					"parent": "right_horn_1",
					"pivot": [-8.3, 23.1, 0.5],
					"rotation": [0, 0, 10],
					"cubes": [
						{"origin": [-8.8, 17.1, -3], "size": [1, 7, 1], "uv": [31, 58], "mirror": true},
						{"origin": [-8.8, 17.1, -2], "size": [1, 1, 5], "uv": [48, 18], "mirror": true},
						{"origin": [-8.8, 17.1, 3], "size": [1, 7, 1], "uv": [35, 58], "mirror": true},
						{"origin": [-8.8, 23.1, -2], "size": [1, 1, 5], "uv": [24, 51], "mirror": true}
					]
				},
				{
					"name": "Hat",
					"parent": "head",
					"pivot": [7.75, 17.75, 1.45],
					"rotation": [-17.5, 0, 0],
					"cubes": [
						{"origin": [-4.5, 25.25, -5.55], "size": [9, 5, 9], "uv": [40, 114]},
						{"origin": [-5, 22.25, -6.05], "size": [10, 3, 10], "inflate": 1, "uv": [0, 115]},
						{"origin": [4.5, 30.97114, -14.55632], "size": [3, 3, 6], "inflate": 0.001, "pivot": [-2, 27.25, -6.05], "rotation": [0, -90, 45], "uv": [58, 114]},
						{"origin": [6.25, 22.57685, 1.33797], "size": [3, 3, 3], "inflate": 0.2, "pivot": [7.75, 27.25, 1.95], "rotation": [0, -90, -12.5], "uv": [76, 122]}
					]
				}
			]
		}
	]
}