{
	"format_version": "1.12.0",
	"minecraft:geometry": [
		{
			"description": {
				"identifier": "geometry.unknown",
				"texture_width": 128,
				"texture_height": 64,
				"visible_bounds_width": 4,
				"visible_bounds_height": 2.5,
				"visible_bounds_offset": [0, 0.75, 0]
			},
			"bones": [
				{
					"name": "mankey",
					"pivot": [0, 0, 0]
				},
				{
					"name": "body",
					"parent": "mankey",
					"pivot": [0, 9.5, 0]
				},
				{
					"name": "torso",
					"parent": "body",
					"pivot": [0, 9.5, 0],
					"cubes": [
						{"origin": [-4, 5.5, -4], "size": [8, 8, 8], "uv": [0, 0]},
						{"origin": [-2.5, 12.7, 0], "size": [5, 6, 0], "pivot": [0, 1, 1], "rotation": [20, 0, 0], "uv": [54, 23]},
						{"origin": [-0.6, 9.5, -4.01], "size": [1, 2, 0], "inflate": 0.01, "uv": [0, 16], "mirror": true}
					]
				},
				{
					"name": "nose",
					"parent": "torso",
					"pivot": [0, 8.5, -4.5],
					"cubes": [
						{"origin": [-1.5, 7.5, -5], "size": [3, 2, 1], "uv": [0, 5]}
					]
				},
				{
					"name": "eyes",
					"parent": "torso",
					"pivot": [0, 9.75, -2.775]
				},
				{
					"name": "eye_left",
					"parent": "eyes",
					"pivot": [0.5, 8.75, -4.01],
					"rotation": [0, 0, -10],
					"cubes": [
						{"origin": [0.5, 8.75, -4.01], "size": [3, 2, 0], "uv": [0, 0], "mirror": true}
					]
				},
				{
					"name": "pupil_left",
					"parent": "eye_left",
					"pivot": [1.9, 9.75, -4.03],
					"cubes": [
						{"origin": [1.4, 8.75, -4.02], "size": [1, 2, 0], "uv": [6, 0], "mirror": true}
					]
				},
				{
					"name": "eyelid_left",
					"parent": "eye_left",
					"pivot": [2, 9.75, -3.43],
					"cubes": [
						{"origin": [0.5, 8.75, -3.92], "size": [3, 2, 1], "inflate": 0.01, "uv": [41, 29], "mirror": true}
					]
				},
				{
					"name": "eye_right",
					"parent": "eyes",
					"pivot": [-0.5, 8.75, -4.01],
					"rotation": [0, 0, 10],
					"cubes": [
						{"origin": [-3.5, 8.75, -4.01], "size": [3, 2, 0], "uv": [0, 2]}
					]
				},
				{
					"name": "pupil_right",
					"parent": "eye_right",
					"pivot": [-1.9, 9.75, -4.03],
					"cubes": [
						{"origin": [-2.4, 8.75, -4.02], "size": [1, 2, 0], "uv": [6, 2]}
					]
				},
				{
					"name": "eyelid_right",
					"parent": "eye_right",
					"pivot": [-2, 9.75, -3.43],
					"cubes": [
						{"origin": [-3.5, 8.75, -3.92], "size": [3, 2, 1], "inflate": 0.01, "uv": [49, 29]}
					]
				},
				{
					"name": "ears",
					"parent": "torso",
					"pivot": [0, 12.5, -0.25]
				},
				{
					"name": "ear_left",
					"parent": "ears",
					"pivot": [2.5, 12, -0.25],
					"rotation": [0, -20, 25],
					"cubes": [
						{"origin": [1, 12, -0.25], "size": [3, 4, 0], "uv": [24, 0], "mirror": true}
					]
				},
				{
					"name": "ear_right",
					"parent": "ears",
					"pivot": [-2.5, 12, -0.25],
					"rotation": [0, 20, -25],
					"cubes": [
						{"origin": [-4, 12, -0.25], "size": [3, 4, 0], "uv": [24, 4]}
					]
				},
				{
					"name": "hair",
					"parent": "torso",
					"pivot": [0, 10, 1]
				},
				{
					"name": "hair_top",
					"parent": "hair",
					"pivot": [0, 13.5, 0],
					"rotation": [-60, 0, 0],
					"cubes": [
						{"origin": [-2.5, 13.5, 0], "size": [5, 3, 0], "uv": [30, 0]}
					]
				},
				{
					"name": "hair_bottom",
					"parent": "hair",
					"pivot": [0, 5.5, -0.5],
					"rotation": [65, 0, 0],
					"cubes": [
						{"origin": [-2, 3.5, -0.5], "size": [4, 2, 0], "uv": [30, 6]}
					]
				},
				{
					"name": "hair_bottom2",
					"parent": "hair",
					"pivot": [0, 5.5, 2],
					"rotation": [70, 0, 0],
					"cubes": [
						{"origin": [-1.5, 3.5, 2], "size": [3, 2, 0], "uv": [32, 8]}
					]
				},
				{
					"name": "hair_left",
					"parent": "hair",
					"pivot": [4, 9, 0],
					"rotation": [2.5, -50, 0],
					"cubes": [
						{"origin": [4, 6, 0], "size": [2, 3, 0], "uv": [30, 3]}
					]
				},
				{
					"name": "hair_right",
					"parent": "hair",
					"pivot": [-4, 9, 0],
					"rotation": [2.5, 50, 0],
					"cubes": [
						{"origin": [-6, 6, 0], "size": [2, 3, 0], "uv": [34, 3], "mirror": true}
					]
				},
				{
					"name": "arms",
					"parent": "torso",
					"pivot": [0, 10.25, -0.25]
				},
				{
					"name": "arm_left",
					"parent": "arms",
					"pivot": [4.5, 10.25, -0.25],
					"cubes": [
						{"origin": [3.5, 9.25, -1.25], "size": [6, 2, 2], "inflate": 0.02, "uv": [0, 16], "mirror": true}
					]
				},
				{
					"name": "forearm_left",
					"parent": "arm_left",
					"pivot": [9.5, 10.25, 0.75],
					"cubes": [
						{"origin": [9.5, 9.75, -1.25], "size": [5, 1, 2], "uv": [16, 16], "mirror": true}
					]
				},
				{
					"name": "hand_left",
					"parent": "forearm_left",
					"pivot": [14.5, 10.75, -0.25],
					"cubes": [
						{"origin": [14.5, 9.75, -1.75], "size": [2, 1, 3], "inflate": 0.02, "uv": [0, 24], "mirror": true}
					]
				},
				{
					"name": "finger_left1",
					"parent": "hand_left",
					"pivot": [16.5, 10.75, 0.75],
					"cubes": [
						{"origin": [16.5, 9.75, 0.25], "size": [2, 1, 1], "uv": [32, 10], "mirror": true}
					]
				},
				{
					"name": "finger_left2",
					"parent": "hand_left",
					"pivot": [16.5, 10.75, -0.25],
					"cubes": [
						{"origin": [16.5, 9.75, -0.75], "size": [2, 1, 1], "uv": [37, 9], "mirror": true}
					]
				},
				{
					"name": "finger_left3",
					"parent": "hand_left",
					"pivot": [16.5, 10.75, -1.25],
					"cubes": [
						{"origin": [16.5, 9.75, -1.75], "size": [2, 1, 1], "uv": [32, 14], "mirror": true}
					]
				},
				{
					"name": "arm_right",
					"parent": "arms",
					"pivot": [-4.5, 10.25, -0.25],
					"cubes": [
						{"origin": [-9.5, 9.25, -1.25], "size": [6, 2, 2], "inflate": 0.02, "uv": [0, 20]}
					]
				},
				{
					"name": "forearm_right",
					"parent": "arm_right",
					"pivot": [-9.5, 10.25, 0.75],
					"cubes": [
						{"origin": [-14.5, 9.75, -1.25], "size": [5, 1, 2], "uv": [14, 19]}
					]
				},
				{
					"name": "hand_right",
					"parent": "forearm_right",
					"pivot": [-14.5, 10.75, -0.25],
					"cubes": [
						{"origin": [-16.5, 9.75, -1.75], "size": [2, 1, 3], "inflate": 0.02, "uv": [0, 28]}
					]
				},
				{
					"name": "finger_right1",
					"parent": "hand_right",
					"pivot": [-16.5, 10.75, 0.75],
					"cubes": [
						{"origin": [-18.5, 9.75, 0.25], "size": [2, 1, 1], "uv": [32, 12]}
					]
				},
				{
					"name": "finger_right2",
					"parent": "hand_right",
					"pivot": [-16.5, 10.75, -0.25],
					"cubes": [
						{"origin": [-18.5, 9.75, -0.75], "size": [2, 1, 1], "uv": [37, 11]}
					]
				},
				{
					"name": "finger_right3",
					"parent": "hand_right",
					"pivot": [-16.5, 10.75, -1.25],
					"cubes": [
						{"origin": [-18.5, 9.75, -1.75], "size": [2, 1, 1], "uv": [28, 16]}
					]
				},
				{
					"name": "tail1",
					"parent": "torso",
					"pivot": [0, 6.75, 3.75],
					"cubes": [
						{"origin": [0, 5.75, 3.75], "size": [0, 2, 4], "inflate": 0.01, "uv": [40, -4]}
					]
				},
				{
					"name": "tail2",
					"parent": "tail1",
					"pivot": [0, 5.75, 7.75],
					"cubes": [
						{"origin": [0, 5.75, 7.75], "size": [0, 2, 5], "uv": [48, -5]}
					]
				},
				{
					"name": "tail3",
					"parent": "tail2",
					"pivot": [0, 5.75, 12.75],
					"cubes": [
						{"origin": [0, 5.75, 12.75], "size": [0, 2, 5], "inflate": 0.01, "uv": [40, -3]}
					]
				},
				{
					"name": "tail4",
					"parent": "tail3",
					"pivot": [0, 5.75, 17.75],
					"cubes": [
						{"origin": [0, 5.75, 17.75], "size": [0, 5, 5], "uv": [38, -1]}
					]
				},
				{
					"name": "Hat",
					"parent": "torso",
					"pivot": [7.75, 17.75, 4.75],
					"rotation": [-15, 0, 0],
					"cubes": [
						{"origin": [-4.5, 12.75, -2.25], "size": [9, 5, 9], "uv": [40, 50]},
						{"origin": [-5, 10.75, -2.75], "size": [10, 3, 10], "inflate": 0.01, "uv": [0, 51]},
						{"origin": [4.5, 18.47114, -11.25632], "size": [3, 3, 6], "inflate": 0.001, "pivot": [-2, 14.75, -2.75], "rotation": [0, -90, 45], "uv": [58, 50]},
						{"origin": [6.25, 10.07685, 4.63797], "size": [3, 3, 3], "inflate": 0.2, "pivot": [7.75, 14.75, 5.25], "rotation": [0, -90, -12.5], "uv": [76, 58]}
					]
				},
				{
					"name": "legs",
					"parent": "body",
					"pivot": [0, 6, 0.25]
				},
				{
					"name": "leg_left",
					"parent": "legs",
					"pivot": [2.5, 6, 0.25],
					"rotation": [65, -10, -5],
					"cubes": [
						{"origin": [1.5, 4.75, -3], "size": [2, 2, 5], "inflate": 0.01, "uv": [7, 24], "mirror": true}
					]
				},
				{
					"name": "knee_left",
					"parent": "leg_left",
					"pivot": [2.5, 6.75, -3],
					"rotation": [-50, 0, 0],
					"cubes": [
						{"origin": [2, 3.75, -3], "size": [1, 3, 2], "uv": [25, 22], "mirror": true}
					]
				},
				{
					"name": "foot_left",
					"parent": "knee_left",
					"pivot": [2.5, 4, -2],
					"rotation": [-15, 0, 5],
					"cubes": [
						{"origin": [1.5, 3, -3.75], "size": [2, 1, 3], "inflate": 0.01, "uv": [28, 18], "mirror": true}
					]
				},
				{
					"name": "toe_left1",
					"parent": "foot_left",
					"pivot": [3, 4, -3.75],
					"rotation": [0, -15, 0],
					"cubes": [
						{"origin": [2.5, 3, -6.6], "size": [1, 1, 3], "uv": [31, 22], "mirror": true}
					]
				},
				{
					"name": "toe_left2",
					"parent": "foot_left",
					"pivot": [2, 4, -3.75],
					"rotation": [0, 15, 0],
					"cubes": [
						{"origin": [1.5, 3, -6.6], "size": [1, 1, 3], "uv": [34, 26], "mirror": true}
					]
				},
				{
					"name": "toe_left3",
					"parent": "foot_left",
					"pivot": [2.5, 4, -0.75],
					"cubes": [
						{"origin": [2, 3, -0.75], "size": [1, 1, 2], "uv": [35, 17], "mirror": true}
					]
				},
				{
					"name": "leg_right",
					"parent": "legs",
					"pivot": [-2.5, 6, 0.25],
					"rotation": [65, 10, 5],
					"cubes": [
						{"origin": [-3.5, 4.75, -3], "size": [2, 2, 5], "inflate": 0.01, "uv": [16, 22]}
					]
				},
				{
					"name": "knee_right",
					"parent": "leg_right",
					"pivot": [-2.5, 6.75, -3],
					"rotation": [-50, 0, 0],
					"cubes": [
						{"origin": [-3, 3.75, -3], "size": [1, 3, 2], "uv": [28, 27]}
					]
				},
				{
					"name": "foot_right",
					"parent": "knee_right",
					"pivot": [-2.5, 4, -2],
					"rotation": [-15, 0, -5],
					"cubes": [
						{"origin": [-3.5, 3, -3.75], "size": [2, 1, 3], "inflate": 0.01, "uv": [35, 13]}
					]
				},
				{
					"name": "toe_right1",
					"parent": "foot_right",
					"pivot": [-3, 4, -3.75],
					"rotation": [0, 15, 0],
					"cubes": [
						{"origin": [-3.5, 3, -6.6], "size": [1, 1, 3], "uv": [36, 21]}
					]
				},
				{
					"name": "toe_right2",
					"parent": "foot_right",
					"pivot": [-2, 4, -3.75],
					"rotation": [0, -15, 0],
					"cubes": [
						{"origin": [-2.5, 3, -6.6], "size": [1, 1, 3], "uv": [39, 25]}
					]
				},
				{
					"name": "toe_right3",
					"parent": "foot_right",
					"pivot": [-2.5, 4, -0.75],
					"cubes": [
						{"origin": [-3, 3, -0.75], "size": [1, 1, 2], "uv": [39, 18]}
					]
				}
			]
		}
	]
}