{
	"format_version": "1.12.0",
	"minecraft:geometry": [
		{
			"description": {
				"identifier": "geometry.fennekin",
				"texture_width": 128,
				"texture_height": 128,
				"visible_bounds_width": 3,
				"visible_bounds_height": 3.5,
				"visible_bounds_offset": [0, 1.25, 0]
			},
			"bones": [
				{
					"name": "fennekin",
					"pivot": [0, 0, 0]
				},
				{
					"name": "body",
					"parent": "fennekin",
					"pivot": [0, 0, 0]
				},
				{
					"name": "torso",
					"parent": "body",
					"pivot": [0, 8, 3],
					"cubes": [
						{"origin": [-2.5, 5.75, -4.5], "size": [5, 5, 9], "uv": [0, 17]}
					]
				},
				{
					"name": "neck",
					"parent": "torso",
					"pivot": [0, 10, -3.25],
					"rotation": [7.5, 0, 0],
					"cubes": [
						{"origin": [-1.5, 8, -4.75], "size": [3, 5, 3], "uv": [16, 49]}
					]
				},
				{
					"name": "head",
					"parent": "neck",
					"pivot": [0, 12.25, -3.25],
					"rotation": [-7.5, 0, 0],
					"cubes": [
						{"origin": [-5, 12.25, -8.25], "size": [10, 9, 8], "uv": [0, 0]},
						{"origin": [-5, 15.75, -8.25], "size": [3, 2, 3], "inflate": 0.01, "uv": [0, 54], "mirror": true},
						{"origin": [2, 15.75, -8.25], "size": [3, 2, 3], "inflate": 0.01, "uv": [0, 59]}
					]
				},
				{
					"name": "eyes",
					"parent": "head",
					"pivot": [0, 16.25, -6.75]
				},
				{
					"name": "eye_right",
					"parent": "eyes",
					"pivot": [-3.875, 15.75, -6.75],
					"cubes": [
						{"origin": [-5, 14.25, -8.25], "size": [3, 3, 2], "inflate": 0.02, "uv": [20, 59], "mirror": true},
						{"origin": [-3.45, 14.25, -8.25], "size": [1, 3, 0], "inflate": 0.03, "uv": [19, 31], "mirror": true}
					]
				},
				{
					"name": "eyelid_right",
					"parent": "eye_right",
					"pivot": [-3.4, 16.25, -6.65],
					"cubes": [
						{"origin": [-4.9, 14.25, -8.15], "size": [3, 4, 3], "inflate": 0.04, "uv": [52, 57], "mirror": true}
					]
				},
				{
					"name": "eye_left",
					"parent": "eyes",
					"pivot": [3.875, 15.75, -6.75],
					"cubes": [
						{"origin": [2, 14.25, -8.25], "size": [3, 3, 2], "inflate": 0.02, "uv": [42, 49]},
						{"origin": [2.45, 14.25, -8.25], "size": [1, 3, 0], "inflate": 0.03, "uv": [19, 34]}
					]
				},
				{
					"name": "eyelid_left",
					"parent": "eye_left",
					"pivot": [3.4, 16.25, -6.65],
					"cubes": [
						{"origin": [1.9, 14.25, -8.15], "size": [3, 4, 3], "inflate": 0.04, "uv": [52, 57]}
					]
				},
				{
					"name": "head_ruff_right",
					"parent": "head",
					"pivot": [-5, 12.5, -3.45],
					"rotation": [-2.5, -2.5, 10],
					"cubes": [
						{"origin": [-10, 12.5, -3.45], "size": [5, 4, 0], "uv": [54, 0]}
					]
				},
				{
					"name": "head_ruff_left",
					"parent": "head",
					"pivot": [5, 12.5, -3.45],
					"rotation": [-2.5, 2.5, -10],
					"cubes": [
						{"origin": [5, 12.5, -3.45], "size": [5, 4, 0], "uv": [28, 0]}
					]
				},
				{
					"name": "ear_right_main",
					"parent": "head",
					"pivot": [-1.25, 21.25, -5.6]
				},
				{
					"name": "ear_right",
					"parent": "ear_right_main",
					"pivot": [-1.15, 21.25, -5.2],
					"rotation": [-7.5, -34, -25],
					"cubes": [
						{"origin": [-1.15, 20.25, -6.2], "size": [0, 12, 7], "uv": [0, 24]},
						{"origin": [-3.15, 20.25, -6.2], "size": [2, 11, 0], "pivot": [-1.15, 26.25, -6.2], "rotation": [0, -5, 0], "uv": [60, 29]}
					]
				},
				{
					"name": "ear_ruff_right",
					"parent": "ear_right_main",
					"pivot": [-5.2, 20.45, -4.75],
					"rotation": [-20.5, 5, 37],
					"cubes": [
						{"origin": [-8.7, 17.95, -6.25], "size": [6, 5, 5], "inflate": -0.1, "uv": [36, 0]}
					]
				},
				{
					"name": "ear_ruff_side_right",
					"parent": "ear_ruff_right",
					"pivot": [-5.45, 22.85, -6.25],
					"rotation": [0, -10, 22.5],
					"cubes": [
						{"origin": [-10.45, 19.85, -6.25], "size": [5, 3, 0], "uv": [54, 16]}
					]
				},
				{
					"name": "ear_ruff_right2",
					"parent": "ear_ruff_right",
					"pivot": [-8.7, 18.45, -3.75],
					"rotation": [0, 0, 20],
					"cubes": [
						{"origin": [-12.7, 18.45, -5.75], "size": [4, 4, 4], "uv": [0, 45]}
					]
				},
				{
					"name": "ear_ruff_right3",
					"parent": "ear_ruff_right2",
					"pivot": [-12.7, 18.75, -3.75],
					"rotation": [0, 0, 20],
					"cubes": [
						{"origin": [-16.7, 18.75, -3.75], "size": [4, 3, 0], "uv": [0, 20]}
					]
				},
				{
					"name": "ear_left_main",
					"parent": "head",
					"pivot": [1.25, 21.25, -5.6]
				},
				{
					"name": "ear_left",
					"parent": "ear_left_main",
					"pivot": [1.15, 21.25, -5.2],
					"rotation": [-7.5, 34, 25],
					"cubes": [
						{"origin": [1.15, 20.25, -6.2], "size": [0, 12, 7], "uv": [14, 30]},
						{"origin": [1.15, 20.25, -6.2], "size": [2, 11, 0], "pivot": [1.15, 26.25, -6.2], "rotation": [0, 5, 0], "uv": [60, 45]}
					]
				},
				{
					"name": "ear_ruff_left",
					"parent": "ear_left_main",
					"pivot": [5.2, 20.45, -4.75],
					"rotation": [-20.5, -5, -38],
					"cubes": [
						{"origin": [2.7, 17.95, -6.25], "size": [6, 5, 5], "inflate": -0.1, "uv": [31, 12]}
					]
				},
				{
					"name": "ear_ruff_side_left",
					"parent": "ear_ruff_left",
					"pivot": [5.45, 22.85, -6.25],
					"rotation": [0, 10, -22.5],
					"cubes": [
						{"origin": [5.45, 19.85, -6.25], "size": [5, 3, 0], "uv": [54, 19]}
					]
				},
				{
					"name": "ear_ruff_left2",
					"parent": "ear_ruff_left",
					"pivot": [8.7, 18.45, -3.75],
					"rotation": [0, 0, -20],
					"cubes": [
						{"origin": [8.7, 18.45, -5.75], "size": [4, 4, 4], "uv": [44, 41]}
					]
				},
				{
					"name": "ear_ruff_left3",
					"parent": "ear_ruff_left2",
					"pivot": [12.7, 18.75, -3.75],
					"rotation": [0, 0, -20],
					"cubes": [
						{"origin": [12.7, 18.75, -3.75], "size": [4, 3, 0], "uv": [0, 17]}
					]
				},
				{
					"name": "muzzle",
					"parent": "head",
					"pivot": [0, 12.3, -8.25],
					"rotation": [-2.5, 0, 0],
					"cubes": [
						{"origin": [-2, 12.3, -11.25], "size": [4, 3, 3], "uv": [29, 45]}
					]
				},
				{
					"name": "fangs",
					"parent": "muzzle",
					"pivot": [0, 12.89, -8.65],
					"cubes": [
						{"origin": [-1.5, 12.89, -9.65], "size": [3, 0, 2], "uv": [34, 51]},
						{"origin": [-1.1866, 12.39, -9.7], "size": [0, 1, 1], "pivot": [-1.1866, 12.89, -9], "rotation": [-45, -40, 0], "uv": [38, 60]},
						{"origin": [1.1866, 12.39, -9.7], "size": [0, 1, 1], "pivot": [1.1866, 12.89, -9], "rotation": [-45, 40, 0], "uv": [38, 61], "mirror": true}
					]
				},
				{
					"name": "jaw",
					"parent": "muzzle",
					"pivot": [-0.5, 12.4, -7.75],
					"cubes": [
						{"origin": [-1.5, 12.21, -9.65], "size": [3, 1, 2], "inflate": -0.1, "uv": [30, 61]}
					]
				},
				{
					"name": "nose",
					"parent": "muzzle",
					"pivot": [0, 13.8, -11.25],
					"rotation": [-15, 0, 0],
					"cubes": [
						{"origin": [-0.5, 14, -12.45], "size": [1, 1, 1], "inflate": 0.2, "uv": [28, 45]}
					]
				},
				{
					"name": "Hat",
					"parent": "head",
					"pivot": [7.75, 26, -2],
					"cubes": [
						{"origin": [-4.5, 20.5, -9], "size": [9, 5, 9], "uv": [40, 114]},
						{"origin": [-5, 18.5, -9.5], "size": [10, 3, 10], "inflate": 0.025, "uv": [0, 115]},
						{"origin": [4.5, 26.22114, -18.00632], "size": [3, 3, 6], "inflate": 0.001, "pivot": [-2, 22.5, -9.5], "rotation": [0, -90, 45], "uv": [58, 114]},
						{"origin": [6.25, 17.82685, -2.11203], "size": [3, 3, 3], "inflate": 0.2, "pivot": [7.75, 22.5, -1.5], "rotation": [0, -90, -12.5], "uv": [76, 122]}
					]
				},
				{
					"name": "leg_front_right",
					"parent": "torso",
					"pivot": [-2.15, 7.5, -2.75],
					"rotation": [2.5, 0, 0],
					"cubes": [
						{"origin": [-3.15, 4, -3.75], "size": [2, 5, 2], "inflate": 0.01, "uv": [0, 0]}
					]
				},
				{
					"name": "leg_front_right2",
					"parent": "leg_front_right",
					"pivot": [-2.15, 4, -1.75],
					"rotation": [-12.5, 0, 0],
					"cubes": [
						{"origin": [-3.15, 1, -3.75], "size": [2, 3, 2], "uv": [19, 21]}
					]
				},
				{
					"name": "leg_front_right3",
					"parent": "leg_front_right2",
					"pivot": [-2.15, 1.5, -2.75],
					"rotation": [10, 0, 0],
					"cubes": [
						{"origin": [-3.15, -0.25, -4], "size": [2, 2, 2], "inflate": 0.01, "uv": [52, 53]}
					]
				},
				{
					"name": "leg_front_left",
					"parent": "torso",
					"pivot": [2.15, 7.5, -2.75],
					"rotation": [2.5, 0, 0],
					"cubes": [
						{"origin": [1.15, 4, -3.75], "size": [2, 5, 2], "inflate": 0.01, "uv": [56, 8]}
					]
				},
				{
					"name": "leg_front_left2",
					"parent": "leg_front_left",
					"pivot": [2.15, 4, -1.75],
					"rotation": [-12.5, 0, 0],
					"cubes": [
						{"origin": [1.15, 1, -3.75], "size": [2, 3, 2], "uv": [56, 40]}
					]
				},
				{
					"name": "leg_front_left3",
					"parent": "leg_front_left2",
					"pivot": [2.15, 1.5, -2.75],
					"rotation": [10, 0, 0],
					"cubes": [
						{"origin": [1.15, -0.25, -4], "size": [2, 2, 2], "inflate": 0.01, "uv": [48, 10]}
					]
				},
				{
					"name": "tail",
					"parent": "torso",
					"pivot": [0, 9.75, 4.15],
					"rotation": [-40, 0, 0],
					"cubes": [
						{"origin": [-2.5, 9.75, 1.65], "size": [5, 3, 5], "inflate": 0.01, "uv": [28, 37]}
					]
				},
				{
					"name": "tail2",
					"parent": "tail",
					"pivot": [0, 11.25, 4.4],
					"rotation": [5, 0, 0],
					"cubes": [
						{"origin": [-3.5, 11.25, 0.65], "size": [7, 6, 7], "uv": [21, 24]}
					]
				},
				{
					"name": "tail3",
					"parent": "tail2",
					"pivot": [0, 17.25, 6.65],
					"rotation": [5, 0, 0],
					"cubes": [
						{"origin": [-2.5, 17.25, 1.65], "size": [5, 2, 5], "uv": [42, 22]}
					]
				},
				{
					"name": "tail4",
					"parent": "tail3",
					"pivot": [0, 19.25, 5.65],
					"rotation": [10, 0, 0],
					"cubes": [
						{"origin": [0, 19.25, 2.65], "size": [0, 3, 3], "uv": [0, 20]}
					]
				},
				{
					"name": "leg_back_right",
					"parent": "body",
					"pivot": [-2, 8, 3],
					"rotation": [7.5, 0, 0],
					"cubes": [
						{"origin": [-3, 4.3, 1.2], "size": [2, 5, 4], "inflate": 0.01, "uv": [28, 52]}
					]
				},
				{
					"name": "leg_back_right_ruff",
					"parent": "leg_back_right",
					"pivot": [-3, 4.75, 2.75],
					"rotation": [15, -12, 0],
					"cubes": [
						{"origin": [-3, 4.75, 2.75], "size": [0, 4, 5], "uv": [19, 12]}
					]
				},
				{
					"name": "leg_back_right2",
					"parent": "leg_back_right",
					"pivot": [-2, 4.25, 4],
					"rotation": [-17.5, 0, 0],
					"cubes": [
						{"origin": [-3, 0.75, 2.75], "size": [2, 4, 2], "uv": [49, 29]}
					]
				},
				{
					"name": "leg_back_right3",
					"parent": "leg_back_right2",
					"pivot": [-2, 1.25, 3.75],
					"rotation": [10, 0, 0],
					"cubes": [
						{"origin": [-3, -0.25, 2.5], "size": [2, 2, 2], "inflate": 0.01, "uv": [28, 4]}
					]
				},
				{
					"name": "leg_back_left",
					"parent": "body",
					"pivot": [2, 8, 3],
					"rotation": [7.5, 0, 0],
					"cubes": [
						{"origin": [1, 4.3, 1.2], "size": [2, 5, 4], "inflate": 0.01, "uv": [40, 55]}
					]
				},
				{
					"name": "leg_back_left_ruff",
					"parent": "leg_back_left",
					"pivot": [3, 4.75, 2.75],
					"rotation": [15, 12, 0],
					"cubes": [
						{"origin": [3, 4.75, 2.75], "size": [0, 4, 5], "uv": [43, 32]}
					]
				},
				{
					"name": "leg_back_left2",
					"parent": "leg_back_left",
					"pivot": [2, 4.25, 4],
					"rotation": [-17.5, 0, 0],
					"cubes": [
						{"origin": [1, 0.75, 2.75], "size": [2, 4, 2], "uv": [12, 58]}
					]
				},
				{
					"name": "leg_back_left3",
					"parent": "leg_back_left2",
					"pivot": [2, 1.25, 3.75],
					"rotation": [10, 0, 0],
					"cubes": [
						{"origin": [1, -0.25, 2.5], "size": [2, 2, 2], "inflate": 0.01, "uv": [52, 49]}
					]
				}
			]
		}
	]
}