{
	"format_version": "1.12.0",
	"minecraft:geometry": [
		{
			"description": {
				"identifier": "geometry.marowak",
				"texture_width": 128,
				"texture_height": 128,
				"visible_bounds_width": 4,
				"visible_bounds_height": 3.5,
				"visible_bounds_offset": [0, 1.25, 0]
			},
			"bones": [
				{
					"name": "marowak",
					"pivot": [0, 0, 0]
				},
				{
					"name": "body",
					"parent": "marowak",
					"pivot": [0, 8, -0.5],
					"cubes": [
						{"origin": [-4, 2.5, -3.5], "size": [8, 11, 6], "uv": [0, 15]}
					]
				},
				{
					"name": "head",
					"parent": "body",
					"pivot": [0, 13.5, -0.5],
					"cubes": [
						{"origin": [-4, 13.5, -4.75], "size": [8, 7, 8], "uv": [0, 0]},
						{"origin": [3.54854, 14.49913, -4], "size": [3, 0, 7], "inflate": 0.02, "pivot": [5.04854, 14.49913, -0.5], "rotation": [0, 5, 30], "uv": [17, 0]},
						{"origin": [-3, 13.25, -9.25], "size": [6, 4, 5], "pivot": [0, 15.25, -6.75], "rotation": [10, 0, 0], "uv": [27, 10]},
						{"origin": [-6.54854, 14.49913, -4], "size": [3, 0, 7], "inflate": 0.02, "pivot": [-5.04854, 14.49913, -0.5], "rotation": [0, -5, -30], "uv": [21, 19]},
						{"origin": [-7, 18, 1.75], "size": [4, 6, 0], "inflate": 0.02, "pivot": [-5, 21, 1.75], "rotation": [0, 30, -50], "uv": [29, 44]},
						{"origin": [3, 18, 1.75], "size": [4, 6, 0], "inflate": 0.02, "pivot": [5, 21, 1.75], "rotation": [0, -30, 50], "uv": [0, 0]}
					]
				},
				{
					"name": "Hat",
					"parent": "head",
					"pivot": [7.75, 18, 4],
					"cubes": [
						{"origin": [-4.5, 20, -8.5], "size": [9, 5, 9], "pivot": [0, 3, -4], "rotation": [-12.5, 0, 0], "uv": [40, 114]},
						{"origin": [-5, 18, -9], "size": [10, 3, 10], "inflate": 0.01, "pivot": [0, 3, -4], "rotation": [-12.5, 0, 0], "uv": [0, 115]},
						{"origin": [4.5, 25.72114, -17.50632], "size": [3, 3, 6], "inflate": 0.001, "pivot": [-2, 22, -9], "rotation": [-44.99999, -77.5, 89.99999], "uv": [58, 114]},
						{"origin": [6.25, 17.32685, -1.61203], "size": [3, 3, 3], "inflate": 0.2, "pivot": [7.75, 22, -1], "rotation": [-102.49999, -77.5, 89.99999], "uv": [76, 122]}
					]
				},
				{
					"name": "eyes",
					"parent": "head",
					"pivot": [0, 17.25, -2.5],
					"cubes": [
						{"origin": [4.075, 16.25, -4.25], "size": [0, 2, 4], "inflate": 0.02, "pivot": [4.075, 17.25, -2.25], "rotation": [5, 0, 0], "uv": [0, 58], "mirror": true},
						{"origin": [-4.075, 16.25, -4.25], "size": [0, 2, 4], "inflate": 0.02, "pivot": [-4.075, 17.25, -2.25], "rotation": [5, 0, 0], "uv": [0, 58]}
					]
				},
				{
					"name": "leftarm",
					"parent": "body",
					"pivot": [4, 11.5, -0.75],
					"cubes": [
						{"origin": [2, 10, -1.75], "size": [6, 3, 2], "uv": [36, 0]}
					]
				},
				{
					"name": "leftforearm",
					"parent": "leftarm",
					"pivot": [8, 11.5, 0.25],
					"cubes": [
						{"origin": [8, 10, -1.75], "size": [4, 3, 2], "uv": [41, 5]}
					]
				},
				{
					"name": "lefthand",
					"parent": "leftforearm",
					"pivot": [12, 11.75, -1],
					"cubes": [
						{"origin": [12, 9.75, -2.5], "size": [3, 4, 3], "uv": [32, 37]}
					]
				},
				{
					"name": "rightarm",
					"parent": "body",
					"pivot": [-4, 11.5, -0.75],
					"cubes": [
						{"origin": [-8, 10, -1.75], "size": [6, 3, 2], "uv": [16, 36]}
					]
				},
				{
					"name": "rightforearm",
					"parent": "rightarm",
					"pivot": [-8, 11.5, 0.25],
					"cubes": [
						{"origin": [-12, 10, -1.75], "size": [4, 3, 2], "uv": [0, 43]}
					]
				},
				{
					"name": "righthand",
					"parent": "rightforearm",
					"pivot": [-12, 11.75, -1],
					"cubes": [
						{"origin": [-15, 9.75, -2.5], "size": [3, 4, 3], "uv": [13, 41]}
					]
				},
				{
					"name": "bone",
					"parent": "righthand",
					"pivot": [-13.5, 11.75, -1],
					"cubes": [
						{"origin": [-16, 3.25, -1], "size": [5, 3, 0], "inflate": 0.02, "uv": [11, 32]},
						{"origin": [-14.5, 6.25, -1], "size": [2, 11, 0], "inflate": 0.02, "uv": [25, 41]},
						{"origin": [-16, 17.25, -1], "size": [5, 3, 0], "inflate": 0.02, "uv": [41, 37]}
					]
				},
				{
					"name": "tail",
					"parent": "body",
					"pivot": [0, 5, 2.5],
					"cubes": [
						{"origin": [-1.5, 3, 1.5], "size": [3, 4, 6], "uv": [22, 26]}
					]
				},
				{
					"name": "tail2",
					"parent": "tail",
					"pivot": [0, 3.5, 7.5],
					"cubes": [
						{"origin": [-1, 3.5, 7.5], "size": [2, 3, 4], "uv": [40, 40]},
						{"origin": [0, 6.5, 9.5], "size": [0, 1, 1], "inflate": 0.02, "uv": [0, 5]}
					]
				},
				{
					"name": "leftleg",
					"parent": "body",
					"pivot": [3.25, 6, -0.75],
					"cubes": [
						{"origin": [1.75, 1, -3.25], "size": [3, 6, 5], "uv": [0, 32]}
					]
				},
				{
					"name": "leftfoot",
					"parent": "leftleg",
					"pivot": [3.25, 1, -0.25],
					"cubes": [
						{"origin": [1.75, 0, -3.75], "size": [3, 1, 5], "uv": [25, 2]}
					]
				},
				{
					"name": "rightleg",
					"parent": "body",
					"pivot": [-3.25, 6, -0.75],
					"cubes": [
						{"origin": [-4.75, 1, -3.25], "size": [3, 6, 5], "uv": [34, 19]}
					]
				},
				{
					"name": "rightfoot",
					"parent": "rightleg",
					"pivot": [-3.25, 1, -0.25],
					"cubes": [
						{"origin": [-4.75, 0, -3.75], "size": [3, 1, 5], "uv": [35, 31]}
					]
				}
			]
		}
	]
}