{
	"format_version": "1.12.0",
	"minecraft:geometry": [
		{
			"description": {
				"identifier": "geometry.bonsly",
				"texture_width": 64,
				"texture_height": 64,
				"visible_bounds_width": 2,
				"visible_bounds_height": 3.5,
				"visible_bounds_offset": [0, 1.25, 0]
			},
			"bones": [
				{
					"name": "bonsly",
					"pivot": [0, 0, 0]
				},
				{
					"name": "body",
					"parent": "bonsly",
					"pivot": [0, 9, 0]
				},
				{
					"name": "torso",
					"parent": "body",
					"pivot": [0, 5, 0],
					"cubes": [
						{"origin": [-4, 3.5, -4], "size": [8, 9, 8], "uv": [0, 12]},
						{"origin": [-5, 5.5, -5], "size": [10, 2, 10], "uv": [0, 0]}
					]
				},
				{
					"name": "stem",
					"parent": "torso",
					"pivot": [0, 11.5, -3.5],
					"rotation": [-10, 0, 0],
					"cubes": [
						{"origin": [-3, 12.5, -3.5], "size": [6, 4, 6], "uv": [26, 23]}
					]
				},
				{
					"name": "stem2",
					"parent": "stem",
					"pivot": [0, 15.5, 0.5],
					"rotation": [10, 0, 0],
					"cubes": [
						{"origin": [-2.5, 16.5, 0.5], "size": [5, 7, 0], "uv": [0, 0]}
					]
				},
				{
					"name": "leaf_left",
					"parent": "stem2",
					"pivot": [2, 19, 0],
					"cubes": [
						{"origin": [1.5, 17.5, -2.5], "size": [5, 5, 5], "uv": [30, 0]}
					]
				},
				{
					"name": "leaf_right",
					"parent": "stem2",
					"pivot": [-2, 19, 0],
					"cubes": [
						{"origin": [-6.5, 17.5, -2.5], "size": [5, 5, 5], "uv": [0, 29]}
					]
				},
				{
					"name": "leaf_middle",
					"parent": "stem2",
					"pivot": [0, 22.5, 0],
					"cubes": [
						{"origin": [-2.5, 23, -2.5], "size": [5, 5, 5], "uv": [32, 12]}
					]
				},
				{
					"name": "eye_left",
					"parent": "torso",
					"pivot": [2.25, 8.75, -4.0125],
					"cubes": [
						{"origin": [1.75, 8.75, -4.015], "size": [1, 2, 0], "uv": [6, 12]},
						{"origin": [1.25, 8.25, -4.01], "size": [2, 3, 0], "uv": [24, 15]}
					]
				},
				{
					"name": "eyelid_left",
					"parent": "eye_left",
					"pivot": [2.25, 9.75, -3.41],
					"cubes": [
						{"origin": [1.25, 8.25, -3.91], "size": [2, 3, 1], "inflate": 0.01, "uv": [0, 16]}
					]
				},
				{
					"name": "eye_right",
					"parent": "torso",
					"pivot": [-2.25, 8.75, -4.0125],
					"cubes": [
						{"origin": [-2.75, 8.75, -4.015], "size": [1, 2, 0], "uv": [8, 7]},
						{"origin": [-3.25, 8.25, -4.01], "size": [2, 3, 0], "uv": [0, 7]}
					]
				},
				{
					"name": "eyelid_right",
					"parent": "eye_right",
					"pivot": [-2.25, 9.75, -3.41],
					"cubes": [
						{"origin": [-3.25, 8.25, -3.91], "size": [2, 3, 1], "inflate": 0.01, "uv": [0, 12]}
					]
				},
				{
					"name": "mouth_open",
					"parent": "torso",
					"pivot": [0, 8, -3.9125],
					"cubes": [
						{"origin": [-1, 8, -3.91], "size": [1, 1, 0], "pivot": [0, 9, -3.91], "rotation": [0, 0, -7.5], "uv": [6, 14]},
						{"origin": [0, 8, -3.91], "size": [1, 1, 0], "pivot": [0, 9, -3.91], "rotation": [0, 0, 7.5], "uv": [8, 9]}
					],
					"locators": {
						"sleep": [0, 13.5, -2.75]
					}
				},
				{
					"name": "mouth_closed",
					"parent": "torso",
					"pivot": [0, 8, -4.0125],
					"cubes": [
						{"origin": [-1, 8, -4.01], "size": [1, 1, 0], "pivot": [0, 9, -4.01], "rotation": [0, 0, -7.5], "uv": [6, 16]},
						{"origin": [0, 8, -4.01], "size": [1, 1, 0], "pivot": [0, 9, -4.01], "rotation": [0, 0, 7.5], "uv": [6, 15]}
					]
				},
				{
					"name": "leg_left",
					"parent": "body",
					"pivot": [3, 4.5, 0],
					"cubes": [
						{"origin": [1.5, 3, -1.5], "size": [3, 3, 3], "uv": [12, 39]}
					]
				},
				{
					"name": "leg_left2",
					"parent": "leg_left",
					"pivot": [3, 3, -0.5],
					"cubes": [
						{"origin": [2.5, 1.5, -0.5], "size": [1, 2, 1], "uv": [24, 12]}
					]
				},
				{
					"name": "foot_left",
					"parent": "leg_left2",
					"pivot": [3, 1.5, 0],
					"cubes": [
						{"origin": [1.5, 0, -2.5], "size": [3, 2, 4], "uv": [34, 33]}
					]
				},
				{
					"name": "leg_right",
					"parent": "body",
					"pivot": [-3, 4.5, 0],
					"cubes": [
						{"origin": [-4.5, 3, -1.5], "size": [3, 3, 3], "uv": [0, 39]}
					]
				},
				{
					"name": "leg_right2",
					"parent": "leg_right",
					"pivot": [-3, 3, -0.5],
					"cubes": [
						{"origin": [-3.5, 1.5, -0.5], "size": [1, 2, 1], "uv": [4, 7]}
					]
				},
				{
					"name": "foot_right",
					"parent": "leg_right2",
					"pivot": [-3, 1.5, 0],
					"cubes": [
						{"origin": [-4.5, 0, -2.5], "size": [3, 2, 4], "uv": [20, 33]}
					]
				}
			]
		}
	]
}