{
	"format_version": "1.12.0",
	"minecraft:geometry": [
		{
			"description": {
				"identifier": "geometry.sprigatito",
				"texture_width": 64,
				"texture_height": 32,
				"visible_bounds_width": 3,
				"visible_bounds_height": 2.5,
				"visible_bounds_offset": [0, 0.75, 0]
			},
			"bones": [
				{
					"name": "sprigatito",
					"pivot": [0, 0, 0]
				},
				{
					"name": "body",
					"parent": "sprigatito",
					"pivot": [0, 0, 0]
				},
				{
					"name": "torso",
					"parent": "body",
					"pivot": [0, 6.6, 2.15],
					"cubes": [
						{"origin": [-2.5, 4.5, -4], "size": [5, 4, 8], "uv": [0, 15]}
					]
				},
				{
					"name": "neck",
					"parent": "torso",
					"pivot": [0, 8.5, -3],
					"rotation": [5, 0, 0],
					"cubes": [
						{"origin": [-1.5, 7.5, -4], "size": [3, 3, 2], "uv": [38, 16]}
					]
				},
				{
					"name": "head",
					"parent": "neck",
					"pivot": [0, 9, -3],
					"rotation": [-5, 0, 0],
					"cubes": [
						{"origin": [-5, 9, -6.5], "size": [10, 8, 7], "uv": [0, 0]},
						{"origin": [-2, 9.5, -7], "size": [4, 2, 1], "inflate": 0.01, "uv": [16, 27]},
						{"origin": [-0.5, 10.5, -7], "size": [1, 1, 1], "inflate": 0.02, "uv": [26, 23]}
					]
				},
				{
					"name": "mouth",
					"parent": "head",
					"pivot": [0, -1, 0]
				},
				{
					"name": "mouth_open",
					"parent": "mouth",
					"pivot": [0, 10.0625, -6.9],
					"cubes": [
						{"origin": [-1, 9.5, -6.9], "size": [2, 1, 0], "inflate": 0.02, "uv": [47, 4]}
					]
				},
				{
					"name": "eyes",
					"parent": "head",
					"pivot": [0, 13, -6]
				},
				{
					"name": "eye_right",
					"parent": "eyes",
					"pivot": [-3, 13.5, -6.5],
					"rotation": [0, 0, -2.5],
					"cubes": [
						{"origin": [-4.5, 11.5, -6.5], "size": [3, 4, 0], "inflate": 0.01, "uv": [24, 19], "mirror": true}
					]
				},
				{
					"name": "eyelid_right",
					"parent": "eye_right",
					"pivot": [-3, 13.5, -6.4],
					"cubes": [
						{"origin": [-4.5, 11.5, -6.4], "size": [3, 4, 1], "inflate": 0.02, "uv": [30, 24], "mirror": true}
					]
				},
				{
					"name": "eye_left",
					"parent": "eyes",
					"pivot": [3, 13.5, -6.5],
					"rotation": [0, 0, 2.5],
					"cubes": [
						{"origin": [1.5, 11.5, -6.5], "size": [3, 4, 0], "inflate": 0.01, "uv": [18, 19]}
					]
				},
				{
					"name": "eyelid_left",
					"parent": "eye_left",
					"pivot": [3, 13.5, -6.4],
					"cubes": [
						{"origin": [1.5, 11.5, -6.4], "size": [3, 4, 1], "inflate": 0.02, "uv": [30, 19]}
					]
				},
				{
					"name": "head_fur_right_main",
					"parent": "head",
					"pivot": [-5, 11, -4.5],
					"rotation": [5, -2.5, -15]
				},
				{
					"name": "head_fur_right",
					"parent": "head_fur_right_main",
					"pivot": [-5, 11, -4.5],
					"rotation": [0, 0, 30],
					"cubes": [
						{"origin": [-8, 11, -4.5], "size": [3, 2, 0], "uv": [45, 0]}
					]
				},
				{
					"name": "head_fur_right2",
					"parent": "head_fur_right_main",
					"pivot": [-5, 11, -4.5],
					"rotation": [0, -2.5, 0],
					"cubes": [
						{"origin": [-8, 10.5, -4.5], "size": [3, 1, 0], "uv": [0, 6]}
					]
				},
				{
					"name": "head_fur_right3",
					"parent": "head_fur_right_main",
					"pivot": [-5, 11, -4.5],
					"rotation": [0, 0, -30],
					"cubes": [
						{"origin": [-8, 9, -4.5], "size": [3, 2, 0], "uv": [45, 2]}
					]
				},
				{
					"name": "head_fur_left_main",
					"parent": "head",
					"pivot": [5, 11, -4.5],
					"rotation": [5, 2.5, 15]
				},
				{
					"name": "head_fur_left",
					"parent": "head_fur_left_main",
					"pivot": [5, 11, -4.5],
					"rotation": [0, 0, -30],
					"cubes": [
						{"origin": [5, 11, -4.5], "size": [3, 2, 0], "uv": [0, 20]}
					]
				},
				{
					"name": "head_fur_left2",
					"parent": "head_fur_left_main",
					"pivot": [5, 11, -4.5],
					"rotation": [0, 2.5, 0],
					"cubes": [
						{"origin": [5, 10.5, -4.5], "size": [3, 1, 0], "uv": [0, 2]}
					]
				},
				{
					"name": "head_fur_left3",
					"parent": "head_fur_left_main",
					"pivot": [5, 11, -4.5],
					"rotation": [0, 0, 30],
					"cubes": [
						{"origin": [5, 9, -4.5], "size": [3, 2, 0], "uv": [0, 0]}
					]
				},
				{
					"name": "ear_right",
					"parent": "head",
					"pivot": [-2.75, 15.25, -2.5],
					"rotation": [2.5, 10, -22.5],
					"cubes": [
						{"origin": [-5.25, 15.25, -2.5], "size": [5, 7, 0], "uv": [36, 9]}
					]
				},
				{
					"name": "ear_left",
					"parent": "head",
					"pivot": [2.75, 15.25, -2.5],
					"rotation": [2.5, -10, 22.5],
					"cubes": [
						{"origin": [0.25, 15.25, -2.5], "size": [5, 7, 0], "uv": [27, 0]}
					]
				},
				{
					"name": "neck_fur_front",
					"parent": "neck",
					"pivot": [0, 9, -4],
					"rotation": [-10, 0, 0],
					"cubes": [
						{"origin": [-4, 4, -4], "size": [8, 5, 0], "uv": [0, 27]},
						{"origin": [-4, 4, -4.1], "size": [8, 5, 0], "uv": [35, 27]}
					]
				},
				{
					"name": "neck_fur_back",
					"parent": "neck",
					"pivot": [0, 9, -2.5],
					"rotation": [-12.5, 0, 0],
					"cubes": [
						{"origin": [-2.5, 9, -2.5], "size": [5, 0, 4], "uv": [14, 15]}
					]
				},
				{
					"name": "tail",
					"parent": "torso",
					"pivot": [0, 8, 3.75],
					"rotation": [40, 0, 0],
					"cubes": [
						{"origin": [-2, 6, 3.25], "size": [4, 4, 5], "uv": [46, 0]}
					]
				},
				{
					"name": "tail_fur",
					"parent": "tail",
					"pivot": [0, 6, 5.8125],
					"rotation": [15, 0, 0],
					"cubes": [
						{"origin": [0, 4.53381, 3.82028], "size": [0, 2, 2], "uv": [60, -2]}
					]
				},
				{
					"name": "tail_fur2",
					"parent": "tail",
					"pivot": [0, 9.75, 8.25],
					"rotation": [-10, 0, 0],
					"cubes": [
						{"origin": [0, 6.75, 8.25], "size": [0, 3, 3], "uv": [0, 0]}
					]
				},
				{
					"name": "leg_front_right_rot",
					"parent": "body",
					"pivot": [-1.8, 3.3125, -2.65]
				},
				{
					"name": "leg_front_right",
					"parent": "leg_front_right_rot",
					"pivot": [-1.8, 6, -2.65],
					"rotation": [5, 0, 0],
					"cubes": [
						{"origin": [-2.8, 4, -3.65], "size": [2, 3, 2], "inflate": 0.01, "uv": [56, 18]}
					]
				},
				{
					"name": "leg_front_right2",
					"parent": "leg_front_right",
					"pivot": [-1.8, 4, -1.65],
					"rotation": [-12.5, 0, 0],
					"cubes": [
						{"origin": [-2.8, 1, -3.65], "size": [2, 3, 2], "uv": [0, 15]}
					]
				},
				{
					"name": "leg_front_right3",
					"parent": "leg_front_right2",
					"pivot": [-1.8, 1, -2.65],
					"rotation": [7.5, 0, 0],
					"cubes": [
						{"origin": [-2.8, -0.25, -3.9], "size": [2, 2, 2], "inflate": 0.01, "uv": [28, 15]}
					]
				},
				{
					"name": "leg_front_left_rot",
					"parent": "body",
					"pivot": [1.8, 3.3125, -2.65]
				},
				{
					"name": "leg_front_left",
					"parent": "leg_front_left_rot",
					"pivot": [1.8, 6, -2.65],
					"rotation": [5, 0, 0],
					"cubes": [
						{"origin": [0.8, 4, -3.65], "size": [2, 3, 2], "inflate": 0.01, "uv": [56, 23]}
					]
				},
				{
					"name": "leg_front_left2",
					"parent": "leg_front_left",
					"pivot": [1.8, 4, -1.65],
					"rotation": [-12.5, 0, 0],
					"cubes": [
						{"origin": [0.8, 1, -3.65], "size": [2, 3, 2], "uv": [38, 21]}
					]
				},
				{
					"name": "leg_front_left3",
					"parent": "leg_front_left2",
					"pivot": [1.8, 1, -2.65],
					"rotation": [7.5, 0, 0],
					"cubes": [
						{"origin": [0.8, -0.25, -3.9], "size": [2, 2, 2], "inflate": 0.01, "uv": [37, 0]}
					]
				},
				{
					"name": "leg_back_right",
					"parent": "body",
					"pivot": [-1.85, 6.6, 2.15],
					"rotation": [5, 0, 0],
					"cubes": [
						{"origin": [-2.85, 3.6, 0.65], "size": [2, 4, 3], "inflate": 0.01, "uv": [46, 9]}
					]
				},
				{
					"name": "leg_back_right2",
					"parent": "leg_back_right",
					"pivot": [-1.85, 3.6, 3.15],
					"rotation": [-15, 0, 0],
					"cubes": [
						{"origin": [-2.85, 0.85, 2.15], "size": [2, 3, 2], "uv": [37, 4]}
					]
				},
				{
					"name": "leg_back_right3",
					"parent": "leg_back_right2",
					"pivot": [-1.85, 1.35, 3.15],
					"rotation": [10, 0, 0],
					"cubes": [
						{"origin": [-2.85, -0.15, 1.9], "size": [2, 2, 2], "inflate": 0.01, "uv": [56, 14]}
					]
				},
				{
					"name": "leg_back_left",
					"parent": "body",
					"pivot": [1.85, 6.6, 2.15],
					"rotation": [5, 0, 0],
					"cubes": [
						{"origin": [0.85, 3.6, 0.65], "size": [2, 4, 3], "inflate": 0.01, "uv": [46, 20]}
					]
				},
				{
					"name": "leg_back_left2",
					"parent": "leg_back_left",
					"pivot": [1.85, 3.6, 3.15],
					"rotation": [-15, 0, 0],
					"cubes": [
						{"origin": [0.85, 0.85, 2.15], "size": [2, 3, 2], "uv": [56, 9]}
					]
				},
				{
					"name": "leg_back_left3",
					"parent": "leg_back_left2",
					"pivot": [1.85, 1.35, 3.15],
					"rotation": [10, 0, 0],
					"cubes": [
						{"origin": [0.85, -0.15, 1.9], "size": [2, 2, 2], "inflate": 0.01, "uv": [48, 16]}
					]
				},
				{
					"name": "leg_back_left_rot",
					"parent": "leg_back_left",
					"pivot": [1.85, 6.6, 2.15]
				}
			]
		}
	]
}