{
	"format_version": "1.12.0",
	"minecraft:geometry": [
		{
			"description": {
				"identifier": "geometry.hoothoot",
				"texture_width": 64,
				"texture_height": 64,
				"visible_bounds_width": 3,
				"visible_bounds_height": 2.5,
				"visible_bounds_offset": [0, 0.75, 0]
			},
			"bones": [
				{
					"name": "hoothoot",
					"pivot": [0.00196, -0.00443, 0.09728]
				},
				{
					"name": "body",
					"parent": "hoothoot",
					"pivot": [0, 9.5, 0.5]
				},
				{
					"name": "leg_right",
					"parent": "body",
					"pivot": [-2.4, 5, 0.5],
					"cubes": [
						{"origin": [-7, 1, -2.9], "size": [2, 4, 2], "pivot": [-3, 13.5, -2.5], "rotation": [0, 90, 0], "uv": [36, 23]},
						{"origin": [-2.4, 3, -1.5], "size": [0, 1, 2], "pivot": [-2.4, 4, -0.5], "rotation": [-90, 67.5, -90], "uv": [42, 34]},
						{"origin": [-2.4, 3, 0.5], "size": [0, 1, 2], "pivot": [-2.4, 4, 1.5], "rotation": [90, 67.5, 90], "uv": [42, 38]},
						{"origin": [-4.4, 3, 0.5], "size": [2, 1, 0], "pivot": [-3.4, 4, 0.5], "rotation": [0, 90, 22.5], "uv": [42, 38]},
						{"origin": [-2.4, 3, 0.5], "size": [2, 1, 0], "pivot": [-1.4, 4, 0.5], "rotation": [0, 90, -22.5], "uv": [47, 42]}
					]
				},
				{
					"name": "foot_right",
					"parent": "leg_right",
					"pivot": [-3, 2, 0.5],
					"cubes": [
						{"origin": [-7, 0, -3.4], "size": [2, 2, 3], "inflate": 0.01, "pivot": [-3, 12.5, -2.5], "rotation": [0, 90, 0], "uv": [18, 23]}
					]
				},
				{
					"name": "toe4_right",
					"parent": "foot_right",
					"pivot": [-3.4, 1, 0.75],
					"cubes": [
						{"origin": [-6.1, 0, -0.5], "size": [1, 2, 2], "pivot": [-5.4, 1, -1.5], "rotation": [0, 45, 0], "uv": [27, 47]}
					]
				},
				{
					"name": "claw4_right",
					"parent": "toe4_right",
					"pivot": [-4.8, 0.5, -0.6],
					"cubes": [
						{"origin": [-5.6, 0, -1.5], "size": [0, 1, 2], "pivot": [-5.4, 1, -1.5], "rotation": [0, 45, 0], "uv": [27, 32]}
					]
				},
				{
					"name": "toe3_right",
					"parent": "foot_right",
					"pivot": [-2.75, 1, 0.8],
					"cubes": [
						{"origin": [-3.75, 0, -2.3], "size": [1, 2, 3], "pivot": [-2.75, 1, -1.3], "rotation": [0, 15, 0], "uv": [34, 46]}
					]
				},
				{
					"name": "claw3_right",
					"parent": "toe3_right",
					"pivot": [-3.5, 0.5, -2.1],
					"cubes": [
						{"origin": [-3.25, 0, -3.3], "size": [0, 1, 2], "pivot": [-2.75, 1, -1.3], "rotation": [0, 15, 0], "uv": [33, 32]}
					]
				},
				{
					"name": "toe2_right",
					"parent": "foot_right",
					"pivot": [-2.1, 1, 0.8],
					"cubes": [
						{"origin": [-2.1, 0, -2.3], "size": [1, 2, 3], "pivot": [-2.1, 1, -1.3], "rotation": [0, -15, 0], "uv": [43, 46]}
					]
				},
				{
					"name": "claw2_right",
					"parent": "toe2_right",
					"pivot": [-1.3, 0.5, -2.1],
					"cubes": [
						{"origin": [-1.6, 0, -3.3], "size": [0, 1, 2], "pivot": [-2.1, 1, -1.3], "rotation": [0, -15, 0], "uv": [39, 32]}
					]
				},
				{
					"name": "toe1_right",
					"parent": "foot_right",
					"pivot": [-1.5, 1, 0.75],
					"cubes": [
						{"origin": [0.25, 0, -0.5], "size": [1, 2, 2], "pivot": [0.5, 1, -1.5], "rotation": [0, -45, 0], "uv": [52, 47]}
					]
				},
				{
					"name": "claw1_right",
					"parent": "toe1_right",
					"pivot": [0, 0.5, -0.6],
					"cubes": [
						{"origin": [0.75, 0, -1.5], "size": [0, 1, 2], "pivot": [0.5, 1, -1.5], "rotation": [0, -45, 0], "uv": [45, 32]}
					]
				},
				{
					"name": "backtoe_right",
					"parent": "foot_right",
					"pivot": [-2.4, 1, 0.5],
					"cubes": [
						{"origin": [-8, 0, -2.4], "size": [2, 2, 1], "pivot": [-3, 12.5, -2.5], "rotation": [0, 90, 0], "uv": [27, 40]}
					]
				},
				{
					"name": "backclaw_right",
					"parent": "backtoe_right",
					"pivot": [-2.4, 0.5, 2.5],
					"cubes": [
						{"origin": [-9, 0, -1.9], "size": [2, 1, 0], "inflate": 0.01, "pivot": [-3, 12.5, -2.5], "rotation": [0, 90, 0], "uv": [27, 38]}
					]
				},
				{
					"name": "leg_left",
					"parent": "body",
					"pivot": [2.4, 5, 0.5],
					"cubes": [
						{"origin": [5, 1, -2.9], "size": [2, 4, 2], "pivot": [3, 13.5, -2.5], "rotation": [0, -90, 0], "uv": [45, 23], "mirror": true},
						{"origin": [2.4, 3, -1.5], "size": [0, 1, 2], "pivot": [2.4, 4, -0.5], "rotation": [-90, -67.5, 90], "uv": [47, 34], "mirror": true},
						{"origin": [2.4, 3, 0.5], "size": [0, 1, 2], "pivot": [2.4, 4, 1.5], "rotation": [90, -67.5, -90], "uv": [47, 38], "mirror": true},
						{"origin": [2.4, 3, 0.5], "size": [2, 1, 0], "pivot": [3.4, 4, 0.5], "rotation": [0, -90, -22.5], "uv": [47, 38], "mirror": true},
						{"origin": [0.4, 3, 0.5], "size": [2, 1, 0], "pivot": [1.4, 4, 0.5], "rotation": [0, -90, 22.5], "uv": [42, 42], "mirror": true}
					]
				},
				{
					"name": "foot_left",
					"parent": "leg_left",
					"pivot": [3, 2, 0.5],
					"cubes": [
						{"origin": [5, 0, -3.4], "size": [2, 2, 3], "inflate": 0.01, "pivot": [3, 12.5, -2.5], "rotation": [0, -90, 0], "uv": [7, 23], "mirror": true}
					]
				},
				{
					"name": "toe4_left",
					"parent": "foot_left",
					"pivot": [3.4, 1, 0.75],
					"cubes": [
						{"origin": [5.1, 0, -0.5], "size": [1, 2, 2], "pivot": [5.4, 1, -1.5], "rotation": [0, -45, 0], "uv": [27, 52], "mirror": true}
					]
				},
				{
					"name": "claw4_left",
					"parent": "toe4_left",
					"pivot": [4.8, 0.5, -0.6],
					"cubes": [
						{"origin": [5.6, 0, -1.5], "size": [0, 1, 2], "pivot": [5.4, 1, -1.5], "rotation": [0, -45, 0], "uv": [27, 32], "mirror": true}
					]
				},
				{
					"name": "toe3_left",
					"parent": "foot_left",
					"pivot": [2.75, 1, 0.8],
					"cubes": [
						{"origin": [2.75, 0, -2.3], "size": [1, 2, 3], "pivot": [2.75, 1, -1.3], "rotation": [0, -15, 0], "uv": [34, 51], "mirror": true}
					]
				},
				{
					"name": "claw3_left",
					"parent": "toe3_left",
					"pivot": [3.5, 0.5, -2.1],
					"cubes": [
						{"origin": [3.25, 0, -3.3], "size": [0, 1, 2], "pivot": [2.75, 1, -1.3], "rotation": [0, -15, 0], "uv": [33, 32], "mirror": true}
					]
				},
				{
					"name": "toe2_left",
					"parent": "foot_left",
					"pivot": [2.1, 1, 0.8],
					"cubes": [
						{"origin": [1.1, 0, -2.3], "size": [1, 2, 3], "pivot": [2.1, 1, -1.3], "rotation": [0, 15, 0], "uv": [43, 51], "mirror": true}
					]
				},
				{
					"name": "claw_left2",
					"parent": "toe2_left",
					"pivot": [1.3, 0.5, -2.1],
					"cubes": [
						{"origin": [1.6, 0, -3.3], "size": [0, 1, 2], "pivot": [2.1, 1, -1.3], "rotation": [0, 15, 0], "uv": [39, 32], "mirror": true}
					]
				},
				{
					"name": "toe1_left",
					"parent": "foot_left",
					"pivot": [1.5, 1, 0.75],
					"cubes": [
						{"origin": [-1.25, 0, -0.5], "size": [1, 2, 2], "pivot": [-0.5, 1, -1.5], "rotation": [0, 45, 0], "uv": [52, 52], "mirror": true}
					]
				},
				{
					"name": "claw1_left",
					"parent": "toe1_left",
					"pivot": [0, 0.5, -0.6],
					"cubes": [
						{"origin": [-0.75, 0, -1.5], "size": [0, 1, 2], "pivot": [-0.5, 1, -1.5], "rotation": [0, 45, 0], "uv": [45, 32], "mirror": true}
					]
				},
				{
					"name": "backtoe_left",
					"parent": "foot_left",
					"pivot": [2.4, 1, 0.5],
					"cubes": [
						{"origin": [6, 0, -2.4], "size": [2, 2, 1], "pivot": [3, 12.5, -2.5], "rotation": [0, -90, 0], "uv": [34, 40], "mirror": true}
					]
				},
				{
					"name": "backclaw_leg",
					"parent": "backtoe_left",
					"pivot": [2.4, 0.5, 2.5],
					"cubes": [
						{"origin": [7, 0, -1.9], "size": [2, 1, 0], "inflate": 0.01, "pivot": [3, 12.5, -2.5], "rotation": [0, -90, 0], "uv": [27, 38], "mirror": true}
					]
				},
				{
					"name": "torso",
					"parent": "body",
					"pivot": [0, 4, 0.5],
					"cubes": [
						{"origin": [-5.5, 15, 0.5], "size": [11, 5, 0], "pivot": [0, 15, 0.5], "rotation": [0, -45, 0], "uv": [40, 59]},
						{"origin": [-5.5, 15, 0.5], "size": [11, 5, 0], "pivot": [0, 15, 0.5], "rotation": [0, -135, 0], "uv": [40, 59]},
						{"origin": [-5.5, 4, -5], "size": [11, 11, 11], "uv": [0, 0]},
						{"origin": [-1, 9, -7], "size": [2, 2, 2], "pivot": [0, 10, -6], "rotation": [0, 180, 0], "uv": [36, 29]},
						{"origin": [0, 8.25, -0.5], "size": [1, 1, 1], "inflate": 0.01, "pivot": [-3, 14.25, -3], "rotation": [0, 90, 0], "uv": [0, 26]}
					]
				},
				{
					"name": "tail",
					"parent": "torso",
					"pivot": [0, 6, 6],
					"cubes": [
						{"origin": [-4, 6, 6], "size": [8, 0, 8], "uv": [-5, 50]}
					]
				},
				{
					"name": "jaw",
					"parent": "torso",
					"pivot": [0, 9.25, -5],
					"cubes": [
						{"origin": [-1.25, 8.25, -0.5], "size": [2, 1, 1], "pivot": [-3, 14.5, -3], "rotation": [0, 90, 0], "uv": [0, 23]}
					]
				},
				{
					"name": "wing_right",
					"parent": "torso",
					"pivot": [-5.5, 8, -2],
					"cubes": [
						{"origin": [-7, 8, -13.4], "size": [3, 0, 9], "pivot": [-3, 13.5, -3], "rotation": [0, 90, 0], "uv": [39, 13]}
					]
				},
				{
					"name": "wing_left",
					"parent": "torso",
					"pivot": [5.5, 8, -2],
					"cubes": [
						{"origin": [4, 8, -13.4], "size": [3, 0, 9], "pivot": [3, 13.5, -3], "rotation": [0, -90, 0], "uv": [46, 13], "mirror": true}
					]
				}
			]
		}
	]
}