{
	"format_version": "1.12.0",
	"minecraft:geometry": [
		{
			"description": {
				"identifier": "geometry.clefairy",
				"texture_width": 128,
				"texture_height": 128,
				"visible_bounds_width": 3,
				"visible_bounds_height": 2.5,
				"visible_bounds_offset": [0, 0.75, 0]
			},
			"bones": [
				{
					"name": "clefairy",
					"pivot": [0, 0, 0]
				},
				{
					"name": "body",
					"parent": "clefairy",
					"pivot": [0, 4, -2]
				},
				{
					"name": "torso",
					"parent": "body",
					"pivot": [0, 4, -2],
					"cubes": [
						{"origin": [-4, 2, -4], "size": [8, 10, 6], "uv": [0, 0]},
						{"origin": [-4.5, 2, -4], "size": [9, 3, 6], "inflate": 0.001, "uv": [0, 29]},
						{"origin": [-1.5, 10.5, -3.75], "size": [3, 3, 5], "pivot": [0, 12, -2.25], "rotation": [-7.5, 0, 0], "uv": [18, 16]},
						{"origin": [-2.5, 10.25, -4.5], "size": [4, 4, 2], "pivot": [0, 12, -2.25], "rotation": [-7.5, -15, 0], "uv": [34, 16]}
					]
				},
				{
					"name": "flair2",
					"parent": "torso",
					"pivot": [0, 4, 2],
					"cubes": [
						{"origin": [1.5, 0, 2], "size": [3, 4, 0], "pivot": [0, 4, 2], "rotation": [45, 0, 0], "uv": [0, 28]},
						{"origin": [4.5, 0, -1], "size": [0, 4, 3], "pivot": [4.5, 4, -1], "rotation": [0, 0, -45], "uv": [0, 25]},
						{"origin": [4.5, 0, -4], "size": [0, 4, 3], "pivot": [4.5, 4, -1], "rotation": [0, 0, -45], "uv": [0, 25]},
						{"origin": [1.5, 0, -4], "size": [3, 4, 0], "pivot": [0, 4, -4], "rotation": [-45, 0, 0], "uv": [0, 28]},
						{"origin": [-1.5, 0, -4], "size": [3, 4, 0], "pivot": [0, 4, -4], "rotation": [-45, 0, 0], "uv": [0, 28]},
						{"origin": [-4.5, 0, -4], "size": [3, 4, 0], "pivot": [0, 4, -4], "rotation": [-45, 0, 0], "uv": [0, 28]},
						{"origin": [-4.5, 0, -4], "size": [0, 4, 3], "pivot": [-4.5, 4, -1], "rotation": [0, 0, 45], "uv": [0, 25]},
						{"origin": [-4.5, 0, -1], "size": [0, 4, 3], "pivot": [-4.5, 4, -1], "rotation": [0, 0, 45], "uv": [0, 25]},
						{"origin": [-4.5, 0, 2], "size": [3, 4, 0], "pivot": [0, 4, 2], "rotation": [45, 0, 0], "uv": [0, 28]},
						{"origin": [-1.5, 0, 2], "size": [3, 4, 0], "pivot": [0, 4, 2], "rotation": [45, 0, 0], "uv": [0, 28]}
					]
				},
				{
					"name": "mouth",
					"parent": "torso",
					"pivot": [0, 0, 0]
				},
				{
					"name": "mouth_closed",
					"parent": "mouth",
					"pivot": [0, 7, -4.01],
					"cubes": [
						{"origin": [-1, 6.5, -4.01], "size": [2, 1, 0], "uv": [27, 1], "mirror": true}
					]
				},
				{
					"name": "mouth_open",
					"parent": "mouth",
					"pivot": [0, 6.5, -3.91],
					"cubes": [
						{"origin": [-1, 5.5, -3.91], "size": [2, 2, 0], "uv": [23, 3], "mirror": true}
					]
				},
				{
					"name": "eyes",
					"parent": "torso",
					"pivot": [0, 8.75, -4.05]
				},
				{
					"name": "eye_right",
					"parent": "eyes",
					"pivot": [-1.75, 8.75, -4.01],
					"cubes": [
						{"origin": [-2.25, 7.75, -4.01], "size": [1, 2, 0], "uv": [23, 0]}
					]
				},
				{
					"name": "eyelid_right",
					"parent": "eye_right",
					"pivot": [-1.75, 8.75, -3.41],
					"cubes": [
						{"origin": [-2.75, 7.75, -3.91], "size": [2, 2, 1], "inflate": 0.01, "uv": [0, 0], "mirror": true}
					]
				},
				{
					"name": "eye_left",
					"parent": "eyes",
					"pivot": [1.75, 8.75, -4.01],
					"cubes": [
						{"origin": [1.25, 7.75, -4.01], "size": [1, 2, 0], "uv": [25, 0], "mirror": true}
					]
				},
				{
					"name": "eyelid_left",
					"parent": "eye_left",
					"pivot": [1.75, 8.75, -3.41],
					"cubes": [
						{"origin": [0.75, 7.75, -3.91], "size": [2, 2, 1], "inflate": 0.01, "uv": [0, 3], "mirror": true}
					]
				},
				{
					"name": "ear_right",
					"parent": "torso",
					"pivot": [-2.25, 10.5, -1],
					"rotation": [0, 0, 40],
					"cubes": [
						{"origin": [-5.5, 8.25, -3], "size": [3, 4, 4], "uv": [42, 0]},
						{"origin": [-7.5, 8.25, -2], "size": [2, 3, 2], "uv": [56, 5]}
					]
				},
				{
					"name": "ear_left",
					"parent": "torso",
					"pivot": [2.25, 10.5, -1],
					"rotation": [0, 0, -40],
					"cubes": [
						{"origin": [2.5, 8.25, -3], "size": [3, 4, 4], "uv": [42, 8]},
						{"origin": [5.5, 8.25, -2], "size": [2, 3, 2], "uv": [56, 0]}
					]
				},
				{
					"name": "arm_right",
					"parent": "torso",
					"pivot": [-4, 7.5, -2.25],
					"cubes": [
						{"origin": [-8, 5.5, -3.25], "size": [5, 3, 2], "uv": [18, 24]},
						{"origin": [-7.75, 8, -2.25], "size": [1, 1, 0], "pivot": [-7.25, 8.75, -2.25], "rotation": [10, 0, 2.5], "uv": [0, 16]},
						{"origin": [-8.75, 7.25, -2.25], "size": [1, 1, 0], "pivot": [-8.25, 7.75, -2.25], "rotation": [0, -10, 2.5], "uv": [0, 18]},
						{"origin": [-8.75, 6, -2.25], "size": [1, 1, 0], "pivot": [-8.25, 6.5, -2.25], "rotation": [0, -10, -5], "uv": [0, 19]}
					]
				},
				{
					"name": "arm_left",
					"parent": "torso",
					"pivot": [4, 7.5, -2.25],
					"cubes": [
						{"origin": [3, 5.5, -3.25], "size": [5, 3, 2], "uv": [32, 24]},
						{"origin": [6.75, 8, -2.25], "size": [1, 1, 0], "pivot": [7.25, 8.75, -2.25], "rotation": [10, 0, -2.5], "uv": [0, 17], "mirror": true},
						{"origin": [7.75, 7.25, -2.25], "size": [1, 1, 0], "pivot": [8.25, 7.75, -2.25], "rotation": [0, 10, -2.5], "uv": [0, 20], "mirror": true},
						{"origin": [7.75, 6, -2.25], "size": [1, 1, 0], "pivot": [8.25, 6.5, -2.25], "rotation": [0, 10, 5], "uv": [0, 21], "mirror": true}
					]
				},
				{
					"name": "wing_right",
					"parent": "torso",
					"pivot": [-2.25, 8, 2],
					"cubes": [
						{"origin": [-2.25, 5.5, 2], "size": [0, 5, 4], "uv": [46, 20]}
					]
				},
				{
					"name": "wing_left",
					"parent": "torso",
					"pivot": [2.25, 8, 2],
					"cubes": [
						{"origin": [2.25, 5.5, 2], "size": [0, 5, 4], "uv": [54, 20]}
					]
				},
				{
					"name": "tail",
					"parent": "torso",
					"pivot": [0, 7, 2],
					"cubes": [
						{"origin": [-1.5, 2.5, 2], "size": [3, 6, 6], "uv": [0, 16]}
					]
				},
				{
					"name": "leg_right",
					"parent": "body",
					"pivot": [-2.75, 4, -1],
					"cubes": [
						{"origin": [-4.25, 1, -3], "size": [3, 4, 4], "uv": [28, 8]}
					]
				},
				{
					"name": "leg_right2",
					"parent": "leg_right",
					"pivot": [-2.75, 1, -0.75],
					"cubes": [
						{"origin": [-4.25, 0, -2.75], "size": [3, 1, 3], "uv": [46, 20]},
						{"origin": [-3.25, 0, -3.25], "size": [1, 0, 1], "pivot": [2.75, 0, -3.25], "rotation": [30, 0, 0], "uv": [1, 16]}
					]
				},
				{
					"name": "leg_left",
					"parent": "body",
					"pivot": [2.75, 4, -1],
					"cubes": [
						{"origin": [1.25, 1, -3], "size": [3, 4, 4], "uv": [28, 0]}
					]
				},
				{
					"name": "leg_left2",
					"parent": "leg_left",
					"pivot": [2.75, 1, -0.75],
					"cubes": [
						{"origin": [1.25, 0, -2.75], "size": [3, 1, 3], "uv": [46, 16]},
						{"origin": [2.25, 0, -3.25], "size": [1, 0, 1], "pivot": [2.75, 0, -3.25], "rotation": [30, 0, 0], "uv": [1, 17]}
					]
				},
				{
					"name": "Hat",
					"pivot": [7.75, 18.4, 4.1],
					"cubes": [
						{"origin": [-4.5, 11.4, -7.35], "size": [9, 5, 6], "pivot": [0, -5.6, -2.9], "rotation": [-12.5, 0, 0], "uv": [43, 117]},
						{"origin": [-4.5, 9.4, -7.85], "size": [9, 3, 7], "inflate": 0.01, "pivot": [0, -5.6, -2.9], "rotation": [-12.5, 0, 0], "uv": [3, 118]}
					]
				},
				{
					"name": "bone",
					"parent": "Hat",
					"pivot": [3.8, 15.45, 1.9],
					"rotation": [0, -22.5, 0],
					"cubes": [
						{"origin": [3.8, 17.92114, -15.10632], "size": [3, 3, 6], "inflate": 0.001, "pivot": [-2.7, 14.2, -6.6], "rotation": [-44.99999, -77.5, 89.99999], "uv": [58, 114]},
						{"origin": [5.55, 9.52685, 0.78797], "size": [3, 3, 3], "inflate": 0.2, "pivot": [7.05, 14.2, 1.4], "rotation": [-102.49999, -77.5, 89.99999], "uv": [76, 122]}
					]
				}
			]
		}
	]
}