{
	"format_version": "1.12.0",
	"minecraft:geometry": [
		{
			"description": {
				"identifier": "geometry.palkiaegg",
				"texture_width": 128,
				"texture_height": 128,
				"visible_bounds_width": 3,
				"visible_bounds_height": 2.5,
				"visible_bounds_offset": [0, 0.75, 0]
			},
			"bones": [
				{
					"name": "palkiaegg",
					"pivot": [0, 0, 0]
				},
				{
					"name": "body",
					"parent": "palkiaegg",
					"pivot": [0, 0, 0],
					"cubes": [
						{"origin": [-7, 0, -7], "size": [14, 14, 14], "uv": [0, 0]},
						{"origin": [-6, 14, -6], "size": [12, 3, 12], "uv": [0, 28]},
						{"origin": [-5, 17, -5], "size": [10, 1, 10], "uv": [42, 0]}
					]
				},
				{
					"name": "rambut",
					"parent": "body",
					"pivot": [1, -36, 13],
					"cubes": [
						{"origin": [-0.3, 9.12468, 8.03732], "size": [0, 5, 11], "pivot": [-0.3, 16.4, 12.5], "rotation": [-70, 0, 0], "uv": [28, 44]},
						{"origin": [-0.3, 17.6, 3.9], "size": [0, 4, 4], "pivot": [-0.3, 19.6, 2.8], "rotation": [-12.5, 0, 0], "uv": [0, 0]},
						{"origin": [-0.3, 17.6, -4.3], "size": [0, 4, 9], "uv": [16, 34]}
					]
				},
				{
					"name": "head",
					"parent": "body",
					"pivot": [0, -15, 0],
					"cubes": [
						{"origin": [-1, 8, -1], "size": [2, 0, 2], "uv": [-2, 126]}
					]
				},
				{
					"name": "shield",
					"parent": "body",
					"pivot": [-7.81285, 8.58707, 0.31383],
					"rotation": [-158.85353, -6.88556, 171.55369],
					"cubes": [
						{"origin": [-6.85, 5.52013, -0.62774], "size": [0, 4, 4], "pivot": [-6, 6.72013, -1.12774], "rotation": [32.89875, -8.42145, -5.41207], "uv": [0, 24]},
						{"origin": [-8.02168, 2.23004, -3.50318], "size": [2, 4, 2], "pivot": [-6.52168, 2.53004, -3.20318], "rotation": [-39.53441, -7.53916, -6.52046], "uv": [0, 49]},
						{"origin": [-9.88272, 6.8651, 4.50073], "size": [2, 4, 2], "pivot": [-8.48272, 8.3651, 5.30073], "rotation": [-75.69896, -9.46405, -1.25101], "uv": [24, 47]},
						{"origin": [-9.34195, 11.25647, -4.84928], "size": [2, 3, 2], "pivot": [-8.44195, 15.35647, -2.54928], "rotation": [32.45463, -10.25181, -4.74878], "uv": [50, 55]},
						{"origin": [-9.07352, 3.32221, 1.92774], "size": [2, 3, 2], "pivot": [-8.07352, 4.52221, 3.02774], "rotation": [32.45463, -10.25181, -4.74878], "uv": [52, 38]},
						{"origin": [-10.00955, 11.8032, 1.49057], "size": [2, 4, 2], "pivot": [-8.50955, 14.0032, 2.29057], "rotation": [-37.84334, -11.00409, -3.25225], "uv": [16, 47]},
						{"origin": [-8.09764, 7.09851, -8.41468], "size": [2, 4, 2], "pivot": [-7.19764, 7.59851, -6.41468], "rotation": [-74.67933, -8.35549, -5.2461], "uv": [0, 43]},
						{"origin": [-8.9, 1.52013, -4.62774], "size": [2, 12, 12], "pivot": [-6, 6.72013, -1.12774], "rotation": [32.89875, -8.42145, -5.41207], "uv": [0, 43]}
					]
				},
				{
					"name": "shield2",
					"parent": "body",
					"pivot": [8.18715, 8.58707, 0.31383],
					"rotation": [3.66855, 7.82555, 5.95054],
					"cubes": [
						{"origin": [9.15, 5.52013, -0.62774], "size": [0, 4, 4], "pivot": [10, 6.72013, -1.12774], "rotation": [32.89875, -8.42145, -5.41207], "uv": [0, 4]},
						{"origin": [7.97832, 2.23004, -3.50318], "size": [2, 4, 2], "pivot": [9.47832, 2.53004, -3.20318], "rotation": [-39.53441, -7.53916, -6.52046], "uv": [42, 0]},
						{"origin": [6.11728, 6.8651, 4.50073], "size": [2, 4, 2], "pivot": [7.51728, 8.3651, 5.30073], "rotation": [-75.69896, -9.46405, -1.25101], "uv": [36, 34]},
						{"origin": [6.65805, 11.25647, -4.84928], "size": [2, 3, 2], "pivot": [7.55805, 15.35647, -2.54928], "rotation": [32.45463, -10.25181, -4.74878], "uv": [52, 33]},
						{"origin": [6.92648, 3.32221, 1.92774], "size": [2, 3, 2], "pivot": [7.92648, 4.52221, 3.02774], "rotation": [32.45463, -10.25181, -4.74878], "uv": [52, 28]},
						{"origin": [5.99045, 11.8032, 1.49057], "size": [2, 4, 2], "pivot": [7.49045, 14.0032, 2.29057], "rotation": [-37.84334, -11.00409, -3.25225], "uv": [36, 28]},
						{"origin": [7.90236, 7.09851, -8.41468], "size": [2, 4, 2], "pivot": [8.80236, 7.59851, -6.41468], "rotation": [-74.67933, -8.35549, -5.2461], "uv": [0, 32]},
						{"origin": [7.1, 1.52013, -4.62774], "size": [2, 12, 12], "pivot": [10, 6.72013, -1.12774], "rotation": [32.89875, -8.42145, -5.41207], "uv": [36, 31]}
					]
				}
			]
		}
	]
}