{
  "name": "GiratinaEgg",
  "nationalPokedexNumber": 2343,
  "primaryType": "ghost",
  "secondaryType": "dragon",
  "abilities": [
    "pressure",
    "h:telepathy"
  ],
  "baseStats": {
    "hp": 150,
    "attack": 100,
    "defence": 120,
    "special_attack": 100,
    "special_defence": 120,
    "speed": 90
  },
  "catchRate": 3,
  "maleRatio": -1,
  "shoulderMountable": false,
  "baseExperienceYield": 340,
  "baseFriendship": 0,
  "evYield": {
    "hp": 3,
    "attack": 0,
    "defence": 0,
    "special_attack": 0,
    "special_defence": 0,
    "speed": 0
  },
  "experienceGroup": "slow",
  "eggCycles": 120,
  "eggGroups": [
    "undiscovered"
  ],
  "moves": [
    "1:defog",
    "1:dragonbreath",
    "1:scaryface",
    "1:shadowsneak",
    "6:ominouswind",
    "7:dragonbreath",
    "14:ancientpower",
    "19:shadowsneak",
    "21:hex",
    "28:slash",
    "35:scaryface",
    "42:shadowclaw",
    "49:painsplit",
    "50:healblock",
    "56:aurasphere",
    "63:dragonclaw",
    "70:earthpower",
    "77:shadowforce",
    "84:destinybond",
    "tm:aerialace",
    "tm:aurasphere",
    "tm:bodyslam",
    "tm:breakingswipe",
    "tm:brutalswing",
    "tm:bulldoze",
    "tm:calmmind",
    "tm:chargebeam",
    "tm:confide",
    "tm:confuseray",
    "tm:curse",
    "tm:cut",
    "tm:darkpulse",
    "tm:defog",
    "tm:doubleteam",
    "tm:dracometeor",
    "tm:dragonclaw",
    "tm:dragonpulse",
    "tm:dragontail",
    "tm:dreameater",
    "tm:dualwingbeat",
    "tm:earthpower",
    "tm:earthquake",
    "tm:echoedvoice",
    "tm:endure",
    "tm:energyball",
    "tm:facade",
    "tm:fly",
    "tm:frustration",
    "tm:gigaimpact",
    "tm:gravity",
    "tm:hex",
    "tm:hiddenpower",
    "tm:honeclaws",
    "tm:hyperbeam",
    "tm:hypervoice",
    "tm:icywind",
    "tm:ironhead",
    "tm:irontail",
    "tm:naturalgift",
    "tm:outrage",
    "tm:painsplit",
    "tm:payback",
    "tm:phantomforce",
    "tm:poltergeist",
    "tm:protect",
    "tm:psychic",
    "tm:psychup",
    "tm:raindance",
    "tm:rest",
    "tm:return",
    "tm:roar",
    "tm:rockclimb",
    "tm:rocksmash",
    "tm:round",
    "tm:safeguard",
    "tm:scaryface",
    "tm:secretpower",
    "tm:shadowball",
    "tm:shadowclaw",
    "tm:shockwave",
    "tm:silverwind",
    "tm:skittersmack",
    "tm:sleeptalk",
    "tm:snore",
    "tm:spite",
    "tm:steelwing",
    "tm:stoneedge",
    "tm:strength",
    "tm:substitute",
    "tm:sunnyday",
    "tm:swagger",
    "tm:swift",
    "tm:takedown",
    "tm:telekinesis",
    "tm:terablast",
    "tm:thunder",
    "tm:thunderbolt",
    "tm:thunderwave",
    "tm:toxic",
    "tm:willowisp",
    "tutor:aircutter",
    "tutor:ancientpower",
    "tutor:aquatail",
    "tutor:aurasphere",
    "tutor:darkpulse",
    "tutor:defog",
    "tutor:dracometeor",
    "tutor:dragonbreath",
    "tutor:dragonclaw",
    "tutor:dragonpulse",
    "tutor:dualwingbeat",
    "tutor:earthpower",
    "tutor:furycutter",
    "tutor:gravity",
    "tutor:headbutt",
    "tutor:healblock",
    "tutor:hex",
    "tutor:hypervoice",
    "tutor:icywind",
    "tutor:ironhead",
    "tutor:irontail",
    "tutor:magiccoat",
    "tutor:mudslap",
    "tutor:ominouswind",
    "tutor:outrage",
    "tutor:painsplit",
    "tutor:poltergeist",
    "tutor:scaryface",
    "tutor:shadowball",
    "tutor:shadowclaw",
    "tutor:shadowforce",
    "tutor:shockwave",
    "tutor:slash",
    "tutor:sleeptalk",
    "tutor:snore",
    "tutor:spite",
    "tutor:swift",
    "tutor:tailwind",
    "tutor:telekinesis",
    "tutor:twister"
  ],
  "labels": [
    "gen4",
    "legendary"
  ],
  "pokedex": [
    "cobblemon.species.giratinaegg.desc"
  ],
  "height": 45,
  "weight": 7500,
  "evolutions": [
    {
      "id": "giratinaegg_giratina",
      "variant": "level_up",
      "result": "giratina",
      "consumeHeldItem": false,
      "learnableMoves": [
        "doubleironbash"
      ],
      "requirements": [
        {
          "variant": "level",
          "minLevel": 65
        }
      ]
    }
  ],
  "forms": [
    {
      "name": "Origin",
      "primaryType": "ghost",
      "secondaryType": "dragon",
      "abilities": [
        "levitate"
      ],
      "baseStats": {
        "hp": 150,
        "attack": 120,
        "defence": 100,
        "special_attack": 120,
        "special_defence": 100,
        "speed": 90
      },
      "catchRate": 3,
      "maleRatio": -1,
      "baseExperienceYield": 340,
      "baseFriendship": 0,
      "evYield": {
        "hp": 3,
        "attack": 0,
        "defence": 0,
        "special_attack": 0,
        "special_defence": 0,
        "speed": 0
      },
      "experienceGroup": "slow",
      "eggCycles": 120,
      "eggGroups": [
        "undiscovered"
      ],
      "labels": [
        "gen4",
        "legendary"
      ],
      "aspects": [
        "origin"
      ],
      "height": 69,
      "weight": 6500,
      "cannotDynamax": false,
      "battleOnly": false
    }
  ],
  "aspects": [],
  "cannotDynamax": false
}
