{
    "name": "PalkiaEgg",
    "nationalPokedexNumber": 2276,
    "primaryType": "water",
    "secondaryType": "dragon",
    "abilities": [
      "pressure",
      "h:telepathy"
    ],
    "baseStats": {
      "hp": 90,
      "attack": 120,
      "defence": 100,
      "special_attack": 150,
      "special_defence": 120,
      "speed": 100
    },
    "catchRate": 3,
    "maleRatio": -1,
    "shoulderMountable": false,
    "forms": [
      {
        "name": "Origin",
        "primaryType": "water",
        "secondaryType": "dragon",
        "abilities": [
          "pressure",
          "h:telepathy"
        ],
        "baseStats": {
          "hp": 90,
          "attack": 100,
          "defence": 100,
          "special_attack": 150,
          "special_defence": 120,
          "speed": 120
        },
        "catchRate": 3,
        "maleRatio": -1,
        "baseExperienceYield": 340,
        "baseFriendship": 0,
        "evYield": {
          "hp": 0,
          "attack": 0,
          "defence": 0,
          "special_attack": 3,
          "special_defence": 0,
          "speed": 0
        },
        "experienceGroup": "slow",
        "eggCycles": 120,
        "eggGroups": [
          "undiscovered"
        ],
        "labels": [
          "gen8",
          "legendary"
        ],
        "aspects": [
          "origin"
        ],
        "height": 63,
        "weight": 6600,
        "evolutions": [],
        "cannotDynamax": false,
        "battleOnly": false
      }
    ],
    "baseExperienceYield": 340,
    "experienceGroup": "slow",
    "eggCycles": 120,
    "eggGroups": [
      "undiscovered"
    ],
    "moves": [
      "1:dragonbreath",
      "1:scaryface",
      "1:waterpulse",
      "6:waterpulse",
      "8:dragonbreath",
      "10:ancientpower",
      "15:slash",
      "16:ancientpower",
      "19:powergem",
      "24:aquaring",
      "24:aquatail",
      "24:slash",
      "28:dragonclaw",
      "32:aquaring",
      "33:earthpower",
      "37:aurasphere",
      "40:dragonclaw",
      "40:spacialrend",
      "42:hydropump",
      "46:spacialrend",
      "48:aurasphere",
      "50:healblock",
      "50:hydropump",
      "56:powergem",
      "64:aquatail",
      "72:earthpower",
      "80:spacialrend",
      "88:hydropump",
      "tm:aerialace",
      "tm:aurasphere",
      "tm:avalanche",
      "tm:blizzard",
      "tm:bodypress",
      "tm:bodyslam",
      "tm:breakingswipe",
      "tm:brickbreak",
      "tm:brine",
      "tm:bulkup",
      "tm:bulldoze",
      "tm:chillingwater",
      "tm:confide",
      "tm:cut",
      "tm:dive",
      "tm:doubleteam",
      "tm:dracometeor",
      "tm:dragonclaw",
      "tm:dragonpulse",
      "tm:dragontail",
      "tm:earthpower",
      "tm:earthquake",
      "tm:echoedvoice",
      "tm:endure",
      "tm:facade",
      "tm:fireblast",
      "tm:flamethrower",
      "tm:fling",
      "tm:focusblast",
      "tm:focuspunch",
      "tm:frustration",
      "tm:gigaimpact",
      "tm:hail",
      "tm:heavyslam",
      "tm:hiddenpower",
      "tm:honeclaws",
      "tm:hydropump",
      "tm:hyperbeam",
      "tm:hypervoice",
      "tm:icebeam",
      "tm:icywind",
      "tm:incinerate",
      "tm:liquidation",
      "tm:naturalgift",
      "tm:outrage",
      "tm:powergem",
      "tm:protect",
      "tm:psychup",
      "tm:raindance",
      "tm:rest",
      "tm:return",
      "tm:roar",
      "tm:rockslide",
      "tm:rocksmash",
      "tm:rocktomb",
      "tm:round",
      "tm:safeguard",
      "tm:sandstorm",
      "tm:scaryface",
      "tm:secretpower",
      "tm:shadowclaw",
      "tm:shockwave",
      "tm:sleeptalk",
      "tm:snore",
      "tm:snowscape",
      "tm:stompingtantrum",
      "tm:stoneedge",
      "tm:strength",
      "tm:substitute",
      "tm:sunnyday",
      "tm:surf",
      "tm:swagger",
      "tm:swift",
      "tm:takedown",
      "tm:terablast",
      "tm:thunder",
      "tm:thunderbolt",
      "tm:thunderwave",
      "tm:toxic",
      "tm:trick",
      "tm:trickroom",
      "tm:waterfall",
      "tm:waterpulse",
      "tm:whirlpool",
      "tutor:ancientpower",
      "tutor:aquatail",
      "tutor:aurasphere",
      "tutor:dive",
      "tutor:dracometeor",
      "tutor:dragonbreath",
      "tutor:dragonclaw",
      "tutor:dragonpulse",
      "tutor:dualwingbeat",
      "tutor:earthpower",
      "tutor:focuspunch",
      "tutor:furycutter",
      "tutor:gravity",
      "tutor:headbutt",
      "tutor:healblock",
      "tutor:hydropump",
      "tutor:hypervoice",
      "tutor:liquidation",
      "tutor:mudslap",
      "tutor:outrage",
      "tutor:scaleshot",
      "tutor:scaryface",
      "tutor:shockwave",
      "tutor:slash",
      "tutor:sleeptalk",
      "tutor:snore",
      "tutor:spacialrend",
      "tutor:stompingtantrum",
      "tutor:surf",
      "tutor:swift",
      "tutor:twister",
      "tutor:waterpulse"
    ],
    "labels": [
      "custom",
      "legendary"
    ],
    "pokedex": [
      "cobblemon.species.palkiaegg.desc"
    ],
    "evolutions": [
        {
            "id": "palkiaegg_palkia",
            "variant": "level_up",
            "result": "palkia",
            "consumeHeldItem": false,
            "learnableMoves": [],
            "requirements": [
              {
                "variant": "level",
                "minLevel": 65
              },
              {
                "variant": "biome",
                "biomeCondition": "minecraft:the_end"
              }
            ]
          }
        ],
    "baseScale": 1,
    "hitbox": {
      "width": 1,
      "height": 1,
      "fixed": false
    },
    "baseFriendship": 0,
    "evYield": {
      "hp": 0,
      "attack": 0,
      "defence": 0,
      "special_attack": 3,
      "special_defence": 0,
      "speed": 0
    },
    "height": 42,
    "weight": 3360,
    "aspects": [],
    "cannotDynamax": false
  }