{
  "name": "ReshiramEgg",
  "nationalPokedexNumber": 2318,
  "primaryType": "dragon",
  "secondaryType": "fire",
  "abilities": [
    "turboblaze"
  ],
  "baseStats": {
    "hp": 100,
    "attack": 120,
    "defence": 100,
    "special_attack": 150,
    "special_defence": 120,
    "speed": 90
  },
  "catchRate": 3,
  "maleRatio": -1,
  "shoulderMountable": false,
  "baseExperienceYield": 340,
  "experienceGroup": "slow",
  "eggCycles": 120,
  "eggGroups": [
    "undiscovered"
  ],
  "moves": [
    "1:ancientpower",
    "1:dragonbreath",
    "1:dragonrage",
    "1:firefang",
    "1:nobleroar",
    "8:slash",
    "16:crunch",
    "24:extrasensory",
    "32:dragonpulse",
    "40:flamethrower",
    "48:fusionflare",
    "56:hypervoice",
    "64:fireblast",
    "72:imprison",
    "80:outrage",
    "88:blueflare",
    "tm:bodypress",
    "tm:bodyslam",
    "tm:breakingswipe",
    "tm:brutalswing",
    "tm:confide",
    "tm:crunch",
    "tm:cut",
    "tm:doubleedge",
    "tm:doubleteam",
    "tm:dracometeor",
    "tm:dragoncheer",
    "tm:dragonclaw",
    "tm:dragondance",
    "tm:dragonpulse",
    "tm:dragontail",
    "tm:dualwingbeat",
    "tm:earthpower",
    "tm:echoedvoice",
    "tm:endure",
    "tm:facade",
    "tm:fireblast",
    "tm:firefang",
    "tm:firespin",
    "tm:flamecharge",
    "tm:flamethrower",
    "tm:flareblitz",
    "tm:fling",
    "tm:fly",
    "tm:focusblast",
    "tm:frustration",
    "tm:gigaimpact",
    "tm:heatcrash",
    "tm:heatwave",
    "tm:helpinghand",
    "tm:hiddenpower",
    "tm:honeclaws",
    "tm:hyperbeam",
    "tm:hypervoice",
    "tm:imprison",
    "tm:incinerate",
    "tm:lightscreen",
    "tm:mysticalfire",
    "tm:outrage",
    "tm:overheat",
    "tm:payback",
    "tm:protect",
    "tm:psychic",
    "tm:raindance",
    "tm:reflect",
    "tm:rest",
    "tm:return",
    "tm:roar",
    "tm:rockslide",
    "tm:rocksmash",
    "tm:rocktomb",
    "tm:roost",
    "tm:round",
    "tm:safeguard",
    "tm:scaleshot",
    "tm:scaryface",
    "tm:scorchingsands",
    "tm:secretpower",
    "tm:shadowball",
    "tm:shadowclaw",
    "tm:sleeptalk",
    "tm:snore",
    "tm:solarbeam",
    "tm:steelwing",
    "tm:stoneedge",
    "tm:strength",
    "tm:substitute",
    "tm:sunnyday",
    "tm:swagger",
    "tm:swift",
    "tm:tailwind",
    "tm:takedown",
    "tm:terablast",
    "tm:toxic",
    "tm:weatherball",
    "tm:willowisp",
    "tm:zenheadbutt",
    "tutor:blueflare",
    "tutor:defog",
    "tutor:dracometeor",
    "tutor:dragonbreath",
    "tutor:dragonclaw",
    "tutor:dragonpulse",
    "tutor:dualwingbeat",
    "tutor:earthpower",
    "tutor:extrasensory",
    "tutor:heatwave",
    "tutor:imprison",
    "tutor:laserfocus",
    "tutor:mist",
    "tutor:nobleroar",
    "tutor:outrage",
    "tutor:roost",
    "tutor:scaleshot",
    "tutor:scorchingsands",
    "tutor:slash",
    "tutor:sleeptalk",
    "tutor:snore",
    "tutor:tailwind",
    "tutor:zenheadbutt"
  ],
  "labels": [
    "gen5",
    "legendary"
  ],
  "pokedex": [
    "cobblemon.species.reshiramegg.desc"
  ],
  "evolutions": [
    {
        "id": "reshiramegg_reshiram",
        "variant": "level_up",
        "result": "reshiram",
        "consumeHeldItem": false,
        "learnableMoves": [],
        "requirements": [
          {
            "variant": "level",
            "minLevel": 65
          },
          {
            "variant": "biome",
            "biomeCondition": "minecraft:old_growth_spruce_taiga"
          }
        ]
      }
    ],
  "baseScale": 1,
  "hitbox": {
    "width": 1,
    "height": 1,
    "fixed": false
  },
  "baseFriendship": 0,
  "evYield": {
    "hp": 0,
    "attack": 0,
    "defence": 0,
    "special_attack": 3,
    "special_defence": 0,
    "speed": 0
  },
  "height": 32,
  "weight": 3300,
  "aspects": [],
  "cannotDynamax": false
}
