{
  "name": "YveltalEgg",
  "nationalPokedexNumber": 2664,
  "primaryType": "dark",
  "secondaryType": "flying",
  "abilities": [
    "darkaura"
  ],
  "baseStats": {
    "hp": 126,
    "attack": 131,
    "defence": 95,
    "special_attack": 131,
    "special_defence": 98,
    "speed": 99
  },
  "catchRate": 45,
  "maleRatio": -1,
  "shoulderMountable": false,
  "baseExperienceYield": 340,
  "experienceGroup": "slow",
  "eggCycles": 120,
  "eggGroups": [
    "undiscovered"
  ],
  "behaviour": {
    "moving": {
      "fly": {
        "canFly": true
      }
    }
  },
  "moves": [
    "1:doubleteam",
    "1:gust",
    "1:razorwind",
    "5:taunt",
    "10:snarl",
    "15:disable",
    "20:suckerpunch",
    "25:tailwind",
    "30:roost",
    "35:airslash",
    "40:darkpulse",
    "45:psychic",
    "50:oblivionwing",
    "55:phantomforce",
    "60:foulplay",
    "65:dragonrush",
    "70:hurricane",
    "75:focusblast",
    "80:skyattack",
    "85:hyperbeam",
    "tm:acrobatics",
    "tm:aerialace",
    "tm:airslash",
    "tm:bodyslam",
    "tm:confide",
    "tm:cut",
    "tm:darkpulse",
    "tm:doubleteam",
    "tm:dragonclaw",
    "tm:dreameater",
    "tm:embargo",
    "tm:endure",
    "tm:facade",
    "tm:fly",
    "tm:focusblast",
    "tm:foulplay",
    "tm:frustration",
    "tm:gigaimpact",
    "tm:heatwave",
    "tm:hiddenpower",
    "tm:honeclaws",
    "tm:hurricane",
    "tm:hyperbeam",
    "tm:hypervoice",
    "tm:payback",
    "tm:phantomforce",
    "tm:protect",
    "tm:psychic",
    "tm:raindance",
    "tm:rest",
    "tm:return",
    "tm:rockslide",
    "tm:roost",
    "tm:round",
    "tm:secretpower",
    "tm:shadowball",
    "tm:shadowclaw",
    "tm:skydrop",
    "tm:sleeptalk",
    "tm:snarl",
    "tm:snore",
    "tm:steelwing",
    "tm:substitute",
    "tm:sunnyday",
    "tm:swagger",
    "tm:swift",
    "tm:taunt",
    "tm:thief",
    "tm:torment",
    "tm:toxic",
    "tm:uturn",
    "tm:zenheadbutt",
    "tutor:block",
    "tutor:darkpulse",
    "tutor:defog",
    "tutor:disable",
    "tutor:dragonrush",
    "tutor:dualwingbeat",
    "tutor:foulplay",
    "tutor:heatwave",
    "tutor:hypervoice",
    "tutor:knockoff",
    "tutor:laserfocus",
    "tutor:lashout",
    "tutor:oblivionwing",
    "tutor:phantomforce",
    "tutor:psychic",
    "tutor:skyattack",
    "tutor:snarl",
    "tutor:snore",
    "tutor:suckerpunch",
    "tutor:tailwind",
    "tutor:taunt",
    "tutor:zenheadbutt"
  ],
  "labels": [
    "custom",
    "legendary"
  ],
  "pokedex": [
    "cobblemon.species.yveltalegg.desc"
  ],
  "evolutions": [
    {
        "id": "yveltalegg_yveltal",
        "variant": "level_up",
        "result": "yveltal",
        "consumeHeldItem": false,
        "learnableMoves": [],
        "requirements": [
          {
            "variant": "level",
            "minLevel": 65
          },
          {
            "variant": "biome",
            "biomeCondition": "minecraft:dark_forest"
          }
        ]
      }
    ],
  "baseScale": 1,
  "hitbox": {
    "width": 1,
    "height": 1,
    "fixed": false
  },
  "baseFriendship": 0,
  "evYield": {
    "hp": 3,
    "attack": 0,
    "defence": 0,
    "special_attack": 0,
    "special_defence": 0,
    "speed": 0
  },
  "height": 58,
  "weight": 2030,
  "aspects": [],
  "cannotDynamax": false
}