{
  "name": "ZygarEgg",
  "nationalPokedexNumber": 2254,
  "primaryType": "dragon",
  "secondaryType": "ground",
  "abilities": [
    "aurabreak"
  ],
  "baseStats": {
    "hp": 120,
    "attack": 120,
    "defence": 120,
    "special_attack": 120,
    "special_defence": 120,
    "speed": 120
  },
  "catchRate": 3,
  "maleRatio": -1,
  "shoulderMountable": false,
  "forms": [],
  "baseExperienceYield": 324,
  "experienceGroup": "slow",
  "eggCycles": 120,
  "eggGroups": [
    "undiscovered"
  ],
  "moves": [
    "1:bind",
    "1:bite",
    "1:bulldoze",
    "1:coreenforcer",
    "1:dragonbreath",
    "1:thousandarrows",
    "1:thousandwaves",
    "8:haze",
    "16:dig",
    "24:safeguard",
    "32:crunch",
    "40:dragonpulse",
    "48:landswrath",
    "56:glare",
    "59:camouflage",
    "64:sandstorm",
    "72:coil",
    "72:dragondance",
    "80:earthquake",
    "88:extremespeed",
    "88:outrage",
    "tm:bodyslam",
    "tm:breakingswipe",
    "tm:brickbreak",
    "tm:bulldoze",
    "tm:confide",
    "tm:crunch",
    "tm:dig",
    "tm:doubleteam",
    "tm:dragondance",
    "tm:dragonpulse",
    "tm:dragontail",
    "tm:earthpower",
    "tm:earthquake",
    "tm:endure",
    "tm:facade",
    "tm:focusblast",
    "tm:frustration",
    "tm:gigaimpact",
    "tm:grassknot",
    "tm:hiddenpower",
    "tm:highhorsepower",
    "tm:hyperbeam",
    "tm:hypervoice",
    "tm:irontail",
    "tm:outrage",
    "tm:payback",
    "tm:protect",
    "tm:rest",
    "tm:retaliate",
    "tm:return",
    "tm:reversal",
    "tm:rockslide",
    "tm:rocksmash",
    "tm:round",
    "tm:safeguard",
    "tm:sandstorm",
    "tm:secretpower",
    "tm:sleeptalk",
    "tm:sludgewave",
    "tm:snore",
    "tm:stompingtantrum",
    "tm:stoneedge",
    "tm:strength",
    "tm:substitute",
    "tm:sunnyday",
    "tm:superpower",
    "tm:swagger",
    "tm:swift",
    "tm:toxic",
    "tm:zenheadbutt",
    "tutor:bind",
    "tutor:block",
    "tutor:camouflage",
    "tutor:coreenforcer",
    "tutor:crunch",
    "tutor:dig",
    "tutor:dracometeor",
    "tutor:dragonbreath",
    "tutor:dragondance",
    "tutor:dragonpulse",
    "tutor:earthpower",
    "tutor:earthquake",
    "tutor:extremespeed",
    "tutor:glare",
    "tutor:haze",
    "tutor:hypervoice",
    "tutor:irontail",
    "tutor:landswrath",
    "tutor:outrage",
    "tutor:painsplit",
    "tutor:safeguard",
    "tutor:sandstorm",
    "tutor:scaleshot",
    "tutor:scorchingsands",
    "tutor:shockwave",
    "tutor:skittersmack",
    "tutor:snore",
    "tutor:spite",
    "tutor:stompingtantrum",
    "tutor:superpower",
    "tutor:thousandarrows",
    "tutor:thousandwaves",
    "tutor:zenheadbutt"
  ],
  "labels": [
    "custom",
    "legendary"
  ],
  "pokedex": [
    "cobblemon.species.zygaregg.desc"
  ],
  "evolutions": [
      {
          "id": "zygaregg_zygarde",
          "variant": "level_up",
          "result": "zygarde",
          "consumeHeldItem": false,
          "learnableMoves": [],
          "requirements": [
            {
              "variant": "level",
              "minLevel": 65
            },
            {
              "variant": "biome",
              "biomeCondition": "minecraft:swamp"
            }
          ]
        }
      ],
      "baseScale": 1.1,
      "hitbox": {
        "width": 1.5,
        "height": 3,
        "fixed": false
      },
  "baseFriendship": 0,
  "evYield": {
    "hp": 3,
    "attack": 0,
    "defence": 0,
    "special_attack": 0,
    "special_defence": 0,
    "speed": 0
  },
  "height": 32,
  "weight": 3200,
  "aspects": [],
  "cannotDynamax": false
}