{
   "enabled": true,
   "neededInstalledMods": [],
   "neededUninstalledMods": [],
   "spawns": [
       {
           "id": "kubfu-1",
           "pokemon": "kubfu",
           "presets": [
               "natural"
           ],
           "type": "pokemon",
           "context": "grounded",
           "bucket": "ultra-rare",
           "level": "20-40",
           "weight": 3,
           "condition": {
               "biomes": [
                   "minecraft:cherry_grove"
               ]
           }
       }
   ]
}