{
   "enabled": true,
   "neededInstalledMods": [],
   "neededUninstalledMods": [],
   "spawns": [
       {
           "id": "zekrom-1",
           "pokemon": "zekrom",
           "presets": [
               "natural"
           ],
           "type": "pokemon",
           "context": "grounded",
           "bucket": "ultra-rare",
           "level": "70-100",
           "weight": 0.1,
           "condition": {"isThundering":true,
               "biomes": [
                   "#minecraft:is_mountain"
               ]
           }
       }
   ]
}