{
	"format_version": "1.8.0",
	"animations": {
		"animation.aipom_sonic.sleep": {
			"loop": true,
			"bones": {
				"body": {
					"position": [0, -6, 0]
				},
				"upper_torso": {
					"rotation": ["15+math.sin(q.anim_time*90*1+0)*3", 0, 0]
				},
				"head": {
					"rotation": ["-19.6916+math.sin(q.anim_time*90*1+180)*3+math.sin(q.anim_time*90*1-30)*2", -3.81024, "-9.2525+math.sin(q.anim_time*90*1-20)*2"]
				},
				"left_ear": {
					"rotation": ["0+math.sin(q.anim_time*90*1-60)*5", 0, "5+math.sin(q.anim_time*90*1-40)*3"]
				},
				"right_ear": {
					"rotation": ["0+math.sin(q.anim_time*90*1-60)*5", 0, "-10+math.sin(q.anim_time*90*1-40)*3"]
				},
				"hair_tuft": {
					"rotation": ["0+math.sin(q.anim_time*90*1-50)*4", 0, "0+math.sin(q.anim_time*90*1-40)*3"]
				},
				"left_eye": {
					"position": [0, 0, 0.1]
				},
				"right_eye": {
					"position": [0, 0, 0.1]
				},
				"closed_exhausted": {
					"position": [0, 0, -0.1]
				},
				"grin": {
					"position": [0, 0, 0.1]
				},
				"closed_grin": {
					"position": [0, 0, -0.1]
				},
				"left_upper_arm": {
					"rotation": ["-41.9851+math.sin(q.anim_time*90*1+180)*3", "50.8905+math.sin(q.anim_time*90*1+180)*3", "-58.4989+math.sin(q.anim_time*90*1+180)*3"]
				},
				"left_lower_arm": {
					"rotation": [-7.0864, 36.59581, -18.1428]
				},
				"right_upper_arm": {
					"rotation": ["-23.1651+math.sin(q.anim_time*90*1+180)*3", "-32.9031+math.sin(q.anim_time*90*1)*3", "30.6702+math.sin(q.anim_time*90*1)*3"]
				},
				"right_lower_arm": {
					"rotation": [-7.5, -35, 0]
				},
				"tail_1": {
					"rotation": [-5.34296, 54.86317, -3.47317]
				},
				"tail_2": {
					"rotation": [0, 70, 0]
				},
				"tail_3": {
					"rotation": [12.5, 72.5, 0]
				},
				"tail_4": {
					"rotation": [7.5, 45, 0]
				},
				"tail_hand": {
					"rotation": ["25.7914+math.sin(q.anim_time*90*1+180)*1", -8.85464, "-198.498+math.sin(q.anim_time*90*1+0)*2"]
				},
				"middle_finger": {
					"rotation": ["0+math.sin(q.anim_time*90*1+0)*1", 0, 0]
				},
				"middle_finger2": {
					"rotation": [15, 0, 0]
				},
				"middle_finger_tip": {
					"rotation": [5, 0, 0]
				},
				"left_finger": {
					"rotation": ["-17.3036+math.sin(q.anim_time*90*1+0)*5", -52.15575, -15.46524]
				},
				"left_finger2": {
					"rotation": [19.98247, -0.85481, 2.34941]
				},
				"left_finger_tip": {
					"rotation": [12.5, 0, 0]
				},
				"right_finger": {
					"rotation": ["-4.0277+math.sin(q.anim_time*90*1+180)*3", 42.2264, 25.33903]
				},
				"right_finger2": {
					"rotation": [12.5, 0, 0]
				},
				"right_finger_tip": {
					"rotation": [10, 0, 0]
				},
				"left_upper_leg": {
					"rotation": [-100, -27.5, 0]
				},
				"left_lower_leg": {
					"rotation": [17.48436, -0.75155, 2.38443]
				},
				"left_foot": {
					"rotation": ["37.4032+math.sin(q.anim_time*90*1+80)*0.5", 1.55304, 4.59973]
				},
				"left_toes": {
					"rotation": ["20+math.sin(q.anim_time*90*1+50)*1", 0, 0]
				},
				"right_upper_leg": {
					"rotation": [-100, 27.5, 0]
				},
				"right_lower_leg": {
					"rotation": [17.48436, 0.75155, -2.38443]
				},
				"right_foot": {
					"rotation": [74.72747, -2.23063, -1.28866]
				},
				"right_toes": {
					"rotation": [20, 0, 0]
				},
				"torso": {
					"rotation": [2.5, 0, 0]
				}
			}
		},
		"animation.aipom_sonic.ground_idle": {
			"loop": true,
			"animation_length": 2,
			"bones": {
				"torso": {
					"rotation": ["5+math.sin(q.anim_time*90*4+0)*2", 0, "0+math.sin(q.anim_time*90*2+90)*4"],
					"position": [0, "0+math.sin(q.anim_time*90*4+30+180)*0.2", "0+math.sin(q.anim_time*90*4+0)*0.025"]
				},
				"upper_torso": {
					"rotation": ["-5+math.sin(q.anim_time*90*4-25+180)*1.5", 0, "0+math.sin(q.anim_time*90*2+115+180)*2"]
				},
				"head": {
					"rotation": ["-2.5+math.sin(q.anim_time*90*4-50)*2", "math.sin(q.anim_time*90*2+140+180)*2.5", "math.sin(q.anim_time*90*2+140+180)*3"]
				},
				"left_upper_arm": {
					"rotation": ["0+math.sin(q.anim_time*90*2-45)*5", "0+math.sin(q.anim_time*90*4-45)*3", "32.5+math.sin(q.anim_time*90*2+145+180)*5"]
				},
				"left_lower_arm": {
					"rotation": [5.16524, "27.0478+math.sin(q.anim_time*90*4-65)*5", "11.2431+math.sin(q.anim_time*90*2+165+180)*3"]
				},
				"left_upper_leg": {
					"rotation": ["-13.777+math.sin(q.anim_time*90*4+20+180)*3", -13.96, -4.1628],
					"position": ["0+math.sin(q.anim_time*90*2+20+180)*0.02", "0+math.sin(q.anim_time*90*4+20+180)*0.185", "0+math.sin(q.anim_time*90*4+20)*0.025"]
				},
				"left_lower_leg": {
					"rotation": ["25+math.sin(q.anim_time*90*4+20)*6", 0, 0]
				},
				"left_foot": {
					"rotation": ["-9.7604+math.sin(q.anim_time*90*4+20+180)*3", 3.32087, 4.49762]
				},
				"tail_1": {
					"rotation": ["-20+math.sin(q.anim_time*90*4-30)*0.5", "0+math.sin(q.anim_time*90*2+0)*2.5", "0+math.sin(q.anim_time*90*2+115+180)*3"]
				},
				"tail_2": {
					"rotation": ["37.5+math.sin(q.anim_time*90*4-60)*1", "0+math.sin(q.anim_time*90*2-25)*4", "0+math.sin(q.anim_time*90*2+140+180)*5"]
				},
				"tail_3": {
					"rotation": ["45+math.sin(q.anim_time*90*4-90)*1", "0+math.sin(q.anim_time*90*2-50)*4", "0+math.sin(q.anim_time*90*2+165+180)*5"]
				},
				"tail_4": {
					"rotation": ["32.5+math.sin(q.anim_time*90*4-120)*1.5", "0+math.sin(q.anim_time*90*2-75)*2.5", "0+math.sin(q.anim_time*90*2+190+180)*3"]
				},
				"tail_hand": {
					"rotation": ["20+math.sin(q.anim_time*90*4-150)*2", "0+math.sin(q.anim_time*90*2-100)*5", "0+math.sin(q.anim_time*90*2+215+180)*5"]
				},
				"left_finger": {
					"rotation": ["0+math.sin(q.anim_time*90*4-175)*1", -37.5, -30]
				},
				"middle_finger": {
					"rotation": ["20+math.sin(q.anim_time*90*4-175)*1", 0, 0]
				},
				"right_finger": {
					"rotation": ["0+math.sin(q.anim_time*90*4-175)*1", 37.5, 30]
				},
				"right_upper_arm": {
					"rotation": ["0+math.sin(q.anim_time*90*2-45+180)*5", "0+math.sin(q.anim_time*90*4-45+180)*3", "-32.5+math.sin(q.anim_time*90*2+145+180)*5"]
				},
				"right_lower_arm": {
					"rotation": [5.16524, "-27.0478+math.sin(q.anim_time*90*4-65+180)*5", "-11.2431+math.sin(q.anim_time*90*2+165+180)*3"]
				},
				"right_upper_leg": {
					"rotation": ["-13.777+math.sin(q.anim_time*90*4+20+180)*3", 13.96, 4.1628],
					"position": ["0+math.sin(q.anim_time*90*2+20)*0.02", "0+math.sin(q.anim_time*90*4+20+180)*0.185", "0+math.sin(q.anim_time*90*4+20+180)*0.025"]
				},
				"right_lower_leg": {
					"rotation": ["25+math.sin(q.anim_time*90*4+20)*6", 0, 0]
				},
				"right_foot": {
					"rotation": ["-9.7604+math.sin(q.anim_time*90*4+20+180)*3", -3.32087, -4.49762]
				},
				"left_finger2": {
					"rotation": ["20+math.sin(q.anim_time*90*4-200)*1", 0, 0]
				},
				"middle_finger2": {
					"rotation": ["20+math.sin(q.anim_time*90*4-200)*1", 0, 0]
				},
				"middle_finger_tip": {
					"rotation": ["25+math.sin(q.anim_time*90*4-225)*0.5", 0, 0]
				},
				"left_finger_tip": {
					"rotation": ["25+math.sin(q.anim_time*90*4-225)*0.5", 0, 0]
				},
				"right_finger2": {
					"rotation": ["20+math.sin(q.anim_time*90*4-200)*1", 0, 0]
				},
				"right_finger_tip": {
					"rotation": ["25+math.sin(q.anim_time*90*4-225)*0.5", 0, 0]
				},
				"hair_tuft": {
					"rotation": ["5+math.sin(q.anim_time*90*4-70)*3", "0+math.sin(q.anim_time*90*2+160+180)*1.5", "0+math.sin(q.anim_time*90*2+160+180)*5"]
				},
				"left_ear": {
					"rotation": ["0+math.sin(q.anim_time*90*4-75)*4", 0, "0+math.sin(q.anim_time*90*2+165+180)*2"]
				},
				"right_ear": {
					"rotation": ["0+math.sin(q.anim_time*90*4-75)*4", 0, "0+math.sin(q.anim_time*90*2+165+180)*2"]
				},
				"body": {
					"position": [0, -0.5, 0]
				}
			}
		},
		"animation.aipom_sonic.ground_walk": {
			"loop": true,
			"bones": {
				"aipom": {
					"position": [0, -0.5, 0]
				},
				"torso": {
					"rotation": ["5+math.sin(q.anim_time*90*6+0)*3", "0+math.sin(q.anim_time*90*3+180)*5", "0+math.sin(q.anim_time*90*3+0)*7.5"],
					"position": ["0+math.sin(q.anim_time*90*3+180)*0.2", "0+math.clamp(math.sin(query.anim_time*90*6*1-130)*0.3,-0.3,0)", 0]
				},
				"upper_torso": {
					"rotation": ["-2.5+math.sin(q.anim_time*90*6-20+180)*1.5", "0+math.sin(q.anim_time*90*3-20)*3", "0+math.sin(q.anim_time*90*3-30+180)*5"]
				},
				"head": {
					"rotation": ["-2.5+math.sin(q.anim_time*90*6-40)*3", "0+math.sin(q.anim_time*90*3-40)*4", "0+math.sin(q.anim_time*90*3-60+180)*3"]
				},
				"left_upper_arm": {
					"rotation": [0, "0+math.sin(q.anim_time*90*3-10)*20", "32.5+math.sin(q.anim_time*90*6-30)*2"]
				},
				"left_lower_arm": {
					"rotation": [0, "27.5+math.sin(q.anim_time*90*3-30)*25", "5+math.sin(q.anim_time*90*6-50)*3"]
				},
				"left_upper_leg": {
					"rotation": [
						"-13.777+math.clamp(math.sin(query.anim_time*90*3*1+0)*35.5,-35,0)+math.clamp(math.sin(query.anim_time*90*3*1+0)*22.5,0,22)",
						-13.96,
						"-4.1628+math.clamp(math.sin(query.anim_time*90*3*1+10)*5,-5,0)"
					],
					"position": [0, "0+math.clamp(math.sin(query.anim_time*90*3*1+220)*0.75,-0.1,0.75)", "0+math.sin(q.anim_time*90*3-75)*0.9"]
				},
				"left_lower_leg": {
					"rotation": ["25+math.clamp(math.sin(query.anim_time*90*3*1-450)*25.5,-5,25)+math.clamp(math.sin(query.anim_time*90*3*1-450)*10.5,-10,10)", 0, 0]
				},
				"left_foot": {
					"rotation": ["-0+math.clamp(math.sin(query.anim_time*90*3*1-40)*15.5,-10,15)", 3.32087, 4.49762]
				},
				"tail_1": {
					"rotation": ["-20+math.sin(q.anim_time*90*6-20+180)*7.5", "0+math.sin(q.anim_time*90*3-25+180)*10", "0+math.sin(q.anim_time*90*3+15+180)*5"]
				},
				"tail_2": {
					"rotation": ["37.5+math.sin(q.anim_time*90*6-40)*5", "0+math.sin(q.anim_time*90*3-50+180)*10", "0+math.sin(q.anim_time*90*3+40+180)*3"]
				},
				"tail_3": {
					"rotation": ["45+math.sin(q.anim_time*90*6-60)*2", "0+math.sin(q.anim_time*90*3-75+180)*12.5", "0+math.sin(q.anim_time*90*3+65)*5"]
				},
				"tail_4": {
					"rotation": ["35+math.sin(q.anim_time*90*6-80)*2.5", "math.sin(q.anim_time*90*3-100+180)*10", "0+math.sin(q.anim_time*90*3+90)*7.5"]
				},
				"tail_hand": {
					"rotation": ["20+math.sin(q.anim_time*90*6-100)*3", "0+math.sin(q.anim_time*90*3-125+180)*10", "0+math.sin(q.anim_time*90*3+115)*10"]
				},
				"left_finger": {
					"rotation": ["0+math.sin(q.anim_time*90*6-120)*2", "-37.5+math.sin(q.anim_time*90*3-150+180)*7.5", -30]
				},
				"middle_finger": {
					"rotation": ["20+math.sin(q.anim_time*90*6-120)*2", "0+math.sin(q.anim_time*90*3-150+180)*7.5", 0]
				},
				"right_finger": {
					"rotation": ["0+math.sin(q.anim_time*90*6-120)*2", "37.5+math.sin(q.anim_time*90*3-150+180)*7.5", 30]
				},
				"right_upper_arm": {
					"rotation": [0, "0+math.sin(q.anim_time*90*3-10)*20", "-32.5+math.sin(q.anim_time*90*6-30)*2"]
				},
				"right_lower_arm": {
					"rotation": [0, "-27.5+math.sin(q.anim_time*90*3-30)*25", "-5+math.sin(q.anim_time*90*6-50)*3"]
				},
				"right_upper_leg": {
					"rotation": [
						"-13.777+math.clamp(math.sin(query.anim_time*90*3*1+180)*35.5,-35,0)+math.clamp(math.sin(query.anim_time*90*3*1+180)*22.5,0,22)",
						13.96,
						"4.1628+math.clamp(math.sin(query.anim_time*90*3*1+10)*5,-0,5)"
					],
					"position": [0, "0+math.clamp(math.sin(query.anim_time*90*3*1+220+180)*0.75,-0.1,0.75)", "0+math.sin(q.anim_time*90*3-75+180)*0.9"]
				},
				"right_lower_leg": {
					"rotation": [
						"25+math.clamp(math.sin(query.anim_time*90*3*1-450+180)*25.5,-5,25)+math.clamp(math.sin(query.anim_time*90*3*1-450+180)*10.5,-10,10)",
						0,
						0
					]
				},
				"right_foot": {
					"rotation": ["-0+math.clamp(math.sin(query.anim_time*90*3*1-40+180)*15.5,-10,15)", -3.32087, -4.49762]
				},
				"left_finger2": {
					"rotation": ["20+math.sin(q.anim_time*90*6-140)*1", "0+math.sin(q.anim_time*90*3-175+180)*5", 0]
				},
				"middle_finger2": {
					"rotation": ["20+math.sin(q.anim_time*90*6-140)*1", "0+math.sin(q.anim_time*90*3-175+180)*5", 0]
				},
				"middle_finger_tip": {
					"rotation": ["25+math.sin(q.anim_time*90*6-160)*2", 0, 0]
				},
				"left_finger_tip": {
					"rotation": ["25+math.sin(q.anim_time*90*6-160)*2", 0, 0]
				},
				"right_finger2": {
					"rotation": ["20+math.sin(q.anim_time*90*6-140)*1", "0+math.sin(q.anim_time*90*3-175+180)*5", 0]
				},
				"right_finger_tip": {
					"rotation": ["25+math.sin(q.anim_time*90*6-160)*2", 0, 0]
				},
				"hair_tuft": {
					"rotation": ["5+math.sin(q.anim_time*90*6-65)*5", "0+math.sin(q.anim_time*90*2-60)*1.5", "0+math.sin(q.anim_time*90*3-175+180)*7"]
				},
				"body": {
					"rotation": [0, "0+math.sin(q.anim_time*90*3+0)*7.5", 0],
					"position": [0, "0.25+math.clamp(math.sin(query.anim_time*90*6*1-50)*0.5,-0,0.5)+math.clamp(math.sin(query.anim_time*90*6*1-120)*0.5,-0,0.5)", 0]
				},
				"left_ear": {
					"rotation": ["0+math.sin(q.anim_time*90*6-60)*3", "0+math.sin(q.anim_time*90*3-60)*2", "0+math.sin(q.anim_time*90*6-60)*1.5"]
				},
				"right_ear": {
					"rotation": ["0+math.sin(q.anim_time*90*6-60)*3", "0+math.sin(q.anim_time*90*3-60)*2", "0+math.sin(q.anim_time*90*6-60+180)*1.5"]
				},
				"left_toes": {
					"rotation": ["0+math.clamp(math.sin(query.anim_time*90*3*1-30+180)*50.5,-50,10)", 0, 0],
					"position": [0, "0+math.clamp(math.sin(query.anim_time*90*3*1-30+180)*0.25,-0.25,0)", "0+math.clamp(math.sin(query.anim_time*90*3*1-30)*0.75,-0,0.75)"]
				},
				"right_toes": {
					"rotation": ["0+math.clamp(math.sin(query.anim_time*90*3*1-30)*50.5,-50,10)", 0, 0],
					"position": [0, "0+math.clamp(math.sin(query.anim_time*90*3*1-30)*0.25,-0.25,0)", "0+math.clamp(math.sin(query.anim_time*90*3*1-30+180)*0.75,-0,0.75)"]
				},
				"ball": {
					"rotation": ["q.anim_time*90*2.5", 0, 0],
					"position": [0, "math.clamp((math.sin(q.anim_time*90*4*2.5-90)*1+1)*5,0,2.5)+math.clamp((math.sin(q.anim_time*90*4*2.5-90)*1+1)*0.5,0,2)", 0]
				}
			}
		},
		"animation.aipom_sonic.ground_run": {
			"loop": true,
			"animation_length": 7.5417,
			"bones": {
				"torso": {
					"rotation": ["80+math.sin(q.anim_time*90*5+60+180)*25", 0, 0],
					"position": [0, "0+math.clamp(math.sin(query.anim_time*90*5*1+0)*0.6,-0.2,0)", 0]
				},
				"upper_torso": {
					"rotation": ["-10+math.sin(q.anim_time*90*5+90)*17.5", "0+math.sin(q.anim_time*90*5+70)*2", 0]
				},
				"head": {
					"rotation": [
						"-60+math.clamp(math.sin(query.anim_time*90*5*1-30)*5,-0,5)+math.clamp(math.sin(query.anim_time*90*5*1+160)*5,-0,5)+math.sin(q.anim_time*90*5+40)*10",
						"0+math.sin(q.anim_time*90*5+45)*3",
						"0+math.sin(q.anim_time*90*5+45+180)*1"
					]
				},
				"left_upper_arm": {
					"rotation": [0, "82.5+math.sin(q.anim_time*90*5-50)*40", "90+math.clamp(math.sin(query.anim_time*90*5*1-50+180)*20,5,12)"],
					"position": [1, 0, 0]
				},
				"right_upper_arm": {
					"rotation": [0, "-82.5+math.sin(q.anim_time*90*5-60+180)*40", "-90+math.clamp(math.sin(query.anim_time*90*5*1-60)*20,-12,-5)"],
					"position": [-1, 0, 0]
				},
				"tail_1": {
					"rotation": ["-55+math.sin(q.anim_time*90*5+15)*30+math.sin(q.anim_time*90*5+45+180)*15", 0, "0+math.sin(q.anim_time*90*2.5+45+180)*2.5"],
					"position": [0, 0, -0.5]
				},
				"body": {
					"rotation": [0, 0, "0+math.sin(q.anim_time*90*5+90)*1.5"],
					"position": [
						0,
						"-1+math.clamp(math.sin(query.anim_time*90*5*1-165+180)*2.5,-0,2.5)+math.clamp(math.sin(query.anim_time*90*5*1-175)*1.5,0,1.5)+math.sin(q.anim_time*90*5-185+180)*0.75",
						1
					]
				},
				"left_ear": {
					"rotation": ["-13.4669+math.sin(q.anim_time*90*10+100+180)*2.5", 0.76884, "2.5678+math.sin(q.anim_time*90*5+10)*4"]
				},
				"right_ear": {
					"rotation": ["-13.4669+math.sin(q.anim_time*90*10+100+180)*2.5", -0.76884, "-2.5678+math.sin(q.anim_time*90*5+10)*4"]
				},
				"hair_tuft": {
					"rotation": [
						"0+math.clamp(math.sin(query.anim_time*90*5*1-60)*5,-0,5)+math.clamp(math.sin(query.anim_time*90*5*1+160)*5,-0,5)+math.sin(q.anim_time*90*5+60)*7.5",
						"0+math.sin(q.anim_time*90*5+10)*1.5",
						"0+math.sin(q.anim_time*90*5+15)*5"
					]
				},
				"left_lower_arm": {
					"rotation": [
						0,
						"25+math.sin(q.anim_time*90*5-120)*35+math.clamp(math.sin(query.anim_time*90*5*1-0)*35,-0,15)+math.clamp(math.sin(query.anim_time*90*5*1+20)*15,-0,15)",
						0
					]
				},
				"right_lower_arm": {
					"rotation": [
						0,
						"-25+math.sin(q.anim_time*90*5-130+180)*35+math.clamp(math.sin(query.anim_time*90*5*1-10+180)*35,-15,0)+math.clamp(math.sin(query.anim_time*90*5*1+190)*15,-15,0)",
						0
					]
				},
				"tail_2": {
					"rotation": ["2.5+math.sin(q.anim_time*90*5+0+180)*30", 0, "0+math.sin(q.anim_time*90*2.5+15+180)*5"]
				},
				"tail_3": {
					"rotation": ["2.5+math.sin(q.anim_time*90*5-30+180)*25", 0, "0+math.sin(q.anim_time*90*2.5-15+180)*5"]
				},
				"tail_4": {
					"rotation": ["0+math.sin(q.anim_time*90*5-60+180)*20", 0, "0+math.sin(q.anim_time*90*2.5-45+180)*3.3"]
				},
				"tail_hand": {
					"rotation": ["0+math.sin(q.anim_time*90*5-90)*10", 0, "180+math.sin(q.anim_time*90*2.5-75+180)*2.5"]
				},
				"middle_finger": {
					"rotation": ["12.5+math.sin(q.anim_time*90*5-120)*10", 0, 0]
				},
				"middle_finger2": {
					"rotation": ["7.5+math.sin(q.anim_time*90*5-150)*5", 0, 0]
				},
				"middle_finger_tip": {
					"rotation": [17.5, 0, 0]
				},
				"left_finger": {
					"rotation": ["-4.5058+math.sin(q.anim_time*90*5-120)*10", -42.48287, -29.35556]
				},
				"left_finger2": {
					"rotation": ["7.5+math.sin(q.anim_time*90*5-150)*5", 0, 0]
				},
				"left_finger_tip": {
					"rotation": [10, 0, 0]
				},
				"right_finger": {
					"rotation": ["-4.5058+math.sin(q.anim_time*90*5-120)*10", 42.48287, 29.35556]
				},
				"right_finger2": {
					"rotation": ["7.5+math.sin(q.anim_time*90*5-150)*5", 0, 0]
				},
				"right_finger_tip": {
					"rotation": [10, 0, 0]
				},
				"left_upper_leg": {
					"rotation": [
						"0+math.clamp(math.sin(query.anim_time*90*5*1-10)*42.5,-42,0)+math.clamp(math.sin(query.anim_time*90*5*1-10)*62.5,0,62)",
						"-10+math.sin(q.anim_time*90*5+0)*10",
						"0+math.clamp(math.sin(query.anim_time*90*5*1+0)*35,-35,-5)"
					],
					"position": [0, "0.5+math.clamp(math.sin(query.anim_time*90*5*1+265)*0.75,-0.1,0.75)", 0]
				},
				"left_lower_leg": {
					"rotation": ["0+math.clamp(math.sin(query.anim_time*90*5*1+180)*42.5,10,42)+math.clamp(math.sin(query.anim_time*90*5*1+270)*42.5,10,42)", 0, 0]
				},
				"left_foot": {
					"rotation": [
						"0+math.sin(q.anim_time*90*5+0)*45",
						"0+math.clamp(math.sin(query.anim_time*90*5*1+0)*10,-10,0)",
						"0+math.clamp(math.sin(query.anim_time*90*5*1+180)*27.5,-0,15)"
					]
				},
				"left_toes": {
					"rotation": ["0+math.clamp(math.sin(query.anim_time*90*5*1+10+180)*50,-45,10)", 0, 0],
					"position": [0, "0+math.clamp(math.sin(query.anim_time*90*5*1+10+180)*0.3,-0.25,0)", "0+math.clamp(math.sin(query.anim_time*90*5*1+10)*1.5,0,0.7)"]
				},
				"right_upper_leg": {
					"rotation": [
						"0+math.clamp(math.sin(query.anim_time*90*5*1-0)*42.5,-42,0)+math.clamp(math.sin(query.anim_time*90*5*1-0)*62.5,0,62)",
						"10+math.sin(q.anim_time*90*5+190)*10",
						"0+math.clamp(math.sin(query.anim_time*90*5*1+190)*35,5,35)"
					],
					"position": [0, "0.5+math.clamp(math.sin(query.anim_time*90*5*1+275)*0.75,-0.1,0.75)", 0]
				},
				"right_lower_leg": {
					"rotation": ["0+math.clamp(math.sin(query.anim_time*90*5*1+190)*42.5,10,42)+math.clamp(math.sin(query.anim_time*90*5*1+280)*42.5,10,42)", 0, 0]
				},
				"right_foot": {
					"rotation": [
						"0+math.sin(q.anim_time*90*5+10)*45",
						"0+math.clamp(math.sin(query.anim_time*90*5*1+190)*10,-0,10)",
						"0+math.clamp(math.sin(query.anim_time*90*5*1+10)*27.5,-15,0)"
					]
				},
				"right_toes": {
					"rotation": ["0+math.clamp(math.sin(query.anim_time*90*5*1+20+180)*50,-45,10)", 0, 0],
					"position": [0, "0+math.clamp(math.sin(query.anim_time*90*5*1+20+180)*0.3,-0.25,0)", "0+math.clamp(math.sin(query.anim_time*90*5*1+20)*1.5,0,0.7)"]
				},
				"ball": {
					"rotation": ["q.anim_time*90*2.5", 0, 0],
					"position": [0, "-2+math.clamp((math.sin(q.anim_time*90*4*2.5-90)*1+1)*5,0,2.5)+math.clamp((math.sin(q.anim_time*90*4*2.5-90)*1+1)*0.5,0,2)", -2]
				}
			}
		},
		"animation.aipom_sonic.battle_idle_WIP": {
			"loop": true,
			"animation_length": 2.6667,
			"bones": {
				"body": {
					"position": ["0+math.sin(q.anim_time*90*3+20+180)*0.295", "0.35+math.sin(q.anim_time*90*3+20+180)*0.45", "0+math.sin(q.anim_time*90*3+20)*0.187"]
				},
				"torso": {
					"rotation": ["2.3567+math.sin(q.anim_time*90*4.5+0)*2", "17.3455+math.sin(q.anim_time*90*3+0)*2", "20.3595+math.sin(q.anim_time*90*3+0)*7.5"]
				},
				"upper_torso": {
					"rotation": ["2.2558+math.sin(q.anim_time*90*4.5-30)*1", "-7.292+math.sin(q.anim_time*90*3-20+180)*1", "-10.3365+math.sin(q.anim_time*90*3-20+180)*3"]
				},
				"head": {
					"rotation": ["0.6976+math.sin(q.anim_time*90*4.5-60)*2", "-7.439+math.sin(q.anim_time*90*3-40+180)*2.5", "-5.6999+math.sin(q.anim_time*90*3-40+180)*5"]
				},
				"left_ear": {
					"rotation": ["0+math.sin(q.anim_time*90*4.5-90)*3", "0+math.sin(q.anim_time*90*3-60+180)*3", "0+math.sin(q.anim_time*90*3-60+180)*5"]
				},
				"right_ear": {
					"rotation": ["0+math.sin(q.anim_time*90*4.5-90)*3", "0+math.sin(q.anim_time*90*3-60+180)*3", "0+math.sin(q.anim_time*90*3-60+180)*5"]
				},
				"hair_tuft": {
					"rotation": ["0+math.sin(q.anim_time*90*4.5-90)*3", "0+math.sin(q.anim_time*90*3-60+180)*1", "0+math.sin(q.anim_time*90*3-40+180)*6"]
				},
				"left_upper_arm": {
					"rotation": ["-40+math.sin(q.anim_time*90*4.5-40)*2.5", "0+math.sin(q.anim_time*90*3-40)*5", "22.5+math.sin(q.anim_time*90*3-40)*10"],
					"position": [0, 0, 0.5]
				},
				"left_lower_arm": {
					"rotation": [0, "22.5+math.sin(q.anim_time*90*3-60+180)*7.5", 0]
				},
				"right_upper_arm": {
					"rotation": ["-40+math.sin(q.anim_time*90*4.5-40)*2.5", "0+math.sin(q.anim_time*90*3-40)*5", "-22.5+math.sin(q.anim_time*90*3-40)*10"],
					"position": [0, 0, 0.5]
				},
				"right_lower_arm": {
					"rotation": [0, "-22.5+math.sin(q.anim_time*90*3-80+180)*7.5", 0]
				},
				"tail_1": {
					"rotation": ["-17.8274+math.sin(q.anim_time*90*4.5-30)*0.5", "15.0281+math.sin(q.anim_time*90*3-20)*3.5", "-9.7477+math.sin(q.anim_time*90*3+95+90)*5"]
				},
				"tail_2": {
					"rotation": ["40.158+math.sin(q.anim_time*90*4.5-60)*1", "-1.2447+math.sin(q.anim_time*90*3-40)*5", "-4.1879+math.sin(q.anim_time*90*3+135)*7"]
				},
				"tail_3": {
					"rotation": ["45.1857+math.sin(q.anim_time*90*4.5-90)*1", "1.6604+math.sin(q.anim_time*90*3-60)*5", "-1.7189+math.sin(q.anim_time*90*3+155+180)*7"]
				},
				"tail_4": {
					"rotation": ["32.1379+math.sin(q.anim_time*90*4.5-120)*1.5", "-4.7185+math.sin(q.anim_time*90*3-80)*3.5", "3.0066+math.sin(q.anim_time*90*3+175+180)*5"]
				},
				"tail_hand": {
					"rotation": ["19.7527+math.sin(q.anim_time*90*4.5-150)*2", "2.3039+math.sin(q.anim_time*90*3-100)*5", "8.7258+math.sin(q.anim_time*90*3+195+180)*5"]
				},
				"middle_finger": {
					"rotation": ["20+math.sin(q.anim_time*90*4.5-175)*1", 0, 0]
				},
				"middle_finger2": {
					"rotation": ["20+math.sin(q.anim_time*90*4.5-200)*1", 0, 0]
				},
				"middle_finger_tip": {
					"rotation": ["25+math.sin(q.anim_time*90*4.5-225)*0.5", 0, 0]
				},
				"left_finger": {
					"rotation": ["0+math.sin(q.anim_time*90*4.5-175)*1", -37.5, -30]
				},
				"left_finger2": {
					"rotation": ["20+math.sin(q.anim_time*90*4.5-200)*1", 0, 0]
				},
				"left_finger_tip": {
					"rotation": ["25+math.sin(q.anim_time*90*4.5-225)*0.5", 0, 0]
				},
				"right_finger": {
					"rotation": ["0+math.sin(q.anim_time*90*4.5-175)*1", 37.5, 30]
				},
				"right_finger2": {
					"rotation": ["20+math.sin(q.anim_time*90*4.5-200)*1", 0, 0]
				},
				"right_finger_tip": {
					"rotation": ["25+math.sin(q.anim_time*90*4.5-225)*0.5", 0, 0]
				},
				"left_upper_leg": {
					"rotation": ["-2.5+math.sin(q.anim_time*90*3+20+180)*7.5", -57.5, 0],
					"position": [0.25, 0, -0.5]
				},
				"left_lower_leg": {
					"rotation": ["35+math.sin(q.anim_time*90*3+20)*12.5", 0, 0]
				},
				"left_foot": {
					"rotation": ["10+math.sin(q.anim_time*90*3+20+180)*10", 0, 0]
				},
				"left_toes": {
					"rotation": ["-42.5+math.sin(q.anim_time*90*3+20)*5", 0, 0],
					"position": [0, -0.25, 0.65]
				},
				"right_upper_leg": {
					"rotation": ["-73.4321+math.sin(q.anim_time*90*3-20+180)*5", "53.8482+math.sin(q.anim_time*90*3-30)*5", 13.0013],
					"position": ["0+math.sin(q.anim_time*90*3+20)*0.1", "0+math.sin(q.anim_time*90*3+20)*0.1", 0.75]
				},
				"right_lower_leg": {
					"rotation": ["32.5+math.sin(q.anim_time*90*3-40+180)*2.5", 0, "0+math.sin(q.anim_time*90*3-60)*3"]
				},
				"right_foot": {
					"rotation": ["-20+math.sin(q.anim_time*90*3-60+180)*3", 0, 0]
				},
				"right_toes": {
					"rotation": ["10+math.sin(q.anim_time*90*3-80+180)*5", 0, 0]
				}
			}
		},
		"animation.aipom_sonic.blink": {
			"animation_length": 0.1667,
			"bones": {
				"left_eye": {
					"position": {
						"0.0": [0, 0, 0.1],
						"0.1667": [0, 0, 0]
					}
				},
				"right_eye": {
					"position": {
						"0.0": [0, 0, 0.1],
						"0.125": [0, 0, 0.1],
						"0.1667": [0, 0, 0]
					}
				},
				"closed_happy": {
					"position": {
						"0.0": [0, 0, -0.1],
						"0.125": [0, 0, -0.1],
						"0.1667": [0, 0, 0]
					}
				}
			}
		},
		"animation.aipom_sonic.cry": {
			"animation_length": 1,
			"bones": {
				"upper_torso": {
					"rotation": {
						"0.0": [0, 0, 0],
						"0.0833": [-0.25, 0, 0],
						"0.3333": [-2.25, 0, 0],
						"0.4167": [-2.5, 0, 0],
						"0.625": [-2.5, 0, 0],
						"0.7083": [-2.25, 0, 0],
						"0.9167": [-0.25, 0, 0],
						"1.0": [0, 0, 0]
					}
				},
				"head": {
					"rotation": {
						"0.0": [0, 0, 0],
						"0.0417": [-0.5, 0, 0],
						"0.125": [-4.5, 0, 0],
						"0.1667": [-5, 0, 0],
						"0.2083": [-4.5, 0, 0],
						"0.3333": [-2.75, 0, 0],
						"0.375": [-2.5, 0, 0],
						"0.4167": [-3, 0, 0],
						"0.625": [-7, 0, 0],
						"0.6667": [-7.5, 0, 0],
						"0.7083": [-7, 0, 0],
						"0.9167": [-0.75, 0, 0],
						"1.0": [0, 0, 0]
					}
				},
				"grin": {
					"position": {
						"0.0": [0, 0, 0],
						"0.0417": {"pre": [0, 0, 0], "post": [0, 0, 0.1]},
						"0.75": [0, 0, 0.1],
						"0.7917": {"pre": [0, 0, 0.1], "post": [0, 0, 0]}
					}
				},
				"open_grin": {
					"position": {
						"0.0": [0, 0, 0],
						"0.0417": {"pre": [0, 0, 0], "post": [0, 0, -0.1]},
						"0.3333": [0, 0, -0.1],
						"0.375": {"pre": [0, 0, -0.1], "post": [0, 0, 0]}
					}
				},
				"closed_grin": {
					"position": {
						"0.0": [0, 0, 0],
						"0.0417": {"pre": [0, 0, 0], "post": [0, 0, 0.1]},
						"0.75": [0, 0, 0.1],
						"0.7917": {"pre": [0, 0, 0.1], "post": [0, 0, 0]}
					}
				},
				"o_mouth": {
					"position": {
						"0.3333": [0, 0, 0],
						"0.375": {"pre": [0, 0, 0], "post": [0, 0, -0.1]},
						"0.75": [0, 0, -0.1],
						"0.7917": {"pre": [0, 0, -0.1], "post": [0, 0, 0]}
					}
				}
			},
			"sound_effects": {
				"0.0": {
					"effect": "aipom_ambient"
				}
			}
		},
		"animation.aipom_sonic.shoulder_right_WIP": {
			"loop": true,
			"bones": {
				"body": {
					"rotation": [0, 0, -7.5],
					"position": [1.75, -10.5, 4.25]
				},
				"torso": {
					"rotation": [-4.99527, 0.21782, -7.5095]
				},
				"upper_torso": {
					"rotation": [4.98107, -0.43523, 9.98107]
				},
				"head": {
					"rotation": [0, 0, -7.5]
				},
				"left_upper_arm": {
					"rotation": [0, 70, 0]
				},
				"left_lower_arm": {
					"rotation": [2.09615, 39.95426, 3.26206]
				},
				"right_upper_arm": {
					"rotation": [15.45201, -71.82124, -16.22206]
				},
				"right_lower_arm": {
					"rotation": [1.59176, -32.46527, -2.96346]
				},
				"tail_1": {
					"rotation": [19.48221, -23.19144, -20.94659]
				},
				"tail_2": {
					"rotation": [30.46592, -7.38135, -7.20878]
				},
				"tail_3": {
					"rotation": [27.79742, -2.67859, -4.43871]
				},
				"tail_4": {
					"rotation": [27.82237, 6.50455, -0.15835]
				},
				"tail_hand": {
					"rotation": [7.52832, 4.95712, -21.84574]
				},
				"middle_finger": {
					"rotation": [20, 0, 0]
				},
				"middle_finger2": {
					"rotation": [20, 0, 0]
				},
				"middle_finger_tip": {
					"rotation": [25, 0, 0]
				},
				"left_finger": {
					"rotation": [0, -37.5, -30]
				},
				"left_finger2": {
					"rotation": [20, 0, 0]
				},
				"left_finger_tip": {
					"rotation": [25, 0, 0]
				},
				"right_finger": {
					"rotation": [0, 37.5, 30]
				},
				"right_finger2": {
					"rotation": [20, 0, 0]
				},
				"right_finger_tip": {
					"rotation": [25, 0, 0]
				},
				"left_upper_leg": {
					"rotation": [-26.64558, -8.8609, 0.23901]
				},
				"left_lower_leg": {
					"rotation": [37.5, 0, 0]
				},
				"left_foot": {
					"rotation": [52.47365, -1.98315, 1.52251]
				},
				"left_toes": {
					"rotation": [17.5, 0, 0]
				},
				"right_upper_leg": {
					"rotation": [-34.94811, 14.72046, 8.04347]
				},
				"right_lower_leg": {
					"rotation": [50, 0, 0]
				},
				"right_foot": {
					"rotation": [49.97313, 1.91486, -1.60757]
				},
				"right_toes": {
					"rotation": [17.5, 0, 0]
				},
				"ball": {
					"scale": [0, 0, 1]
				}
			}
		},
		"animation.aipom_sonic.battle_idle_test": {
			"loop": true,
			"animation_length": 5.3333,
			"bones": {
				"body": {
					"position": {
						"0.0": ["0.5+math.sin(q.anim_time*90*3+20+180)*0.295", "0.35+math.sin(q.anim_time*90*3+20+180)*0.45", "0+math.sin(q.anim_time*90*3+20)*0.187"],
						"2.25": ["0.5+math.sin(q.anim_time*90*3+20+180)*0.295", "0.35+math.sin(q.anim_time*90*3+20+180)*0.45", "0+math.sin(q.anim_time*90*3+20)*0.187"],
						"2.4583": [0.25, "-1.65+math.sin(q.anim_time*90*3+20+180)*0.45", "0+math.sin(q.anim_time*90*3+20)*0.187"],
						"2.6667": [-0.1, "8.35+math.sin(q.anim_time*90*3+20+180)*0.45", "0+math.sin(q.anim_time*90*3+20)*0.187"],
						"2.875": [-0.35, "-0.65+math.sin(q.anim_time*90*3+20+180)*0.45", "0+math.sin(q.anim_time*90*3+20)*0.187"],
						"2.9583": ["-0.5+math.sin(q.anim_time*90*3+20)*0.295", "0.35+math.sin(q.anim_time*90*3+20+180)*0.45", "0+math.sin(q.anim_time*90*3+20)*0.187"],
						"4.625": ["-0.5+math.sin(q.anim_time*90*3+20)*0.295", "0.35+math.sin(q.anim_time*90*3+20+180)*0.45", "0+math.sin(q.anim_time*90*3+20)*0.187"],
						"4.8333": [-0.25, "-1.65+math.sin(q.anim_time*90*3+20+180)*0.45", "0+math.sin(q.anim_time*90*3+20)*0.187"],
						"5.0417": [0.15, "8.35+math.sin(q.anim_time*90*3+20+180)*0.45", "0+math.sin(q.anim_time*90*3+20)*0.187"],
						"5.25": [0.475, "-0.65+math.sin(q.anim_time*90*3+20+180)*0.45", "0+math.sin(q.anim_time*90*3+20)*0.187"],
						"5.3333": ["0.3 +math.sin(q.anim_time*90*3+20)*0.295", "0.35+math.sin(q.anim_time*90*3+20+180)*0.45", "0+math.sin(q.anim_time*90*3+20)*0.187"]
					}
				},
				"torso": {
					"rotation": {
						"0.0": ["2.3567+math.sin(q.anim_time*90*4.5+0)*2", "17.3455+math.sin(q.anim_time*90*3+0)*2", "20.3595+math.sin(q.anim_time*90*3+0)*7.5"],
						"2.25": ["2.3567+math.sin(q.anim_time*90*4.5+0)*2", "17.3455+math.sin(q.anim_time*90*3+0)*2", "20.3595+math.sin(q.anim_time*90*3+0)*7.5"],
						"2.9583": ["2.3567+math.sin(q.anim_time*90*4.5+0)*2", "-17.3455+math.sin(q.anim_time*90*3+0)*2", "-20.3595+math.sin(q.anim_time*90*3+0)*7.5"],
						"4.625": ["2.3567+math.sin(q.anim_time*90*4.5+0)*2", "-17.3455+math.sin(q.anim_time*90*3+0)*2", "-20.3595+math.sin(q.anim_time*90*3+0)*7.5"],
						"5.3333": ["2.3567+math.sin(q.anim_time*90*4.5+0)*2", "17.3455+math.sin(q.anim_time*90*3+0)*2", "20.3595+math.sin(q.anim_time*90*3+0)*7.5"]
					}
				},
				"upper_torso": {
					"rotation": {
						"0.0": ["2.2558+math.sin(q.anim_time*90*4.5-30)*1", "-7.292+math.sin(q.anim_time*90*3-20+180)*1", "-10.3365+math.sin(q.anim_time*90*3-20+180)*3"],
						"2.25": ["2.2558+math.sin(q.anim_time*90*4.5-30)*1", "-7.292+math.sin(q.anim_time*90*3-20+180)*1", "-10.3365+math.sin(q.anim_time*90*3-20+180)*3"],
						"2.9583": ["2.2558+math.sin(q.anim_time*90*4.5-30)*1", "7.292+math.sin(q.anim_time*90*3-20+180)*1", "10.3365+math.sin(q.anim_time*90*3-20+180)*3"],
						"4.625": ["2.2558+math.sin(q.anim_time*90*4.5-30)*1", "7.292+math.sin(q.anim_time*90*3-20+180)*1", "10.3365+math.sin(q.anim_time*90*3-20+180)*3"],
						"5.3333": ["2.2558+math.sin(q.anim_time*90*4.5-30)*1", "-7.292+math.sin(q.anim_time*90*3-20+180)*1", "-10.3365+math.sin(q.anim_time*90*3-20+180)*3"]
					}
				},
				"head": {
					"rotation": {
						"0.0": ["0.6976+math.sin(q.anim_time*90*4.5-60)*2", "-7.439+math.sin(q.anim_time*90*3-40+180)*2.5", "-5.6999+math.sin(q.anim_time*90*3-40+180)*5"],
						"2.25": ["0.6976+math.sin(q.anim_time*90*4.5-60)*2", "-7.439+math.sin(q.anim_time*90*3-40+180)*2.5", "-5.6999+math.sin(q.anim_time*90*3-40+180)*5"],
						"2.9583": ["0.6976+math.sin(q.anim_time*90*4.5-60)*2", "7.439+math.sin(q.anim_time*90*3-40+180)*2.5", "5.6999+math.sin(q.anim_time*90*3-40+180)*5"],
						"4.625": ["0.6976+math.sin(q.anim_time*90*4.5-60)*2", "7.439+math.sin(q.anim_time*90*3-40+180)*2.5", "5.6999+math.sin(q.anim_time*90*3-40+180)*5"],
						"5.3333": ["0.6976+math.sin(q.anim_time*90*4.5-60)*2", "-7.439+math.sin(q.anim_time*90*3-40+180)*2.5", "-5.6999+math.sin(q.anim_time*90*3-40+180)*5"]
					}
				},
				"left_ear": {
					"rotation": {
						"0.0": ["0+math.sin(q.anim_time*90*4.5-90)*3", "0+math.sin(q.anim_time*90*3-60+180)*3", "0+math.sin(q.anim_time*90*3-60+180)*5"],
						"2.25": ["0+math.sin(q.anim_time*90*4.5-90)*3", "0+math.sin(q.anim_time*90*3-60+180)*3", "0+math.sin(q.anim_time*90*3-60+180)*5"],
						"2.9583": ["0+math.sin(q.anim_time*90*4.5-90)*3", "0+math.sin(q.anim_time*90*3-60+180)*3", "0+math.sin(q.anim_time*90*3-60+180)*5"],
						"4.625": ["0+math.sin(q.anim_time*90*4.5-90)*3", "0+math.sin(q.anim_time*90*3-60+180)*3", "0+math.sin(q.anim_time*90*3-60+180)*5"],
						"5.3333": ["0+math.sin(q.anim_time*90*4.5-90)*3", "0+math.sin(q.anim_time*90*3-60+180)*3", "0+math.sin(q.anim_time*90*3-60+180)*5"]
					}
				},
				"right_ear": {
					"rotation": {
						"0.0": ["0+math.sin(q.anim_time*90*4.5-90)*3", "0+math.sin(q.anim_time*90*3-60+180)*3", "0+math.sin(q.anim_time*90*3-60+180)*5"],
						"2.25": ["0+math.sin(q.anim_time*90*4.5-90)*3", "0+math.sin(q.anim_time*90*3-60+180)*3", "0+math.sin(q.anim_time*90*3-60+180)*5"],
						"2.9583": ["0+math.sin(q.anim_time*90*4.5-90)*3", "0+math.sin(q.anim_time*90*3-60+180)*3", "0+math.sin(q.anim_time*90*3-60+180)*5"],
						"4.625": ["0+math.sin(q.anim_time*90*4.5-90)*3", "0+math.sin(q.anim_time*90*3-60+180)*3", "0+math.sin(q.anim_time*90*3-60+180)*5"],
						"5.3333": ["0+math.sin(q.anim_time*90*4.5-90)*3", "0+math.sin(q.anim_time*90*3-60+180)*3", "0+math.sin(q.anim_time*90*3-60+180)*5"]
					}
				},
				"hair_tuft": {
					"rotation": {
						"0.0": ["0+math.sin(q.anim_time*90*4.5-90)*3", "0+math.sin(q.anim_time*90*3-60+180)*1", "0+math.sin(q.anim_time*90*3-40+180)*6"],
						"2.25": ["0+math.sin(q.anim_time*90*4.5-90)*3", "0+math.sin(q.anim_time*90*3-60+180)*1", "0+math.sin(q.anim_time*90*3-40+180)*6"],
						"2.9583": ["0+math.sin(q.anim_time*90*4.5-90)*3", "0+math.sin(q.anim_time*90*3-60+180)*1", "0+math.sin(q.anim_time*90*3-40+180)*6"],
						"4.625": ["0+math.sin(q.anim_time*90*4.5-90)*3", "0+math.sin(q.anim_time*90*3-60+180)*1", "0+math.sin(q.anim_time*90*3-40+180)*6"],
						"5.3333": ["0+math.sin(q.anim_time*90*4.5-90)*3", "0+math.sin(q.anim_time*90*3-60+180)*1", "0+math.sin(q.anim_time*90*3-40+180)*6"]
					}
				},
				"left_upper_arm": {
					"rotation": {
						"0.0": ["-40+math.sin(q.anim_time*90*4.5-40)*2.5", "0+math.sin(q.anim_time*90*3-40)*5", "22.5+math.sin(q.anim_time*90*3-40)*10"],
						"2.25": ["-40+math.sin(q.anim_time*90*4.5-40)*2.5", "0+math.sin(q.anim_time*90*3-40)*5", "22.5+math.sin(q.anim_time*90*3-40)*10"],
						"2.9583": ["-40+math.sin(q.anim_time*90*4.5-40)*2.5", "0+math.sin(q.anim_time*90*3-40)*5", "22.5+math.sin(q.anim_time*90*3-40)*10"],
						"4.625": ["-40+math.sin(q.anim_time*90*4.5-40)*2.5", "0+math.sin(q.anim_time*90*3-40)*5", "22.5+math.sin(q.anim_time*90*3-40)*10"],
						"5.3333": ["-40+math.sin(q.anim_time*90*4.5-40)*2.5", "0+math.sin(q.anim_time*90*3-40)*5", "22.5+math.sin(q.anim_time*90*3-40)*10"]
					},
					"position": {
						"0.0": [0, 0, 0.5],
						"2.25": [0, 0, 0.5],
						"2.9583": [0, 0, 0.5],
						"4.625": [0, 0, 0.5],
						"5.3333": [0, 0, 0.5]
					}
				},
				"left_lower_arm": {
					"rotation": {
						"0.0": [0, "22.5+math.sin(q.anim_time*90*3-60+180)*7.5", 0],
						"2.25": [0, "22.5+math.sin(q.anim_time*90*3-60+180)*7.5", 0],
						"2.9583": [0, "22.5+math.sin(q.anim_time*90*3-80+180)*7.5", 0],
						"4.625": [0, "22.5+math.sin(q.anim_time*90*3-80+180)*7.5", 0],
						"5.3333": [0, "22.5+math.sin(q.anim_time*90*3-60+180)*7.5", 0]
					}
				},
				"right_upper_arm": {
					"rotation": {
						"0.0": ["-40+math.sin(q.anim_time*90*4.5-40)*2.5", "0+math.sin(q.anim_time*90*3-40)*5", "-22.5+math.sin(q.anim_time*90*3-40)*10"],
						"2.25": ["-40+math.sin(q.anim_time*90*4.5-40)*2.5", "0+math.sin(q.anim_time*90*3-40)*5", "-22.5+math.sin(q.anim_time*90*3-40)*10"],
						"2.9583": ["-40+math.sin(q.anim_time*90*4.5-40)*2.5", "0+math.sin(q.anim_time*90*3-40)*5", "-22.5+math.sin(q.anim_time*90*3-40)*10"],
						"4.625": ["-40+math.sin(q.anim_time*90*4.5-40)*2.5", "0+math.sin(q.anim_time*90*3-40)*5", "-22.5+math.sin(q.anim_time*90*3-40)*10"],
						"5.3333": ["-40+math.sin(q.anim_time*90*4.5-40)*2.5", "0+math.sin(q.anim_time*90*3-40)*5", "-22.5+math.sin(q.anim_time*90*3-40)*10"]
					},
					"position": {
						"0.0": [0, 0, 0.5],
						"2.25": [0, 0, 0.5],
						"2.9583": [0, 0, 0.5],
						"4.625": [0, 0, 0.5],
						"5.3333": [0, 0, 0.5]
					}
				},
				"right_lower_arm": {
					"rotation": {
						"0.0": [0, "-22.5+math.sin(q.anim_time*90*3-80+180)*7.5", 0],
						"2.25": [0, "-22.5+math.sin(q.anim_time*90*3-80+180)*7.5", 0],
						"2.9583": [0, "-22.5+math.sin(q.anim_time*90*3-60+180)*7.5", 0],
						"4.625": [0, "-22.5+math.sin(q.anim_time*90*3-60+180)*7.5", 0],
						"5.3333": [0, "-22.5+math.sin(q.anim_time*90*3-80+180)*7.5", 0]
					}
				},
				"tail_1": {
					"rotation": {
						"0.0": ["-17.8274+math.sin(q.anim_time*90*4.5-30)*0.5", "15.0281+math.sin(q.anim_time*90*3-20)*3.5", "-9.7477+math.sin(q.anim_time*90*3+95+90)*5"],
						"2.25": ["-17.8274+math.sin(q.anim_time*90*4.5-30)*0.5", "15.0281+math.sin(q.anim_time*90*3-20)*3.5", "-9.7477+math.sin(q.anim_time*90*3+95+90)*5"],
						"2.9583": ["-17.8274+math.sin(q.anim_time*90*4.5-30)*0.5", "-15.0281+math.sin(q.anim_time*90*3-20)*3.5", "9.7477+math.sin(q.anim_time*90*3+95+90)*5"],
						"4.625": ["-17.8274+math.sin(q.anim_time*90*4.5-30)*0.5", "-15.0281+math.sin(q.anim_time*90*3-20)*3.5", "9.7477+math.sin(q.anim_time*90*3+95+90)*5"],
						"5.3333": ["-17.8274+math.sin(q.anim_time*90*4.5-30)*0.5", "15.0281+math.sin(q.anim_time*90*3-20)*3.5", "-9.7477+math.sin(q.anim_time*90*3+95+90)*5"]
					}
				},
				"tail_2": {
					"rotation": {
						"0.0": ["40.158+math.sin(q.anim_time*90*4.5-60)*1", "-1.2447+math.sin(q.anim_time*90*3-40)*5", "-4.1879+math.sin(q.anim_time*90*3+135)*7"],
						"2.25": ["40.158+math.sin(q.anim_time*90*4.5-60)*1", "-1.2447+math.sin(q.anim_time*90*3-40)*5", "-4.1879+math.sin(q.anim_time*90*3+135)*7"],
						"2.9583": ["40.158+math.sin(q.anim_time*90*4.5-60)*1", "1.2447+math.sin(q.anim_time*90*3-40)*5", "4.1879+math.sin(q.anim_time*90*3+135)*7"],
						"4.625": ["40.158+math.sin(q.anim_time*90*4.5-60)*1", "1.2447+math.sin(q.anim_time*90*3-40)*5", "4.1879+math.sin(q.anim_time*90*3+135)*7"],
						"5.3333": ["40.158+math.sin(q.anim_time*90*4.5-60)*1", "-1.2447+math.sin(q.anim_time*90*3-40)*5", "-4.1879+math.sin(q.anim_time*90*3+135)*7"]
					}
				},
				"tail_3": {
					"rotation": {
						"0.0": ["45.1857+math.sin(q.anim_time*90*4.5-90)*1", "1.6604+math.sin(q.anim_time*90*3-60)*5", "-1.7189+math.sin(q.anim_time*90*3+155+180)*7"],
						"2.25": ["45.1857+math.sin(q.anim_time*90*4.5-90)*1", "1.6604+math.sin(q.anim_time*90*3-60)*5", "-1.7189+math.sin(q.anim_time*90*3+155+180)*7"],
						"2.9583": ["45.1857+math.sin(q.anim_time*90*4.5-90)*1", "-1.6604+math.sin(q.anim_time*90*3-60)*5", "1.7189+math.sin(q.anim_time*90*3+155+180)*7"],
						"4.625": ["45.1857+math.sin(q.anim_time*90*4.5-90)*1", "-1.6604+math.sin(q.anim_time*90*3-60)*5", "1.7189+math.sin(q.anim_time*90*3+155+180)*7"],
						"5.3333": ["45.1857+math.sin(q.anim_time*90*4.5-90)*1", "1.6604+math.sin(q.anim_time*90*3-60)*5", "-1.7189+math.sin(q.anim_time*90*3+155+180)*7"]
					}
				},
				"tail_4": {
					"rotation": {
						"0.0": ["32.1379+math.sin(q.anim_time*90*4.5-120)*1.5", "-4.7185+math.sin(q.anim_time*90*3-80)*3.5", "3.0066+math.sin(q.anim_time*90*3+175+180)*5"],
						"2.25": ["32.1379+math.sin(q.anim_time*90*4.5-120)*1.5", "-4.7185+math.sin(q.anim_time*90*3-80)*3.5", "3.0066+math.sin(q.anim_time*90*3+175+180)*5"],
						"2.9583": ["32.1379+math.sin(q.anim_time*90*4.5-120)*1.5", "4.7185+math.sin(q.anim_time*90*3-80)*3.5", "-3.0066+math.sin(q.anim_time*90*3+175+180)*5"],
						"4.625": ["32.1379+math.sin(q.anim_time*90*4.5-120)*1.5", "4.7185+math.sin(q.anim_time*90*3-80)*3.5", "-3.0066+math.sin(q.anim_time*90*3+175+180)*5"],
						"5.3333": ["32.1379+math.sin(q.anim_time*90*4.5-120)*1.5", "-4.7185+math.sin(q.anim_time*90*3-80)*3.5", "3.0066+math.sin(q.anim_time*90*3+175+180)*5"]
					}
				},
				"tail_hand": {
					"rotation": {
						"0.0": ["19.7527+math.sin(q.anim_time*90*4.5-150)*2", "2.3039+math.sin(q.anim_time*90*3-100)*5", "8.7258+math.sin(q.anim_time*90*3+195+180)*5"],
						"2.25": ["19.7527+math.sin(q.anim_time*90*4.5-150)*2", "2.3039+math.sin(q.anim_time*90*3-100)*5", "8.7258+math.sin(q.anim_time*90*3+195+180)*5"],
						"2.9583": ["19.7527+math.sin(q.anim_time*90*4.5-150)*2", "-2.3039+math.sin(q.anim_time*90*3-100)*5", "-8.7258+math.sin(q.anim_time*90*3+195+180)*5"],
						"4.625": ["19.7527+math.sin(q.anim_time*90*4.5-150)*2", "-2.3039+math.sin(q.anim_time*90*3-100)*5", "-8.7258+math.sin(q.anim_time*90*3+195+180)*5"],
						"5.3333": ["19.7527+math.sin(q.anim_time*90*4.5-150)*2", "2.3039+math.sin(q.anim_time*90*3-100)*5", "8.7258+math.sin(q.anim_time*90*3+195+180)*5"]
					}
				},
				"middle_finger": {
					"rotation": {
						"0.0": ["20+math.sin(q.anim_time*90*4.5-175)*1", 0, 0],
						"2.25": ["20+math.sin(q.anim_time*90*4.5-175)*1", 0, 0],
						"2.9583": ["20+math.sin(q.anim_time*90*4.5-175)*1", 0, 0],
						"4.625": ["20+math.sin(q.anim_time*90*4.5-175)*1", 0, 0],
						"5.3333": ["20+math.sin(q.anim_time*90*4.5-175)*1", 0, 0]
					}
				},
				"middle_finger2": {
					"rotation": {
						"0.0": ["20+math.sin(q.anim_time*90*4.5-200)*1", 0, 0],
						"2.25": ["20+math.sin(q.anim_time*90*4.5-200)*1", 0, 0],
						"2.9583": ["20+math.sin(q.anim_time*90*4.5-200)*1", 0, 0],
						"4.625": ["20+math.sin(q.anim_time*90*4.5-200)*1", 0, 0],
						"5.3333": ["20+math.sin(q.anim_time*90*4.5-200)*1", 0, 0]
					}
				},
				"middle_finger_tip": {
					"rotation": {
						"0.0": ["25+math.sin(q.anim_time*90*4.5-225)*0.5", 0, 0],
						"2.25": ["25+math.sin(q.anim_time*90*4.5-225)*0.5", 0, 0],
						"2.9583": ["25+math.sin(q.anim_time*90*4.5-225)*0.5", 0, 0],
						"4.625": ["25+math.sin(q.anim_time*90*4.5-225)*0.5", 0, 0],
						"5.3333": ["25+math.sin(q.anim_time*90*4.5-225)*0.5", 0, 0]
					}
				},
				"left_finger": {
					"rotation": {
						"0.0": ["0+math.sin(q.anim_time*90*4.5-175)*1", -37.5, -30],
						"2.25": ["0+math.sin(q.anim_time*90*4.5-175)*1", -37.5, -30],
						"2.9583": ["0+math.sin(q.anim_time*90*4.5-175)*1", -37.5, -30],
						"4.625": ["0+math.sin(q.anim_time*90*4.5-175)*1", -37.5, -30],
						"5.3333": ["0+math.sin(q.anim_time*90*4.5-175)*1", -37.5, -30]
					}
				},
				"left_finger2": {
					"rotation": {
						"0.0": ["20+math.sin(q.anim_time*90*4.5-200)*1", 0, 0],
						"2.25": ["20+math.sin(q.anim_time*90*4.5-200)*1", 0, 0],
						"2.9583": ["20+math.sin(q.anim_time*90*4.5-200)*1", 0, 0],
						"4.625": ["20+math.sin(q.anim_time*90*4.5-200)*1", 0, 0],
						"5.3333": ["20+math.sin(q.anim_time*90*4.5-200)*1", 0, 0]
					}
				},
				"left_finger_tip": {
					"rotation": {
						"0.0": ["25+math.sin(q.anim_time*90*4.5-225)*0.5", 0, 0],
						"2.25": ["25+math.sin(q.anim_time*90*4.5-225)*0.5", 0, 0],
						"2.9583": ["25+math.sin(q.anim_time*90*4.5-225)*0.5", 0, 0],
						"4.625": ["25+math.sin(q.anim_time*90*4.5-225)*0.5", 0, 0],
						"5.3333": ["25+math.sin(q.anim_time*90*4.5-225)*0.5", 0, 0]
					}
				},
				"right_finger": {
					"rotation": {
						"0.0": ["0+math.sin(q.anim_time*90*4.5-175)*1", 37.5, 30],
						"2.25": ["0+math.sin(q.anim_time*90*4.5-175)*1", 37.5, 30],
						"2.9583": ["0+math.sin(q.anim_time*90*4.5-175)*1", 37.5, 30],
						"4.625": ["0+math.sin(q.anim_time*90*4.5-175)*1", 37.5, 30],
						"5.3333": ["0+math.sin(q.anim_time*90*4.5-175)*1", 37.5, 30]
					}
				},
				"right_finger2": {
					"rotation": {
						"0.0": ["20+math.sin(q.anim_time*90*4.5-200)*1", 0, 0],
						"2.25": ["20+math.sin(q.anim_time*90*4.5-200)*1", 0, 0],
						"2.9583": ["20+math.sin(q.anim_time*90*4.5-200)*1", 0, 0],
						"4.625": ["20+math.sin(q.anim_time*90*4.5-200)*1", 0, 0],
						"5.3333": ["20+math.sin(q.anim_time*90*4.5-200)*1", 0, 0]
					}
				},
				"right_finger_tip": {
					"rotation": {
						"0.0": ["25+math.sin(q.anim_time*90*4.5-225)*0.5", 0, 0],
						"2.25": ["25+math.sin(q.anim_time*90*4.5-225)*0.5", 0, 0],
						"2.9583": ["25+math.sin(q.anim_time*90*4.5-225)*0.5", 0, 0],
						"4.625": ["25+math.sin(q.anim_time*90*4.5-225)*0.5", 0, 0],
						"5.3333": ["25+math.sin(q.anim_time*90*4.5-225)*0.5", 0, 0]
					}
				},
				"left_upper_leg": {
					"rotation": {
						"0.0": ["-2.5+math.sin(q.anim_time*90*3+20+180)*7.5", -57.5, 0],
						"2.25": ["-2.5+math.sin(q.anim_time*90*3+20+180)*7.5", -57.5, 0],
						"2.4583": [-21.72291, -57.79446, -3.25032],
						"2.625": [-5.18655, -56.14764, -8.12581],
						"2.9583": ["-73.4321+math.sin(q.anim_time*90*3-20+180)*5", "-53.8482+math.sin(q.anim_time*90*3-30)*5", -13.0013],
						"4.625": ["-73.4321+math.sin(q.anim_time*90*3-20+180)*5", "-53.8482+math.sin(q.anim_time*90*3-30)*5", -13.0013],
						"5.1667": [-25.86, -56.91, -3.25],
						"5.25": [-12.92643, -57.205, -1.625],
						"5.3333": ["-2.5+math.sin(q.anim_time*90*3+20+180)*7.5", -57.5, 0]
					},
					"position": {
						"0.0": [0.25, 0, -0.5],
						"2.25": [0.25, 0, -0.5],
						"2.9583": ["0+math.sin(q.anim_time*90*3+20)*0.1", "0+math.sin(q.anim_time*90*3+20)*0.1", 0.75],
						"4.625": ["0+math.sin(q.anim_time*90*3+20)*0.1", "0+math.sin(q.anim_time*90*3+20)*0.1", 0.75],
						"5.1667": [0.16, 0.02, -0.19],
						"5.3333": [0.25, 0, -0.5]
					}
				},
				"left_lower_leg": {
					"rotation": {
						"0.0": ["35+math.sin(q.anim_time*90*3+20)*12.5", 0, 0],
						"2.25": ["35+math.sin(q.anim_time*90*3+20)*12.5", 0, 0],
						"2.4583": [83.53558, 0, -0.72444],
						"2.625": [28.39367, 0, -1.27536],
						"2.9583": ["32.5+math.sin(q.anim_time*90*3-40+180)*2.5", 0, "0+math.sin(q.anim_time*90*3-60)*3"],
						"4.625": ["32.5+math.sin(q.anim_time*90*3-40+180)*2.5", 0, "0+math.sin(q.anim_time*90*3-60)*3"],
						"5.25": [67.97029, 0, -0.04895],
						"5.3333": ["35+math.sin(q.anim_time*90*3+20)*12.5", 0, 0]
					}
				},
				"left_foot": {
					"rotation": {
						"0.0": ["10+math.sin(q.anim_time*90*3+20+180)*10", 0, 0],
						"2.25": ["10+math.sin(q.anim_time*90*3+20+180)*10", 0, 0],
						"2.4583": [-13.61, 0, 0],
						"2.5417": [34.11, 0, 0],
						"2.9583": ["-20+math.sin(q.anim_time*90*3-60+180)*3", 0, 0],
						"4.625": ["-20+math.sin(q.anim_time*90*3-60+180)*3", 0, 0],
						"5.25": [-17.54, 0, 0],
						"5.3333": ["10+math.sin(q.anim_time*90*3+20+180)*10", 0, 0]
					}
				},
				"left_toes": {
					"rotation": {
						"0.0": ["-42.5+math.sin(q.anim_time*90*3+20)*5", 0, 0],
						"2.25": ["-42.5+math.sin(q.anim_time*90*3+20)*5", 0, 0],
						"2.4583": [-42.44, 0, 0],
						"2.625": [-6.61, 0, 0],
						"2.9583": ["10+math.sin(q.anim_time*90*3-80+180)*5", 0, 0],
						"4.625": ["10+math.sin(q.anim_time*90*3-80+180)*5", 0, 0],
						"5.3333": ["-42.5+math.sin(q.anim_time*90*3+20)*5", 0, 0]
					},
					"position": {
						"0.0": [0, -0.25, 0.65],
						"2.25": [0, -0.25, 0.65],
						"2.9583": [0, 0, 0],
						"4.625": [0, 0, 0],
						"5.3333": [0, -0.25, 0.65]
					}
				},
				"right_upper_leg": {
					"rotation": {
						"0.0": ["-73.4321+math.sin(q.anim_time*90*3-20+180)*5", "53.8482+math.sin(q.anim_time*90*3-30)*5", 13.0013],
						"2.25": ["-73.4321+math.sin(q.anim_time*90*3-20+180)*5", "53.8482+math.sin(q.anim_time*90*3-30)*5", 13.0013],
						"2.7917": [-25.86, 56.91, 3.25],
						"2.875": [-12.92643, 57.205, 1.625],
						"2.9583": ["-2.5+math.sin(q.anim_time*90*3+20+180)*7.5", 57.5, 0],
						"4.625": ["-2.5+math.sin(q.anim_time*90*3+20+180)*7.5", 57.5, 0],
						"4.8333": [-21.72291, 57.79446, 3.25032],
						"5.0": [-5.18655, 56.14764, 8.12581],
						"5.3333": ["-73.4321+math.sin(q.anim_time*90*3-20+180)*5", "53.8482+math.sin(q.anim_time*90*3-30)*5", 13.0013]
					},
					"position": {
						"0.0": ["0+math.sin(q.anim_time*90*3+20)*0.1", "0+math.sin(q.anim_time*90*3+20)*0.1", 0.75],
						"2.25": ["0+math.sin(q.anim_time*90*3+20)*0.1", "0+math.sin(q.anim_time*90*3+20)*0.1", 0.75],
						"2.7917": [-0.16, 0.02, -0.19],
						"2.9583": [-0.25, 0, -0.5],
						"4.625": [-0.25, 0, -0.5],
						"5.3333": ["0+math.sin(q.anim_time*90*3+20)*0.1", "0+math.sin(q.anim_time*90*3+20)*0.1", 0.75]
					}
				},
				"right_lower_leg": {
					"rotation": {
						"0.0": ["32.5+math.sin(q.anim_time*90*3-40+180)*2.5", 0, "0+math.sin(q.anim_time*90*3-60)*3"],
						"2.25": ["32.5+math.sin(q.anim_time*90*3-40+180)*2.5", 0, "0+math.sin(q.anim_time*90*3-60)*3"],
						"2.875": [67.97029, 0, 0.04895],
						"2.9583": ["35+math.sin(q.anim_time*90*3+20)*12.5", 0, 0],
						"4.625": ["35+math.sin(q.anim_time*90*3+20)*12.5", 0, 0],
						"4.8333": [83.53558, 0, 0.72444],
						"5.0": [28.39367, 0, 1.27536],
						"5.3333": ["32.5+math.sin(q.anim_time*90*3-40+180)*2.5", 0, "0+math.sin(q.anim_time*90*3-60)*3"]
					}
				},
				"right_foot": {
					"rotation": {
						"0.0": ["-20+math.sin(q.anim_time*90*3-60+180)*3", 0, 0],
						"2.25": ["-20+math.sin(q.anim_time*90*3-60+180)*3", 0, 0],
						"2.875": [-17.54, 0, 0],
						"2.9583": ["10+math.sin(q.anim_time*90*3+20+180)*10", 0, 0],
						"4.625": ["10+math.sin(q.anim_time*90*3+20+180)*10", 0, 0],
						"4.8333": [-13.61, 0, 0],
						"4.9167": [34.11, 0, 0],
						"5.3333": ["-20+math.sin(q.anim_time*90*3-60+180)*3", 0, 0]
					}
				},
				"right_toes": {
					"rotation": {
						"0.0": ["10+math.sin(q.anim_time*90*3-80+180)*5", 0, 0],
						"2.25": ["10+math.sin(q.anim_time*90*3-80+180)*5", 0, 0],
						"2.9583": ["-42.5+math.sin(q.anim_time*90*3+20)*5", 0, 0],
						"4.625": ["-42.5+math.sin(q.anim_time*90*3+20)*5", 0, 0],
						"4.8333": [-42.44, 0, 0],
						"5.0": [-6.61, 0, 0],
						"5.3333": ["10+math.sin(q.anim_time*90*3-80+180)*5", 0, 0]
					},
					"position": {
						"2.25": [0, 0, 0],
						"2.9583": [0, -0.25, 0.65],
						"4.625": [0, -0.25, 0.65],
						"5.3333": [0, 0, 0]
					}
				}
			}
		},
		"animation.aipom_sonic.hand_stand": {
			"loop": true,
			"bones": {
				"aipom": {
					"position": [0, 13.45, 0]
				},
				"torso": {
					"rotation": [4.99527, 0.21782, -2.4905]
				},
				"upper_torso": {
					"rotation": [-7.49294, 0.32621, 2.47864]
				},
				"head": {
					"rotation": [7.43656, -0.9762, 7.43656]
				},
				"left_ear": {
					"rotation": [0, 0, -2.5]
				},
				"right_ear": {
					"rotation": [0, 0, -7.5]
				},
				"hair_tuft": {
					"rotation": [2.50238, 2.49762, -4.89088]
				},
				"closed_happy": {
					"position": [0, 0, 0]
				},
				"grin": {
					"position": [0, 0, 0]
				},
				"left_upper_arm": {
					"rotation": [-37.5, 0, 25]
				},
				"left_lower_arm": {
					"rotation": [0, 42.5, 0]
				},
				"right_upper_arm": {
					"rotation": [-37.73802, 5.94383, -29.58217]
				},
				"right_lower_arm": {
					"rotation": [0, -42.5, 0]
				},
				"tail_1": {
					"rotation": [-63.64508, -12.77187, 30.10852]
				},
				"tail_2": {
					"rotation": [-27.68396, 36.80783, -5.57833]
				},
				"tail_3": {
					"rotation": [-42.40293, 38.20266, -14.45625]
				},
				"tail_4": {
					"rotation": [-35.25173, -58.28456, -5.45667]
				},
				"tail_hand": {
					"rotation": [-30.38506, 19.0457, -2.40256]
				},
				"middle_finger": {
					"rotation": [10, 0, 0]
				},
				"middle_finger2": {
					"rotation": [7.5, 0, 0]
				},
				"middle_finger_tip": {
					"rotation": [-15, 0, 0]
				},
				"left_finger": {
					"rotation": [9.42405, -49.96055, -0.85139]
				},
				"left_finger2": {
					"rotation": [7.5, 0, 0]
				},
				"left_finger_tip": {
					"rotation": [-15, 0, 0]
				},
				"right_finger": {
					"rotation": [9.42405, 49.96055, 0.85139]
				},
				"right_finger2": {
					"rotation": [7.5, 0, 0]
				},
				"right_finger_tip": {
					"rotation": [-15, 0, 0]
				},
				"left_upper_leg": {
					"rotation": [-72.5, -45, 0]
				},
				"left_lower_leg": {
					"rotation": [10, 0, 0]
				},
				"left_foot": {
					"rotation": [10, 0, 0]
				},
				"left_toes": {
					"rotation": [17.5, 0, 0]
				},
				"right_upper_leg": {
					"rotation": [-33.40207, 35.84182, 6.66867]
				},
				"right_lower_leg": {
					"rotation": [59.97637, 2.16489, -1.2506]
				},
				"right_foot": {
					"rotation": [22.5, 0, 0]
				},
				"right_toes": {
					"rotation": [12.5, 0, 0]
				},
				"closed_exhausted": {
					"position": [0, 0, 0]
				},
				"frown": {
					"position": [0, 0, 0]
				},
				"closed_grin": {
					"position": [0, 0, 0]
				},
				"closed_frown": {
					"position": [0, 0, 0]
				},
				"open": {
					"position": [0, 0, 0]
				}
			}
		},
		"animation.aipom_sonic.expressions": {
			"animation_length": 1.75,
			"bones": {
				"left_eye": {
					"position": {
						"0.4583": [0, 0, 0],
						"0.5": [0, 0, 0.1],
						"0.9583": [0, 0, 0.1],
						"1.0": [0, 0, 0]
					}
				},
				"right_eye": {
					"position": {
						"0.4583": [0, 0, 0],
						"0.5": [0, 0, 0.1],
						"0.9583": [0, 0, 0.1],
						"1.0": [0, 0, 0]
					}
				},
				"closed_happy": {
					"position": {
						"0.4583": [0, 0, 0],
						"0.5": [0, 0, -0.1],
						"0.7083": [0, 0, -0.1],
						"0.75": [0, 0, 0]
					}
				},
				"closed_exhausted": {
					"position": {
						"0.7083": [0, 0, 0],
						"0.75": [0, 0, -0.1],
						"0.9583": [0, 0, -0.1],
						"1.0": [0, 0, 0]
					}
				},
				"grin": {
					"position": {
						"0.2083": [0, 0, 0],
						"0.25": [0, 0, 0.1],
						"1.7083": [0, 0, 0.1],
						"1.75": [0, 0, 0]
					}
				},
				"frown": {
					"position": {
						"0.2083": [0, 0, 0],
						"0.25": [0, 0, -0.1],
						"0.4583": [0, 0, -0.1],
						"0.5": [0, 0, 0],
						"0.7083": [0, 0, 0]
					}
				},
				"closed_grin": {
					"position": {
						"0.4583": [0, 0, 0],
						"0.5": [0, 0, -0.1],
						"0.7083": [0, 0, -0.1],
						"0.75": [0, 0, 0]
					}
				},
				"closed_frown": {
					"position": {
						"0.7083": [0, 0, 0],
						"0.75": [0, 0, -0.1],
						"0.9583": [0, 0, -0.1],
						"1.0": [0, 0, 0]
					}
				},
				"open_grin": {
					"position": {
						"0.9583": [0, 0, 0],
						"1.0": [0, 0, -0.1],
						"1.2083": [0, 0, -0.1],
						"1.25": [0, 0, 0]
					}
				},
				"open_frown": {
					"position": {
						"1.2083": [0, 0, 0],
						"1.25": [0, 0, -0.1],
						"1.4583": [0, 0, -0.1],
						"1.5": [0, 0, 0]
					}
				},
				"o_mouth": {
					"position": {
						"1.4583": [0, 0, 0],
						"1.5": [0, 0, -0.1],
						"1.7083": [0, 0, -0.1],
						"1.75": [0, 0, 0]
					}
				}
			}
		}
	}
}