{
	"format_version": "1.8.0",
	"animations": {
		"animation.arboliva2.ground_idle": {
			"loop": true,
			"animation_length": 4,
			"bones": {
				"body1": {
					"position": [0, 4, 0]
				},
				"body2": {
					"rotation": ["math.sin(query.anim_time*90*2-0)*0.5", 0, 0],
					"position": [0, "math.cos(query.anim_time*90*2+90)*0.2", 0]
				},
				"skirt1_1": {
					"rotation": [0, "2+math.sin(query.anim_time*90*2-20)*0.5", "2-math.sin(query.anim_time*90*2-20)*0.5"]
				},
				"skirt1_2": {
					"rotation": [0, "math.sin(query.anim_time*90*2-40)*0.5", "-math.sin(query.anim_time*90*2-40)*0.5"]
				},
				"skirt1_3": {
					"rotation": [0, "math.sin(query.anim_time*90*2-60)*1", "-math.sin(query.anim_time*90*2-60)*1"]
				},
				"skirt1_4": {
					"rotation": [0, "math.sin(query.anim_time*90*2-80)*1", "-math.sin(query.anim_time*90*2-80)*1"]
				},
				"skirt2_1": {
					"rotation": [0, "2-math.sin(query.anim_time*90*2-20)*0.5", "-2+math.sin(query.anim_time*90*2-20)*0.5"]
				},
				"skirt2_2": {
					"rotation": [0, "-math.sin(query.anim_time*90*2-40)*0.5", "math.sin(query.anim_time*90*2-40)*0.5"]
				},
				"skirt2_3": {
					"rotation": [0, "-math.sin(query.anim_time*90*2-60)*1", "math.sin(query.anim_time*90*2-60)*1"]
				},
				"skirt2_4": {
					"rotation": [0, "-math.sin(query.anim_time*90*2-80)*1", "math.sin(query.anim_time*90*2-80)*1"]
				},
				"skirt3_1": {
					"rotation": [0, "-2+math.sin(query.anim_time*90*2-20)*0.5", "2+math.sin(query.anim_time*90*2-20)*0.5"]
				},
				"skirt3_2": {
					"rotation": [0, "math.sin(query.anim_time*90*2-40)*0.5", "math.sin(query.anim_time*90*2-40)*0.5"]
				},
				"skirt3_3": {
					"rotation": [0, "math.sin(query.anim_time*90*2-60)*1", "math.sin(query.anim_time*90*2-60)*1"]
				},
				"skirt3_4": {
					"rotation": [0, "math.sin(query.anim_time*90*2-80)*1", "math.sin(query.anim_time*90*2-80)*1"]
				},
				"skirt4_1": {
					"rotation": [0, "2-math.sin(query.anim_time*90*2-20)*0.5", "-2-math.sin(query.anim_time*90*2-20)*0.5"]
				},
				"skirt4_2": {
					"rotation": [0, "-math.sin(query.anim_time*90*2-40)*0.5", "-math.sin(query.anim_time*90*2-40)*0.5"]
				},
				"skirt4_3": {
					"rotation": [0, "-math.sin(query.anim_time*90*2-60)*1", "-math.sin(query.anim_time*90*2-60)*1"]
				},
				"skirt4_4": {
					"rotation": [0, "math.sin(query.anim_time*90*2-80)*2", "math.sin(query.anim_time*90*2-80)*2"]
				},
				"chest": {
					"rotation": ["math.sin(query.anim_time*90*2-20)*0.5", 0, 0]
				},
				"arm_left": {
					"rotation": [0, "0+math.sin(query.anim_time*90*2-40)*1", "40+math.sin(query.anim_time*90*2-40)*1"]
				},
				"olive_left_1": {
					"rotation": ["0-math.sin(query.anim_time*90*2-50)*2", 0, "-42.5+math.sin(query.anim_time*90*2-50)*1"]
				},
				"arm_left2": {
					"rotation": [0, "0+math.sin(query.anim_time*90*2-60)*1", "-17.5+math.sin(query.anim_time*90*2-60)*0.5"]
				},
				"olive_left_2": {
					"rotation": ["-math.sin(query.anim_time*90*2-90)*2", 0, "-27.5+math.sin(query.anim_time*90*2-90)*2"]
				},
				"arm_left3": {
					"rotation": [0, "0+math.sin(query.anim_time*90*2-80)*1", "-30+math.sin(query.anim_time*90*2-80)*1"]
				},
				"arm_left4": {
					"rotation": [0, "0+math.sin(query.anim_time*90*2-100)*1", "-17.5+math.sin(query.anim_time*90*2-100)*1"]
				},
				"olive_left_3": {
					"rotation": ["-math.sin(query.anim_time*90*2-110)*2", 0, "20+math.sin(query.anim_time*90*2-110)*3"]
				},
				"arm_left5": {
					"rotation": [0, "0+math.sin(query.anim_time*90*2-120)*1", "-17.5+math.sin(query.anim_time*90*2-120)*1"]
				},
				"arm_right": {
					"rotation": [0, "0-math.sin(query.anim_time*90*2-40)*1", "-40-math.sin(query.anim_time*90*2-40)*1"]
				},
				"olive_right_1": {
					"rotation": ["0-math.sin(query.anim_time*90*2-50)*2", 0, "42.5-math.sin(query.anim_time*90*2-50)*1"]
				},
				"arm_right2": {
					"rotation": [0, "0-math.sin(query.anim_time*90*2-60)*1", "17.5-math.sin(query.anim_time*90*2-60)*0.5"]
				},
				"olive_right_2": {
					"rotation": ["-math.sin(query.anim_time*90*2-90)*2", 0, "27.5-math.sin(query.anim_time*90*2-90)*2"]
				},
				"arm_right3": {
					"rotation": [0, "0-math.sin(query.anim_time*90*2-80)*1", "30-math.sin(query.anim_time*90*2-80)*1"]
				},
				"arm_right4": {
					"rotation": [0, "0-math.sin(query.anim_time*90*2-100)*1", "17.5-math.sin(query.anim_time*90*2-100)*1"]
				},
				"olive_right_3": {
					"rotation": ["-math.sin(query.anim_time*90*2-110)*2", 0, "-20-math.sin(query.anim_time*90*2-110)*3"]
				},
				"arm_right5": {
					"rotation": [0, "0-math.sin(query.anim_time*90*2-120)*1", "17.5-math.sin(query.anim_time*90*2-120)*1"]
				},
				"neck": {
					"rotation": ["math.sin(query.anim_time*90*2-40)*0.5", 0, "math.sin(query.anim_time*90*2-40)*0.5"]
				},
				"head": {
					"rotation": ["-math.sin(query.anim_time*90*2-60)*0.5", 0, "-math.sin(query.anim_time*90*2-60)*0.5"]
				}
			}
		},
		"animation.arboliva2.ground_walk": {
			"loop": true,
			"animation_length": 2,
			"bones": {
				"body1": {
					"position": [0, 4, 0]
				},
				"body2": {
					"rotation": ["2.5+math.sin(query.anim_time*90*8-20)*0.5", 0, 0],
					"position": {
						"0.0": [0, "math.cos(query.anim_time*90*2+90)*0.2", 0],
						"0.2083": [0, "math.cos(query.anim_time*90*1+90)*0.2", 0],
						"0.25": [0, "-0.05+math.cos(query.anim_time*90*1+90)*0.2", 0],
						"0.2917": [0, "0+math.cos(query.anim_time*90*1+90)*0.2", 0],
						"0.7083": [0, "0+math.cos(query.anim_time*90*1+90)*0.2", 0],
						"0.75": [0, "-0.05+math.cos(query.anim_time*90*1+90)*0.2", 0],
						"0.7917": [0, "0+math.cos(query.anim_time*90*1+90)*0.2", 0],
						"1.2083": [0, "0+math.cos(query.anim_time*90*1+90)*0.2", 0],
						"1.25": [0, "-0.05+math.cos(query.anim_time*90*1+90)*0.2", 0],
						"1.2917": [0, "0+math.cos(query.anim_time*90*1+90)*0.2", 0],
						"1.7083": [0, "0+math.cos(query.anim_time*90*1+90)*0.2", 0],
						"1.75": [0, "-0.05+math.cos(query.anim_time*90*1+90)*0.2", 0],
						"1.7917": [0, "0+math.cos(query.anim_time*90*1+90)*0.2", 0]
					}
				},
				"skirt1_1": {
					"rotation": [0, "2+math.sin(query.anim_time*90*4-20)*0.5", "2-math.sin(query.anim_time*90*8-20)*0.5"]
				},
				"skirt1_2": {
					"rotation": [0, "math.sin(query.anim_time*90*4-40)*0.5", "-math.sin(query.anim_time*90*8-40)*0.5"]
				},
				"skirt1_3": {
					"rotation": [0, "math.sin(query.anim_time*90*4-60)*1", "-math.sin(query.anim_time*90*8-60)*1"]
				},
				"skirt1_4": {
					"rotation": [0, "math.sin(query.anim_time*90*4-80)*1", "-math.sin(query.anim_time*90*8-80)*1"]
				},
				"skirt2_1": {
					"rotation": [0, "2-math.sin(query.anim_time*90*4-20)*0.5", "-2+math.sin(query.anim_time*90*8-20)*0.5"]
				},
				"skirt2_2": {
					"rotation": [0, "-math.sin(query.anim_time*90*4-40)*0.5", "math.sin(query.anim_time*90*8-40)*0.5"]
				},
				"skirt2_3": {
					"rotation": [0, "-math.sin(query.anim_time*90*4-60)*1", "math.sin(query.anim_time*90*8-60)*1"]
				},
				"skirt2_4": {
					"rotation": [0, "-math.sin(query.anim_time*90*4-80)*1", "math.sin(query.anim_time*90*8-80)*1"]
				},
				"skirt3_1": {
					"rotation": [0, "-2+math.sin(query.anim_time*90*4-20)*0.5", "2+math.sin(query.anim_time*90*8-20)*0.5"]
				},
				"skirt3_2": {
					"rotation": [0, "math.sin(query.anim_time*90*4-40)*0.5", "math.sin(query.anim_time*90*8-40)*0.5"]
				},
				"skirt3_3": {
					"rotation": [0, "math.sin(query.anim_time*90*4-60)*1", "math.sin(query.anim_time*90*8-60)*1"]
				},
				"skirt3_4": {
					"rotation": [0, "math.sin(query.anim_time*90*4-80)*1", "math.sin(query.anim_time*90*8-80)*1"]
				},
				"skirt4_1": {
					"rotation": [0, "2-math.sin(query.anim_time*90*4-20)*0.5", "-2-math.sin(query.anim_time*90*8-20)*0.5"]
				},
				"skirt4_2": {
					"rotation": [0, "-math.sin(query.anim_time*90*4-40)*0.5", "-math.sin(query.anim_time*90*8-40)*0.5"]
				},
				"skirt4_3": {
					"rotation": [0, "-math.sin(query.anim_time*90*4-60)*1", "-math.sin(query.anim_time*90*8-60)*1"]
				},
				"skirt4_4": {
					"rotation": [0, "math.sin(query.anim_time*90*4-80)*2", "math.sin(query.anim_time*90*8-80)*2"]
				},
				"chest": {
					"rotation": ["2.5+math.sin(query.anim_time*90*8-20)*0.5", "math.sin(query.anim_time*90*4-20)*1", 0]
				},
				"arm_left": {
					"rotation": [-10, "-5+math.sin(query.anim_time*90*4-40)*1", "40+math.sin(query.anim_time*90*4-40)*1"]
				},
				"olive_left_1": {
					"rotation": ["0-math.sin(query.anim_time*90*4-50)*2", 0, "-42.5+math.sin(query.anim_time*90*4-50)*1"]
				},
				"arm_left2": {
					"rotation": [-5, "-2.5+math.sin(query.anim_time*90*4-60)*1", "-17.5+math.sin(query.anim_time*90*4-60)*0.5"]
				},
				"olive_left_2": {
					"rotation": ["-math.sin(query.anim_time*90*4-90)*2", 0, "-27.5+math.sin(query.anim_time*90*4-90)*2"]
				},
				"arm_left3": {
					"rotation": [-5, "-2.5+math.sin(query.anim_time*90*4-80)*1", "-30+math.sin(query.anim_time*90*4-80)*1"]
				},
				"arm_left4": {
					"rotation": [-5, "-2.5+math.sin(query.anim_time*90*4-100)*1", "-17.5+math.sin(query.anim_time*90*4-100)*1"]
				},
				"olive_left_3": {
					"rotation": ["-math.sin(query.anim_time*90*4-110)*2", 0, "20+math.sin(query.anim_time*90*4-110)*3"]
				},
				"arm_left5": {
					"rotation": [-5, "-2.5+math.sin(query.anim_time*90*4-120)*1", "-17.5+math.sin(query.anim_time*90*4-120)*1"]
				},
				"arm_right": {
					"rotation": [-10, "5-math.sin(query.anim_time*90*4-40)*1", "-40-math.sin(query.anim_time*90*4-40)*1"]
				},
				"olive_right_1": {
					"rotation": ["0-math.sin(query.anim_time*90*4-50)*2", 0, "42.5-math.sin(query.anim_time*90*4-50)*1"]
				},
				"arm_right2": {
					"rotation": [-5, "2.5-math.sin(query.anim_time*90*4-60)*1", "17.5-math.sin(query.anim_time*90*4-60)*0.5"]
				},
				"olive_right_2": {
					"rotation": ["-math.sin(query.anim_time*90*4-90)*2", 0, "27.5-math.sin(query.anim_time*90*4-90)*2"]
				},
				"arm_right3": {
					"rotation": [-5, "2.5-math.sin(query.anim_time*90*4-80)*1", "30-math.sin(query.anim_time*90*4-80)*1"]
				},
				"arm_right4": {
					"rotation": [-5, "2.5-math.sin(query.anim_time*90*4-100)*1", "17.5-math.sin(query.anim_time*90*4-100)*1"]
				},
				"olive_right_3": {
					"rotation": ["-math.sin(query.anim_time*90*4-110)*2", 0, "-20-math.sin(query.anim_time*90*4-110)*3"]
				},
				"arm_right5": {
					"rotation": [-5, "2.5-math.sin(query.anim_time*90*4-120)*1", "17.5-math.sin(query.anim_time*90*4-120)*1"]
				},
				"neck": {
					"rotation": ["math.sin(query.anim_time*90*8-40)*0.5", 0, "math.sin(query.anim_time*90*2-40)*0.5"]
				},
				"head": {
					"rotation": ["-2.5-math.sin(query.anim_time*90*8-60)*0.5", 0, "0-math.sin(query.anim_time*90*2-60)*0.5"]
				},
				"leg_left": {
					"relative_to": {
						"rotation": "entity"
					},
					"rotation": ["-0.5795+math.sin(query.anim_time*90*4+0)*20", 24.99371, "0.1279-math.clamp(-math.cos(query.anim_time*90*4+0)*2,0,2)"],
					"position": [0, "math.clamp(-math.cos(query.anim_time*90*4+0)*1,0,1)", 0]
				},
				"knee_left": {
					"rotation": ["5-math.sin(query.anim_time*90*4-20)*10", 0, 0]
				},
				"foot_left": {
					"rotation": ["5-math.sin(query.anim_time*90*4-20)*10", 0, 0]
				},
				"leg_right": {
					"rotation": ["-0.0174-math.sin(query.anim_time*90*4+0)*20", -24.99988, "-0.0789+math.clamp(-math.cos(query.anim_time*90*4+180)*2,0,2)"],
					"position": [0, "math.clamp(-math.cos(query.anim_time*90*4+180)*1,0,1)", 0]
				},
				"knee_right": {
					"rotation": ["7.5+math.sin(query.anim_time*90*4-20)*10", 0, 0]
				},
				"foot_right": {
					"rotation": ["7.5+math.sin(query.anim_time*90*4-20)*10", 0, 0]
				}
			}
		},
		"animation.arboliva2.walktest": {
			"loop": true,
			"bones": {
				"body1": {
					"position": [0, 0, "-query.anim_time*90*0.3"]
				}
			}
		}
	}
}