{
	"format_version": "1.8.0",
	"animations": {
		"animation.audino.ground_idle": {
			"loop": true,
			"animation_length": 2,
			"bones": {
				"leg_left": {
					"rotation": ["-5.0429+math.sin(query.anim_time*90*2+90)*2", 7.4713, -0.6574],
					"position": {
						"0.0": {
							"post": [0, 0, 0],
							"lerp_mode": "catmullrom"
						},
						"1.0": {
							"post": [0, -0.125, 0.2],
							"lerp_mode": "catmullrom"
						},
						"2.0": {
							"post": [0, 0, 0],
							"lerp_mode": "catmullrom"
						}
					}
				},
				"hips": {
					"rotation": ["5+math.sin(query.anim_time*90*2+90)*1", "math.sin(query.anim_time*90*2+90)*1", 0]
				},
				"waist": {
					"rotation": ["-2.5-math.sin(query.anim_time*90*2+180)*0.5", "-math.sin(query.anim_time*90*2+180)*2", 0]
				},
				"torso": {
					"rotation": ["-5+math.sin(query.anim_time*90*2+270)*2", "math.sin(query.anim_time*90*2+270)*2", 0]
				},
				"head": {
					"rotation": ["2.5+math.sin(query.anim_time*90*2+180)*0.75", "math.sin(query.anim_time*90*2+180)*2.5", 0],
					"position": [0, -0.25, 0]
				},
				"arm_right": {
					"rotation": [0, "-17.5+math.sin(query.anim_time*90*2+270)*6", -37.5]
				},
				"arm_right2": {
					"rotation": [0, "-2.5-math.sin(query.anim_time*90*2+360)*4", 17.5],
					"position": [0.3, -0.025, 0]
				},
				"arm_left": {
					"rotation": [0, "17.5+math.sin(query.anim_time*90*2+270)*6", 37.5]
				},
				"arm_left2": {
					"rotation": [0, "2.5-math.sin(query.anim_time*90*2+360)*4", -17.5],
					"position": [-0.3, -0.025, 0]
				},
				"tail": {
					"rotation": ["-15-math.sin(query.anim_time*90*2+180)*1", "-math.sin(query.anim_time*90*2+180)*2", 0]
				},
				"body": {
					"position": [0, -0.1, 0]
				},
				"tail2": {
					"rotation": [0, 0, "2.5+math.sin(query.anim_time*90*2+270)*2"]
				},
				"tail3": {
					"rotation": [0, 0, "-math.sin(query.anim_time*90*2+360)*3"]
				},
				"ear_left": {
					"rotation": [0, "-(NaN-(NaN-math.sin(query.anim_time*90*2+270)*3))", "-(NaN-(NaN-math.sin(query.anim_time*90*2+270)*1))"]
				},
				"earlobe_left": {
					"rotation": [0, 0, "NaN-(math.sin(query.anim_time*90*2+360)*2)"]
				},
				"earlobe_left2": {
					"rotation": [0, 0, "-25-math.sin(query.anim_time*90*2+90)*3"]
				},
				"earlobeouter_left": {
					"rotation": [0, 0, "NaN-(NaN-(math.sin(query.anim_time*90*2+360)*2))"]
				},
				"earlobe_left3": {
					"rotation": [0, 0, -180]
				},
				"ear_right": {
					"rotation": [0, "NaN-(NaN-(NaN-math.sin(query.anim_time*90*2+270)*3))", "NaN-(NaN-(NaN-math.sin(query.anim_time*90*2+270)*1))"]
				},
				"earlobe_right": {
					"rotation": [0, 0, "-(NaN-(math.sin(query.anim_time*90*2+360)*2))"]
				},
				"earlobe_right2": {
					"rotation": [0, 0, "25-math.sin(query.anim_time*90*2+90)*3"]
				},
				"earlobe_right3": {
					"rotation": [0, 0, 180]
				},
				"earlobeouter_right": {
					"rotation": [0, 0, "-(NaN-(math.sin(query.anim_time*90*2+360)*2))"]
				},
				"hand_right": {
					"rotation": [0, 0, "12.5-math.sin(query.anim_time*90*2+90)*5"]
				},
				"hand_left": {
					"rotation": [0, 0, "-12.5-math.sin(query.anim_time*90*2+90)*5"]
				}
			}
		},
		"animation.audino.cry": {
			"animation_length": 1,
			"bones": {
				"mouth": {
					"position": [0, 0, 0]
				}
			},
			"sound_effects": {
				"0.0": {
					"effect": "audino_cry"
				}
			}
		},
		"animation.audino.blink": {
			"animation_length": 0.16667,
			"bones": {
				"eyes": {
					"position": {
						"0.0": [0, 0, 0.1],
						"0.1667": {"pre": [0, 0, 0.1], "post": [0, 0, 0]}
					}
				},
				"eyelids": {
					"position": {
						"0.0": [0, 0, -0.1],
						"0.1667": {"pre": [0, 0, -0.1], "post": [0, 0, 0]}
					}
				}
			}
		},
		"animation.audino.ground_walk": {
			"loop": true,
			"animation_length": 4,
			"bones": {
				"body": {
					"rotation": [0, "math.sin(query.anim_time*90*4+90)*4", 0]
				},
				"hips": {
					"rotation": ["-math.sin(query.anim_time*90*8+90)*1", "math.sin(query.anim_time*90*4+90)*2", "0+math.sin(query.anim_time*90*4-30)*2"]
				},
				"leg_left": {
					"rotation": ["0.0291-math.sin(query.anim_time*90*4+90)*15", 5.08826, -0.32767],
					"position": {
						"0.0": [0, "0.025+math.clamp((-Math.sin(query.anim_time * 360)*1.2),0,4)", "0.35+(-Math.cos(query.anim_time * 360)*1.6)"],
						"0.5": [0, "0.025+math.clamp((-Math.sin(query.anim_time * 360)*1.2),0,4)", "0.2+(-Math.cos(query.anim_time * 360)*1.6)"],
						"1.0": [0, "0.025+math.clamp((-Math.sin(query.anim_time * 360)*1.2),0,4)", "0.35+(-Math.cos(query.anim_time * 360)*1.6)"],
						"1.5": [0, "0.025+math.clamp((-Math.sin(query.anim_time * 360)*1.2),0,4)", "0.2+(-Math.cos(query.anim_time * 360)*1.6)"],
						"2.0": [0, "0.025+math.clamp((-Math.sin(query.anim_time * 360)*1.2),0,4)", "0.35+(-Math.cos(query.anim_time * 360)*1.6)"],
						"2.5": [0, "0.025+math.clamp((-Math.sin(query.anim_time * 360)*1.2),0,4)", "0.2+(-Math.cos(query.anim_time * 360)*1.6)"],
						"3.0": [0, "0.025+math.clamp((-Math.sin(query.anim_time * 360)*1.2),0,4)", "0.35+(-Math.cos(query.anim_time * 360)*1.6)"],
						"3.5": [0, "0.025+math.clamp((-Math.sin(query.anim_time * 360)*1.2),0,4)", "0.2+(-Math.cos(query.anim_time * 360)*1.6)"],
						"4.0": [0, "0.025+math.clamp((-Math.sin(query.anim_time * 360)*1.2),0,4)", "0.35+(-Math.cos(query.anim_time * 360)*1.6)"]
					}
				},
				"leg_right": {
					"rotation": ["0.0291+math.sin(query.anim_time*90*4+90)*15", -5.0883, 0.3277],
					"position": {
						"0.0": [0, "0.025+math.clamp((Math.sin(query.anim_time * 360)*1.2),0,4)", "0.2+(Math.cos(query.anim_time * 360)*1.6)"],
						"0.5": [0, "0.025+math.clamp((Math.sin(query.anim_time * 360)*1.2),0,4)", "0.35+(Math.cos(query.anim_time * 360)*1.6)"],
						"1.0": [0, "0.025+math.clamp((Math.sin(query.anim_time * 360)*1.2),0,4)", "0.2+(Math.cos(query.anim_time * 360)*1.6)"],
						"1.5": [0, "0.025+math.clamp((Math.sin(query.anim_time * 360)*1.2),0,4)", "0.35+(Math.cos(query.anim_time * 360)*1.6)"],
						"2.0": [0, "0.025+math.clamp((Math.sin(query.anim_time * 360)*1.2),0,4)", "0.2+(Math.cos(query.anim_time * 360)*1.6)"],
						"2.5": [0, "0.025+math.clamp((Math.sin(query.anim_time * 360)*1.2),0,4)", "0.35+(Math.cos(query.anim_time * 360)*1.6)"],
						"3.0": [0, "0.025+math.clamp((Math.sin(query.anim_time * 360)*1.2),0,4)", "0.2+(Math.cos(query.anim_time * 360)*1.6)"],
						"3.5": [0, "0.025+math.clamp((Math.sin(query.anim_time * 360)*1.2),0,4)", "0.35+(Math.cos(query.anim_time * 360)*1.6)"],
						"4.0": [0, "0.025+math.clamp((Math.sin(query.anim_time * 360)*1.2),0,4)", "0.2+(Math.cos(query.anim_time * 360)*1.6)"]
					}
				},
				"leg_right2": {
					"rotation": {
						"0.0": {
							"post": [2.77, 0, 0],
							"lerp_mode": "catmullrom"
						},
						"0.0833": {
							"post": [5.78, 0, 0],
							"lerp_mode": "catmullrom"
						},
						"0.2083": {
							"post": [10.81, 0, 0],
							"lerp_mode": "catmullrom"
						},
						"0.2917": {
							"post": [3.46, 0, 0],
							"lerp_mode": "catmullrom"
						},
						"0.375": {
							"post": [-8.19, 0, 0],
							"lerp_mode": "catmullrom"
						},
						"0.5": {
							"post": [2.5, 0, 0],
							"lerp_mode": "catmullrom"
						},
						"0.625": {
							"post": [11.15, 0, 0],
							"lerp_mode": "catmullrom"
						},
						"1.0": {
							"post": [2.77, 0, 0],
							"lerp_mode": "catmullrom"
						},
						"1.0833": {
							"post": [5.78, 0, 0],
							"lerp_mode": "catmullrom"
						},
						"1.2083": {
							"post": [10.81, 0, 0],
							"lerp_mode": "catmullrom"
						},
						"1.2917": {
							"post": [3.46, 0, 0],
							"lerp_mode": "catmullrom"
						},
						"1.375": {
							"post": [-8.19, 0, 0],
							"lerp_mode": "catmullrom"
						},
						"1.5": {
							"post": [2.5, 0, 0],
							"lerp_mode": "catmullrom"
						},
						"1.625": {
							"post": [11.15, 0, 0],
							"lerp_mode": "catmullrom"
						},
						"2.0": {
							"post": [2.77, 0, 0],
							"lerp_mode": "catmullrom"
						},
						"2.0833": {
							"post": [5.78, 0, 0],
							"lerp_mode": "catmullrom"
						},
						"2.2083": {
							"post": [10.81, 0, 0],
							"lerp_mode": "catmullrom"
						},
						"2.2917": {
							"post": [3.46, 0, 0],
							"lerp_mode": "catmullrom"
						},
						"2.375": {
							"post": [-8.19, 0, 0],
							"lerp_mode": "catmullrom"
						},
						"2.5": {
							"post": [2.5, 0, 0],
							"lerp_mode": "catmullrom"
						},
						"2.625": {
							"post": [11.15, 0, 0],
							"lerp_mode": "catmullrom"
						},
						"3.0": {
							"post": [2.77, 0, 0],
							"lerp_mode": "catmullrom"
						},
						"3.0833": {
							"post": [5.78, 0, 0],
							"lerp_mode": "catmullrom"
						},
						"3.2083": {
							"post": [10.81, 0, 0],
							"lerp_mode": "catmullrom"
						},
						"3.2917": {
							"post": [3.46, 0, 0],
							"lerp_mode": "catmullrom"
						},
						"3.375": {
							"post": [-8.19, 0, 0],
							"lerp_mode": "catmullrom"
						},
						"3.5": {
							"post": [2.5, 0, 0],
							"lerp_mode": "catmullrom"
						},
						"3.625": {
							"post": [11.15, 0, 0],
							"lerp_mode": "catmullrom"
						},
						"4.0": {
							"post": [2.77, 0, 0],
							"lerp_mode": "catmullrom"
						}
					},
					"position": {
						"0.0": {
							"post": [0, -0.31, 0],
							"lerp_mode": "catmullrom"
						},
						"0.0833": {
							"post": [0, 0.16, 0],
							"lerp_mode": "catmullrom"
						},
						"0.375": {
							"post": [0, 0.79, 0],
							"lerp_mode": "catmullrom"
						},
						"0.5": {
							"post": [0, 0.225, 0],
							"lerp_mode": "catmullrom"
						},
						"0.5417": {
							"post": [0, 0.105, 0.29],
							"lerp_mode": "catmullrom"
						},
						"0.5833": {
							"post": [0, -0.015, 0.62],
							"lerp_mode": "catmullrom"
						},
						"0.625": {
							"post": [0, -0.145, 0.875],
							"lerp_mode": "catmullrom"
						},
						"0.6667": {
							"post": [0, -0.29, 0.78],
							"lerp_mode": "catmullrom"
						},
						"0.7083": {
							"post": [0, -0.375, 0.78],
							"lerp_mode": "catmullrom"
						},
						"0.75": {
							"post": [0, -0.49, 0.71],
							"lerp_mode": "catmullrom"
						},
						"0.7917": {
							"post": [0, -0.515, 0.61],
							"lerp_mode": "catmullrom"
						},
						"0.8333": {
							"post": [0, -0.5, 0.49],
							"lerp_mode": "catmullrom"
						},
						"0.875": {
							"post": [0, -0.515, 0.37],
							"lerp_mode": "catmullrom"
						},
						"0.9167": {
							"post": [0, -0.465, 0.23],
							"lerp_mode": "catmullrom"
						},
						"0.9583": {
							"post": [0, -0.36, 0.11],
							"lerp_mode": "catmullrom"
						},
						"1.0": {
							"post": [0, -0.31, 0],
							"lerp_mode": "catmullrom"
						},
						"1.0833": {
							"post": [0, 0.16, 0],
							"lerp_mode": "catmullrom"
						},
						"1.375": {
							"post": [0, 0.79, 0],
							"lerp_mode": "catmullrom"
						},
						"1.5": {
							"post": [0, 0.225, 0],
							"lerp_mode": "catmullrom"
						},
						"1.5417": {
							"post": [0, 0.105, 0.29],
							"lerp_mode": "catmullrom"
						},
						"1.5833": {
							"post": [0, -0.015, 0.62],
							"lerp_mode": "catmullrom"
						},
						"1.625": {
							"post": [0, -0.145, 0.875],
							"lerp_mode": "catmullrom"
						},
						"1.6667": {
							"post": [0, -0.29, 0.78],
							"lerp_mode": "catmullrom"
						},
						"1.7083": {
							"post": [0, -0.375, 0.78],
							"lerp_mode": "catmullrom"
						},
						"1.75": {
							"post": [0, -0.49, 0.71],
							"lerp_mode": "catmullrom"
						},
						"1.7917": {
							"post": [0, -0.515, 0.61],
							"lerp_mode": "catmullrom"
						},
						"1.8333": {
							"post": [0, -0.5, 0.49],
							"lerp_mode": "catmullrom"
						},
						"1.875": {
							"post": [0, -0.515, 0.37],
							"lerp_mode": "catmullrom"
						},
						"1.9167": {
							"post": [0, -0.465, 0.23],
							"lerp_mode": "catmullrom"
						},
						"1.9583": {
							"post": [0, -0.36, 0.11],
							"lerp_mode": "catmullrom"
						},
						"2.0": {
							"post": [0, -0.31, 0],
							"lerp_mode": "catmullrom"
						},
						"2.0833": {
							"post": [0, 0.16, 0],
							"lerp_mode": "catmullrom"
						},
						"2.375": {
							"post": [0, 0.79, 0],
							"lerp_mode": "catmullrom"
						},
						"2.5": {
							"post": [0, 0.225, 0],
							"lerp_mode": "catmullrom"
						},
						"2.5417": {
							"post": [0, 0.105, 0.29],
							"lerp_mode": "catmullrom"
						},
						"2.5833": {
							"post": [0, -0.015, 0.62],
							"lerp_mode": "catmullrom"
						},
						"2.625": {
							"post": [0, -0.145, 0.875],
							"lerp_mode": "catmullrom"
						},
						"2.6667": {
							"post": [0, -0.29, 0.78],
							"lerp_mode": "catmullrom"
						},
						"2.7083": {
							"post": [0, -0.375, 0.78],
							"lerp_mode": "catmullrom"
						},
						"2.75": {
							"post": [0, -0.49, 0.71],
							"lerp_mode": "catmullrom"
						},
						"2.7917": {
							"post": [0, -0.515, 0.61],
							"lerp_mode": "catmullrom"
						},
						"2.8333": {
							"post": [0, -0.5, 0.49],
							"lerp_mode": "catmullrom"
						},
						"2.875": {
							"post": [0, -0.515, 0.37],
							"lerp_mode": "catmullrom"
						},
						"2.9167": {
							"post": [0, -0.465, 0.23],
							"lerp_mode": "catmullrom"
						},
						"2.9583": {
							"post": [0, -0.36, 0.11],
							"lerp_mode": "catmullrom"
						},
						"3.0": {
							"post": [0, -0.31, 0],
							"lerp_mode": "catmullrom"
						},
						"3.0833": {
							"post": [0, 0.16, 0],
							"lerp_mode": "catmullrom"
						},
						"3.375": {
							"post": [0, 0.79, 0],
							"lerp_mode": "catmullrom"
						},
						"3.5": {
							"post": [0, 0.225, 0],
							"lerp_mode": "catmullrom"
						},
						"3.5417": {
							"post": [0, 0.105, 0.29],
							"lerp_mode": "catmullrom"
						},
						"3.5833": {
							"post": [0, -0.015, 0.62],
							"lerp_mode": "catmullrom"
						},
						"3.625": {
							"post": [0, -0.145, 0.875],
							"lerp_mode": "catmullrom"
						},
						"3.6667": {
							"post": [0, -0.29, 0.78],
							"lerp_mode": "catmullrom"
						},
						"3.7083": {
							"post": [0, -0.375, 0.78],
							"lerp_mode": "catmullrom"
						},
						"3.75": {
							"post": [0, -0.49, 0.71],
							"lerp_mode": "catmullrom"
						},
						"3.7917": {
							"post": [0, -0.515, 0.61],
							"lerp_mode": "catmullrom"
						},
						"3.8333": {
							"post": [0, -0.5, 0.49],
							"lerp_mode": "catmullrom"
						},
						"3.875": {
							"post": [0, -0.515, 0.37],
							"lerp_mode": "catmullrom"
						},
						"3.9167": {
							"post": [0, -0.465, 0.23],
							"lerp_mode": "catmullrom"
						},
						"3.9583": {
							"post": [0, -0.36, 0.11],
							"lerp_mode": "catmullrom"
						},
						"4.0": {
							"post": [0, -0.31, 0],
							"lerp_mode": "catmullrom"
						}
					}
				},
				"foot_right": {
					"rotation": {
						"0.0": {
							"post": [6.4, 0, 0],
							"lerp_mode": "catmullrom"
						},
						"0.0833": {
							"post": [10.27, 0, 0],
							"lerp_mode": "catmullrom"
						},
						"0.2917": {
							"post": [18.25, 0, 0],
							"lerp_mode": "catmullrom"
						},
						"0.3333": {
							"post": [23.05, 0, 0],
							"lerp_mode": "catmullrom"
						},
						"0.375": {
							"post": [24.43, 0, 0],
							"lerp_mode": "catmullrom"
						},
						"0.5": {
							"post": [12.5, 0, 0],
							"lerp_mode": "catmullrom"
						},
						"0.625": {
							"post": [11.79, 0, 0],
							"lerp_mode": "catmullrom"
						},
						"0.6667": {
							"post": [8, 0, 0],
							"lerp_mode": "catmullrom"
						},
						"0.875": {
							"post": [6.4, 0, 0],
							"lerp_mode": "catmullrom"
						},
						"1.0": {
							"post": [6.4, 0, 0],
							"lerp_mode": "catmullrom"
						},
						"1.0833": {
							"post": [10.27, 0, 0],
							"lerp_mode": "catmullrom"
						},
						"1.2917": {
							"post": [18.25, 0, 0],
							"lerp_mode": "catmullrom"
						},
						"1.3333": {
							"post": [23.05, 0, 0],
							"lerp_mode": "catmullrom"
						},
						"1.375": {
							"post": [24.43, 0, 0],
							"lerp_mode": "catmullrom"
						},
						"1.5": {
							"post": [12.5, 0, 0],
							"lerp_mode": "catmullrom"
						},
						"1.625": {
							"post": [11.79, 0, 0],
							"lerp_mode": "catmullrom"
						},
						"1.6667": {
							"post": [8, 0, 0],
							"lerp_mode": "catmullrom"
						},
						"1.875": {
							"post": [6.4, 0, 0],
							"lerp_mode": "catmullrom"
						},
						"2.0": {
							"post": [6.4, 0, 0],
							"lerp_mode": "catmullrom"
						},
						"2.0833": {
							"post": [10.27, 0, 0],
							"lerp_mode": "catmullrom"
						},
						"2.2917": {
							"post": [18.25, 0, 0],
							"lerp_mode": "catmullrom"
						},
						"2.3333": {
							"post": [23.05, 0, 0],
							"lerp_mode": "catmullrom"
						},
						"2.375": {
							"post": [24.43, 0, 0],
							"lerp_mode": "catmullrom"
						},
						"2.5": {
							"post": [12.5, 0, 0],
							"lerp_mode": "catmullrom"
						},
						"2.625": {
							"post": [11.79, 0, 0],
							"lerp_mode": "catmullrom"
						},
						"2.6667": {
							"post": [8, 0, 0],
							"lerp_mode": "catmullrom"
						},
						"2.875": {
							"post": [6.4, 0, 0],
							"lerp_mode": "catmullrom"
						},
						"3.0": {
							"post": [6.4, 0, 0],
							"lerp_mode": "catmullrom"
						},
						"3.0833": {
							"post": [10.27, 0, 0],
							"lerp_mode": "catmullrom"
						},
						"3.2917": {
							"post": [18.25, 0, 0],
							"lerp_mode": "catmullrom"
						},
						"3.3333": {
							"post": [23.05, 0, 0],
							"lerp_mode": "catmullrom"
						},
						"3.375": {
							"post": [24.43, 0, 0],
							"lerp_mode": "catmullrom"
						},
						"3.5": {
							"post": [12.5, 0, 0],
							"lerp_mode": "catmullrom"
						},
						"3.625": {
							"post": [11.79, 0, 0],
							"lerp_mode": "catmullrom"
						},
						"3.6667": {
							"post": [8, 0, 0],
							"lerp_mode": "catmullrom"
						},
						"3.875": {
							"post": [6.4, 0, 0],
							"lerp_mode": "catmullrom"
						},
						"4.0": {
							"post": [6.4, 0, 0],
							"lerp_mode": "catmullrom"
						}
					}
				},
				"foot_right2": {
					"rotation": {
						"0.0": {
							"post": [-13.45, 0, 0],
							"lerp_mode": "catmullrom"
						},
						"0.0833": {
							"post": [-5.8, 0, 0],
							"lerp_mode": "catmullrom"
						},
						"0.2083": {
							"post": [2.88, 0, 0],
							"lerp_mode": "catmullrom"
						},
						"0.2917": {
							"post": [1.09, 0, 0],
							"lerp_mode": "catmullrom"
						},
						"0.3333": {
							"post": [2.04, 0, 0],
							"lerp_mode": "catmullrom"
						},
						"0.375": {
							"post": [2.86, 0, 0],
							"lerp_mode": "catmullrom"
						},
						"0.5": {
							"post": [0.25, 0, 0],
							"lerp_mode": "catmullrom"
						},
						"0.5417": {
							"post": [-2.84, 0, 0],
							"lerp_mode": "catmullrom"
						},
						"0.5833": {
							"post": [-8.14, 0, 0],
							"lerp_mode": "catmullrom"
						},
						"0.625": {
							"post": [-12.5, 0, 0],
							"lerp_mode": "catmullrom"
						},
						"0.6667": {
							"post": [-11.54, 0, 0],
							"lerp_mode": "catmullrom"
						},
						"0.7083": {
							"post": [-13.95, 0, 0],
							"lerp_mode": "catmullrom"
						},
						"0.75": {
							"post": [-16.11, 0, 0],
							"lerp_mode": "catmullrom"
						},
						"1.0": {
							"post": [-13.45, 0, 0],
							"lerp_mode": "catmullrom"
						},
						"1.0833": {
							"post": [-5.8, 0, 0],
							"lerp_mode": "catmullrom"
						},
						"1.2083": {
							"post": [2.88, 0, 0],
							"lerp_mode": "catmullrom"
						},
						"1.2917": {
							"post": [1.09, 0, 0],
							"lerp_mode": "catmullrom"
						},
						"1.3333": {
							"post": [2.04, 0, 0],
							"lerp_mode": "catmullrom"
						},
						"1.375": {
							"post": [2.86, 0, 0],
							"lerp_mode": "catmullrom"
						},
						"1.5": {
							"post": [0.25, 0, 0],
							"lerp_mode": "catmullrom"
						},
						"1.5417": {
							"post": [-2.84, 0, 0],
							"lerp_mode": "catmullrom"
						},
						"1.5833": {
							"post": [-8.14, 0, 0],
							"lerp_mode": "catmullrom"
						},
						"1.625": {
							"post": [-12.5, 0, 0],
							"lerp_mode": "catmullrom"
						},
						"1.6667": {
							"post": [-11.54, 0, 0],
							"lerp_mode": "catmullrom"
						},
						"1.7083": {
							"post": [-13.95, 0, 0],
							"lerp_mode": "catmullrom"
						},
						"1.75": {
							"post": [-16.11, 0, 0],
							"lerp_mode": "catmullrom"
						},
						"2.0": {
							"post": [-13.45, 0, 0],
							"lerp_mode": "catmullrom"
						},
						"2.0833": {
							"post": [-5.8, 0, 0],
							"lerp_mode": "catmullrom"
						},
						"2.2083": {
							"post": [2.88, 0, 0],
							"lerp_mode": "catmullrom"
						},
						"2.2917": {
							"post": [1.09, 0, 0],
							"lerp_mode": "catmullrom"
						},
						"2.3333": {
							"post": [2.04, 0, 0],
							"lerp_mode": "catmullrom"
						},
						"2.375": {
							"post": [2.86, 0, 0],
							"lerp_mode": "catmullrom"
						},
						"2.5": {
							"post": [0.25, 0, 0],
							"lerp_mode": "catmullrom"
						},
						"2.5417": {
							"post": [-2.84, 0, 0],
							"lerp_mode": "catmullrom"
						},
						"2.5833": {
							"post": [-8.14, 0, 0],
							"lerp_mode": "catmullrom"
						},
						"2.625": {
							"post": [-12.5, 0, 0],
							"lerp_mode": "catmullrom"
						},
						"2.6667": {
							"post": [-11.54, 0, 0],
							"lerp_mode": "catmullrom"
						},
						"2.7083": {
							"post": [-13.95, 0, 0],
							"lerp_mode": "catmullrom"
						},
						"2.75": {
							"post": [-16.11, 0, 0],
							"lerp_mode": "catmullrom"
						},
						"3.0": {
							"post": [-13.45, 0, 0],
							"lerp_mode": "catmullrom"
						},
						"3.0833": {
							"post": [-5.8, 0, 0],
							"lerp_mode": "catmullrom"
						},
						"3.2083": {
							"post": [2.88, 0, 0],
							"lerp_mode": "catmullrom"
						},
						"3.2917": {
							"post": [1.09, 0, 0],
							"lerp_mode": "catmullrom"
						},
						"3.3333": {
							"post": [2.04, 0, 0],
							"lerp_mode": "catmullrom"
						},
						"3.375": {
							"post": [2.86, 0, 0],
							"lerp_mode": "catmullrom"
						},
						"3.5": {
							"post": [0.25, 0, 0],
							"lerp_mode": "catmullrom"
						},
						"3.5417": {
							"post": [-2.84, 0, 0],
							"lerp_mode": "catmullrom"
						},
						"3.5833": {
							"post": [-8.14, 0, 0],
							"lerp_mode": "catmullrom"
						},
						"3.625": {
							"post": [-12.5, 0, 0],
							"lerp_mode": "catmullrom"
						},
						"3.6667": {
							"post": [-11.54, 0, 0],
							"lerp_mode": "catmullrom"
						},
						"3.7083": {
							"post": [-13.95, 0, 0],
							"lerp_mode": "catmullrom"
						},
						"3.75": {
							"post": [-16.11, 0, 0],
							"lerp_mode": "catmullrom"
						},
						"4.0": {
							"post": [-13.45, 0, 0],
							"lerp_mode": "catmullrom"
						}
					}
				},
				"tail": {
					"rotation": ["math.sin(query.anim_time*90*8+180)*2.5", "math.sin(query.anim_time*90*4+180)*4", 0]
				},
				"tail2": {
					"rotation": [0, 0, "math.sin(query.anim_time*90*4+270)*2.5"]
				},
				"tail3": {
					"rotation": [0, 0, "math.sin(query.anim_time*90*4+360)*5"]
				},
				"waist": {
					"rotation": ["-math.sin(query.anim_time*90*8+120)*0.5", "-math.sin(query.anim_time*90*4+120)*2", "0-math.sin(query.anim_time*90*4+0)*1"]
				},
				"torso": {
					"rotation": ["math.sin(query.anim_time*90*8+150)*0.5", "math.sin(query.anim_time*90*4+150)*2", "0-math.sin(query.anim_time*90*4+30)*1"]
				},
				"head": {
					"rotation": ["2.5+math.sin(query.anim_time*90*8+180)*1", "0+math.sin(query.anim_time*90*4+270)*4", "math.sin(query.anim_time*90*4+60)*1"],
					"position": [0, -0.25, 0.1]
				},
				"ear_left": {
					"rotation": [0, "-math.sin(query.anim_time*90*4+90)*5", "0-math.sin(query.anim_time*90*8+90)*1"]
				},
				"earlobe_left": {
					"rotation": [0, 0, "12.5-math.sin(query.anim_time*90*8+135)*1"],
					"position": [0, 0.225, 0]
				},
				"earlobe_left2": {
					"rotation": [0, 0, "-20-math.sin(query.anim_time*90*8+180)*2"]
				},
				"earlobe_left3": {
					"rotation": [0, 0, -180]
				},
				"earlobeouter_left": {
					"rotation": [0, 0, "-math.sin(query.anim_time*90*8+180)*1"]
				},
				"ear_right": {
					"rotation": [0, "0-math.sin(query.anim_time*90*4+90)*5", "0+math.sin(query.anim_time*90*8+90)*1"]
				},
				"earlobe_right": {
					"rotation": [0, 0, "-12.5+math.sin(query.anim_time*90*8+135)*1"],
					"position": [0, 0.225, 0]
				},
				"earlobe_right2": {
					"rotation": [0, 0, "20+math.sin(query.anim_time*90*8+180)*2"]
				},
				"earlobe_right3": {
					"rotation": [0, 0, 180]
				},
				"earlobeouter_right": {
					"rotation": [0, 0, "0+math.sin(query.anim_time*90*8+180)*1"]
				},
				"arm_right": {
					"rotation": ["0-math.sin(query.anim_time*90*4+270)*5", "0+math.sin(query.anim_time*90*4+270)*15", "-35-math.sin(query.anim_time*90*8+270)*3"],
					"position": [0, -0.25, 0]
				},
				"arm_right2": {
					"rotation": [0, "-15+math.sin(query.anim_time*90*4+270)*5", "12.5-math.sin(query.anim_time*90*8+360)*2"],
					"position": [0.2, 0, 0]
				},
				"hand_right": {
					"rotation": [0, 0, "10-math.sin(query.anim_time*90*4+90)*4"]
				},
				"arm_left": {
					"rotation": ["math.sin(query.anim_time*90*4+270)*5", "math.sin(query.anim_time*90*4+270)*15", "35+math.sin(query.anim_time*90*8+270)*3"],
					"position": [0, -0.25, 0]
				},
				"arm_left2": {
					"rotation": [0, "15+math.sin(query.anim_time*90*4+270)*5", "-12.5-math.sin(query.anim_time*90*8+360)*2"],
					"position": [-0.2, 0, 0]
				},
				"hand_left": {
					"rotation": [0, 0, "-10-math.sin(query.anim_time*90*4+90)*4"]
				},
				"pinky_right": {
					"rotation": [0, 0, "0+math.sin(query.anim_time*90*8+90)*4"]
				},
				"finger_right": {
					"rotation": [0, 0, "0+math.sin(query.anim_time*90*8+90)*4"]
				},
				"pointer_right": {
					"rotation": [0, 0, "0+math.sin(query.anim_time*90*8+90)*4"]
				},
				"pinky_left": {
					"rotation": [0, 0, "0-math.sin(query.anim_time*90*8+90)*4"]
				},
				"finger_left": {
					"rotation": [0, 0, "0-math.sin(query.anim_time*90*8+90)*4"]
				},
				"pointer_left": {
					"rotation": [0, 0, "0-math.sin(query.anim_time*90*8+90)*4"]
				},
				"foot_right3": {
					"rotation": {
						"0.0": {
							"post": [-10.5, 0, 0],
							"lerp_mode": "catmullrom"
						},
						"0.1667": {
							"post": [-4.62, 0, 0],
							"lerp_mode": "catmullrom"
						},
						"0.3333": {
							"post": [-8.39, 0, 0],
							"lerp_mode": "catmullrom"
						},
						"0.5": {
							"post": [-0.58, 0, 0],
							"lerp_mode": "catmullrom"
						},
						"0.5417": {
							"post": [-1.05, 0, 0],
							"lerp_mode": "catmullrom"
						},
						"0.5833": {
							"post": [-0.61, 0, 0],
							"lerp_mode": "catmullrom"
						},
						"0.625": {
							"post": [0.27, 0, 0],
							"lerp_mode": "catmullrom"
						},
						"0.6667": {
							"post": [0.07, 0, 0],
							"lerp_mode": "catmullrom"
						},
						"0.7083": {
							"post": [-0.05, 0, 0],
							"lerp_mode": "catmullrom"
						},
						"0.75": {
							"post": [-0.09, 0, 0],
							"lerp_mode": "catmullrom"
						},
						"0.7917": {
							"post": [-2.85188, 0, 0],
							"lerp_mode": "catmullrom"
						},
						"0.8333": {
							"post": [-4.68, 0, 0],
							"lerp_mode": "catmullrom"
						},
						"0.875": {
							"post": [-6.5, 0, 0],
							"lerp_mode": "catmullrom"
						},
						"0.9167": {
							"post": [-9.02, 0, 0],
							"lerp_mode": "catmullrom"
						},
						"0.9583": {
							"post": [-8.79, 0, 0],
							"lerp_mode": "catmullrom"
						},
						"1.0": {
							"post": [-10.5, 0, 0],
							"lerp_mode": "catmullrom"
						},
						"1.1667": {
							"post": [-4.62, 0, 0],
							"lerp_mode": "catmullrom"
						},
						"1.3333": {
							"post": [-8.39, 0, 0],
							"lerp_mode": "catmullrom"
						},
						"1.5": {
							"post": [-0.58, 0, 0],
							"lerp_mode": "catmullrom"
						},
						"1.5417": {
							"post": [-1.05, 0, 0],
							"lerp_mode": "catmullrom"
						},
						"1.5833": {
							"post": [-0.61, 0, 0],
							"lerp_mode": "catmullrom"
						},
						"1.625": {
							"post": [0.27, 0, 0],
							"lerp_mode": "catmullrom"
						},
						"1.6667": {
							"post": [0.07, 0, 0],
							"lerp_mode": "catmullrom"
						},
						"1.7083": {
							"post": [-0.05, 0, 0],
							"lerp_mode": "catmullrom"
						},
						"1.75": {
							"post": [-0.09, 0, 0],
							"lerp_mode": "catmullrom"
						},
						"1.7917": {
							"post": [-2.85188, 0, 0],
							"lerp_mode": "catmullrom"
						},
						"1.8333": {
							"post": [-4.68, 0, 0],
							"lerp_mode": "catmullrom"
						},
						"1.875": {
							"post": [-6.5, 0, 0],
							"lerp_mode": "catmullrom"
						},
						"1.9167": {
							"post": [-9.02, 0, 0],
							"lerp_mode": "catmullrom"
						},
						"1.9583": {
							"post": [-8.79, 0, 0],
							"lerp_mode": "catmullrom"
						},
						"2.0": {
							"post": [-10.5, 0, 0],
							"lerp_mode": "catmullrom"
						},
						"2.1667": {
							"post": [-4.62, 0, 0],
							"lerp_mode": "catmullrom"
						},
						"2.3333": {
							"post": [-8.39, 0, 0],
							"lerp_mode": "catmullrom"
						},
						"2.5": {
							"post": [-0.58, 0, 0],
							"lerp_mode": "catmullrom"
						},
						"2.5417": {
							"post": [-1.05, 0, 0],
							"lerp_mode": "catmullrom"
						},
						"2.5833": {
							"post": [-0.61, 0, 0],
							"lerp_mode": "catmullrom"
						},
						"2.625": {
							"post": [0.27, 0, 0],
							"lerp_mode": "catmullrom"
						},
						"2.6667": {
							"post": [0.07, 0, 0],
							"lerp_mode": "catmullrom"
						},
						"2.7083": {
							"post": [-0.05, 0, 0],
							"lerp_mode": "catmullrom"
						},
						"2.75": {
							"post": [-0.09, 0, 0],
							"lerp_mode": "catmullrom"
						},
						"2.7917": {
							"post": [-2.85188, 0, 0],
							"lerp_mode": "catmullrom"
						},
						"2.8333": {
							"post": [-4.68, 0, 0],
							"lerp_mode": "catmullrom"
						},
						"2.875": {
							"post": [-6.5, 0, 0],
							"lerp_mode": "catmullrom"
						},
						"2.9167": {
							"post": [-9.02, 0, 0],
							"lerp_mode": "catmullrom"
						},
						"2.9583": {
							"post": [-8.79, 0, 0],
							"lerp_mode": "catmullrom"
						},
						"3.0": {
							"post": [-10.5, 0, 0],
							"lerp_mode": "catmullrom"
						},
						"3.1667": {
							"post": [-4.62, 0, 0],
							"lerp_mode": "catmullrom"
						},
						"3.3333": {
							"post": [-8.39, 0, 0],
							"lerp_mode": "catmullrom"
						},
						"3.5": {
							"post": [-0.58, 0, 0],
							"lerp_mode": "catmullrom"
						},
						"3.5417": {
							"post": [-1.05, 0, 0],
							"lerp_mode": "catmullrom"
						},
						"3.5833": {
							"post": [-0.61, 0, 0],
							"lerp_mode": "catmullrom"
						},
						"3.625": {
							"post": [0.27, 0, 0],
							"lerp_mode": "catmullrom"
						},
						"3.6667": {
							"post": [0.07, 0, 0],
							"lerp_mode": "catmullrom"
						},
						"3.7083": {
							"post": [-0.05, 0, 0],
							"lerp_mode": "catmullrom"
						},
						"3.75": {
							"post": [-0.09, 0, 0],
							"lerp_mode": "catmullrom"
						},
						"3.7917": {
							"post": [-2.85188, 0, 0],
							"lerp_mode": "catmullrom"
						},
						"3.8333": {
							"post": [-4.68, 0, 0],
							"lerp_mode": "catmullrom"
						},
						"3.875": {
							"post": [-6.5, 0, 0],
							"lerp_mode": "catmullrom"
						},
						"3.9167": {
							"post": [-9.02, 0, 0],
							"lerp_mode": "catmullrom"
						},
						"3.9583": {
							"post": [-8.79, 0, 0],
							"lerp_mode": "catmullrom"
						},
						"4.0": {
							"post": [-10.5, 0, 0],
							"lerp_mode": "catmullrom"
						}
					},
					"position": {
						"0.0": {
							"post": [0, 0, -0.025],
							"lerp_mode": "catmullrom"
						},
						"0.7917": {
							"post": [0, 0.025, 0],
							"lerp_mode": "catmullrom"
						},
						"0.9583": {
							"post": [0, 0.005, 0],
							"lerp_mode": "catmullrom"
						},
						"1.0": {
							"post": [0, 0, -0.025],
							"lerp_mode": "catmullrom"
						},
						"1.7917": {
							"post": [0, 0.025, 0],
							"lerp_mode": "catmullrom"
						},
						"1.9583": {
							"post": [0, 0.005, 0],
							"lerp_mode": "catmullrom"
						},
						"2.0": {
							"post": [0, 0, -0.025],
							"lerp_mode": "catmullrom"
						},
						"2.7917": {
							"post": [0, 0.025, 0],
							"lerp_mode": "catmullrom"
						},
						"2.9583": {
							"post": [0, 0.005, 0],
							"lerp_mode": "catmullrom"
						},
						"3.0": {
							"post": [0, 0, -0.025],
							"lerp_mode": "catmullrom"
						},
						"3.7917": {
							"post": [0, 0.025, 0],
							"lerp_mode": "catmullrom"
						},
						"3.9583": {
							"post": [0, 0.005, 0],
							"lerp_mode": "catmullrom"
						},
						"4.0": {
							"post": [0, 0, -0.025],
							"lerp_mode": "catmullrom"
						}
					}
				},
				"leg_left2": {
					"rotation": {
						"0.0": {
							"post": [2.5, 0, 0],
							"lerp_mode": "catmullrom"
						},
						"0.125": {
							"post": [11.15, 0, 0],
							"lerp_mode": "catmullrom"
						},
						"0.5": {
							"post": [2.77, 0, 0],
							"lerp_mode": "catmullrom"
						},
						"0.5833": {
							"post": [5.78, 0, 0],
							"lerp_mode": "catmullrom"
						},
						"0.7083": {
							"post": [10.81, 0, 0],
							"lerp_mode": "catmullrom"
						},
						"0.7917": {
							"post": [3.46, 0, 0],
							"lerp_mode": "catmullrom"
						},
						"0.875": {
							"post": [-8.19, 0, 0],
							"lerp_mode": "catmullrom"
						},
						"1.0": {
							"post": [2.5, 0, 0],
							"lerp_mode": "catmullrom"
						},
						"1.125": {
							"post": [11.15, 0, 0],
							"lerp_mode": "catmullrom"
						},
						"1.5": {
							"post": [2.77, 0, 0],
							"lerp_mode": "catmullrom"
						},
						"1.5833": {
							"post": [5.78, 0, 0],
							"lerp_mode": "catmullrom"
						},
						"1.7083": {
							"post": [10.81, 0, 0],
							"lerp_mode": "catmullrom"
						},
						"1.7917": {
							"post": [3.46, 0, 0],
							"lerp_mode": "catmullrom"
						},
						"1.875": {
							"post": [-8.19, 0, 0],
							"lerp_mode": "catmullrom"
						},
						"2.0": {
							"post": [2.5, 0, 0],
							"lerp_mode": "catmullrom"
						},
						"2.125": {
							"post": [11.15, 0, 0],
							"lerp_mode": "catmullrom"
						},
						"2.5": {
							"post": [2.77, 0, 0],
							"lerp_mode": "catmullrom"
						},
						"2.5833": {
							"post": [5.78, 0, 0],
							"lerp_mode": "catmullrom"
						},
						"2.7083": {
							"post": [10.81, 0, 0],
							"lerp_mode": "catmullrom"
						},
						"2.7917": {
							"post": [3.46, 0, 0],
							"lerp_mode": "catmullrom"
						},
						"2.875": {
							"post": [-8.19, 0, 0],
							"lerp_mode": "catmullrom"
						},
						"3.0": {
							"post": [2.5, 0, 0],
							"lerp_mode": "catmullrom"
						},
						"3.125": {
							"post": [11.15, 0, 0],
							"lerp_mode": "catmullrom"
						},
						"3.5": {
							"post": [2.77, 0, 0],
							"lerp_mode": "catmullrom"
						},
						"3.5833": {
							"post": [5.78, 0, 0],
							"lerp_mode": "catmullrom"
						},
						"3.7083": {
							"post": [10.81, 0, 0],
							"lerp_mode": "catmullrom"
						},
						"3.7917": {
							"post": [3.46, 0, 0],
							"lerp_mode": "catmullrom"
						},
						"3.875": {
							"post": [-8.19, 0, 0],
							"lerp_mode": "catmullrom"
						},
						"4.0": {
							"post": [2.5, 0, 0],
							"lerp_mode": "catmullrom"
						}
					},
					"position": {
						"0.0": {
							"post": [0, 0.225, 0],
							"lerp_mode": "catmullrom"
						},
						"0.0417": {
							"post": [0, 0.105, 0.29],
							"lerp_mode": "catmullrom"
						},
						"0.0833": {
							"post": [0, -0.015, 0.62],
							"lerp_mode": "catmullrom"
						},
						"0.125": {
							"post": [0, -0.145, 0.875],
							"lerp_mode": "catmullrom"
						},
						"0.1667": {
							"post": [0, -0.29, 0.78],
							"lerp_mode": "catmullrom"
						},
						"0.2083": {
							"post": [0, -0.375, 0.78],
							"lerp_mode": "catmullrom"
						},
						"0.25": {
							"post": [0, -0.49, 0.71],
							"lerp_mode": "catmullrom"
						},
						"0.2917": {
							"post": [0, -0.515, 0.61],
							"lerp_mode": "catmullrom"
						},
						"0.3333": {
							"post": [0, -0.5, 0.49],
							"lerp_mode": "catmullrom"
						},
						"0.375": {
							"post": [0, -0.515, 0.37],
							"lerp_mode": "catmullrom"
						},
						"0.4167": {
							"post": [0, -0.465, 0.23],
							"lerp_mode": "catmullrom"
						},
						"0.4583": {
							"post": [0, -0.36, 0.11],
							"lerp_mode": "catmullrom"
						},
						"0.5": {
							"post": [0, -0.31, 0],
							"lerp_mode": "catmullrom"
						},
						"0.5833": {
							"post": [0, 0.16, 0],
							"lerp_mode": "catmullrom"
						},
						"0.875": {
							"post": [0, 0.79, 0],
							"lerp_mode": "catmullrom"
						},
						"1.0": {
							"post": [0, 0.225, 0],
							"lerp_mode": "catmullrom"
						},
						"1.0417": {
							"post": [0, 0.105, 0.29],
							"lerp_mode": "catmullrom"
						},
						"1.0833": {
							"post": [0, -0.015, 0.62],
							"lerp_mode": "catmullrom"
						},
						"1.125": {
							"post": [0, -0.145, 0.875],
							"lerp_mode": "catmullrom"
						},
						"1.1667": {
							"post": [0, -0.29, 0.78],
							"lerp_mode": "catmullrom"
						},
						"1.2083": {
							"post": [0, -0.375, 0.78],
							"lerp_mode": "catmullrom"
						},
						"1.25": {
							"post": [0, -0.49, 0.71],
							"lerp_mode": "catmullrom"
						},
						"1.2917": {
							"post": [0, -0.515, 0.61],
							"lerp_mode": "catmullrom"
						},
						"1.3333": {
							"post": [0, -0.5, 0.49],
							"lerp_mode": "catmullrom"
						},
						"1.375": {
							"post": [0, -0.515, 0.37],
							"lerp_mode": "catmullrom"
						},
						"1.4167": {
							"post": [0, -0.465, 0.23],
							"lerp_mode": "catmullrom"
						},
						"1.4583": {
							"post": [0, -0.36, 0.11],
							"lerp_mode": "catmullrom"
						},
						"1.5": {
							"post": [0, -0.31, 0],
							"lerp_mode": "catmullrom"
						},
						"1.5833": {
							"post": [0, 0.16, 0],
							"lerp_mode": "catmullrom"
						},
						"1.875": {
							"post": [0, 0.79, 0],
							"lerp_mode": "catmullrom"
						},
						"2.0": {
							"post": [0, 0.225, 0],
							"lerp_mode": "catmullrom"
						},
						"2.0417": {
							"post": [0, 0.105, 0.29],
							"lerp_mode": "catmullrom"
						},
						"2.0833": {
							"post": [0, -0.015, 0.62],
							"lerp_mode": "catmullrom"
						},
						"2.125": {
							"post": [0, -0.145, 0.875],
							"lerp_mode": "catmullrom"
						},
						"2.1667": {
							"post": [0, -0.29, 0.78],
							"lerp_mode": "catmullrom"
						},
						"2.2083": {
							"post": [0, -0.375, 0.78],
							"lerp_mode": "catmullrom"
						},
						"2.25": {
							"post": [0, -0.49, 0.71],
							"lerp_mode": "catmullrom"
						},
						"2.2917": {
							"post": [0, -0.515, 0.61],
							"lerp_mode": "catmullrom"
						},
						"2.3333": {
							"post": [0, -0.5, 0.49],
							"lerp_mode": "catmullrom"
						},
						"2.375": {
							"post": [0, -0.515, 0.37],
							"lerp_mode": "catmullrom"
						},
						"2.4167": {
							"post": [0, -0.465, 0.23],
							"lerp_mode": "catmullrom"
						},
						"2.4583": {
							"post": [0, -0.36, 0.11],
							"lerp_mode": "catmullrom"
						},
						"2.5": {
							"post": [0, -0.31, 0],
							"lerp_mode": "catmullrom"
						},
						"2.5833": {
							"post": [0, 0.16, 0],
							"lerp_mode": "catmullrom"
						},
						"2.875": {
							"post": [0, 0.79, 0],
							"lerp_mode": "catmullrom"
						},
						"3.0": {
							"post": [0, 0.225, 0],
							"lerp_mode": "catmullrom"
						},
						"3.0417": {
							"post": [0, 0.105, 0.29],
							"lerp_mode": "catmullrom"
						},
						"3.0833": {
							"post": [0, -0.015, 0.62],
							"lerp_mode": "catmullrom"
						},
						"3.125": {
							"post": [0, -0.145, 0.875],
							"lerp_mode": "catmullrom"
						},
						"3.1667": {
							"post": [0, -0.29, 0.78],
							"lerp_mode": "catmullrom"
						},
						"3.2083": {
							"post": [0, -0.375, 0.78],
							"lerp_mode": "catmullrom"
						},
						"3.25": {
							"post": [0, -0.49, 0.71],
							"lerp_mode": "catmullrom"
						},
						"3.2917": {
							"post": [0, -0.515, 0.61],
							"lerp_mode": "catmullrom"
						},
						"3.3333": {
							"post": [0, -0.5, 0.49],
							"lerp_mode": "catmullrom"
						},
						"3.375": {
							"post": [0, -0.515, 0.37],
							"lerp_mode": "catmullrom"
						},
						"3.4167": {
							"post": [0, -0.465, 0.23],
							"lerp_mode": "catmullrom"
						},
						"3.4583": {
							"post": [0, -0.36, 0.11],
							"lerp_mode": "catmullrom"
						},
						"3.5": {
							"post": [0, -0.31, 0],
							"lerp_mode": "catmullrom"
						},
						"3.5833": {
							"post": [0, 0.16, 0],
							"lerp_mode": "catmullrom"
						},
						"3.875": {
							"post": [0, 0.79, 0],
							"lerp_mode": "catmullrom"
						},
						"4.0": {
							"post": [0, 0.225, 0],
							"lerp_mode": "catmullrom"
						}
					}
				},
				"foot_left": {
					"rotation": {
						"0.0": {
							"post": [12.5, 0, 0],
							"lerp_mode": "catmullrom"
						},
						"0.125": {
							"post": [11.79, 0, 0],
							"lerp_mode": "catmullrom"
						},
						"0.1667": {
							"post": [8, 0, 0],
							"lerp_mode": "catmullrom"
						},
						"0.375": {
							"post": [6.4, 0, 0],
							"lerp_mode": "catmullrom"
						},
						"0.5": {
							"post": [6.4, 0, 0],
							"lerp_mode": "catmullrom"
						},
						"0.5833": {
							"post": [10.27, 0, 0],
							"lerp_mode": "catmullrom"
						},
						"0.7917": {
							"post": [18.25, 0, 0],
							"lerp_mode": "catmullrom"
						},
						"0.8333": {
							"post": [23.05, 0, 0],
							"lerp_mode": "catmullrom"
						},
						"0.875": {
							"post": [24.43, 0, 0],
							"lerp_mode": "catmullrom"
						},
						"1.0": {
							"post": [12.5, 0, 0],
							"lerp_mode": "catmullrom"
						},
						"1.125": {
							"post": [11.79, 0, 0],
							"lerp_mode": "catmullrom"
						},
						"1.1667": {
							"post": [8, 0, 0],
							"lerp_mode": "catmullrom"
						},
						"1.375": {
							"post": [6.4, 0, 0],
							"lerp_mode": "catmullrom"
						},
						"1.5": {
							"post": [6.4, 0, 0],
							"lerp_mode": "catmullrom"
						},
						"1.5833": {
							"post": [10.27, 0, 0],
							"lerp_mode": "catmullrom"
						},
						"1.7917": {
							"post": [18.25, 0, 0],
							"lerp_mode": "catmullrom"
						},
						"1.8333": {
							"post": [23.05, 0, 0],
							"lerp_mode": "catmullrom"
						},
						"1.875": {
							"post": [24.43, 0, 0],
							"lerp_mode": "catmullrom"
						},
						"2.0": {
							"post": [12.5, 0, 0],
							"lerp_mode": "catmullrom"
						},
						"2.125": {
							"post": [11.79, 0, 0],
							"lerp_mode": "catmullrom"
						},
						"2.1667": {
							"post": [8, 0, 0],
							"lerp_mode": "catmullrom"
						},
						"2.375": {
							"post": [6.4, 0, 0],
							"lerp_mode": "catmullrom"
						},
						"2.5": {
							"post": [6.4, 0, 0],
							"lerp_mode": "catmullrom"
						},
						"2.5833": {
							"post": [10.27, 0, 0],
							"lerp_mode": "catmullrom"
						},
						"2.7917": {
							"post": [18.25, 0, 0],
							"lerp_mode": "catmullrom"
						},
						"2.8333": {
							"post": [23.05, 0, 0],
							"lerp_mode": "catmullrom"
						},
						"2.875": {
							"post": [24.43, 0, 0],
							"lerp_mode": "catmullrom"
						},
						"3.0": {
							"post": [12.5, 0, 0],
							"lerp_mode": "catmullrom"
						},
						"3.125": {
							"post": [11.79, 0, 0],
							"lerp_mode": "catmullrom"
						},
						"3.1667": {
							"post": [8, 0, 0],
							"lerp_mode": "catmullrom"
						},
						"3.375": {
							"post": [6.4, 0, 0],
							"lerp_mode": "catmullrom"
						},
						"3.5": {
							"post": [6.4, 0, 0],
							"lerp_mode": "catmullrom"
						},
						"3.5833": {
							"post": [10.27, 0, 0],
							"lerp_mode": "catmullrom"
						},
						"3.7917": {
							"post": [18.25, 0, 0],
							"lerp_mode": "catmullrom"
						},
						"3.8333": {
							"post": [23.05, 0, 0],
							"lerp_mode": "catmullrom"
						},
						"3.875": {
							"post": [24.43, 0, 0],
							"lerp_mode": "catmullrom"
						},
						"4.0": {
							"post": [12.5, 0, 0],
							"lerp_mode": "catmullrom"
						}
					}
				},
				"foot_left2": {
					"rotation": {
						"0.0": {
							"post": [0.25, 0, 0],
							"lerp_mode": "catmullrom"
						},
						"0.0417": {
							"post": [-2.84, 0, 0],
							"lerp_mode": "catmullrom"
						},
						"0.0833": {
							"post": [-8.14, 0, 0],
							"lerp_mode": "catmullrom"
						},
						"0.125": {
							"post": [-12.5, 0, 0],
							"lerp_mode": "catmullrom"
						},
						"0.1667": {
							"post": [-11.54, 0, 0],
							"lerp_mode": "catmullrom"
						},
						"0.2083": {
							"post": [-13.95, 0, 0],
							"lerp_mode": "catmullrom"
						},
						"0.25": {
							"post": [-16.11, 0, 0],
							"lerp_mode": "catmullrom"
						},
						"0.5": {
							"post": [-13.45, 0, 0],
							"lerp_mode": "catmullrom"
						},
						"0.5833": {
							"post": [-5.8, 0, 0],
							"lerp_mode": "catmullrom"
						},
						"0.7083": {
							"post": [2.88, 0, 0],
							"lerp_mode": "catmullrom"
						},
						"0.7917": {
							"post": [1.09, 0, 0],
							"lerp_mode": "catmullrom"
						},
						"0.8333": {
							"post": [2.04, 0, 0],
							"lerp_mode": "catmullrom"
						},
						"0.875": {
							"post": [2.86, 0, 0],
							"lerp_mode": "catmullrom"
						},
						"1.0": {
							"post": [0.25, 0, 0],
							"lerp_mode": "catmullrom"
						},
						"1.0417": {
							"post": [-2.84, 0, 0],
							"lerp_mode": "catmullrom"
						},
						"1.0833": {
							"post": [-8.14, 0, 0],
							"lerp_mode": "catmullrom"
						},
						"1.125": {
							"post": [-12.5, 0, 0],
							"lerp_mode": "catmullrom"
						},
						"1.1667": {
							"post": [-11.54, 0, 0],
							"lerp_mode": "catmullrom"
						},
						"1.2083": {
							"post": [-13.95, 0, 0],
							"lerp_mode": "catmullrom"
						},
						"1.25": {
							"post": [-16.11, 0, 0],
							"lerp_mode": "catmullrom"
						},
						"1.5": {
							"post": [-13.45, 0, 0],
							"lerp_mode": "catmullrom"
						},
						"1.5833": {
							"post": [-5.8, 0, 0],
							"lerp_mode": "catmullrom"
						},
						"1.7083": {
							"post": [2.88, 0, 0],
							"lerp_mode": "catmullrom"
						},
						"1.7917": {
							"post": [1.09, 0, 0],
							"lerp_mode": "catmullrom"
						},
						"1.8333": {
							"post": [2.04, 0, 0],
							"lerp_mode": "catmullrom"
						},
						"1.875": {
							"post": [2.86, 0, 0],
							"lerp_mode": "catmullrom"
						},
						"2.0": {
							"post": [0.25, 0, 0],
							"lerp_mode": "catmullrom"
						},
						"2.0417": {
							"post": [-2.84, 0, 0],
							"lerp_mode": "catmullrom"
						},
						"2.0833": {
							"post": [-8.14, 0, 0],
							"lerp_mode": "catmullrom"
						},
						"2.125": {
							"post": [-12.5, 0, 0],
							"lerp_mode": "catmullrom"
						},
						"2.1667": {
							"post": [-11.54, 0, 0],
							"lerp_mode": "catmullrom"
						},
						"2.2083": {
							"post": [-13.95, 0, 0],
							"lerp_mode": "catmullrom"
						},
						"2.25": {
							"post": [-16.11, 0, 0],
							"lerp_mode": "catmullrom"
						},
						"2.5": {
							"post": [-13.45, 0, 0],
							"lerp_mode": "catmullrom"
						},
						"2.5833": {
							"post": [-5.8, 0, 0],
							"lerp_mode": "catmullrom"
						},
						"2.7083": {
							"post": [2.88, 0, 0],
							"lerp_mode": "catmullrom"
						},
						"2.7917": {
							"post": [1.09, 0, 0],
							"lerp_mode": "catmullrom"
						},
						"2.8333": {
							"post": [2.04, 0, 0],
							"lerp_mode": "catmullrom"
						},
						"2.875": {
							"post": [2.86, 0, 0],
							"lerp_mode": "catmullrom"
						},
						"3.0": {
							"post": [0.25, 0, 0],
							"lerp_mode": "catmullrom"
						},
						"3.0417": {
							"post": [-2.84, 0, 0],
							"lerp_mode": "catmullrom"
						},
						"3.0833": {
							"post": [-8.14, 0, 0],
							"lerp_mode": "catmullrom"
						},
						"3.125": {
							"post": [-12.5, 0, 0],
							"lerp_mode": "catmullrom"
						},
						"3.1667": {
							"post": [-11.54, 0, 0],
							"lerp_mode": "catmullrom"
						},
						"3.2083": {
							"post": [-13.95, 0, 0],
							"lerp_mode": "catmullrom"
						},
						"3.25": {
							"post": [-16.11, 0, 0],
							"lerp_mode": "catmullrom"
						},
						"3.5": {
							"post": [-13.45, 0, 0],
							"lerp_mode": "catmullrom"
						},
						"3.5833": {
							"post": [-5.8, 0, 0],
							"lerp_mode": "catmullrom"
						},
						"3.7083": {
							"post": [2.88, 0, 0],
							"lerp_mode": "catmullrom"
						},
						"3.7917": {
							"post": [1.09, 0, 0],
							"lerp_mode": "catmullrom"
						},
						"3.8333": {
							"post": [2.04, 0, 0],
							"lerp_mode": "catmullrom"
						},
						"3.875": {
							"post": [2.86, 0, 0],
							"lerp_mode": "catmullrom"
						},
						"4.0": {
							"post": [0.25, 0, 0],
							"lerp_mode": "catmullrom"
						}
					}
				},
				"foot_left3": {
					"rotation": {
						"0.0": {
							"post": [-0.58, 0, 0],
							"lerp_mode": "catmullrom"
						},
						"0.0417": {
							"post": [-1.05, 0, 0],
							"lerp_mode": "catmullrom"
						},
						"0.0833": {
							"post": [-0.61, 0, 0],
							"lerp_mode": "catmullrom"
						},
						"0.125": {
							"post": [0.27, 0, 0],
							"lerp_mode": "catmullrom"
						},
						"0.1667": {
							"post": [0.07, 0, 0],
							"lerp_mode": "catmullrom"
						},
						"0.2083": {
							"post": [-0.05, 0, 0],
							"lerp_mode": "catmullrom"
						},
						"0.25": {
							"post": [-0.09, 0, 0],
							"lerp_mode": "catmullrom"
						},
						"0.2917": {
							"post": [-2.85188, 0, 0],
							"lerp_mode": "catmullrom"
						},
						"0.3333": {
							"post": [-4.68, 0, 0],
							"lerp_mode": "catmullrom"
						},
						"0.375": {
							"post": [-6.5, 0, 0],
							"lerp_mode": "catmullrom"
						},
						"0.4167": {
							"post": [-9.02, 0, 0],
							"lerp_mode": "catmullrom"
						},
						"0.4583": {
							"post": [-8.79, 0, 0],
							"lerp_mode": "catmullrom"
						},
						"0.5": {
							"post": [-10.5, 0, 0],
							"lerp_mode": "catmullrom"
						},
						"0.6667": {
							"post": [-4.62, 0, 0],
							"lerp_mode": "catmullrom"
						},
						"0.8333": {
							"post": [-8.39, 0, 0],
							"lerp_mode": "catmullrom"
						},
						"1.0": {
							"post": [-0.58, 0, 0],
							"lerp_mode": "catmullrom"
						},
						"1.0417": {
							"post": [-1.05, 0, 0],
							"lerp_mode": "catmullrom"
						},
						"1.0833": {
							"post": [-0.61, 0, 0],
							"lerp_mode": "catmullrom"
						},
						"1.125": {
							"post": [0.27, 0, 0],
							"lerp_mode": "catmullrom"
						},
						"1.1667": {
							"post": [0.07, 0, 0],
							"lerp_mode": "catmullrom"
						},
						"1.2083": {
							"post": [-0.05, 0, 0],
							"lerp_mode": "catmullrom"
						},
						"1.25": {
							"post": [-0.09, 0, 0],
							"lerp_mode": "catmullrom"
						},
						"1.2917": {
							"post": [-2.85188, 0, 0],
							"lerp_mode": "catmullrom"
						},
						"1.3333": {
							"post": [-4.68, 0, 0],
							"lerp_mode": "catmullrom"
						},
						"1.375": {
							"post": [-6.5, 0, 0],
							"lerp_mode": "catmullrom"
						},
						"1.4167": {
							"post": [-9.02, 0, 0],
							"lerp_mode": "catmullrom"
						},
						"1.4583": {
							"post": [-8.79, 0, 0],
							"lerp_mode": "catmullrom"
						},
						"1.5": {
							"post": [-10.5, 0, 0],
							"lerp_mode": "catmullrom"
						},
						"1.6667": {
							"post": [-4.62, 0, 0],
							"lerp_mode": "catmullrom"
						},
						"1.8333": {
							"post": [-8.39, 0, 0],
							"lerp_mode": "catmullrom"
						},
						"2.0": {
							"post": [-0.58, 0, 0],
							"lerp_mode": "catmullrom"
						},
						"2.0417": {
							"post": [-1.05, 0, 0],
							"lerp_mode": "catmullrom"
						},
						"2.0833": {
							"post": [-0.61, 0, 0],
							"lerp_mode": "catmullrom"
						},
						"2.125": {
							"post": [0.27, 0, 0],
							"lerp_mode": "catmullrom"
						},
						"2.1667": {
							"post": [0.07, 0, 0],
							"lerp_mode": "catmullrom"
						},
						"2.2083": {
							"post": [-0.05, 0, 0],
							"lerp_mode": "catmullrom"
						},
						"2.25": {
							"post": [-0.09, 0, 0],
							"lerp_mode": "catmullrom"
						},
						"2.2917": {
							"post": [-2.85188, 0, 0],
							"lerp_mode": "catmullrom"
						},
						"2.3333": {
							"post": [-4.68, 0, 0],
							"lerp_mode": "catmullrom"
						},
						"2.375": {
							"post": [-6.5, 0, 0],
							"lerp_mode": "catmullrom"
						},
						"2.4167": {
							"post": [-9.02, 0, 0],
							"lerp_mode": "catmullrom"
						},
						"2.4583": {
							"post": [-8.79, 0, 0],
							"lerp_mode": "catmullrom"
						},
						"2.5": {
							"post": [-10.5, 0, 0],
							"lerp_mode": "catmullrom"
						},
						"2.6667": {
							"post": [-4.62, 0, 0],
							"lerp_mode": "catmullrom"
						},
						"2.8333": {
							"post": [-8.39, 0, 0],
							"lerp_mode": "catmullrom"
						},
						"3.0": {
							"post": [-0.58, 0, 0],
							"lerp_mode": "catmullrom"
						},
						"3.0417": {
							"post": [-1.05, 0, 0],
							"lerp_mode": "catmullrom"
						},
						"3.0833": {
							"post": [-0.61, 0, 0],
							"lerp_mode": "catmullrom"
						},
						"3.125": {
							"post": [0.27, 0, 0],
							"lerp_mode": "catmullrom"
						},
						"3.1667": {
							"post": [0.07, 0, 0],
							"lerp_mode": "catmullrom"
						},
						"3.2083": {
							"post": [-0.05, 0, 0],
							"lerp_mode": "catmullrom"
						},
						"3.25": {
							"post": [-0.09, 0, 0],
							"lerp_mode": "catmullrom"
						},
						"3.2917": {
							"post": [-2.85188, 0, 0],
							"lerp_mode": "catmullrom"
						},
						"3.3333": {
							"post": [-4.68, 0, 0],
							"lerp_mode": "catmullrom"
						},
						"3.375": {
							"post": [-6.5, 0, 0],
							"lerp_mode": "catmullrom"
						},
						"3.4167": {
							"post": [-9.02, 0, 0],
							"lerp_mode": "catmullrom"
						},
						"3.4583": {
							"post": [-8.79, 0, 0],
							"lerp_mode": "catmullrom"
						},
						"3.5": {
							"post": [-10.5, 0, 0],
							"lerp_mode": "catmullrom"
						},
						"3.6667": {
							"post": [-4.62, 0, 0],
							"lerp_mode": "catmullrom"
						},
						"3.8333": {
							"post": [-8.39, 0, 0],
							"lerp_mode": "catmullrom"
						},
						"4.0": {
							"post": [-0.58, 0, 0],
							"lerp_mode": "catmullrom"
						}
					},
					"position": {
						"0.0": {
							"post": [0, 0.025, 0],
							"lerp_mode": "catmullrom"
						},
						"0.2917": {
							"post": [0, 0.025, 0],
							"lerp_mode": "catmullrom"
						},
						"0.4583": {
							"post": [0, 0.005, 0],
							"lerp_mode": "catmullrom"
						},
						"0.5": {
							"post": [0, 0, -0.025],
							"lerp_mode": "catmullrom"
						},
						"1.2917": {
							"post": [0, 0.025, 0],
							"lerp_mode": "catmullrom"
						},
						"1.4583": {
							"post": [0, 0.005, 0],
							"lerp_mode": "catmullrom"
						},
						"1.5": {
							"post": [0, 0, -0.025],
							"lerp_mode": "catmullrom"
						},
						"2.2917": {
							"post": [0, 0.025, 0],
							"lerp_mode": "catmullrom"
						},
						"2.4583": {
							"post": [0, 0.005, 0],
							"lerp_mode": "catmullrom"
						},
						"2.5": {
							"post": [0, 0, -0.025],
							"lerp_mode": "catmullrom"
						},
						"3.2917": {
							"post": [0, 0.025, 0],
							"lerp_mode": "catmullrom"
						},
						"3.4583": {
							"post": [0, 0.005, 0],
							"lerp_mode": "catmullrom"
						},
						"3.5": {
							"post": [0, 0, -0.025],
							"lerp_mode": "catmullrom"
						},
						"4.0": {
							"post": [0, 0.025, 0],
							"lerp_mode": "catmullrom"
						}
					}
				},
				"audino": {
					"position": {
						"0.0": {
							"post": [0, 0, 0],
							"lerp_mode": "catmullrom"
						},
						"0.2917": {
							"post": [0, 0, 0.9],
							"lerp_mode": "catmullrom"
						},
						"0.5": {
							"post": [0, 0, 0],
							"lerp_mode": "catmullrom"
						},
						"0.7917": {
							"post": [0, 0, 0.9],
							"lerp_mode": "catmullrom"
						},
						"1.0": {
							"post": [0, 0, 0],
							"lerp_mode": "catmullrom"
						},
						"1.2917": {
							"post": [0, 0, 0.9],
							"lerp_mode": "catmullrom"
						},
						"1.5": {
							"post": [0, 0, 0],
							"lerp_mode": "catmullrom"
						},
						"1.7917": {
							"post": [0, 0, 0.9],
							"lerp_mode": "catmullrom"
						},
						"2.0": {
							"post": [0, 0, 0],
							"lerp_mode": "catmullrom"
						},
						"2.2917": {
							"post": [0, 0, 0.9],
							"lerp_mode": "catmullrom"
						},
						"2.5": {
							"post": [0, 0, 0],
							"lerp_mode": "catmullrom"
						},
						"2.7917": {
							"post": [0, 0, 0.9],
							"lerp_mode": "catmullrom"
						},
						"3.0": {
							"post": [0, 0, 0],
							"lerp_mode": "catmullrom"
						},
						"3.2917": {
							"post": [0, 0, 0.9],
							"lerp_mode": "catmullrom"
						},
						"3.5": {
							"post": [0, 0, 0],
							"lerp_mode": "catmullrom"
						},
						"3.7917": {
							"post": [0, 0, 0.9],
							"lerp_mode": "catmullrom"
						},
						"4.0": {
							"post": [0, 0, 0],
							"lerp_mode": "catmullrom"
						}
					}
				}
			}
		},
		"animation.audino.walktest": {
			"loop": true,
			"bones": {
				"audino": {
					"position": [0, 0, "-q.anim_time*90*0.3"]
				}
			}
		}
	}
}