{
	"format_version": "1.8.0",
	"animations": {
		"animation.bombirdier.ground_idle": {
			"loop": true,
			"bones": {
				"body": {
					"position": [0, -1, 0]
				},
				"wing_left": {
					"rotation": [0, -32.5, 37.5],
					"position": [0, 1, 0]
				},
				"wing_left2": {
					"rotation": [-3.90399, 17.07228, -13.08619]
				},
				"wing_left3": {
					"rotation": [0, 22.5, 65]
				},
				"wing_right": {
					"rotation": [-299.64052, -33.08942, -445.39968],
					"position": [0, 1, 0]
				},
				"wing_right2": {
					"rotation": [0, 0, -95]
				},
				"wing_right3": {
					"rotation": [0, 0, -87.5]
				},
				"bib2": {
					"rotation": [15, 0, 0]
				},
				"bib3": {
					"rotation": [-22.5, 0, 0]
				},
				"bib4": {
					"rotation": [2.5, 0, 0]
				},
				"neck3": {
					"rotation": [2.5, 0, 0]
				},
				"neck4": {
					"rotation": [5, 0, 0]
				},
				"head": {
					"rotation": [-2.56344, -0.9762, 7.43656]
				},
				"mouth": {
					"rotation": [-2.5, 0, 0]
				},
				"leg_left2": {
					"rotation": [-17.5, 0, 0]
				},
				"foot_left": {
					"rotation": [15, 0, 0]
				},
				"leg_right": {
					"rotation": [12.5, 0, 0]
				},
				"leg_right2": {
					"rotation": [0, 0, 0]
				},
				"foot_right": {
					"rotation": [-10, 0, 0]
				}
			}
		},
		"animation.bombirdier.ground_walk": {
			"loop": true,
			"bones": {
				"body": {
					"position": [0, -1, 0]
				},
				"wing_left": {
					"rotation": [0, -32.5, 37.5],
					"position": [0, 1, 0]
				},
				"wing_left2": {
					"rotation": [-3.90399, 17.07228, -13.08619]
				},
				"wing_left3": {
					"rotation": [0, 22.5, 65]
				},
				"wing_right": {
					"rotation": [-299.64052, -33.08942, -445.39968],
					"position": [0, 1, 0]
				},
				"wing_right2": {
					"rotation": [0, 0, -95]
				},
				"wing_right3": {
					"rotation": [0, 0, -87.5]
				},
				"bib2": {
					"rotation": [15, 0, 0]
				},
				"bib3": {
					"rotation": [-22.5, 0, 0]
				},
				"bib4": {
					"rotation": [2.5, 0, 0]
				},
				"neck3": {
					"rotation": [2.5, 0, 0]
				},
				"neck4": {
					"rotation": [5, 0, 0]
				},
				"head": {
					"rotation": [-2.56344, -0.9762, 7.43656]
				},
				"mouth": {
					"rotation": [-2.5, 0, 0]
				},
				"leg_left2": {
					"rotation": [-17.5, 0, 0]
				},
				"foot_left": {
					"rotation": [15, 0, 0]
				},
				"leg_right": {
					"rotation": [12.5, 0, 0]
				},
				"leg_right2": {
					"rotation": [0, 0, 0]
				},
				"foot_right": {
					"rotation": [-10, 0, 0]
				}
			}
		}
	}
}