{
	"format_version": "1.8.0",
	"animations": {
		"animation.cherrim_overcast.test": {
			"loop": true,
			"bones": {
				"flower_bell_right": {
					"rotation": [0, 0, 10]
				},
				"flower_bell_right_lower": {
					"rotation": [0, 0, 10]
				},
				"flower_bell_right_tip": {
					"rotation": [0, 0, -12.5]
				},
				"stem": {
					"rotation": [5, 0, 0]
				},
				"flower_bell_left_lower": {
					"rotation": [0, 0, -10]
				},
				"flower_bell_left_tip": {
					"rotation": [0, 0, 12.5]
				},
				"flower_bell_left": {
					"rotation": [0, 0, -10]
				},
				"leaves": {
					"rotation": [2.5, 0, 0],
					"position": [0, 0, 0]
				},
				"front_leaf": {
					"rotation": [-7.5, 0, 0]
				},
				"front_leaf_tip": {
					"rotation": [5, 0, 0]
				},
				"front_left_leaf": {
					"rotation": [-7.5, 0, 0]
				},
				"front_left_leaf_tip": {
					"rotation": [5, 0, 0]
				},
				"front_right_leaf": {
					"rotation": [-7.5, 0, 0]
				},
				"front_right_leaf_tip": {
					"rotation": [5, 0, 0]
				},
				"back_left_leaf": {
					"rotation": [-7.5, 0, 0]
				},
				"back_left_leaf_tip": {
					"rotation": [5, 0, 0]
				},
				"back_right_leaf": {
					"rotation": [-7.5, 0, 0]
				},
				"back_right_leaf_tip": {
					"rotation": [5, 0, 0]
				},
				"stem2": {
					"rotation": [0, 0, 0]
				},
				"stem3": {
					"rotation": [-2.5, 0, 0]
				}
			}
		},
		"animation.cherrim_overcast.ground_idle": {
			"loop": true,
			"bones": {
				"main_stem": {
					"rotation": ["-45+math.sin(q.anim_time*90*2-25)*2", 22.5, "0+math.sin(q.anim_time*90*1-25)*3"]
				},
				"main_stem2": {
					"rotation": [14.87739, -1.93597, 7.24721]
				},
				"second_stem": {
					"rotation": ["-22.5+math.sin(q.anim_time*90*2-50)*2", 0, "0+math.sin(q.anim_time*90*2-50)*3"]
				},
				"second_stem2": {
					"rotation": [14.78217, 2.57594, -9.6658]
				},
				"lil_cherry": {
					"rotation": ["15+math.sin(q.anim_time*90*1-75)*3", "70+math.sin(q.anim_time*90*0.5-75)*1.5", "0+math.sin(q.anim_time*90*2-75)*2"]
				},
				"main_leaf": {
					"rotation": ["18.9272+math.sin(q.anim_time*90*2-50)*3", 2.97886, 15.69176]
				},
				"main_leaf2": {
					"rotation": ["35+math.sin(q.anim_time*90*2-75)*2", 0, 0]
				},
				"second_leaf": {
					"rotation": ["-6.4271+math.sin(q.anim_time*90*2-62.5)*4", 5.04349, -13.66203]
				},
				"second_leaf2": {
					"rotation": ["-45+math.sin(q.anim_time*90*2-87.5)*2.5", 0, 0]
				},
				"closed": {
					"position": [0, 0, 0]
				},
				"body": {
					"rotation": ["0+math.sin(q.anim_time*90*2+0)*1.5", 0, "0+math.sin(q.anim_time*90*1+0)*2"]
				},
				"flower_bell_right": {
					"rotation": ["0+math.sin(q.anim_time*90*2-15)*0.5", 0.00226, "1+math.sin(q.anim_time*90*1-15)*1"]
				},
				"flower_bell_right_lower": {
					"rotation": ["0.0001+math.sin(q.anim_time*90*2-40)*1", 0.01122, "0.9999+math.sin(q.anim_time*90*1-40)*1.5"]
				},
				"flower_bell_right_tip": {
					"rotation": [0, 0, "5+math.sin(q.anim_time*90*1-65)*3"]
				},
				"flower_bell_left": {
					"rotation": ["0+math.sin(q.anim_time*90*2-25)*0.5", -0.00369, "-1+math.sin(q.anim_time*90*1-25)*1"]
				},
				"flower_bell_left_lower": {
					"rotation": ["0.0001+math.sin(q.anim_time*90*2-50)*1", -0.01337, "-0.9999+math.sin(q.anim_time*90*1-50)*1.5"]
				},
				"flower_bell_left_tip": {
					"rotation": [0, 0, "-5+math.sin(q.anim_time*90*1-75)*3"]
				},
				"leaves": {
					"rotation": ["0+math.sin(q.anim_time*90*2-40)*2", 0, "0+math.sin(q.anim_time*90*1-35)*2.5"]
				},
				"front_leaf": {
					"rotation": ["0+math.sin(q.anim_time*90*2-35)*1", 0, 0]
				},
				"front_leaf_tip": {
					"rotation": ["0+math.sin(q.anim_time*90*2-55)*1.5", 0, 0]
				},
				"front_left_leaf": {
					"rotation": ["0+math.sin(q.anim_time*90*2-35)*1", 0, 0]
				},
				"front_left_leaf_tip": {
					"rotation": ["0+math.sin(q.anim_time*90*2-55)*1.5", 0, 0]
				},
				"front_right_leaf": {
					"rotation": ["0+math.sin(q.anim_time*90*2-35)*1", 0, 0]
				},
				"front_right_leaf_tip": {
					"rotation": ["0+math.sin(q.anim_time*90*2-55)*1.5", 0, 0]
				},
				"back_left_leaf": {
					"rotation": ["0+math.sin(q.anim_time*90*2-35)*1", 0, 0]
				},
				"back_left_leaf_tip": {
					"rotation": ["0+math.sin(q.anim_time*90*2-55)*1.5", 0, 0]
				},
				"back_right_leaf": {
					"rotation": ["0+math.sin(q.anim_time*90*2-35)*1", 0, 0]
				},
				"back_right_leaf_tip": {
					"rotation": ["0+math.sin(q.anim_time*90*2-55)*1.5", 0, 0]
				},
				"stem": {
					"rotation": ["0+math.sin(q.anim_time*90*2-15)*1", 0, "0+math.sin(q.anim_time*90*1-35)*1"]
				},
				"stem2": {
					"rotation": ["0+math.sin(q.anim_time*90*2-35)*1.5", 0, "0+math.sin(q.anim_time*90*1-55)*1.5"]
				},
				"stem3": {
					"rotation": ["0+math.sin(q.anim_time*90*2-55)*2.5", 0, "0+math.sin(q.anim_time*90*1-75)*2.5"]
				},
				"left_leg": {
					"rotation": [0, 0, 0]
				}
			}
		},
		"animation.cherrim_overcast.ground_walk": {
			"loop": true,
			"bones": {
				"main_stem": {
					"rotation": ["-45+math.sin(q.anim_time*90*8-5)*1", "22.5+math.sin(q.anim_time*90*4-5)*2", "0+math.sin(q.anim_time*90*4-5)*2.5"]
				},
				"main_stem2": {
					"rotation": [14.87739, -1.93597, "7.2472+math.sin(q.anim_time*90*4-30)*3.5"]
				},
				"second_stem": {
					"rotation": ["-22.5+math.sin(q.anim_time*90*8-50)*1", 0, "0+math.sin(q.anim_time*90*4-50)*3"]
				},
				"second_stem2": {
					"rotation": [14.78217, "2.5759+math.sin(q.anim_time*90*4-75)*1.5", "-9.6658+math.sin(q.anim_time*90*4-75)*2"]
				},
				"lil_cherry": {
					"rotation": ["15+math.sin(q.anim_time*90*4-100)*1.5", "70+math.sin(q.anim_time*90*4-100)*1", "0 +math.sin(q.anim_time*90*8-100)*2"]
				},
				"main_leaf": {
					"rotation": ["18.9272+math.sin(q.anim_time*90*8-50)*1", "2.9789+math.sin(q.anim_time*90*4-50)*3.5", 15.69176]
				},
				"main_leaf2": {
					"rotation": ["35+math.sin(q.anim_time*90*8-75)*1.5", "0+math.sin(q.anim_time*90*4-75)*1", 0]
				},
				"second_leaf": {
					"rotation": ["-6.4271+math.sin(q.anim_time*90*8-60)*1", "5.0435+math.sin(q.anim_time*90*4-60)*3.5", -13.66203]
				},
				"second_leaf2": {
					"rotation": ["-45+math.sin(q.anim_time*90*8-85)*1.5", "0+math.sin(q.anim_time*90*4-85)*1", 0]
				},
				"closed": {
					"position": [0, 0, 0]
				},
				"body": {
					"rotation": [0, "0+math.sin(q.anim_time*90*4-75+180)*2", "0+math.sin(q.anim_time*90*4+15)*3.5"],
					"position": [0, "0+math.sin(q.anim_time*90*8+10)*0.15", 0]
				},
				"flower_bell_right": {
					"rotation": [0.02579, "-0.0002+math.sin(q.anim_time*90*4-100+180)*1.5", "1.0003+math.sin(q.anim_time*90*4+0)*2"]
				},
				"flower_bell_right_lower": {
					"rotation": [0, "0+math.sin(q.anim_time*90*4-120+180)*0.5", "0+math.sin(q.anim_time*90*4-20)*1"]
				},
				"flower_bell_right_tip": {
					"rotation": [0, 0, "5+math.sin(q.anim_time*90*4-140)*5"]
				},
				"flower_bell_left": {
					"rotation": [-0.0246, "-0.0002+math.sin(q.anim_time*90*4-110+180)*1.5", "-1.0003+math.sin(q.anim_time*90*4-10)*2"]
				},
				"flower_bell_left_lower": {
					"rotation": [0, "0+math.sin(q.anim_time*90*4-130+180)*0.5", "0+math.sin(q.anim_time*90*4-30)*1"]
				},
				"flower_bell_left_tip": {
					"rotation": [0, 0, "-5+math.sin(q.anim_time*90*4-150)*5"]
				},
				"leaves": {
					"rotation": [0, "0+math.sin(q.anim_time*90*4-100+180)*1.5", "0+math.sin(q.anim_time*90*4-0)*4"]
				},
				"front_leaf": {
					"rotation": ["0+math.sin(q.anim_time*90*8-10)*1", 0, 0]
				},
				"front_leaf_tip": {
					"rotation": ["0+math.sin(q.anim_time*90*8-30)*2", 0, 0]
				},
				"front_left_leaf": {
					"rotation": ["0+math.sin(q.anim_time*90*8-10)*1", 0, 0]
				},
				"front_left_leaf_tip": {
					"rotation": ["0+math.sin(q.anim_time*90*8-30)*2", 0, 0]
				},
				"front_right_leaf": {
					"rotation": ["0+math.sin(q.anim_time*90*8-10)*1", 0, 0]
				},
				"front_right_leaf_tip": {
					"rotation": ["0+math.sin(q.anim_time*90*8-30)*2", 0, 0]
				},
				"back_left_leaf": {
					"rotation": ["0+math.sin(q.anim_time*90*8-10)*1", 0, 0]
				},
				"back_left_leaf_tip": {
					"rotation": ["0+math.sin(q.anim_time*90*8-30)*2", 0, 0]
				},
				"back_right_leaf": {
					"rotation": ["0+math.sin(q.anim_time*90*8-10)*1", 0, 0]
				},
				"back_right_leaf_tip": {
					"rotation": ["0+math.sin(q.anim_time*90*8-30)*2", 0, 0]
				},
				"stem": {
					"rotation": ["0+math.sin(q.anim_time*90*8-10)*1", 0, "math.sin(q.anim_time*90*4-10)*3.5"]
				},
				"stem2": {
					"rotation": ["0+math.sin(q.anim_time*90*8-30)*1.5", 0, "0+math.sin(q.anim_time*90*4-35)*4"]
				},
				"stem3": {
					"rotation": ["0+math.sin(q.anim_time*90*8-50)*2.5", 0, "5+math.sin(q.anim_time*90*4-60)*5"]
				},
				"left_leg": {
					"rotation": [
						"math.clamp(math.sin(query.anim_time*90*4*1+0)*22.5,-22,0)+math.clamp(math.sin(query.anim_time*90*4*1+0)*22.5,0,22)",
						0,
						"math.clamp(math.sin(query.anim_time*90*4*1+10)*7.5,-7,0)"
					],
					"position": [0, "math.clamp(math.sin(query.anim_time*90*4*1+200)*0.5,-0.1,0.5)", "0+math.sin(q.anim_time*90*4-75)*0.5"]
				},
				"right_leg": {
					"rotation": [
						"math.clamp(math.sin(query.anim_time*90*4*1+180)*22.5,-22,0)+math.clamp(math.sin(query.anim_time*90*4*1+180)*22.5,0,22)",
						0,
						"math.clamp(math.sin(query.anim_time*90*4*-1+10+180)*7.5,-0,7)"
					],
					"position": [0, "math.clamp(math.sin(query.anim_time*90*4*1+200+180)*0.5,-0.1,0.5)", "0+math.sin(q.anim_time*90*4-75+180)*0.5"]
				}
			}
		},
		"animation.cherrim_overcast.sleep": {
			"loop": true,
			"bones": {
				"main_stem": {
					"rotation": ["-44.236+math.sin(q.anim_time*90*1-25)*0.5", 24.2692, 1.92454]
				},
				"main_stem2": {
					"rotation": ["14.8774+math.sin(q.anim_time*90*1-35)*1", -1.93597, 7.24721]
				},
				"second_stem": {
					"rotation": ["-20.0794+math.sin(q.anim_time*90*1-50)*0.5", 4.59249, -1.97925]
				},
				"second_stem2": {
					"rotation": ["14.7822+math.sin(q.anim_time*90*1-60)*1", 2.57594, -9.6658]
				},
				"lil_cherry": {
					"rotation": [-22.99707, "69.2404+math.sin(q.anim_time*90*0.5-80)*3", "-38.4348+math.sin(q.anim_time*90*1-80)*2"]
				},
				"main_leaf": {
					"rotation": ["36.2962+math.sin(q.anim_time*90*1-50)*2", 4.46122, 13.67434]
				},
				"main_leaf2": {
					"rotation": ["35+math.sin(q.anim_time*90*1-75)*3", 0, 0]
				},
				"second_leaf": {
					"rotation": ["-28.7105+math.sin(q.anim_time*90*1-60)*2", 6.24874, -11.46102]
				},
				"second_leaf2": {
					"rotation": ["-45+math.sin(q.anim_time*90*1-85)*3", 0, 0]
				},
				"closed": {
					"position": [0, 0, -0.1]
				},
				"cherubi": {
					"position": [0, -1, 0]
				},
				"open_mouth": {
					"position": [0, 0, 0]
				},
				"cherrim": {
					"position": [0, -1, 0]
				},
				"body": {
					"rotation": ["2.5+math.sin(q.anim_time*90*1+0)*1.25", 0, "0+math.sin(q.anim_time*90*0.5+90)*0.5"],
					"position": [0, 0, 0]
				},
				"flower_bell": {
					"position": [0, 0.25, 0]
				},
				"flower_bell_right": {
					"rotation": ["-1+math.sin(q.anim_time*90*1-20)*1", 0, "0+math.sin(q.anim_time*90*0.5+70)*0.25"]
				},
				"flower_bell_right_lower": {
					"rotation": ["0+math.sin(q.anim_time*90*1-40)*1", 0, "-3.5+math.sin(q.anim_time*90*0.5+50)*1.5"]
				},
				"flower_bell_right_tip": {
					"rotation": [0, 0, "1.5+math.sin(q.anim_time*90*0.5+30)*2"]
				},
				"flower_bell_left": {
					"rotation": ["-1+math.sin(q.anim_time*90*1-30)*1", 0, "0+math.sin(q.anim_time*90*0.5+60)*0.25"]
				},
				"flower_bell_left_lower": {
					"rotation": ["0+math.sin(q.anim_time*90*1-50)*1", 0, "3.5+math.sin(q.anim_time*90*0.5+40)*1.5"]
				},
				"flower_bell_left_tip": {
					"rotation": [0, 0, "-1.5+math.sin(q.anim_time*90*0.5+20)*2"]
				},
				"leaves": {
					"rotation": ["0+math.sin(q.anim_time*90*1-60)*1", 0, 0]
				},
				"front_leaf": {
					"rotation": ["0+math.sin(q.anim_time*90*1-20)*0.5", 0, 0]
				},
				"front_leaf_tip": {
					"rotation": ["10+math.sin(q.anim_time*90*1-40)*2", 0, 0]
				},
				"front_left_leaf": {
					"rotation": ["0+math.sin(q.anim_time*90*1-50)*0.5", 0, 0]
				},
				"front_left_leaf_tip": {
					"rotation": ["7.5+math.sin(q.anim_time*90*1-70)*2", 0, 0]
				},
				"front_right_leaf": {
					"rotation": ["0+math.sin(q.anim_time*90*1-50)*0.5", 0, 0]
				},
				"front_right_leaf_tip": {
					"rotation": ["7.5+math.sin(q.anim_time*90*1-70)*2", 0, 0]
				},
				"back_left_leaf": {
					"rotation": ["0+math.sin(q.anim_time*90*1-80)*0.5", 0, 0]
				},
				"back_left_leaf_tip": {
					"rotation": ["5+math.sin(q.anim_time*90*1-100)*2", 0, 0]
				},
				"back_right_leaf": {
					"rotation": ["0+math.sin(q.anim_time*90*1-80)*0.5", 0, 0]
				},
				"back_right_leaf_tip": {
					"rotation": ["5+math.sin(q.anim_time*90*1-100)*2", 0, 0]
				},
				"stem": {
					"rotation": ["0+math.sin(q.anim_time*90*1-40)*0.5", 0, "0+math.sin(q.anim_time*90*0.5+60)*0.5"]
				},
				"stem2": {
					"rotation": ["12.5+math.sin(q.anim_time*90*1-60)*1", 0, "0+math.sin(q.anim_time*90*0.5+40)*0.75"]
				},
				"stem3": {
					"rotation": ["7.5+math.sin(q.anim_time*90*1-80)*2", 0, "0+math.sin(q.anim_time*90*0.5+20)*1.25"]
				},
				"left_leg": {
					"rotation": [-69.55418, -11.73507, -4.3361],
					"position": [0.25, "0.25+math.sin(q.anim_time*90*1+165)*0.075", -3]
				},
				"right_leg": {
					"rotation": [-69.55418, 11.73507, 4.3361],
					"position": [-0.25, "0.25+math.sin(q.anim_time*90*1+165)*0.075", -3]
				}
			}
		},
		"animation.cherrim_overcast.cry": {
			"animation_length": 1.5,
			"bones": {
				"body": {
					"rotation": {
						"0.0": [0, 0, 0],
						"0.0417": [-0.25, 0, 0],
						"0.125": [-2.5, 0, 0],
						"0.1667": [-2.75, 0, 0],
						"0.2917": [-2.5, 0, 0],
						"0.5": [-1, 0, 0],
						"0.625": [-0.75, 0, 0],
						"0.6667": [-0.75, 0, 0],
						"0.7917": [-1, 0, 0],
						"0.9583": [-2.5, 0, 0],
						"1.0833": [-2.75, 0, 0],
						"1.125": [-2.5, 0, 0],
						"1.2083": [-0.25, 0, 0],
						"1.25": [0, 0, 0]
					}
				},
				"flower_bell_right": {
					"rotation": {
						"0.0": [0, 0, 0],
						"0.0417": [0, 0, 1],
						"0.125": [0, 0, 4.9],
						"0.2083": [0, 0, 5.65],
						"0.2917": [0, 0, 5.15],
						"0.4167": [0, 0, 4.4],
						"0.5833": [0, 0, 3.9],
						"0.6667": [0, 0, 3.9],
						"0.75": [0, 0, 4.4],
						"0.8333": {
							"pre": [0, 0, 5.4],
							"post": [0, 0, 5.4],
							"lerp_mode": "catmullrom"
						},
						"0.9167": {
							"post": [0, 0, 5.9],
							"lerp_mode": "catmullrom"
						},
						"1.125": {
							"post": [0, 0, 5.15],
							"lerp_mode": "catmullrom"
						},
						"1.4167": [0, 0, 0]
					}
				},
				"flower_bell_right_lower": {
					"rotation": {
						"0.0": [0, 0, 0],
						"0.0833": [0, 0, 0.65],
						"0.1667": [0, 0, 2.15],
						"0.25": [0, 0, 2.5],
						"0.3333": [0, 0, 2.15],
						"0.4167": [0, 0, 1.65],
						"0.5417": [0, 0, 1.4],
						"0.7083": [0, 0, 1.4],
						"0.8333": [0, 0, 1.65],
						"0.9167": {
							"pre": [0, 0, 2.15],
							"post": [0, 0, 2.15],
							"lerp_mode": "catmullrom"
						},
						"1.0": {
							"post": [0, 0, 2.5],
							"lerp_mode": "catmullrom"
						},
						"1.0833": {
							"post": [0, 0, 2.15],
							"lerp_mode": "catmullrom"
						},
						"1.2083": {
							"post": [0.00156, 0.01079, -1.84998],
							"lerp_mode": "catmullrom"
						},
						"1.375": [0, 0, 0]
					}
				},
				"flower_bell_right_tip": {
					"rotation": {
						"0.0": [0, 0, 0],
						"0.0833": [0, 0, 1],
						"0.2083": [0, 0, 4.9],
						"0.2917": [0, 0, 5.65],
						"0.375": [0, 0, 5.15],
						"0.4583": [0, 0, 4.4],
						"0.5833": [0, 0, 3.9],
						"0.6667": [0, 0, 3.9],
						"0.7917": [0, 0, 4.4],
						"0.875": [0, 0, 5.4],
						"0.9583": [0, 0, 5.9],
						"1.0417": [0, 0, 5.15],
						"1.1667": [0, 0, 1],
						"1.25": [0, 0, 0]
					}
				},
				"flower_bell_left": {
					"rotation": {
						"0.0": [0, 0, 0],
						"0.0417": [0, 0, -1],
						"0.125": [0, 0, -4.9],
						"0.2083": [0, 0, -5.65],
						"0.2917": [0, 0, -5.15],
						"0.4167": [0, 0, -4.4],
						"0.5833": [0, 0, -3.9],
						"0.6667": [0, 0, -3.9],
						"0.75": [0, 0, -4.4],
						"0.8333": {
							"pre": [0, 0, -5.4],
							"post": [0, 0, -5.4],
							"lerp_mode": "catmullrom"
						},
						"0.9167": {
							"post": [0, 0, -5.9],
							"lerp_mode": "catmullrom"
						},
						"1.125": {
							"post": [0, 0, -5.15],
							"lerp_mode": "catmullrom"
						},
						"1.4167": [0, 0, 0]
					}
				},
				"flower_bell_left_lower": {
					"rotation": {
						"0.0": [0, 0, 0],
						"0.0833": [0, 0, -0.65],
						"0.1667": [0, 0, -2.15],
						"0.25": [0, 0, -2.5],
						"0.3333": [0, 0, -2.15],
						"0.4167": [0, 0, -1.65],
						"0.5417": [0, 0, -1.4],
						"0.7083": [0, 0, -1.4],
						"0.8333": [0, 0, -1.65],
						"0.9167": {
							"pre": [0, 0, -2.15],
							"post": [0, 0, -2.15],
							"lerp_mode": "catmullrom"
						},
						"1.0": {
							"post": [0, 0, -2.5],
							"lerp_mode": "catmullrom"
						},
						"1.0833": {
							"post": [0, 0, -2.15],
							"lerp_mode": "catmullrom"
						},
						"1.2083": {
							"post": [0.00156, -0.01079, 1.84998],
							"lerp_mode": "catmullrom"
						},
						"1.375": [0, 0, 0]
					}
				},
				"flower_bell_left_tip": {
					"rotation": {
						"0.0": [0, 0, 0],
						"0.0833": [0, 0, -1],
						"0.2083": [0, 0, -4.9],
						"0.2917": [0, 0, -5.65],
						"0.375": [0, 0, -5.15],
						"0.4583": [0, 0, -4.4],
						"0.5833": [0, 0, -3.9],
						"0.6667": [0, 0, -3.9],
						"0.7917": [0, 0, -4.4],
						"0.875": [0, 0, -5.4],
						"0.9583": [0, 0, -5.9],
						"1.0417": [0, 0, -5.15],
						"1.1667": [0, 0, -1],
						"1.25": [0, 0, 0]
					}
				},
				"front_leaf": {
					"rotation": {
						"0.0": [0, 0, 0],
						"0.0833": [-0.75, 0, 0],
						"0.2083": [-4.5, 0, 0],
						"0.2917": [-5, 0, 0],
						"0.375": [-4.5, 0, 0],
						"0.5": [-3.25, 0, 0],
						"0.625": [-3, 0, 0],
						"0.75": [-3.25, 0, 0],
						"0.875": [-4.5, 0, 0],
						"0.9583": [-5, 0, 0],
						"1.0417": [-4.5, 0, 0],
						"1.1667": [-0.75, 0, 0],
						"1.25": [0, 0, 0]
					}
				},
				"front_leaf_tip": {
					"rotation": {
						"0.0": [0, 0, 0],
						"0.0833": [-0.75, 0, 0],
						"0.2083": [-2.5, 0, 0],
						"0.2917": [-2.75, 0, 0],
						"0.375": [-2.5, 0, 0],
						"0.5": [-1.75, 0, 0],
						"0.625": [-1.5, 0, 0],
						"0.75": [-1.75, 0, 0],
						"0.875": [-2.5, 0, 0],
						"0.9583": [-2.75, 0, 0],
						"1.0417": [-2.5, 0, 0],
						"1.1667": [-0.75, 0, 0],
						"1.25": [0, 0, 0]
					}
				},
				"front_left_leaf": {
					"rotation": {
						"0.0": [0, 0, 0],
						"0.0833": [-0.75, 0, 0],
						"0.2083": [-4.5, 0, 0],
						"0.2917": [-5, 0, 0],
						"0.375": [-4.5, 0, 0],
						"0.5": [-3.25, 0, 0],
						"0.625": [-3, 0, 0],
						"0.75": [-3.25, 0, 0],
						"0.875": [-4.5, 0, 0],
						"0.9583": [-5, 0, 0],
						"1.0417": [-4.5, 0, 0],
						"1.1667": [-0.75, 0, 0],
						"1.25": [0, 0, 0]
					}
				},
				"front_left_leaf_tip": {
					"rotation": {
						"0.0": [0, 0, 0],
						"0.0833": [-0.75, 0, 0],
						"0.2083": [-2.5, 0, 0],
						"0.2917": [-2.75, 0, 0],
						"0.375": [-2.5, 0, 0],
						"0.5": [-1.75, 0, 0],
						"0.625": [-1.5, 0, 0],
						"0.75": [-1.75, 0, 0],
						"0.875": [-2.5, 0, 0],
						"0.9583": [-2.75, 0, 0],
						"1.0417": [-2.5, 0, 0],
						"1.1667": [-0.75, 0, 0],
						"1.25": [0, 0, 0]
					}
				},
				"front_right_leaf": {
					"rotation": {
						"0.0": [0, 0, 0],
						"0.0833": [-0.75, 0, 0],
						"0.2083": [-4.5, 0, 0],
						"0.2917": [-5, 0, 0],
						"0.375": [-4.5, 0, 0],
						"0.5": [-3.25, 0, 0],
						"0.625": [-3, 0, 0],
						"0.75": [-3.25, 0, 0],
						"0.875": [-4.5, 0, 0],
						"0.9583": [-5, 0, 0],
						"1.0417": [-4.5, 0, 0],
						"1.1667": [-0.75, 0, 0],
						"1.25": [0, 0, 0]
					}
				},
				"front_right_leaf_tip": {
					"rotation": {
						"0.0": [0, 0, 0],
						"0.0833": [-0.75, 0, 0],
						"0.2083": [-2.5, 0, 0],
						"0.2917": [-2.75, 0, 0],
						"0.375": [-2.5, 0, 0],
						"0.5": [-1.75, 0, 0],
						"0.625": [-1.5, 0, 0],
						"0.75": [-1.75, 0, 0],
						"0.875": [-2.5, 0, 0],
						"0.9583": [-2.75, 0, 0],
						"1.0417": [-2.5, 0, 0],
						"1.1667": [-0.75, 0, 0],
						"1.25": [0, 0, 0]
					}
				},
				"back_left_leaf": {
					"rotation": {
						"0.0": [0, 0, 0],
						"0.0833": [-0.75, 0, 0],
						"0.2083": [-4.5, 0, 0],
						"0.2917": [-5, 0, 0],
						"0.375": [-4.5, 0, 0],
						"0.5": [-3.25, 0, 0],
						"0.625": [-3, 0, 0],
						"0.75": [-3.25, 0, 0],
						"0.875": [-4.5, 0, 0],
						"0.9583": [-5, 0, 0],
						"1.0417": [-4.5, 0, 0],
						"1.1667": [-0.75, 0, 0],
						"1.25": [0, 0, 0]
					}
				},
				"back_left_leaf_tip": {
					"rotation": {
						"0.0": [0, 0, 0],
						"0.0833": [-0.75, 0, 0],
						"0.2083": [-2.5, 0, 0],
						"0.2917": [-2.75, 0, 0],
						"0.375": [-2.5, 0, 0],
						"0.5": [-1.75, 0, 0],
						"0.625": [-1.5, 0, 0],
						"0.75": [-1.75, 0, 0],
						"0.875": [-2.5, 0, 0],
						"0.9583": [-2.75, 0, 0],
						"1.0417": [-2.5, 0, 0],
						"1.1667": [-0.75, 0, 0],
						"1.25": [0, 0, 0]
					}
				},
				"back_right_leaf": {
					"rotation": {
						"0.0": [0, 0, 0],
						"0.0833": [-0.75, 0, 0],
						"0.2083": [-4.5, 0, 0],
						"0.2917": [-5, 0, 0],
						"0.375": [-4.5, 0, 0],
						"0.5": [-3.25, 0, 0],
						"0.625": [-3, 0, 0],
						"0.75": [-3.25, 0, 0],
						"0.875": [-4.5, 0, 0],
						"0.9583": [-5, 0, 0],
						"1.0417": [-4.5, 0, 0],
						"1.1667": [-0.75, 0, 0],
						"1.25": [0, 0, 0]
					}
				},
				"back_right_leaf_tip": {
					"rotation": {
						"0.0": [0, 0, 0],
						"0.0833": [-0.75, 0, 0],
						"0.2083": [-2.5, 0, 0],
						"0.2917": [-2.75, 0, 0],
						"0.375": [-2.5, 0, 0],
						"0.5": [-1.75, 0, 0],
						"0.625": [-1.5, 0, 0],
						"0.75": [-1.75, 0, 0],
						"0.875": [-2.5, 0, 0],
						"0.9583": [-2.75, 0, 0],
						"1.0417": [-2.5, 0, 0],
						"1.1667": [-0.75, 0, 0],
						"1.25": [0, 0, 0]
					}
				},
				"stem": {
					"rotation": {
						"0.0": [0, 0, 0],
						"0.125": [-0.5, 0, 0],
						"0.375": [-2.25, 0, 0],
						"0.5": [-2.75, 0, 0],
						"0.625": [-3, 0, 0],
						"0.75": [-2.75, 0, 0],
						"0.875": [-2.25, 0, 0],
						"1.125": [-0.5, 0, 0],
						"1.25": [0, 0, 0]
					}
				},
				"stem2": {
					"rotation": {
						"0.0": [0, 0, 0],
						"0.125": [-0.5, 0, 0],
						"0.375": [-3, 0, 0],
						"0.5": [-3.75, 0, 0],
						"0.625": [-4, 0, 0],
						"0.75": [-3.75, 0, 0],
						"0.875": [-3, 0, 0],
						"1.125": [-0.5, 0, 0],
						"1.25": [0, 0, 0]
					}
				},
				"stem3": {
					"rotation": {
						"0.0": [0, 0, 0],
						"0.0833": [-0.5, 0, 0],
						"0.375": [-4, 0, 0],
						"0.5": [-4.75, 0, 0],
						"0.625": [-5, 0, 0],
						"0.75": [-4.75, 0, 0],
						"0.875": [-4, 0, 0],
						"1.1667": [-0.5, 0, 0],
						"1.25": [0, 0, 0]
					}
				}
			}
		}
	}
}