{
	"format_version": "1.8.0",
	"animations": {
		"animation.cherubi.test": {
			"loop": true,
			"bones": {
				"main_stem": {
					"rotation": [-45, 22.5, 0]
				},
				"main_stem2": {
					"rotation": [14.87739, -1.93597, 7.24721]
				},
				"second_stem": {
					"rotation": [-22.5, 0, 0]
				},
				"second_stem2": {
					"rotation": [14.78217, 2.57594, -9.6658]
				},
				"lil_cherry": {
					"rotation": [15, 70, 0]
				},
				"main_leaf": {
					"rotation": [18.92715, 2.97886, 15.69176]
				},
				"main_leaf2": {
					"rotation": [35, 0, 0]
				},
				"second_leaf": {
					"rotation": [-6.4271, 5.04349, -13.66203]
				},
				"second_leaf2": {
					"rotation": [-45, 0, 0]
				},
				"closed": {
					"position": [0, 0, 0]
				}
			}
		},
		"animation.cherubi.ground_idle": {
			"loop": true,
			"bones": {
				"left_leg": {
					"rotation": [0, 0, 0]
				},
				"main_stem": {
					"rotation": ["-45+math.sin(q.anim_time*90*2-25)*2", 22.5, "0+math.sin(q.anim_time*90*1-25)*3"]
				},
				"main_stem2": {
					"rotation": [14.87739, -1.93597, 7.24721]
				},
				"second_stem": {
					"rotation": ["-22.5+math.sin(q.anim_time*90*2-50)*2", 0, "0+math.sin(q.anim_time*90*2-50)*3"]
				},
				"second_stem2": {
					"rotation": [14.78217, 2.57594, -9.6658]
				},
				"lil_cherry": {
					"rotation": ["15+math.sin(q.anim_time*90*1-75)*3", "70+math.sin(q.anim_time*90*0.5-75)*1.5", "0+math.sin(q.anim_time*90*2-75)*2"]
				},
				"main_leaf": {
					"rotation": ["18.9272+math.sin(q.anim_time*90*2-50)*3", 2.97886, 15.69176]
				},
				"main_leaf2": {
					"rotation": ["35+math.sin(q.anim_time*90*2-75)*2", 0, 0]
				},
				"second_leaf": {
					"rotation": ["-6.4271+math.sin(q.anim_time*90*2-62.5)*4", 5.04349, -13.66203]
				},
				"second_leaf2": {
					"rotation": ["-45+math.sin(q.anim_time*90*2-87.5)*2.5", 0, 0]
				},
				"closed": {
					"position": [0, 0, 0]
				},
				"body": {
					"rotation": ["0+math.sin(q.anim_time*90*2+0)*1.5", 0, "0+math.sin(q.anim_time*90*1+0)*2"]
				}
			}
		},
		"animation.cherubi.ground_walk": {
			"loop": true,
			"bones": {
				"left_leg": {
					"rotation": [
						"math.clamp(math.sin(query.anim_time*90*4*1+0)*22.5,-22,0)+math.clamp(math.sin(query.anim_time*90*4*1+0)*22.5,0,22)",
						0,
						"math.clamp(math.sin(query.anim_time*90*4*1+10)*7.5,-7,0)"
					],
					"position": [0, "math.clamp(math.sin(query.anim_time*90*4*1+200)*0.5,-0.1,0.5)", "0+math.sin(q.anim_time*90*4-75)*0.5"]
				},
				"main_stem": {
					"rotation": ["-45+math.sin(q.anim_time*90*8-5)*1", "22.5+math.sin(q.anim_time*90*4-5)*2", "0+math.sin(q.anim_time*90*4-5)*2.5"]
				},
				"main_stem2": {
					"rotation": [14.87739, -1.93597, "7.2472+math.sin(q.anim_time*90*4-30)*3.5"]
				},
				"second_stem": {
					"rotation": ["-22.5+math.sin(q.anim_time*90*8-50)*1", 0, "0+math.sin(q.anim_time*90*4-50)*3"]
				},
				"second_stem2": {
					"rotation": [14.78217, "2.5759+math.sin(q.anim_time*90*4-75)*1.5", "-9.6658+math.sin(q.anim_time*90*4-75)*2"]
				},
				"lil_cherry": {
					"rotation": ["15+math.sin(q.anim_time*90*4-100)*1.5", "70+math.sin(q.anim_time*90*4-100)*1", "0 +math.sin(q.anim_time*90*8-100)*2"]
				},
				"main_leaf": {
					"rotation": ["18.9272+math.sin(q.anim_time*90*8-50)*1", "2.9789+math.sin(q.anim_time*90*4-50)*3.5", 15.69176]
				},
				"main_leaf2": {
					"rotation": ["35+math.sin(q.anim_time*90*8-75)*1.5", "0+math.sin(q.anim_time*90*4-75)*1", 0]
				},
				"second_leaf": {
					"rotation": ["-6.4271+math.sin(q.anim_time*90*8-60)*1", "5.0435+math.sin(q.anim_time*90*4-60)*3.5", -13.66203]
				},
				"second_leaf2": {
					"rotation": ["-45+math.sin(q.anim_time*90*8-85)*1.5", "0+math.sin(q.anim_time*90*4-85)*1", 0]
				},
				"closed": {
					"position": [0, 0, 0]
				},
				"body": {
					"rotation": ["math.sin(q.anim_time*90*8+15)*2", "0+math.sin(q.anim_time*90*4-75+180)*2", "0+math.sin(q.anim_time*90*4+15)*3.5"],
					"position": [0, "0+math.sin(q.anim_time*90*8+10)*0.15", 0]
				},
				"right_leg": {
					"rotation": [
						"math.clamp(math.sin(query.anim_time*90*4*1+180)*22.5,-22,0)+math.clamp(math.sin(query.anim_time*90*4*1+180)*22.5,0,22)",
						0,
						"math.clamp(math.sin(query.anim_time*90*4*-1+10+180)*7.5,-0,7)"
					],
					"position": [0, "math.clamp(math.sin(query.anim_time*90*4*1+200+180)*0.5,-0.1,0.5)", "0+math.sin(q.anim_time*90*4-75+180)*0.5"]
				}
			}
		},
		"animation.cherubi.sleep": {
			"loop": true,
			"bones": {
				"main_stem": {
					"rotation": ["-44.236+math.sin(q.anim_time*90*1-25)*0.5", 24.2692, 1.92454]
				},
				"main_stem2": {
					"rotation": ["14.8774+math.sin(q.anim_time*90*1-35)*1", -1.93597, 7.24721]
				},
				"second_stem": {
					"rotation": ["-20.0794+math.sin(q.anim_time*90*1-50)*0.5", 4.59249, -1.97925]
				},
				"second_stem2": {
					"rotation": ["14.7822+math.sin(q.anim_time*90*1-60)*1", 2.57594, -9.6658]
				},
				"lil_cherry": {
					"rotation": [-22.99707, "69.2404+math.sin(q.anim_time*90*0.5-80)*3", "-38.4348+math.sin(q.anim_time*90*1-80)*2"]
				},
				"main_leaf": {
					"rotation": ["36.2962+math.sin(q.anim_time*90*1-50)*2", 4.46122, 13.67434]
				},
				"main_leaf2": {
					"rotation": ["35+math.sin(q.anim_time*90*1-75)*3", 0, 0]
				},
				"second_leaf": {
					"rotation": ["-28.7105+math.sin(q.anim_time*90*1-60)*2", 6.24874, -11.46102]
				},
				"second_leaf2": {
					"rotation": ["-45+math.sin(q.anim_time*90*1-85)*3", 0, 0]
				},
				"closed": {
					"position": [0, 0, -0.1]
				},
				"cherubi": {
					"position": [0, -1, 0]
				},
				"body": {
					"rotation": ["2.5+math.sin(q.anim_time*90*1+0)*1.25", 0, "0+math.sin(q.anim_time*90*0.5+90)*0.5"],
					"position": [0, 0, 0]
				},
				"open_mouth": {
					"position": [0, 0, 0]
				},
				"left_leg": {
					"rotation": [-69.55418, -11.73507, -4.3361],
					"position": [0.25, "0.25+math.sin(q.anim_time*90*1+165)*0.075", -3]
				},
				"right_leg": {
					"rotation": [-69.55418, 11.73507, 4.3361],
					"position": [-0.25, "0.25+math.sin(q.anim_time*90*1+165)*0.075", -3]
				}
			}
		},
		"animation.cherubi.cry": {
			"animation_length": 1.25,
			"bones": {
				"body": {
					"rotation": {
						"0.0": [0, 0, 0],
						"0.0417": [-0.5, 0, 0],
						"0.125": [-3.5, 0, 0],
						"0.1667": [-4, 0, 0],
						"0.2917": [-3.5, 0, 0],
						"0.5": [-2, 0, 0],
						"0.625": [-1.5, 0, 0],
						"0.6667": [-1.5, 0, 0],
						"0.7917": [-2, 0, 0],
						"0.9583": [-3.5, 0, 0],
						"1.0833": [-4, 0, 0],
						"1.125": [-3.5, 0, 0],
						"1.2083": [-0.5, 0, 0],
						"1.25": [0, 0, 0]
					}
				},
				"open_mouth": {
					"position": {
						"0.0": [0, 0, 0],
						"0.1667": [0, 0, -0.1],
						"1.0833": [0, 0, -0.1],
						"1.25": [0, 0, 0]
					}
				},
				"closed_mouth": {
					"position": {
						"0.0": [0, 0, 0],
						"0.1667": [0, 0, 0.1],
						"1.0833": [0, 0, 0.1],
						"1.25": [0, 0, 0]
					}
				}
			}
		},
		"animation.cherubi.blink": {
			"animation_length": 0.25,
			"bones": {
				"closed": {
					"position": {
						"0.0": [0, 0, -0.1],
						"0.2083": [0, 0, -0.1],
						"0.25": [0, 0, 0]
					}
				}
			}
		}
	}
}