{
	"format_version": "1.8.0",
	"animations": {
		"animation.christmasgolem.ground_idle": {
			"loop": true,
			"bones": {
				"jaw": {
					"rotation": [0, 0, 0]
				},
				"arm_right": {
					"rotation": [25, -22.5, 22.5]
				},
				"arm_right2": {
					"rotation": [-9.00717, -20.70481, 24.14867]
				},
				"hand_right": {
					"rotation": [-45, -22.5, 0]
				},
				"finger_right": {
					"rotation": [0, 0, 22.5]
				},
				"finger_right2": {
					"rotation": [0, 22.5, 0]
				},
				"finger_right3": {
					"rotation": [0, -22.5, 0]
				},
				"arm_left": {
					"rotation": [25, 22.5, -22.5]
				},
				"arm_left2": {
					"rotation": [-9.00717, 20.70481, -24.14867]
				},
				"hand_left": {
					"rotation": [-45, 22.5, 0]
				},
				"finger_left": {
					"rotation": [0, 0, -22.5]
				},
				"finger_left2": {
					"rotation": [0, -22.5, 0]
				},
				"finger_left3": {
					"rotation": [0, 22.5, 0]
				},
				"leg_right": {
					"rotation": [0, 0, 0]
				}
			}
		},
		"animation.christmasgolem.blink": {
			"animation_length": 0.16667,
			"bones": {
				"eyelid_right": {
					"position": {
						"0.0": [0.1, 0, 0],
						"0.125": [0.1, 0, 0],
						"0.1667": [0, 0, 0]
					}
				},
				"eyelid_left": {
					"position": {
						"0.0": [-0.1, 0, 0],
						"0.125": [-0.1, 0, 0],
						"0.1667": [0, 0, 0]
					}
				}
			}
		},
		"animation.christmasgolem.ground_walk": {
			"loop": true,
			"bones": {
				"jaw": {
					"rotation": [0, 0, 0]
				},
				"arm_right": {
					"rotation": [25, -22.5, 22.5]
				},
				"arm_right2": {
					"rotation": [-9.00717, -20.70481, 24.14867]
				},
				"hand_right": {
					"rotation": [-45, -22.5, 0]
				},
				"finger_right": {
					"rotation": [0, 0, 22.5]
				},
				"finger_right2": {
					"rotation": [0, 22.5, 0]
				},
				"finger_right3": {
					"rotation": [0, -22.5, 0]
				},
				"arm_left": {
					"rotation": [25, 22.5, -22.5]
				},
				"arm_left2": {
					"rotation": [-9.00717, 20.70481, -24.14867]
				},
				"hand_left": {
					"rotation": [-45, 22.5, 0]
				},
				"finger_left": {
					"rotation": [0, 0, -22.5]
				},
				"finger_left2": {
					"rotation": [0, -22.5, 0]
				},
				"finger_left3": {
					"rotation": [0, 22.5, 0]
				},
				"leg_right": {
					"rotation": [0, 0, 0]
				}
			}
		}
	}
}