{
	"format_version": "1.8.0",
	"animations": {
		"animation.comfey_sonic.ground_idle": {
			"loop": true,
			"animation_length": 2.5833,
			"bones": {
				"comfey": {
					"rotation": [0, 0, 0]
				},
				"tail": {
					"rotation": ["-2.5 + 0.5*math.sin(q.anim_time*1.5*90-90)", "2.5*math.sin(q.anim_time*0.5*1.5*90)", 0],
					"position": ["1*math.sin(q.anim_time*0.5*1.5*90+90)", "-0.5*math.sin(q.anim_time*1.5*90)", 0]
				},
				"spin": {
					"rotation": ["math.sin(q.anim_time*1.5*90/2)", 0, 0]
				},
				"body": {
					"position": [0, 28, 0]
				}
			}
		},
		"animation.comfey_sonic.ground_walk": {
			"loop": true,
			"bones": {
				"comfey": {
					"rotation": [0, 0, 0]
				},
				"tail": {
					"rotation": ["-2.5 + 0.5*math.sin(q.anim_time*2*90-90)", "2.5*math.sin(q.anim_time*0.5*2*90)", 0],
					"position": ["1*math.sin(q.anim_time*0.5*2*90+90)", "-0.5*math.sin(q.anim_time*2*90)", 0]
				},
				"spin": {
					"rotation": ["15+math.sin(q.anim_time*2*90/2)", 0, 0]
				},
				"body": {
					"position": [0, 28, 0]
				}
			}
		},
		"animation.comfey_sonic.blink": {
			"animation_length": 0.2083
		},
		"animation.comfey_sonic.cry": {
			"animation_length": 1.4167,
			"bones": {
				"spin": {
					"rotation": {
						"0.0": [0, 0, 0],
						"0.2917": {
							"pre": [-9.5, 0, 0],
							"post": [-9.5, 0, 0],
							"lerp_mode": "catmullrom"
						},
						"0.75": [350, 0, 0],
						"0.7917": [367, 0, 0],
						"0.9583": {
							"pre": [375, 0, 0],
							"post": [375, 0, 0],
							"lerp_mode": "catmullrom"
						},
						"1.2917": [364, 0, 0],
						"1.4167": [360, 0, 0]
					},
					"position": {
						"0.0": [0, 0, 0],
						"0.0833": [0, -3, 2],
						"0.125": [0, -3, 2.75],
						"0.2083": [0, 0, 3],
						"0.375": {
							"pre": [0, 4, -4],
							"post": [0, 4, -4],
							"lerp_mode": "catmullrom"
						},
						"0.5417": {
							"post": [0, -1, -4.69],
							"lerp_mode": "catmullrom"
						},
						"0.7083": {
							"post": [0, 0, -4],
							"lerp_mode": "catmullrom"
						},
						"0.7917": {
							"post": [0, 1, -2.47],
							"lerp_mode": "catmullrom"
						},
						"0.9167": [0, 0, 0],
						"1.0417": {
							"pre": [0, -0.5, 0.5],
							"post": [0, -0.5, 0.5],
							"lerp_mode": "catmullrom"
						},
						"1.1667": [0, 0, 0]
					}
				}
			}
		},
		"animation.comfey_sonic.sleep": {
			"loop": true,
			"bones": {
				"body": {
					"position": [-10.5, 0, 11]
				},
				"tail": {
					"rotation": ["-77.5 + 0.25*math.sin(q.anim_time*0.5*90-90) ", "0.5*math.sin(q.anim_time*0.5*90)", -82.5],
					"position": [0, 0, 0]
				}
			}
		},
		"animation.comfey_sonic.shoulder_right": {
			"loop": true,
			"bones": {
				"body": {
					"rotation": [0, -65, 0],
					"position": [-7, "-0.2*math.sin(q.anim_time*90+90)", -10]
				},
				"tail": {
					"rotation": [-35, 0, -90],
					"position": [-2, 0, -2]
				},
				"comfey": {
					"rotation": [0, 10, 0]
				}
			}
		},
		"animation.comfey_sonic.shoulder_left": {
			"loop": true,
			"bones": {
				"body": {
					"rotation": [0, 65, 0],
					"position": [7, "-0.2*math.sin(q.anim_time*90+90)", -10]
				},
				"tail": {
					"rotation": [-35, 0, 90],
					"position": [2, 0, -2]
				},
				"comfey": {
					"rotation": [0, -12.5, 0]
				}
			}
		}
	}
}