{
	"format_version": "1.8.0",
	"animations": {
		"animation.corviking.faint": {
			"animation_length": 0.1667,
			"bones": {
				"eyelid_right": {
					"position": {
						"0.0": [-0.1, 0, 0],
						"0.125": [-0.1, 0, 0],
						"0.1667": [0, 0, 0]
					}
				},
				"eyelid_left": {
					"position": {
						"0.0": [0.1, 0, 0],
						"0.125": [0.1, 0, 0],
						"0.1667": [0, 0, 0]
					}
				}
			}
		},
		"animation.corviking.blink": {
			"animation_length": 0.1667,
			"bones": {
				"eyelid_right": {
					"position": {
						"0.0": [-0.1, 0, 0],
						"0.125": [-0.1, 0, 0],
						"0.1667": [0, 0, 0]
					}
				},
				"eyelid_left": {
					"position": {
						"0.0": [0.1, 0, 0],
						"0.125": [0.1, 0, 0],
						"0.1667": [0, 0, 0]
					}
				}
			}
		},
		"animation.corviking.cry": {
			"animation_length": 1.5,
			"bones": {
				"neck": {
					"rotation": {
						"0.0": [0, 0, 0],
						"0.25": [10, 0, 0],
						"1.25": [10, 0, 0],
						"1.5": [0, 0, 0]
					}
				},
				"head": {
					"rotation": {
						"0.0": [0, 0, 0],
						"0.25": [-15, 0, 0],
						"1.25": [-15, 0, 0],
						"1.5": [0, 0, 0]
					}
				},
				"jaw": {
					"rotation": {
						"0.0": [0, 0, 0],
						"0.25": [42.5, 0, 0],
						"1.25": [42.5, 0, 0],
						"1.5": [0, 0, 0]
					}
				},
				"scruff": {
					"rotation": {
						"0.0": [0, 0, 0],
						"0.25": [30, 0, 0],
						"1.25": [30, 0, 0],
						"1.5": [0, 0, 0]
					}
				}
			}
		},
		"animation.corviking.ground_walk": {
			"loop": true,
			"bones": {
				"neck": {
					"rotation": [0, 0, 0]
				},
				"head": {
					"rotation": ["-5+math.sin(q.anim_time*90*3-85)*3", 0, 0]
				},
				"jaw": {
					"rotation": ["22.5+math.sin(q.anim_time*90*3-50)*10", 0, 0]
				},
				"scruff": {
					"rotation": [0, 0, 0]
				},
				"corviking": {
					"rotation": [17.5, 0, 0],
					"position": [0, 20, 0]
				},
				"torso": {
					"rotation": ["-10+math.sin(q.anim_time*90*3+180)*5", 0, 0]
				},
				"beard": {
					"rotation": ["-2.5+math.sin(q.anim_time*90*3+150)*5", 0, 0]
				},
				"wing_right2": {
					"rotation": [0, "-0.6395+math.sin(q.anim_time*90*3-50)*5", "-8.1139-math.sin(q.anim_time*90*3-50)*70"]
				},
				"wing_right3": {
					"rotation": [0, 0, "-15.4732-math.sin(q.anim_time*90*3-80)*40"]
				},
				"wing_left": {
					"rotation": ["math.sin(q.anim_time*90*3-0)*5", -7.3711, "-13+math.sin(q.anim_time*90*3+0)*30"]
				},
				"wing_left2": {
					"rotation": [0, "0.6395+math.sin(q.anim_time*90*3-50)*-5", "8.1139+math.sin(q.anim_time*90*3-50)*70"]
				},
				"wing_left3": {
					"rotation": [0, 0, "15.4732+math.sin(q.anim_time*90*3-80)*40"]
				},
				"leg_right": {
					"rotation": ["-55.3709+math.sin(q.anim_time*90*3+150)*5", 0, 0]
				},
				"leg_left": {
					"rotation": ["-55.3709+math.sin(q.anim_time*90*3+150)*5", 0, 0]
				},
				"undefined": {
					"rotation": ["math.sin(q.anim_time*90*3+0)*15", 0, "10+math.sin(q.anim_time*90*3+0+180)*45"]
				},
				"body": {
					"position": [0, "0+math.sin(q.anim_time*90*3-25)*7", 0]
				},
				"chestplate": {
					"rotation": ["-10+math.sin(q.anim_time*90*3+180)*5", 0, 0]
				},
				"wing_right": {
					"rotation": ["math.sin(q.anim_time*90*3-0)*5", 7.3711, "13-math.sin(q.anim_time*90*3+0)*30"]
				},
				"armor_right": {
					"rotation": [0, 0, "13+math.sin(q.anim_time*90*2+0)*5"]
				},
				"armor_right2": {
					"rotation": [0, 0, "-8+math.sin(q.anim_time*90*2+0)*5"]
				},
				"armor_left": {
					"rotation": ["math.sin(q.anim_time*90*3-0)*5", 0, "-13+math.sin(q.anim_time*90*2+0)*5"]
				},
				"armor_left2": {
					"rotation": [0, 0, "8+math.sin(q.anim_time*90*2+0)*5"]
				},
				"tail": {
					"rotation": ["2.5+math.sin(q.anim_time*90*3+150)*10", 0, 0]
				},
				"leg_right2": {
					"rotation": ["-10+math.sin(q.anim_time*90*3+130)*1", 0, 0]
				},
				"foot_right": {
					"rotation": ["17.5508+math.sin(q.anim_time*90*3+115)*10", 0, 0]
				},
				"toe_right4": {
					"rotation": ["-50.958-math.sin(q.anim_time*90*3 +130)*35", 0, 0]
				},
				"claw_right4": {
					"rotation": ["-63.0544+math.sin(q.anim_time*90*3+130)*5", 0, 0]
				},
				"toe_right3": {
					"rotation": ["22.1073+math.sin(q.anim_time*90*3+130)*25", -8.9322, 14.611]
				},
				"claw_right3": {
					"rotation": ["39.042+math.sin(q.anim_time*90*3+130)*5", 0, 0]
				},
				"toe_right2": {
					"rotation": ["14.4087+math.sin(q.anim_time*90*3+130)*25", -0.48627, 0]
				},
				"claw_right2": {
					"rotation": ["36.542+math.sin(q.anim_time*90*3+130)*5", 0, 0]
				},
				"toe_right": {
					"rotation": ["22.1073+math.sin(q.anim_time*90*3+130)*25", 8.9322, -14.611]
				},
				"claw_right": {
					"rotation": ["36.542+math.sin(q.anim_time*90*3+130)*5", 0, 0]
				},
				"leg_left2": {
					"rotation": ["-10+math.sin(q.anim_time*90*3+130)*5", 0, 0]
				},
				"foot_left": {
					"rotation": ["17.5508+math.sin(q.anim_time*90*3+115)*10", 0, 0]
				},
				"toe_left4": {
					"rotation": ["-50.958-math.sin(q.anim_time*90*3 +130)*35", 0, 0]
				},
				"claw_left4": {
					"rotation": ["-63.0544+math.sin(q.anim_time*90*3+130)*5", 0, 0]
				},
				"toe_left3": {
					"rotation": ["22.1073+math.sin(q.anim_time*90*3+130)*25", -8.9322, -14.61103]
				},
				"claw_left3": {
					"rotation": ["39.042+math.sin(q.anim_time*90*3+130)*5", 0, 0]
				},
				"toe_left2": {
					"rotation": ["14.4456+math.sin(q.anim_time*90*3+130)*25", -2.56924, 0]
				},
				"claw_left2": {
					"rotation": ["36.542+math.sin(q.anim_time*90*3+130)*5", 0, 0]
				},
				"toe_left": {
					"rotation": ["22.1073+math.sin(q.anim_time*90*3+130)*25", 8.9322, 14.611]
				},
				"claw_left": {
					"rotation": ["36.542+math.sin(q.anim_time*90*3+130)*5", 0, 0]
				}
			}
		},
		"animation.corviking.ground_idle": {
			"loop": true,
			"bones": {
				"hairstrand": {
					"rotation": [7.5, 0, 12.5]
				},
				"hairstrand2": {
					"rotation": [-17.5, 0, 0]
				},
				"head": {
					"rotation": ["-5+math.sin(q.anim_time*90*3-85)*3", 0, 0]
				},
				"beard": {
					"rotation": ["-5+math.sin(q.anim_time*75*3+180)*2", 0, 0]
				},
				"scruff": {
					"rotation": [25, 0, 0]
				},
				"beard2": {
					"rotation": [12.5, 0, 0]
				},
				"scruff2": {
					"rotation": [27.5, 0, 0]
				},
				"beard3": {
					"rotation": [5, 0, 0]
				},
				"tail": {
					"rotation": ["25+math.sin(q.anim_time*90*3+150)*2.5", 0, 0]
				},
				"wing_right": {
					"rotation": ["146.6158+math.sin(q.anim_time*90*3-0)*1", 48.01894, 67.82319],
					"position": [-1.25, -9, -1]
				},
				"wing_right2": {
					"rotation": [0, -45, 0]
				},
				"wing_right3": {
					"rotation": [0, 30, 0]
				},
				"armor_right": {
					"rotation": [-35.94136, -59.69255, 39.55058],
					"position": [-2, 1, 7]
				},
				"armor_right2": {
					"rotation": [0, 0, 32.5]
				},
				"scruff_left2": {
					"rotation": [0, 0, 22.5]
				},
				"scruff_right2": {
					"rotation": [0, 0, -22.5]
				},
				"scruff_right": {
					"rotation": [0, 57.5, -20]
				},
				"leg_left": {
					"rotation": [0, 0, 0],
					"position": [0, 0, 0]
				},
				"wing_left": {
					"rotation": ["146.6158+math.sin(q.anim_time*90*3-0)*1", -48.01894, -67.82319],
					"position": [1.25, -9, -1]
				},
				"wing_left2": {
					"rotation": [0, 45, 0]
				},
				"wing_left3": {
					"rotation": [0, -30, 0]
				},
				"armor_left": {
					"rotation": [-35.94136, 59.69255, -39.55058],
					"position": [2, 1, 7]
				},
				"armor_left2": {
					"rotation": [0, 0, -32.5]
				},
				"scruff_left": {
					"rotation": [0, -57.5, 20]
				},
				"body": {
					"position": [0, "0+math.sin(q.anim_time*90*3-25)*0.1", 0]
				},
				"torso": {
					"rotation": ["-10+math.sin(q.anim_time*75*3+180)*2", 0, 0]
				},
				"chestplate": {
					"rotation": ["-10+math.sin(q.anim_time*75*3+180)*1", 0, 0]
				},
				"jaw": {
					"rotation": ["12.5+math.sin(q.anim_time*90*3-50)*5", 0, 0]
				}
			}
		}
	}
}