{
	"format_version": "1.8.0",
	"animations": {
		"animation.dedenne.ground_idle": {
			"loop": true,
			"bones": {
				"arm_right": {
					"rotation": [52.5, 0, 0],
					"position": [0, 0.25, 0]
				},
				"arm_left": {
					"rotation": [52.5, 0, 0],
					"position": [0, 0.25, 0]
				},
				"tail": {
					"rotation": [0, 52.5, 0]
				},
				"tail2": {
					"rotation": [0, 55, 0]
				},
				"tail3": {
					"rotation": [0, 52.5, 0]
				},
				"tail4": {
					"rotation": [0, 42.5, 0]
				},
				"tail5": {
					"rotation": [15.86461, 65.10495, -1.78557]
				},
				"tail6": {
					"rotation": [-10, 0, 0]
				},
				"tail7": {
					"rotation": [-25, 0, 0]
				},
				"tail8": {
					"rotation": [7.56062, 12.48791, 0.55404]
				},
				"tail9": {
					"rotation": [37.60555, 3.9649, 3.04868]
				}
			}
		},
		"animation.dedenne.ground_walk": {
			"loop": true,
			"bones": {
				"arm_right": {
					"rotation": [52.5, 0, 0],
					"position": [0, 0.25, 0]
				},
				"arm_left": {
					"rotation": [52.5, 0, 0],
					"position": [0, 0.25, 0]
				},
				"tail": {
					"rotation": [0, 52.5, 0]
				},
				"tail2": {
					"rotation": [0, 55, 0]
				},
				"tail3": {
					"rotation": [0, 52.5, 0]
				},
				"tail4": {
					"rotation": [0, 42.5, 0]
				},
				"tail5": {
					"rotation": [15.86461, 65.10495, -1.78557]
				},
				"tail6": {
					"rotation": [-10, 0, 0]
				},
				"tail7": {
					"rotation": [-25, 0, 0]
				},
				"tail8": {
					"rotation": [7.56062, 12.48791, 0.55404]
				},
				"tail9": {
					"rotation": [37.60555, 3.9649, 3.04868]
				}
			}
		}
	}
}