{
	"format_version": "1.8.0",
	"animations": {
		"animation.dondozo.water_swim": {
			"loop": true,
			"animation_length": 4,
			"bones": {
				"boody": {
					"rotation": ["math.sin(query.anim_time*90*2-0)*1", "math.sin(query.anim_time*90*4-0)*1", 0],
					"position": [0, "-11+math.sin(query.anim_time*90*2+90)*0.5", 0]
				},
				"head": {
					"rotation": ["-math.sin(query.anim_time*90*2-45)*1", "-math.sin(query.anim_time*90*4-45)*2", 0]
				},
				"whisker_left": {
					"rotation": ["45+math.sin(query.anim_time*90*2-60)*5", "-math.sin(query.anim_time*90*4-60)*2", "math.sin(query.anim_time*90*4-60)*2"]
				},
				"whisker_left2": {
					"rotation": ["math.sin(query.anim_time*90*2-90)*2", "-math.sin(query.anim_time*90*4-90)*1", 0]
				},
				"whisker_left3": {
					"rotation": ["math.sin(query.anim_time*90*2-120)*2", "-math.sin(query.anim_time*90*4-120)*1", 0]
				},
				"whisker_left4": {
					"rotation": ["math.sin(query.anim_time*90*2-150)*2", "-math.sin(query.anim_time*90*4-150)*1", 0]
				},
				"whisker_left5": {
					"rotation": ["math.sin(query.anim_time*90*2-180)*2", "-math.sin(query.anim_time*90*4-180)*1", 0]
				},
				"whisker_left6": {
					"rotation": ["math.sin(query.anim_time*90*2-210)*2", "math.sin(query.anim_time*90*4-210)*1", 0]
				},
				"whisker_right": {
					"rotation": ["45+math.sin(query.anim_time*90*2-60)*5", "-math.sin(query.anim_time*90*4-60)*2", "math.sin(query.anim_time*90*4-60)*2"]
				},
				"whisker_right2": {
					"rotation": ["math.sin(query.anim_time*90*2-90)*2", "NaN-math.sin(query.anim_time*90*4-90)*1", 0]
				},
				"whisker_right3": {
					"rotation": ["math.sin(query.anim_time*90*2-120)*2", "NaN-math.sin(query.anim_time*90*4-120)*1", 0]
				},
				"whisker_right4": {
					"rotation": ["math.sin(query.anim_time*90*2-150)*2", "NaN-math.sin(query.anim_time*90*4-150)*1", 0]
				},
				"whisker_right5": {
					"rotation": ["math.sin(query.anim_time*90*2-180)*2", "NaN-math.sin(query.anim_time*90*4-180)*1", 0]
				},
				"whisker_right6": {
					"rotation": ["math.sin(query.anim_time*90*2-210)*2", "-(math.sin(query.anim_time*90*4-210)*1)", 0]
				},
				"mouth_down": {
					"rotation": ["2.5+math.sin(query.anim_time*90*1-65)*1", 0, 0]
				},
				"dingus": {
					"rotation": ["math.sin(query.anim_time*90*2-100)*2", 0, "math.sin(query.anim_time*90*4-100)*2"]
				},
				"dingus2": {
					"rotation": ["math.sin(query.anim_time*90*2-120)*2", 0, "math.sin(query.anim_time*90*4-120)*3"]
				},
				"dingus3": {
					"rotation": ["math.sin(query.anim_time*90*2-140)*2", 0, "math.sin(query.anim_time*90*4-140)*4"]
				},
				"dingus4": {
					"rotation": ["math.sin(query.anim_time*90*2-160)*3", 0, "math.sin(query.anim_time*90*4-160)*5"]
				},
				"dingus5": {
					"rotation": ["math.sin(query.anim_time*90*2-180)*3", 0, "math.sin(query.anim_time*90*4-180)*5"]
				},
				"arm_left": {
					"rotation": ["math.sin(query.anim_time*90*2-0)*2", "-math.sin(query.anim_time*90*2-0)*8", 0]
				},
				"arm_right": {
					"rotation": ["math.sin(query.anim_time*90*2-20)*2", "math.sin(query.anim_time*90*2-20)*8", 0]
				},
				"body2": {
					"rotation": ["math.sin(query.anim_time*90*2-45)*2", "math.sin(query.anim_time*90*4-45)*2", 0]
				},
				"body3": {
					"rotation": ["math.sin(query.anim_time*90*2-90)*3", "math.sin(query.anim_time*90*4-90)*3", 0]
				},
				"body4": {
					"rotation": ["math.sin(query.anim_time*90*2-135)*4", "math.sin(query.anim_time*90*4-135)*4", 0]
				},
				"body5": {
					"rotation": ["math.sin(query.anim_time*90*2-180)*5", "math.sin(query.anim_time*90*4-180)*5", 0]
				},
				"body6": {
					"rotation": ["math.sin(query.anim_time*90*2-225)*6", "math.sin(query.anim_time*90*4-225)*6", 0]
				},
				"body7": {
					"rotation": ["math.sin(query.anim_time*90*2-270)*7", "math.sin(query.anim_time*90*4-270)*7", 0]
				}
			}
		},
		"animation.dondozo.water_idle": {
			"loop": true,
			"bones": {
				"boody": {
					"rotation": ["math.sin(query.anim_time*90*1-0)*0.5", "math.sin(query.anim_time*90*2-0)*0.5", 0],
					"position": [0, "-9+math.sin(query.anim_time*90*2+90)*0.25", 0]
				},
				"head": {
					"rotation": ["-math.sin(query.anim_time*90*1-45)*0.5", "-math.sin(query.anim_time*90*2-45)*1", 0]
				},
				"whisker_left": {
					"rotation": ["32.5+math.sin(query.anim_time*90*1-60)*3", "0-math.sin(query.anim_time*90*2-60)*1", "0+math.sin(query.anim_time*90*2-60)*1"]
				},
				"whisker_left2": {
					"rotation": ["math.sin(query.anim_time*90*1-90)*1", "-math.sin(query.anim_time*90*2-90)*0.5", 0]
				},
				"whisker_left3": {
					"rotation": ["math.sin(query.anim_time*90*1-120)*1", "-math.sin(query.anim_time*90*2-120)*0.5", 0]
				},
				"whisker_left4": {
					"rotation": ["math.sin(query.anim_time*90*1-150)*1", "-math.sin(query.anim_time*90*2-150)*0.5", 0]
				},
				"whisker_left5": {
					"rotation": ["math.sin(query.anim_time*90*1-180)*1", "-math.sin(query.anim_time*90*2-180)*0.5", 0]
				},
				"whisker_left6": {
					"rotation": ["math.sin(query.anim_time*90*1-210)*1", "math.sin(query.anim_time*90*2-210)*0.5", 0]
				},
				"whisker_right": {
					"rotation": ["32.5+math.sin(query.anim_time*90*1-60)*3", "0-math.sin(query.anim_time*90*2-60)*1", "0+math.sin(query.anim_time*90*2-60)*1"]
				},
				"whisker_right2": {
					"rotation": ["math.sin(query.anim_time*90*1-90)*1", "NaN-math.sin(query.anim_time*90*2-90)*0.5", 0]
				},
				"whisker_right3": {
					"rotation": ["math.sin(query.anim_time*90*1-120)*1", "NaN-math.sin(query.anim_time*90*2-120)*0.5", 0]
				},
				"whisker_right4": {
					"rotation": ["math.sin(query.anim_time*90*1-150)*1", "NaN-math.sin(query.anim_time*90*2-150)*0.5", 0]
				},
				"whisker_right5": {
					"rotation": ["math.sin(query.anim_time*90*1-180)*1", "NaN-math.sin(query.anim_time*90*2-180)*0.5", 0]
				},
				"whisker_right6": {
					"rotation": ["math.sin(query.anim_time*90*1-210)*1", "-(math.sin(query.anim_time*90*2-210)*0.5)", 0]
				},
				"mouth_down": {
					"rotation": ["math.sin(query.anim_time*90*1-65)*0.5", 0, 0]
				},
				"dingus": {
					"rotation": ["math.sin(query.anim_time*90*1-100)*1", 0, "math.sin(query.anim_time*90*2-100)*1"]
				},
				"dingus2": {
					"rotation": ["math.sin(query.anim_time*90*1-120)*1", 0, "math.sin(query.anim_time*90*2-120)*2"]
				},
				"dingus3": {
					"rotation": ["math.sin(query.anim_time*90*1-140)*1", 0, "math.sin(query.anim_time*90*2-140)*3"]
				},
				"dingus4": {
					"rotation": ["math.sin(query.anim_time*90*1-160)*2", 0, "math.sin(query.anim_time*90*2-160)*4"]
				},
				"dingus5": {
					"rotation": ["math.sin(query.anim_time*90*1-180)*2", 0, "math.sin(query.anim_time*90*2-180)*4"]
				},
				"arm_left": {
					"rotation": ["math.sin(query.anim_time*90*1-0)*1", "-math.sin(query.anim_time*90*1-0)*4", 0]
				},
				"arm_right": {
					"rotation": ["math.sin(query.anim_time*90*1-20)*1", "math.sin(query.anim_time*90*1-20)*4", 0]
				},
				"body2": {
					"rotation": ["math.sin(query.anim_time*90*1-45)*1", "math.sin(query.anim_time*90*2-45)*1", 0]
				},
				"body3": {
					"rotation": ["math.sin(query.anim_time*90*1-90)*2", "math.sin(query.anim_time*90*2-90)*2", 0]
				},
				"body4": {
					"rotation": ["math.sin(query.anim_time*90*1-135)*3", "math.sin(query.anim_time*90*2-135)*3", 0]
				},
				"body5": {
					"rotation": ["math.sin(query.anim_time*90*1-180)*4", "math.sin(query.anim_time*90*2-180)*4", 0]
				},
				"body6": {
					"rotation": ["math.sin(query.anim_time*90*1-225)*5", "math.sin(query.anim_time*90*2-225)*5", 0]
				},
				"body7": {
					"rotation": ["math.sin(query.anim_time*90*1-270)*6", "math.sin(query.anim_time*90*2-270)*6", 0]
				}
			}
		},
		"animation.dondozo.ground_walk": {
			"loop": true,
			"animation_length": 4,
			"bones": {
				"boody": {
					"rotation": ["math.sin(query.anim_time*90*2-0)*1", "math.sin(query.anim_time*90*4-0)*1", 0],
					"position": [0, "-4+math.sin(query.anim_time*90*2+90)*0.5", 0]
				},
				"head": {
					"rotation": ["-math.sin(query.anim_time*90*2-45)*1", "-math.sin(query.anim_time*90*4-45)*2", 0]
				},
				"whisker_left": {
					"rotation": ["45+math.sin(query.anim_time*90*2-60)*5", "-math.sin(query.anim_time*90*4-60)*2", "math.sin(query.anim_time*90*4-60)*2"]
				},
				"whisker_left2": {
					"rotation": ["math.sin(query.anim_time*90*2-90)*2", "-math.sin(query.anim_time*90*4-90)*1", 0]
				},
				"whisker_left3": {
					"rotation": ["math.sin(query.anim_time*90*2-120)*2", "-math.sin(query.anim_time*90*4-120)*1", 0]
				},
				"whisker_left4": {
					"rotation": ["math.sin(query.anim_time*90*2-150)*2", "-math.sin(query.anim_time*90*4-150)*1", 0]
				},
				"whisker_left5": {
					"rotation": ["math.sin(query.anim_time*90*2-180)*2", "-math.sin(query.anim_time*90*4-180)*1", 0]
				},
				"whisker_left6": {
					"rotation": ["math.sin(query.anim_time*90*2-210)*2", "math.sin(query.anim_time*90*4-210)*1", 0]
				},
				"whisker_right": {
					"rotation": ["45+math.sin(query.anim_time*90*2-60)*5", "-math.sin(query.anim_time*90*4-60)*2", "math.sin(query.anim_time*90*4-60)*2"]
				},
				"whisker_right2": {
					"rotation": ["math.sin(query.anim_time*90*2-90)*2", "NaN-math.sin(query.anim_time*90*4-90)*1", 0]
				},
				"whisker_right3": {
					"rotation": ["math.sin(query.anim_time*90*2-120)*2", "NaN-math.sin(query.anim_time*90*4-120)*1", 0]
				},
				"whisker_right4": {
					"rotation": ["math.sin(query.anim_time*90*2-150)*2", "NaN-math.sin(query.anim_time*90*4-150)*1", 0]
				},
				"whisker_right5": {
					"rotation": ["math.sin(query.anim_time*90*2-180)*2", "NaN-math.sin(query.anim_time*90*4-180)*1", 0]
				},
				"whisker_right6": {
					"rotation": ["math.sin(query.anim_time*90*2-210)*2", "-(math.sin(query.anim_time*90*4-210)*1)", 0]
				},
				"mouth_down": {
					"rotation": ["2.5+math.sin(query.anim_time*90*1-65)*1", 0, 0]
				},
				"dingus": {
					"rotation": ["math.sin(query.anim_time*90*2-100)*2", 0, "math.sin(query.anim_time*90*4-100)*2"]
				},
				"dingus2": {
					"rotation": ["math.sin(query.anim_time*90*2-120)*2", 0, "math.sin(query.anim_time*90*4-120)*3"]
				},
				"dingus3": {
					"rotation": ["math.sin(query.anim_time*90*2-140)*2", 0, "math.sin(query.anim_time*90*4-140)*4"]
				},
				"dingus4": {
					"rotation": ["math.sin(query.anim_time*90*2-160)*3", 0, "math.sin(query.anim_time*90*4-160)*5"]
				},
				"dingus5": {
					"rotation": ["math.sin(query.anim_time*90*2-180)*3", 0, "math.sin(query.anim_time*90*4-180)*5"]
				},
				"arm_left": {
					"rotation": ["math.sin(query.anim_time*90*2-0)*2", "-math.sin(query.anim_time*90*2-0)*8", 0]
				},
				"arm_right": {
					"rotation": ["math.sin(query.anim_time*90*2-20)*2", "math.sin(query.anim_time*90*2-20)*8", 0]
				},
				"body2": {
					"rotation": ["math.sin(query.anim_time*90*2-45)*2", "math.sin(query.anim_time*90*4-45)*2", 0]
				},
				"body3": {
					"rotation": ["math.sin(query.anim_time*90*2-90)*3", "math.sin(query.anim_time*90*4-90)*3", 0]
				},
				"body4": {
					"rotation": ["math.sin(query.anim_time*90*2-135)*4", "math.sin(query.anim_time*90*4-135)*4", 0]
				},
				"body5": {
					"rotation": ["math.sin(query.anim_time*90*2-180)*5", "math.sin(query.anim_time*90*4-180)*5", 0]
				},
				"body6": {
					"rotation": ["math.sin(query.anim_time*90*2-225)*6", "math.sin(query.anim_time*90*4-225)*6", 0]
				},
				"body7": {
					"rotation": ["math.sin(query.anim_time*90*2-270)*7", "math.sin(query.anim_time*90*4-270)*7", 0]
				}
			}
		},
		"animation.dondozo.ground_idle": {
			"loop": true,
			"bones": {
				"boody": {
					"rotation": ["math.sin(query.anim_time*90*1-0)*0.5", "math.sin(query.anim_time*90*2-0)*0.5", 0],
					"position": [0, "-3+math.sin(query.anim_time*90*2+90)*0.25", 0]
				},
				"head": {
					"rotation": ["-math.sin(query.anim_time*90*1-45)*0.5", "-math.sin(query.anim_time*90*2-45)*1", 0]
				},
				"whisker_left": {
					"rotation": ["32.5+math.sin(query.anim_time*90*1-60)*3", "0-math.sin(query.anim_time*90*2-60)*1", "0+math.sin(query.anim_time*90*2-60)*1"]
				},
				"whisker_left2": {
					"rotation": ["math.sin(query.anim_time*90*1-90)*1", "-math.sin(query.anim_time*90*2-90)*0.5", 0]
				},
				"whisker_left3": {
					"rotation": ["math.sin(query.anim_time*90*1-120)*1", "-math.sin(query.anim_time*90*2-120)*0.5", 0]
				},
				"whisker_left4": {
					"rotation": ["math.sin(query.anim_time*90*1-150)*1", "-math.sin(query.anim_time*90*2-150)*0.5", 0]
				},
				"whisker_left5": {
					"rotation": ["math.sin(query.anim_time*90*1-180)*1", "-math.sin(query.anim_time*90*2-180)*0.5", 0]
				},
				"whisker_left6": {
					"rotation": ["math.sin(query.anim_time*90*1-210)*1", "math.sin(query.anim_time*90*2-210)*0.5", 0]
				},
				"whisker_right": {
					"rotation": ["32.5+math.sin(query.anim_time*90*1-60)*3", "0-math.sin(query.anim_time*90*2-60)*1", "0+math.sin(query.anim_time*90*2-60)*1"]
				},
				"whisker_right2": {
					"rotation": ["math.sin(query.anim_time*90*1-90)*1", "NaN-math.sin(query.anim_time*90*2-90)*0.5", 0]
				},
				"whisker_right3": {
					"rotation": ["math.sin(query.anim_time*90*1-120)*1", "NaN-math.sin(query.anim_time*90*2-120)*0.5", 0]
				},
				"whisker_right4": {
					"rotation": ["math.sin(query.anim_time*90*1-150)*1", "NaN-math.sin(query.anim_time*90*2-150)*0.5", 0]
				},
				"whisker_right5": {
					"rotation": ["math.sin(query.anim_time*90*1-180)*1", "NaN-math.sin(query.anim_time*90*2-180)*0.5", 0]
				},
				"whisker_right6": {
					"rotation": ["math.sin(query.anim_time*90*1-210)*1", "-(math.sin(query.anim_time*90*2-210)*0.5)", 0]
				},
				"mouth_down": {
					"rotation": ["math.sin(query.anim_time*90*1-65)*0.5", 0, 0]
				},
				"dingus": {
					"rotation": ["math.sin(query.anim_time*90*1-100)*1", 0, "math.sin(query.anim_time*90*2-100)*1"]
				},
				"dingus2": {
					"rotation": ["math.sin(query.anim_time*90*1-120)*1", 0, "math.sin(query.anim_time*90*2-120)*2"]
				},
				"dingus3": {
					"rotation": ["math.sin(query.anim_time*90*1-140)*1", 0, "math.sin(query.anim_time*90*2-140)*3"]
				},
				"dingus4": {
					"rotation": ["math.sin(query.anim_time*90*1-160)*2", 0, "math.sin(query.anim_time*90*2-160)*4"]
				},
				"dingus5": {
					"rotation": ["math.sin(query.anim_time*90*1-180)*2", 0, "math.sin(query.anim_time*90*2-180)*4"]
				},
				"arm_left": {
					"rotation": ["math.sin(query.anim_time*90*1-0)*1", "-math.sin(query.anim_time*90*1-0)*4", 0]
				},
				"arm_right": {
					"rotation": ["math.sin(query.anim_time*90*1-20)*1", "math.sin(query.anim_time*90*1-20)*4", 0]
				},
				"body2": {
					"rotation": ["math.sin(query.anim_time*90*1-45)*1", "math.sin(query.anim_time*90*2-45)*1", 0]
				},
				"body3": {
					"rotation": ["math.sin(query.anim_time*90*1-90)*2", "math.sin(query.anim_time*90*2-90)*2", 0]
				},
				"body4": {
					"rotation": ["math.sin(query.anim_time*90*1-135)*3", "math.sin(query.anim_time*90*2-135)*3", 0]
				},
				"body5": {
					"rotation": ["math.sin(query.anim_time*90*1-180)*4", "math.sin(query.anim_time*90*2-180)*4", 0]
				},
				"body6": {
					"rotation": ["math.sin(query.anim_time*90*1-225)*5", "math.sin(query.anim_time*90*2-225)*5", 0]
				},
				"body7": {
					"rotation": ["math.sin(query.anim_time*90*1-270)*6", "math.sin(query.anim_time*90*2-270)*6", 0]
				}
			}
		}
	}
}