{
	"format_version": "1.8.0",
	"animations": {
		"animation.drapion.ground_idle": {
			"loop": true,
			"bones": {
				"body": {
					"position": [0, 3, 0]
				},
				"torso": {
					"rotation": ["0+math.sin(q.anim_time*60*2-120)*1", 0, 0],
					"position": [0, "0+math.sin(q.anim_time*60*2-0)*-0.25", 0]
				},
				"neck": {
					"rotation": ["-52.5+math.sin(q.anim_time*60*2-150)*2.5", "0+math.sin(q.anim_time*60*1-90)*5", "0+math.sin(q.anim_time*60*1-90)*5"]
				},
				"neck2": {
					"rotation": ["-20+math.sin(q.anim_time*60*2-180)*1", 0, 0]
				},
				"neck3": {
					"rotation": ["12.5+math.sin(q.anim_time*60*2-180)*-2.5", 0, 0]
				},
				"neck4": {
					"rotation": ["17.5+math.sin(q.anim_time*60*2-210)*-2.5", 0, 0]
				},
				"head": {
					"rotation": ["42.5+math.sin(q.anim_time*60*2-240)*2.5", 0, "0+math.sin(q.anim_time*60*1-90)*-10"]
				},
				"jaw": {
					"rotation": [0, 0, 0]
				},
				"arm_left": {
					"rotation": [0, 0, "5+math.sin(q.anim_time*60*2-180)*2.5"]
				},
				"arm_left2": {
					"rotation": [0, 0, "12.5+math.sin(q.anim_time*60*2-210)*2.5"]
				},
				"arm_left3": {
					"rotation": [0, 7.5, "15+math.sin(q.anim_time*60*2-240)*2.5"]
				},
				"arm_left4": {
					"rotation": [0, 15, "27.5+math.sin(q.anim_time*60*2-300)*2.5"]
				},
				"hand_left": {
					"rotation": [0, "17.5+math.sin(q.anim_time*60*2-0)*-10", "0+math.sin(q.anim_time*60*2-90)*-5"]
				},
				"tail": {
					"rotation": ["5+math.sin(q.anim_time*60*2-150)*2.5", "0+math.sin(q.anim_time*60*1-90)*5", "0+math.sin(q.anim_time*60*1-90)*5"]
				},
				"tail2": {
					"rotation": ["20+math.sin(q.anim_time*60*2-180)*5", 0, 0]
				},
				"tail3": {
					"rotation": ["15+math.sin(q.anim_time*60*2-210)*2.5", 0, 0]
				},
				"tail4": {
					"rotation": ["7.5+math.sin(q.anim_time*60*2-240)*5", 0, 0]
				},
				"tail_hand": {
					"rotation": ["17.5+math.sin(q.anim_time*60*2-300)*5", 0, 0]
				},
				"arm_right": {
					"rotation": [0, 0, "-5+math.sin(q.anim_time*60*2-180)*-2.5"]
				},
				"arm_right2": {
					"rotation": [0, 0, "-12.5+math.sin(q.anim_time*60*2-210)*-2.5"]
				},
				"arm_right3": {
					"rotation": [0, -7.5, "-15+math.sin(q.anim_time*60*2-240)*-2.5"]
				},
				"arm_right4": {
					"rotation": [0, -15, "-27.5+math.sin(q.anim_time*60*2-300)*-2.5"]
				},
				"hand_right": {
					"rotation": [0, "-17.5+math.sin(q.anim_time*60*2-0)*10", "0+math.sin(q.anim_time*60*2-90)*5"]
				},
				"leg_front_left": {
					"rotation": [0, 22.5, 22.5]
				},
				"leg_front_left2": {
					"rotation": [0, 0, 22.5]
				},
				"leg_front_left3": {
					"rotation": [0, 0, 45]
				},
				"leg_front_right": {
					"rotation": [0, -22.5, -22.5]
				},
				"leg_front_right2": {
					"rotation": [0, 0, -22.5]
				},
				"leg_front_right3": {
					"rotation": [0, 0, -45]
				},
				"legs_back": {
					"position": [0, 0, 0]
				},
				"leg_back_left": {
					"rotation": [0, -22.5, 22.5]
				},
				"leg_back_left2": {
					"rotation": [0, 0, 22.5]
				},
				"leg_back_left3": {
					"rotation": [0, 0, 45]
				},
				"leg_back_right": {
					"rotation": [0, 22.5, -22.5]
				},
				"leg_back_right2": {
					"rotation": [0, 0, -22.5]
				},
				"leg_back_right3": {
					"rotation": [0, 0, -45]
				}
			}
		},
		"animation.drapion.ground_walk": {
			"loop": true,
			"bones": {
				"body": {
					"position": [0, 3, 0]
				},
				"torso": {
					"rotation": ["0+math.sin(q.anim_time*90*4-120)*2.5", 0, "0+math.sin(q.anim_time*90*2-60)*2.5"],
					"position": [0, "0+math.sin(q.anim_time*90*2-0)*-0.25", 0]
				},
				"neck": {
					"rotation": ["-35+math.sin(q.anim_time*90*2-150)*2.5", 0, 0]
				},
				"neck2": {
					"rotation": ["-15+math.sin(q.anim_time*90*2-180)*1", 0, 0]
				},
				"neck3": {
					"rotation": ["10+math.sin(q.anim_time*90*2-180)*-2.5", 0, 0]
				},
				"neck4": {
					"rotation": ["10+math.sin(q.anim_time*90*2-210)*-2.5", 0, 0]
				},
				"head": {
					"rotation": ["35+math.sin(q.anim_time*90*2-240)*2.5", 0, 0]
				},
				"jaw": {
					"rotation": ["15+math.sin(q.anim_time*90*4-0)*-10", 0, 0]
				},
				"arm_left": {
					"rotation": [0, 0, "5+math.sin(q.anim_time*90*2-180)*2.5"]
				},
				"arm_left2": {
					"rotation": [0, 0, "12.5+math.sin(q.anim_time*90*2-210)*2.5"]
				},
				"arm_left3": {
					"rotation": [0, 7.5, "15+math.sin(q.anim_time*90*2-240)*2.5"]
				},
				"arm_left4": {
					"rotation": [0, 15, "27.5+math.sin(q.anim_time*90*2-300)*2.5"]
				},
				"hand_left": {
					"rotation": [0, "17.5+math.sin(q.anim_time*90*2-0)*-10", "0+math.sin(q.anim_time*90*2-90)*-5"]
				},
				"tail": {
					"rotation": ["5+math.sin(q.anim_time*90*2-150)*2.5", "0+math.sin(q.anim_time*90*1-90)*5", "0+math.sin(q.anim_time*90*1-90)*5"]
				},
				"tail2": {
					"rotation": ["20+math.sin(q.anim_time*90*2-180)*5", 0, 0]
				},
				"tail3": {
					"rotation": ["15+math.sin(q.anim_time*90*2-210)*2.5", 0, 0]
				},
				"tail4": {
					"rotation": ["7.5+math.sin(q.anim_time*90*2-240)*5", 0, 0]
				},
				"tail_hand": {
					"rotation": ["17.5+math.sin(q.anim_time*90*2-300)*5", 0, 0]
				},
				"arm_right": {
					"rotation": [0, 0, "-5+math.sin(q.anim_time*90*2-180)*-2.5"]
				},
				"arm_right2": {
					"rotation": [0, 0, "-12.5+math.sin(q.anim_time*90*2-210)*-2.5"]
				},
				"arm_right3": {
					"rotation": [0, -7.5, "-15+math.sin(q.anim_time*90*2-240)*-2.5"]
				},
				"arm_right4": {
					"rotation": [0, -15, "-27.5+math.sin(q.anim_time*90*2-300)*-2.5"]
				},
				"hand_right": {
					"rotation": [0, "-17.5+math.sin(q.anim_time*90*2-0)*10", "0+math.sin(q.anim_time*90*2-90)*5"]
				},
				"leg_front_left": {
					"rotation": [0, "0+math.sin(q.anim_time*90*4-90)*-20", "12.5+math.sin(q.anim_time*90*4-0)*10"]
				},
				"leg_front_left2": {
					"rotation": [0, 0, "22.5+math.sin(q.anim_time*90*4-180)*-10"]
				},
				"leg_front_left3": {
					"rotation": [0, 0, 45]
				},
				"leg_front_right": {
					"rotation": [0, "0+math.sin(q.anim_time*90*4-90)*-20", "-12.5+math.sin(q.anim_time*90*4-0)*10"]
				},
				"leg_front_right2": {
					"rotation": [0, 0, "-22.5+math.sin(q.anim_time*90*4-180)*-10"]
				},
				"leg_front_right3": {
					"rotation": [0, 0, -45]
				},
				"legs_back": {
					"position": [0, 0, 0]
				},
				"leg_back_left": {
					"rotation": [0, "0+math.sin(q.anim_time*90*4-0)*-20", "12.5+math.sin(q.anim_time*90*4-90)*-10"]
				},
				"leg_back_left2": {
					"rotation": [0, 0, "22.5+math.sin(q.anim_time*90*4-90)*-10"]
				},
				"leg_back_left3": {
					"rotation": [0, 0, 45]
				},
				"leg_back_right": {
					"rotation": [0, "0+math.sin(q.anim_time*90*4-0)*-20", "-12.5+math.sin(q.anim_time*90*4-90)*-10"]
				},
				"leg_back_right2": {
					"rotation": [0, 0, "-22.5+math.sin(q.anim_time*90*4-90)*-10"]
				},
				"leg_back_right3": {
					"rotation": [0, 0, -45]
				}
			}
		},
		"animation.drapion.blink": {
			"animation_length": 0.5,
			"bones": {
				"eyelid_left": {
					"position": {
						"0.0": [0, 0, 0],
						"0.0417": {"pre": [0, 0, 0], "post": [0, 0, -1]},
						"0.4167": {"pre": [0, 0, -1], "post": [0, 0, 0]}
					}
				},
				"eyelid_right": {
					"position": {
						"0.0": [0, 0, 0],
						"0.0417": {"pre": [0, 0, 0], "post": [0, 0, -1]},
						"0.4167": {"pre": [0, 0, -1], "post": [0, 0, 0]}
					}
				}
			}
		},
		"animation.drapion.sleep": {
			"loop": true,
			"bones": {
				"body": {
					"position": [0, 3, 0]
				},
				"torso": {
					"rotation": ["0+math.sin(q.anim_time*60*2-120)*1", 0, 0],
					"position": [0, "0+math.sin(q.anim_time*60*2-0)*-0.25", 0]
				},
				"neck": {
					"rotation": ["-52.5+math.sin(q.anim_time*60*2-150)*2.5", 0, 0]
				},
				"neck2": {
					"rotation": ["-5+math.sin(q.anim_time*60*2-180)*1", 0, 0]
				},
				"neck3": {
					"rotation": ["12.5+math.sin(q.anim_time*60*2-180)*-2.5", 0, 0]
				},
				"neck4": {
					"rotation": ["22.5+math.sin(q.anim_time*60*2-210)*-2.5", 0, 0]
				},
				"head": {
					"rotation": ["55+math.sin(q.anim_time*60*2-240)*2.5", 0, 0]
				},
				"jaw": {
					"rotation": ["7.5+math.sin(q.anim_time*60*2-90)*7.5", 0, 0]
				},
				"arm_left": {
					"rotation": [0, 17.5, "5+math.sin(q.anim_time*60*2-180)*2.5"]
				},
				"arm_left2": {
					"rotation": [0, 0, "12.5+math.sin(q.anim_time*60*2-210)*2.5"]
				},
				"arm_left3": {
					"rotation": [0, 7.5, "15+math.sin(q.anim_time*60*2-240)*2.5"]
				},
				"arm_left4": {
					"rotation": [0, 15, "27.5+math.sin(q.anim_time*60*2-300)*2.5"]
				},
				"hand_left": {
					"rotation": [0, "17.5+math.sin(q.anim_time*60*2-0)*-10", "0+math.sin(q.anim_time*60*2-90)*-5"]
				},
				"tail": {
					"rotation": ["-5+math.sin(q.anim_time*60*2-150)*2.5", "math.sin(q.anim_time*60*1-90)*5", "math.sin(q.anim_time*60*1-90)*5"]
				},
				"tail2": {
					"rotation": ["2.5+math.sin(q.anim_time*60*2-180)*5", 0, 0]
				},
				"tail3": {
					"rotation": ["15+math.sin(q.anim_time*60*2-210)*2.5", 0, 0]
				},
				"tail4": {
					"rotation": ["7.5+math.sin(q.anim_time*60*2-240)*5", 0, 0]
				},
				"tail_hand": {
					"rotation": ["17.5+math.sin(q.anim_time*60*2-300)*5", 0, 0]
				},
				"arm_right": {
					"rotation": [0, -17.5, "-5+math.sin(q.anim_time*60*2-180)*-2.5"]
				},
				"arm_right2": {
					"rotation": [0, 0, "-12.5+math.sin(q.anim_time*60*2-210)*-2.5"]
				},
				"arm_right3": {
					"rotation": [0, -7.5, "-15+math.sin(q.anim_time*60*2-240)*-2.5"]
				},
				"arm_right4": {
					"rotation": [0, -15, "-27.5+math.sin(q.anim_time*60*2-300)*-2.5"]
				},
				"hand_right": {
					"rotation": [0, "-17.5+math.sin(q.anim_time*60*2-0)*10", "0+math.sin(q.anim_time*60*2-90)*5"]
				},
				"leg_front_left": {
					"rotation": [0, 22.5, 22.5]
				},
				"leg_front_left2": {
					"rotation": [0, 0, 22.5]
				},
				"leg_front_left3": {
					"rotation": [0, 0, 45]
				},
				"leg_front_right": {
					"rotation": [0, -22.5, -22.5]
				},
				"leg_front_right2": {
					"rotation": [0, 0, -22.5]
				},
				"leg_front_right3": {
					"rotation": [0, 0, -45]
				},
				"legs_back": {
					"position": [0, 0, 0]
				},
				"leg_back_left": {
					"rotation": [0, -22.5, 22.5]
				},
				"leg_back_left2": {
					"rotation": [0, 0, 22.5]
				},
				"leg_back_left3": {
					"rotation": [0, 0, 45]
				},
				"leg_back_right": {
					"rotation": [0, 22.5, -22.5]
				},
				"leg_back_right2": {
					"rotation": [0, 0, -22.5]
				},
				"leg_back_right3": {
					"rotation": [0, 0, -45]
				},
				"fangs": {
					"position": [0, "0.25+math.sin(q.anim_time*60*2-240)*0.25", 0]
				},
				"eyelid_left": {
					"position": [0, 0, -1]
				},
				"eyelid_right": {
					"position": [0, 0, -1]
				}
			}
		}
	}
}