{
	"format_version": "1.8.0",
	"animations": {
		"animation.drednaw.ground_idle": {
			"loop": true,
			"animation_length": 4,
			"bones": {
				"neck": {
					"rotation": ["5+math.sin((query.anim_time-0.2)*90)*1", 0, 0]
				},
				"neck2": {
					"rotation": ["-5+math.sin((query.anim_time-0.2)*90)*2", 0, 0]
				},
				"head2": {
					"rotation": [0, 0, 0],
					"scale": 1
				},
				"jaw": {
					"rotation": ["7.5+math.sin(q.anim_time*45*2)*5", 0, 0]
				},
				"left_arm3": {
					"rotation": [-4.6653, -16.88547, 25.69284]
				},
				"left_arm2": {
					"rotation": [-7.5, -17.5, 17.5]
				},
				"left_arm": {
					"rotation": [-1.91699, 37.45817, 46.85]
				},
				"torso": {
					"position": [0, "math.cos((query.anim_time-0.2)*90)*0.2", 0]
				},
				"right_arm": {
					"rotation": [-1.91699, -37.45817, -46.85]
				},
				"right_arm2": {
					"rotation": [-7.5, 17.5, -17.5]
				},
				"right_arm3": {
					"rotation": [-4.6653, 16.88547, -25.69284]
				},
				"left_leg": {
					"rotation": [-15.63131, -14.33955, 47.49246]
				},
				"left_leg2": {
					"rotation": [0, 0, 20]
				},
				"left_leg3": {
					"rotation": [-367.5, 0, 22.5]
				},
				"right_leg": {
					"rotation": [-15.63131, 14.33955, -47.49246]
				},
				"right_leg2": {
					"rotation": [0, 0, -20]
				},
				"right_leg3": {
					"rotation": [0, 0, -20]
				},
				"tail3": {
					"rotation": [15, "0+math.sin((query.anim_time-0.2)*90)*3", 0]
				},
				"tail2": {
					"rotation": [7.5, "0+math.sin((query.anim_time-0.2)*90)*3", 0]
				},
				"tail": {
					"rotation": ["-35+math.sin((query.anim_time-0.2)*90)*3", "0+math.sin((query.anim_time-0.2)*90)*5", 0]
				}
			}
		},
		"animation.drednaw.ground_walk": {
			"loop": true,
			"animation_length": 2.6667,
			"bones": {
				"neck": {
					"rotation": ["-195+(math.sin(q.anim_time*45*3*2)+200)*1", 0, 0]
				},
				"neck2": {
					"rotation": ["-207.5+(math.sin(q.anim_time*45*3*2)+200)*1", 0, 0]
				},
				"head2": {
					"rotation": [0, 0, 0],
					"scale": 1
				},
				"jaw": {
					"rotation": ["17.5+math.sin(q.anim_time*90*3-45)*6", 0, 0]
				},
				"left_arm3": {
					"rotation": [-9.6653, -16.88547, 25.69284]
				},
				"left_arm2": {
					"rotation": [-7.5, -17.5, 17.5]
				},
				"left_arm": {
					"rotation": [
						"-5.6939-math.clamp(math.sin(q.anim_time*90*3+120)*10,0,10)+math.clamp(math.sin(q.anim_time*90*3+150)*18,0,18)",
						"42.0073-math.clamp(math.sin(q.anim_time*90*3+120)*10,0,10)",
						"46.4497+math.clamp(math.sin(q.anim_time*90*3+355)*1,0,1)"
					],
					"position": [
						0,
						"math.clamp(math.sin(q.anim_time*90*3+120)*1.5,0,2)math.clamp(+math.sin(q.anim_time*90*3+150)*3,0,3)",
						"(math.sin(q.anim_time*90*3+180)*1.5)*1"
					]
				},
				"torso": {
					"position": [0, "0.5-(math.cos(q.anim_time*90*3*2+200)*0.3)*1", 0]
				},
				"right_arm": {
					"rotation": [
						"-3.0563+math.clamp(math.sin(q.anim_time*90*3+310)*10,0,10)+math.clamp(math.sin(q.anim_time*90*3+340)*12,0,12)",
						"-38.5771+math.clamp(math.sin(q.anim_time*90*3+310)*10,0,10)",
						"-47.8514-math.clamp(math.sin(q.anim_time*90*3+355)*1,0,1)"
					],
					"position": [
						0,
						"0+math.clamp(math.sin(q.anim_time*90*3+310)*1.5,0,2)math.clamp(+math.sin(q.anim_time*90*3+340)*3,0,3)",
						"-(math.cos(q.anim_time*90*3+470)*1.5)*1"
					]
				},
				"right_arm2": {
					"rotation": [-7.5, 17.5, -17.5]
				},
				"right_arm3": {
					"rotation": [-4.6653, 16.88547, -25.69284]
				},
				"left_leg": {
					"rotation": [
						"-8.0665-math.clamp(math.sin(q.anim_time*90*3+250)*10,0,10)+math.clamp(math.sin(q.anim_time*90*3+280)*12,0,12)",
						"-7.6584-math.clamp(math.sin(q.anim_time*90*3+250)*10,0,10)",
						"50.1885+math.clamp(math.sin(q.anim_time*90*3+295)*1,0,1)"
					],
					"position": [
						0,
						"0+math.clamp(math.sin(q.anim_time*90*3+250)*1.5,0,2)math.clamp(+math.sin(q.anim_time*90*3+290)*3,0,3)",
						"-(math.cos(q.anim_time*90*3+410)*1)*1"
					]
				},
				"left_leg2": {
					"rotation": [0, 0, 20]
				},
				"left_leg3": {
					"rotation": [-367.5, 0, 22.5]
				},
				"right_leg": {
					"rotation": [
						"-14.0197-math.clamp(math.sin(q.anim_time*90*3+60)*10,0,10)+math.clamp(math.sin(q.anim_time*90*3+90)*18,0,18)",
						"13.8101+math.clamp(math.sin(q.anim_time*90*3+60)*10,0,10)",
						"-50.2489-math.clamp(math.sin(q.anim_time*90*3+295)*1,0,1)"
					],
					"position": [
						0,
						"math.clamp(math.sin(q.anim_time*90*3+60)*1.5,0,2)math.clamp(+math.sin(q.anim_time*90*3+90)*3,0,3)",
						"(math.sin(q.anim_time*90*3+120)*1)*1"
					]
				},
				"right_leg2": {
					"rotation": [0, 0, -20]
				},
				"right_leg3": {
					"rotation": [0, 0, -20]
				},
				"tail3": {
					"rotation": [15, "0+math.sin((query.anim_time-0.2)*90)*3", 0]
				},
				"tail2": {
					"rotation": ["11.548++math.sin(q.anim_time*45*3*2)*1", "0+math.sin(q.anim_time*45*3*2)*9", 0]
				},
				"tail": {
					"rotation": ["-33.452++math.sin(q.anim_time*45*3*2)*1", "0+math.sin(q.anim_time*45*3*2)*9", 0]
				},
				"drednaw": {
					"position": {
						"0.2083": [0, 0, 0],
						"0.25": [0, -0.5, 0],
						"0.2917": [0, 0, 0],
						"0.375": [0, 0, 0],
						"0.4167": [0, -0.5, 0],
						"0.4583": [0, 0, 0],
						"0.7917": [0, 0, 0],
						"0.8333": [0, -0.5, 0],
						"0.875": [0, 0, 0],
						"1.0": [0, 0, 0],
						"1.0417": [0, -0.5, 0],
						"1.0833": [0, 0, 0],
						"1.5": [0, 0, 0],
						"1.5417": [0, -0.5, 0],
						"1.5833": [0, 0, 0],
						"1.75": [0, 0, 0],
						"1.7917": [0, -0.5, 0],
						"1.8333": [0, 0, 0],
						"2.1667": [0, 0, 0],
						"2.2083": [0, -0.5, 0],
						"2.25": [0, 0, 0],
						"2.3333": [0, 0, 0],
						"2.375": [0, -0.5, 0],
						"2.4167": [0, 0, 0]
					}
				}
			}
		},
		"animation.drednaw.battle_idle": {
			"loop": true,
			"animation_length": 4,
			"bones": {
				"neck": {
					"rotation": ["math.sin((query.anim_time-0.2)*90)*3", 0, 0],
					"position": [0, 0, -1]
				},
				"neck2": {
					"rotation": ["-5+math.sin((query.anim_time-0.2)*90)*4", 0, 0],
					"position": [0, 0, -2]
				},
				"head2": {
					"rotation": [0, 0, 0],
					"scale": 1
				},
				"jaw": {
					"rotation": ["17.5+math.sin((query.anim_time-0.2)*90)*5", 0, 0]
				},
				"left_arm3": {
					"rotation": [-4.6653, -16.88547, 25.69284]
				},
				"left_arm2": {
					"rotation": [-7.5, -17.5, 17.5]
				},
				"left_arm": {
					"rotation": [-1.91699, 37.45817, 46.85]
				},
				"torso": {
					"rotation": ["math.sin((query.anim_time-0.2)*90)*1", 0, 0],
					"position": [0, "math.cos((query.anim_time-0.2)*90)*0.2", 0]
				},
				"right_arm": {
					"rotation": [-1.91699, -37.45817, -46.85]
				},
				"right_arm2": {
					"rotation": [-7.5, 17.5, -17.5]
				},
				"right_arm3": {
					"rotation": [-4.6653, 16.88547, -25.69284]
				},
				"left_leg": {
					"rotation": [-15.63131, -14.33955, 47.49246]
				},
				"left_leg2": {
					"rotation": [0, 0, 20]
				},
				"left_leg3": {
					"rotation": [-367.5, 0, 22.5]
				},
				"right_leg": {
					"rotation": [-15.63131, 14.33955, -47.49246]
				},
				"right_leg2": {
					"rotation": [0, 0, -20]
				},
				"right_leg3": {
					"rotation": [0, 0, -20]
				},
				"tail3": {
					"rotation": [15, "0+math.sin((query.anim_time-0.2)*90)*6", 0]
				},
				"tail2": {
					"rotation": [7.5, "0+math.sin((query.anim_time-0.2)*90)*6", 0]
				},
				"tail": {
					"rotation": ["-35+math.sin((query.anim_time-0.2)*90)*6", "0+math.sin((query.anim_time-0.2)*90)*10", 0]
				}
			}
		},
		"animation.drednaw.sleep": {
			"loop": true,
			"animation_length": 4,
			"bones": {
				"neck": {
					"rotation": ["5+math.sin((query.anim_time-0.2)*90)*1", 0, 0],
					"position": [0, 0, 8]
				},
				"neck2": {
					"position": [0, 0, -8]
				},
				"head2": {
					"rotation": [0, 0, 0],
					"position": [0, 0, 6],
					"scale": 1
				},
				"left_arm3": {
					"rotation": [3.90399, -17.07228, -3.08619]
				},
				"left_arm2": {
					"rotation": [-3.41649, -18.69446, 4.40655]
				},
				"left_arm": {
					"rotation": [-1.74145, -3.4259, 0.84141]
				},
				"torso": {
					"position": [0, "math.cos((query.anim_time-0.2)*90)*0.01", 0]
				},
				"right_arm": {
					"rotation": [-1.74145, -3.4259, 0.84141]
				},
				"right_arm2": {
					"rotation": [-3.41649, 18.69446, -4.40655]
				},
				"right_arm3": {
					"rotation": [3.90399, 17.07228, 3.08619]
				},
				"left_leg": {
					"rotation": [3.13388, -17.22575, -0.47479]
				},
				"left_leg2": {
					"rotation": [0, 0, 5]
				},
				"left_leg3": {
					"rotation": [-359.43488, -2.86313, 0.17352]
				},
				"right_leg": {
					"rotation": [3.13388, 17.22575, 0.47479]
				},
				"right_leg2": {
					"rotation": [0, 0, -5]
				},
				"right_leg3": {
					"rotation": [-359.43488, 2.86313, -0.17352]
				},
				"tail3": {
					"rotation": [-1.11944, "44.1336+math.sin((query.anim_time-0.2)*90)*1", -2.68088]
				},
				"tail2": {
					"rotation": [8.37225, "27.2473+math.sin((query.anim_time-0.2)*90)*1", 3.85554]
				},
				"tail": {
					"rotation": ["-5.2332+math.sin((query.anim_time-0.2)*90)*1", "17.4041+math.sin((query.anim_time-0.2)*90)*1", -1.84984]
				},
				"drednaw": {
					"position": [0, -5, 0]
				},
				"eye_left": {
					"position": [-1, 0, 0]
				},
				"eye_right": {
					"position": [1, 0, 0]
				}
			}
		},
		"animation.drednaw.cry": {
			"animation_length": 1.5,
			"bones": {
				"neck": {
					"rotation": {
						"0.2917": {
							"pre": [0, 0, 0],
							"post": [0, 0, 0],
							"lerp_mode": "catmullrom"
						},
						"1.125": {
							"post": [0, 0, 10],
							"lerp_mode": "catmullrom"
						},
						"1.4583": {
							"post": [0, 0, 0],
							"lerp_mode": "catmullrom"
						}
					},
					"position": {
						"0.125": {
							"pre": [0, 0, 0],
							"post": [0, 0, 0],
							"lerp_mode": "catmullrom"
						},
						"0.2917": {
							"post": [0, 0, 1],
							"lerp_mode": "catmullrom"
						},
						"0.375": {
							"post": [0, 0, -1],
							"lerp_mode": "catmullrom"
						},
						"0.75": {
							"post": [0, 0, -1],
							"lerp_mode": "catmullrom"
						},
						"1.4583": {
							"post": [0, 0, 0],
							"lerp_mode": "catmullrom"
						}
					}
				},
				"neck2": {
					"position": {
						"0.125": {
							"pre": [0, 0, 0],
							"post": [0, 0, 0],
							"lerp_mode": "catmullrom"
						},
						"0.2917": {
							"post": [0, 0, 1],
							"lerp_mode": "catmullrom"
						},
						"0.375": {
							"post": [0, 0, -1],
							"lerp_mode": "catmullrom"
						},
						"0.75": {
							"post": [0, 0, -1],
							"lerp_mode": "catmullrom"
						},
						"1.4583": {
							"post": [0, 0, 0],
							"lerp_mode": "catmullrom"
						}
					}
				},
				"jaw": {
					"rotation": {
						"0.0": {
							"post": [0, 0, 0],
							"lerp_mode": "catmullrom"
						},
						"0.2917": {
							"post": [-2.5, 0, 0],
							"lerp_mode": "catmullrom"
						},
						"0.4167": {
							"post": [40, 0, 0],
							"lerp_mode": "catmullrom"
						},
						"0.4583": {
							"post": [45, 0, 0],
							"lerp_mode": "catmullrom"
						},
						"0.5": {
							"post": [42.5, 0, 0],
							"lerp_mode": "catmullrom"
						},
						"0.5417": {
							"post": [45, 0, 0],
							"lerp_mode": "catmullrom"
						},
						"0.5833": {
							"post": [42.5, 0, 0],
							"lerp_mode": "catmullrom"
						},
						"0.625": {
							"post": [45, 0, 0],
							"lerp_mode": "catmullrom"
						},
						"0.6667": {
							"post": [42.5, 0, 0],
							"lerp_mode": "catmullrom"
						},
						"0.7083": {
							"post": [45, 0, 0],
							"lerp_mode": "catmullrom"
						},
						"1.0": {
							"post": [45, 0, 0],
							"lerp_mode": "catmullrom"
						},
						"1.2083": {
							"post": [0, 0, 0],
							"lerp_mode": "catmullrom"
						}
					}
				}
			}
		},
		"animation.drednaw.blink": {
			"animation_length": 0.0833,
			"bones": {
				"eye_left": {
					"position": [-1, 0, 0]
				},
				"eye_right": {
					"position": [1, 0, 0]
				}
			}
		}
	}
}