{
	"format_version": "1.8.0",
	"animations": {
		"animation.druddigon.ground_idle": {
			"loop": true,
			"bones": {
				"head": {
					"rotation": [5.00474, -2.49048, -0.21803]
				},
				"mouth": {
					"rotation": [-32.5, 0, 0]
				},
				"druddigon1": {
					"rotation": [0, 10, 0]
				},
				"LegRight": {
					"rotation": [-20, 7.5, 0]
				},
				"LeglowRight": {
					"rotation": [15, 0, 0]
				},
				"FootRight": {
					"rotation": [12.5, 0, 0]
				},
				"LegLeft": {
					"rotation": [0, -5, 0]
				},
				"LeglowLeft": {
					"rotation": [0, -5, 0]
				},
				"FootLeft": {
					"rotation": [0, -7.5, 0]
				},
				"TorsoLow": {
					"rotation": [10, 10, 0]
				},
				"Torso": {
					"rotation": [-27.5, 0, 0]
				},
				"EyeBrownRight": {
					"position": [0, 0, 0]
				},
				"EyeRight": {
					"position": [0, -0.3, 0.2]
				},
				"ClosedEyeRight": {
					"rotation": [-10, 0, 0],
					"scale": [1, 0.4, 1]
				},
				"ArmRightUpper": {
					"rotation": [-8.69687, -20.07038, 60.08916],
					"position": [0, 0, 0]
				},
				"ArmRightLower": {
					"rotation": [0.07471, -62.79016, -22.29679]
				},
				"Finger5": {
					"rotation": [83.78376, -0.49136, 80.37694]
				},
				"Finger6": {
					"rotation": [-67.5, 0, 2.5]
				},
				"Finger1": {
					"rotation": [-157.29577, -65.90537, 131.2393]
				},
				"Finger2": {
					"rotation": [0, 0, 32.5]
				},
				"Finger3": {
					"rotation": [0, 0, 17.5]
				},
				"Finger4": {
					"rotation": [0, 0, 50]
				},
				"Tail1": {
					"rotation": [0, 0, 0]
				},
				"Tail2": {
					"rotation": [-15, 0, 0]
				},
				"Tail3": {
					"rotation": [-12.5, 0, 0]
				},
				"Tailend": {
					"rotation": [-2.5, 0, 0]
				},
				"WingR2": {
					"rotation": [-22.81179, -9.23186, 3.86032]
				},
				"WingR5": {
					"rotation": [-5.04292, -7.4713, 0.6574]
				},
				"WingR10": {
					"rotation": [0, -10, 0]
				},
				"WingREnd3": {
					"rotation": [0, -10, 0]
				},
				"WingLeft": {
					"rotation": [0, 10, 0]
				},
				"WingR6": {
					"rotation": [0, 7.5, 0]
				},
				"WingR9": {
					"rotation": [0, 10, 0]
				},
				"WingREnd2": {
					"rotation": [0, 7.5, 0]
				},
				"ArmLeftUpper": {
					"rotation": [-82.49818, 9.42247, -4.54933]
				},
				"ArmLeftLower": {
					"rotation": [123.2074, 45.43264, 43.83777]
				},
				"Finger7": {
					"rotation": [5.03837, -8.64917, -30.38126]
				},
				"Finger9": {
					"rotation": [0, 0, -40]
				},
				"Finger16": {
					"rotation": [-47.43808, 25.56016, -44.04746]
				},
				"Finger18": {
					"rotation": [0, 0, -50]
				},
				"Finger25": {
					"rotation": [0, 0, -27.5]
				},
				"Finger27": {
					"rotation": [0, 0, -30]
				}
			}
		}
	}
}