{
	"format_version": "1.8.0",
	"animations": {
		"animation.enamorus.ground_idle": {
			"loop": true,
			"bones": {
				"arm_left": {
					"rotation": [-88.4929, "-6.947+math.sin(q.anim_time*90*2+45)*1.5", 46.72131]
				},
				"arm_left3": {
					"rotation": [0, "-77.5+math.sin(q.anim_time*90*2+45)*1.5", 0]
				},
				"arm_left2": {
					"rotation": [-11.00966, -24.59477, 4.62934]
				},
				"finger_left": {
					"rotation": [15.20039, 38.35007, -27.50926]
				},
				"fingertip_left": {
					"rotation": [0, 0, "27.5-math.sin(q.anim_time*90*2+90)*4"]
				},
				"finger_left2": {
					"rotation": [-4.30963, 29.7174, -8.64388]
				},
				"fingertip_left2": {
					"rotation": [0, "20-math.sin(q.anim_time*90*2+90)*4", 0]
				},
				"finger_left3": {
					"rotation": [-1.44261, 29.96852, -2.88614]
				},
				"fingertip_left3": {
					"rotation": [0, "17.5-math.sin(q.anim_time*90*2+90)*4", 0]
				},
				"finger_left4": {
					"rotation": [2.88066, 29.8742, 5.76863]
				},
				"fingertip_left4": {
					"rotation": [0, "15-math.sin(q.anim_time*90*2+90)*4", 0]
				},
				"finger_left5": {
					"rotation": [7.85085, 31.63886, 14.72765]
				},
				"fingertip_left5": {
					"rotation": [0, "20-math.sin(q.anim_time*90*2+90)*4", 0]
				},
				"hand_left": {
					"rotation": [0, "102.5-math.sin(q.anim_time*90*2-45)*1.5", 0]
				},
				"snake8": {
					"rotation": [47.47577, -59.6056, -41.193]
				},
				"snake7": {
					"rotation": [16.1952, -43.5085, -17.2098]
				},
				"snake6": {
					"rotation": [-10, -20, 0]
				},
				"snake5": {
					"rotation": [25.48261, 11.65, 4.5411]
				},
				"snake4": {
					"rotation": [40, 0, 0]
				},
				"snake3": {
					"rotation": [47.5, 0, 0]
				},
				"snake2": {
					"rotation": [40, 0, 0]
				},
				"snake": {
					"rotation": ["19.8997-math.cos(q.anim_time*90*2+45)*2", "-52.8368-math.sin(q.anim_time*90*1+90)*2", "3.165-math.sin(q.anim_time*90*1+30)*2"],
					"position": [0, 1, 0]
				},
				"snake9": {
					"rotation": [0, -60, 0]
				},
				"snake10": {
					"rotation": [0, -60, 0]
				},
				"snake11": {
					"rotation": [23.20724, -70.7297, -30.3645]
				},
				"snake12": {
					"rotation": [3.91686, -57.4145, -4.64565]
				},
				"snake13": {
					"rotation": [2.5, -77.5, 0]
				},
				"snake14": {
					"rotation": [-7.5, -75, 0]
				},
				"snake15": {
					"rotation": [-5, -62.5, 0]
				},
				"snake16": {
					"rotation": [-7.5, -77.5, 0]
				},
				"snake17": {
					"rotation": [-12.15158, -30.1405, -3.99636]
				},
				"snake18": {
					"rotation": [-20, 0, 0]
				},
				"snake19": {
					"rotation": ["-82.9757-math.sin(q.anim_time*90*2+45)*2", 52.1061, -268.926]
				},
				"arm_right": {
					"rotation": [-95.88512, "9.304-math.sin(q.anim_time*90*2+45)*1.5", -48.24005]
				},
				"arm_right2": {
					"rotation": [0, 25, 0]
				},
				"arm_right3": {
					"rotation": [0, "72.5-math.sin(q.anim_time*90*2+45)*1.5", 0]
				},
				"hand_right": {
					"rotation": [0, "-111-math.sin(q.anim_time*90*2-45)*1.5", 0]
				},
				"finger_right": {
					"rotation": [0, -35, 25]
				},
				"fingertip_right": {
					"rotation": [0, 0, "-27.5+math.sin(q.anim_time*90*2+90)*4"]
				},
				"finger_right2": {
					"rotation": [0, -17.5, 7.5]
				},
				"fingertip_right2": {
					"rotation": [0, "-15+math.sin(q.anim_time*90*2+90)*4", 0]
				},
				"finger_right3": {
					"rotation": [0, -20, 2.5]
				},
				"fingertip_right3": {
					"rotation": [0, "-25+math.sin(q.anim_time*90*2+90)*4", 0]
				},
				"finger_right4": {
					"rotation": [0, -17.5, -5]
				},
				"fingertip_right4": {
					"rotation": [0, "-17.5+math.sin(q.anim_time*90*2+90)*4", 0]
				},
				"finger_right5": {
					"rotation": [0, -20, -12.5]
				},
				"fingertip_right5": {
					"rotation": [0, "-27.5+math.sin(q.anim_time*90*2+90)*4", 0]
				},
				"eyelid_left": {
					"position": [0, 0, 0]
				},
				"eyelid_right": {
					"position": [0, 0, 0]
				},
				"body": {
					"rotation": ["0-math.cos(q.anim_time*90*2-180)*2", 0, 0],
					"position": ["0-math.cos(q.anim_time*90*2-180)*1", "0-math.cos(q.anim_time*90*1-180)*1", "0-math.cos(q.anim_time*90*1-180)*1"]
				},
				"chest": {
					"rotation": ["0-math.cos(q.anim_time*90*2+45)*3", "0-math.sin(q.anim_time*90*1+90)*2", "0-math.sin(q.anim_time*90*1+30)*2"]
				},
				"neck": {
					"rotation": ["0-math.cos(q.anim_time*90*2+45)*1.5", 0, 0]
				},
				"head": {
					"rotation": ["0-math.cos(q.anim_time*90*2)*3", 0, 0],
					"position": [0, -0.75, 0]
				},
				"cloud": {
					"rotation": ["math.sin(q.anim_time*90*2+60)*1", "math.sin(q.anim_time*90*1+90)*-2", "math.sin(q.anim_time*90*1+30)*-1"],
					"position": ["0-math.cos(q.anim_time*90*2-180)*1", "0-math.cos(q.anim_time*90*1-180)*1", "0-math.cos(q.anim_time*90*1-180)*1"],
					"scale": ["1-math.sin(q.anim_time*90*2)*-0.01", "1+math.sin(q.anim_time*90*1)*-0.01", "1+math.sin(q.anim_time*90*1)*-0.01"]
				},
				"cloud2": {
					"rotation": [0, "math.sin(q.anim_time*90*2+180)*3", 0]
				}
			}
		},
		"animation.enamorus.ground_walk": {
			"loop": true,
			"bones": {
				"arm_left": {
					"rotation": [-88.4929, "-6.947+math.sin(q.anim_time*90*2+45)*1.5", 46.72131]
				},
				"arm_left3": {
					"rotation": [0, "-77.5+math.sin(q.anim_time*90*2+45)*1.5", 0]
				},
				"arm_left2": {
					"rotation": [-11.00966, -24.59477, 4.62934]
				},
				"finger_left": {
					"rotation": [15.20039, 38.35007, -27.50926]
				},
				"fingertip_left": {
					"rotation": [0, 0, "27.5-math.sin(q.anim_time*90*2+90)*4"]
				},
				"finger_left2": {
					"rotation": [-4.30963, 29.7174, -8.64388]
				},
				"fingertip_left2": {
					"rotation": [0, "20-math.sin(q.anim_time*90*2+90)*4", 0]
				},
				"finger_left3": {
					"rotation": [-1.44261, 29.96852, -2.88614]
				},
				"fingertip_left3": {
					"rotation": [0, "17.5-math.sin(q.anim_time*90*2+90)*4", 0]
				},
				"finger_left4": {
					"rotation": [2.88066, 29.8742, 5.76863]
				},
				"fingertip_left4": {
					"rotation": [0, "15-math.sin(q.anim_time*90*2+90)*4", 0]
				},
				"finger_left5": {
					"rotation": [7.85085, 31.63886, 14.72765]
				},
				"fingertip_left5": {
					"rotation": [0, "20-math.sin(q.anim_time*90*2+90)*4", 0]
				},
				"hand_left": {
					"rotation": [0, "102.5-math.sin(q.anim_time*90*2-45)*1.5", 0]
				},
				"snake8": {
					"rotation": [47.47577, -59.6056, -41.193]
				},
				"snake7": {
					"rotation": [16.1952, -43.5085, -17.2098]
				},
				"snake6": {
					"rotation": [-10, -20, 0]
				},
				"snake5": {
					"rotation": [25.48261, 11.65, 4.5411]
				},
				"snake4": {
					"rotation": [40, 0, 0]
				},
				"snake3": {
					"rotation": [47.5, 0, 0]
				},
				"snake2": {
					"rotation": [40, 0, 0]
				},
				"snake": {
					"rotation": ["19.8997-math.cos(q.anim_time*90*3+45)*1", -52.8368, 3.165],
					"position": [0, 1, 0]
				},
				"snake9": {
					"rotation": [0, -60, 0]
				},
				"snake10": {
					"rotation": [0, -60, 0]
				},
				"snake11": {
					"rotation": [23.20724, -70.7297, -30.3645]
				},
				"snake12": {
					"rotation": [3.91686, -57.4145, -4.64565]
				},
				"snake13": {
					"rotation": [2.5, -77.5, 0]
				},
				"snake14": {
					"rotation": [-7.5, -75, 0]
				},
				"snake15": {
					"rotation": [-5, -62.5, 0]
				},
				"snake16": {
					"rotation": [-7.5, -77.5, 0]
				},
				"snake17": {
					"rotation": [-12.15158, -30.1405, -3.99636]
				},
				"snake18": {
					"rotation": [-20.46416, 11.96931, -4.42537]
				},
				"snake19": {
					"rotation": {
						"0.0": {
							"post": ["-74.2257-math.cos(q.anim_time*90*3+180)*2", "52.1061+math.cos(q.anim_time*90*3+180)*2", -268.926],
							"lerp_mode": "catmullrom"
						}
					}
				},
				"arm_right": {
					"rotation": [-95.88512, "9.304-math.sin(q.anim_time*90*2+45)*1.5", -48.24005]
				},
				"arm_right2": {
					"rotation": [0, 25, 0]
				},
				"arm_right3": {
					"rotation": [0, "72.5-math.sin(q.anim_time*90*2+45)*1.5", 0]
				},
				"hand_right": {
					"rotation": [0, "-111-math.sin(q.anim_time*90*2-45)*1.5", 0]
				},
				"finger_right": {
					"rotation": [0, -35, 25]
				},
				"fingertip_right": {
					"rotation": [0, 0, "-27.5+math.sin(q.anim_time*90*2+90)*4"]
				},
				"finger_right2": {
					"rotation": [0, -17.5, 7.5]
				},
				"fingertip_right2": {
					"rotation": [0, "-15+math.sin(q.anim_time*90*2+90)*4", 0]
				},
				"finger_right3": {
					"rotation": [0, -20, 2.5]
				},
				"fingertip_right3": {
					"rotation": [0, "-25+math.sin(q.anim_time*90*2+90)*4", 0]
				},
				"finger_right4": {
					"rotation": [0, -17.5, -5]
				},
				"fingertip_right4": {
					"rotation": [0, "-17.5+math.sin(q.anim_time*90*2+90)*4", 0]
				},
				"finger_right5": {
					"rotation": [0, -20, -12.5]
				},
				"fingertip_right5": {
					"rotation": [0, "-27.5+math.sin(q.anim_time*90*2+90)*4", 0]
				},
				"eyelid_left": {
					"position": [0, 0, 0]
				},
				"eyelid_right": {
					"position": [0, 0, 0]
				},
				"body": {
					"rotation": ["-3.5-math.cos(q.anim_time*90*2-90)*1", 0, 0]
				},
				"chest": {
					"rotation": ["-3.75+math.cos(q.anim_time*90*3+45)*2", 0, 0],
					"position": [0, -0.675, 0]
				},
				"neck": {
					"rotation": ["0-math.cos(q.anim_time*90*2+45)*1.5", 0, 0]
				},
				"head": {
					"rotation": ["-7.5+math.cos(q.anim_time*90*3+300)*5", 0, 0],
					"position": [0, -0.75, 0]
				},
				"cloud": {
					"rotation": ["0+math.sin(q.anim_time*90*3+90)*1", "0+math.sin(q.anim_time*90*2+90)*1", 0],
					"scale": "1+math.sin(q.anim_time*90*3)*-0.01"
				},
				"cloud2": {
					"rotation": [0, "math.sin(q.anim_time*90*2+180)*3", 0]
				},
				"hair_left": {
					"rotation": ["-15-math.cos(q.anim_time*90*3+90)*2", 0, 0]
				},
				"hair_right": {
					"rotation": ["-15-math.cos(q.anim_time*90*3+90)*2", 0, 0]
				}
			}
		}
	}
}