{
	"format_version": "1.8.0",
	"animations": {
		"animation.flamigo.ground_idle": {
			"loop": true,
			"bones": {
				"left_leg": {
					"rotation": [45, 0, 0]
				},
				"left_leg2": {
					"rotation": [-90, 0, 0]
				},
				"left_foot": {
					"rotation": [30, 0, 0]
				},
				"scarf": {
					"rotation": [-70, 0, 0]
				},
				"neck": {
					"rotation": [-25, 0, 0]
				},
				"head": {
					"rotation": [75, 0, 0]
				},
				"beak": {
					"rotation": [25.5, 0, 0]
				},
				"lower_beak": {
					"rotation": [29.5, 0, 0]
				},
				"neck2": {
					"rotation": [-17.5, 0, 0]
				},
				"neck3": {
					"rotation": [-22.5, 0, 0]
				},
				"neck4": {
					"rotation": [25, 0, 0]
				},
				"neck5": {
					"rotation": [35, 0, 0]
				}
			}
		},
		"animation.flamigo.ground_walk": {
			"loop": true,
			"bones": {
				"left_leg": {
					"rotation": [45, 0, 0]
				},
				"left_leg2": {
					"rotation": [-90, 0, 0]
				},
				"left_foot": {
					"rotation": [30, 0, 0]
				},
				"scarf": {
					"rotation": [-70, 0, 0]
				},
				"neck": {
					"rotation": [-25, 0, 0]
				},
				"head": {
					"rotation": [75, 0, 0]
				},
				"beak": {
					"rotation": [25.5, 0, 0]
				},
				"lower_beak": {
					"rotation": [29.5, 0, 0]
				},
				"neck2": {
					"rotation": [-17.5, 0, 0]
				},
				"neck3": {
					"rotation": [-22.5, 0, 0]
				},
				"neck4": {
					"rotation": [25, 0, 0]
				},
				"neck5": {
					"rotation": [35, 0, 0]
				}
			}
		}
	}
}