{
	"format_version": "1.8.0",
	"animations": {
		"animation.girafarig.ground_idle": {
			"loop": true,
			"animation_length": 4,
			"bones": {
				"head_rotation": {
					"rotation": [-12.5, 0, 0],
					"position": [0, 0, 0]
				},
				"leg_back_left": {
					"rotation": [5, 0, 0]
				},
				"tail": {
					"rotation": ["-25+math.sin(query.anim_time*90-20)*2", 0, 0]
				},
				"neck": {
					"rotation": ["5-math.sin(query.anim_time*90)", 0, 0]
				},
				"tail_head": {
					"rotation": [10, 0, 0]
				},
				"leg_back_left2": {
					"rotation": [52.5, 0, 0]
				},
				"leg_back_left3": {
					"rotation": [-57.5, 0, 0]
				},
				"leg_back_right": {
					"rotation": [5, 0, 0]
				},
				"leg_back_right2": {
					"rotation": [52.5, 0, 0]
				},
				"leg_back_right3": {
					"rotation": [-57.5, 0, 0]
				},
				"torso": {
					"position": [0, "0+math.sin(query.anim_time*90-45)/4", 0]
				},
				"head": {
					"rotation": ["5+math.sin(query.anim_time*90)", 0, 0]
				},
				"leg_front_right": {
					"rotation": ["5+math.sin(query.anim_time*90)", 0, 0]
				},
				"leg_front_right2": {
					"rotation": ["-15-math.sin(query.anim_time*90)", 0, 0]
				},
				"foot_front_right": {
					"rotation": ["10+math.sin(query.anim_time*90)", 0, 0]
				},
				"leg_front_left": {
					"rotation": [0, 0, 0]
				},
				"leg_front_left2": {
					"rotation": [-7.5, 0, 0]
				},
				"foot_front_left": {
					"rotation": [7.5, 0, 0]
				}
			}
		},
		"animation.girafarig.ground_walk": {
			"loop": true,
			"animation_length": 4,
			"bones": {
				"head_rotation": {
					"rotation": [-12.5, 0, 0],
					"position": [0, 0, 0]
				},
				"leg_back_left": {
					"rotation": ["5+math.sin(query.anim_time*90*3)*10", 0, 0]
				},
				"tail": {
					"rotation": ["-25+math.sin(query.anim_time*90-20)*2", 0, 0]
				},
				"neck": {
					"rotation": ["5-math.sin(query.anim_time*90*5)", 0, 0]
				},
				"tail_head": {
					"rotation": [10, 0, 0]
				},
				"leg_back_left2": {
					"rotation": [52.5, 0, 0]
				},
				"leg_back_left3": {
					"rotation": [-57.5, 0, 0]
				},
				"leg_back_right": {
					"rotation": ["5-math.sin(query.anim_time*90*3)*10", 0, 0]
				},
				"leg_back_right2": {
					"rotation": [52.5, 0, 0]
				},
				"leg_back_right3": {
					"rotation": [-57.5, 0, 0]
				},
				"torso": {
					"position": [0, "0-math.sin(query.anim_time*90*5)/4", 0]
				},
				"head": {
					"rotation": ["5+math.sin(query.anim_time*90)", 0, 0]
				},
				"leg_front_right": {
					"rotation": ["5+math.sin(query.anim_time*90*3)*10", 0, 0]
				},
				"leg_front_right2": {
					"rotation": ["-15-math.sin(query.anim_time*90)", 0, 0]
				},
				"foot_front_right": {
					"rotation": ["10+math.sin(query.anim_time*90)", 0, 0]
				},
				"leg_front_left": {
					"rotation": ["5-math.sin(query.anim_time*90*3)*10", 0, 0]
				},
				"leg_front_left2": {
					"rotation": [-7.5, 0, 0]
				},
				"foot_front_left": {
					"rotation": [7.5, 0, 0]
				},
				"body": {
					"position": [0, -0.25, 0]
				}
			}
		}
	}
}