{
	"format_version": "1.8.0",
	"animations": {
		"animation.giratina_origin.ground_idle": {
			"loop": true,
			"bones": {
				"main_seg": {
					"rotation": [0, 0, 7.5]
				},
				"top_seg": {
					"rotation": [0.4804, 1.13213, 27.47776],
					"position": [8, -6, 0]
				},
				"bone": {
					"rotation": [0.29614, 0.84827, 19.98221],
					"position": [-1.17708, -1.26099, -0.07635]
				},
				"neck": {
					"rotation": [0, 0, -47.5],
					"position": [-2, -5, 0]
				},
				"back_seg": {
					"rotation": [0, 0, -17.5],
					"position": [-4, -3, 0]
				},
				"bone2": {
					"rotation": [0, 0, 10],
					"position": [-4, -2, 0]
				},
				"bone3": {
					"rotation": [0, 0, 27.5],
					"position": [-2, 1, 0]
				},
				"top_left_wing": {
					"rotation": [7.5, 0, 10]
				},
				"bone4": {
					"rotation": [0, 0, -40]
				},
				"bone5": {
					"rotation": [-12.5, 0, 45]
				},
				"bone6": {
					"rotation": [0, 0, 32.5]
				},
				"top_right_wing2": {
					"rotation": [-10, 0, 7.5]
				},
				"bone7": {
					"rotation": [0, 0, -25]
				},
				"bone8": {
					"rotation": [17.5, 0, 27.5]
				},
				"bone9": {
					"rotation": [0, 0, 50]
				},
				"top_left_wing2": {
					"rotation": [7.43656, -0.9762, 17.43656]
				},
				"bone10": {
					"rotation": [0, 0, -25]
				},
				"bone11": {
					"rotation": [2.5, 0, 40]
				},
				"bone12": {
					"rotation": [0, 0, 20]
				},
				"top_right_wing4": {
					"rotation": [-12.5, 0, 27.5]
				},
				"top_left_wing3": {
					"rotation": [12.5, 0, 27.5]
				},
				"bone13": {
					"rotation": [0, 0, -22.5]
				},
				"bone14": {
					"rotation": [0, 0, 40]
				},
				"bone15": {
					"rotation": [0, 0, 20]
				},
				"top_right_wing3": {
					"rotation": [-7.4366, -0.9762, 17.43656]
				},
				"bone16": {
					"rotation": [0, 0, -25]
				},
				"bone17": {
					"rotation": [-2.5, 0, 40]
				},
				"bone18": {
					"rotation": [0, 0, 20]
				},
				"bone19": {
					"rotation": [0, 0, -22.5]
				},
				"bone20": {
					"rotation": [0, 0, 40]
				},
				"bone21": {
					"rotation": [0, 0, 20]
				},
				"head": {
					"rotation": [0, 0, -37.5],
					"position": [1, 0, 0]
				},
				"end_tail": {
					"rotation": [0, 0, -17.5]
				}
			}
		},
		"animation.giratina_origin.ground_walk": {
			"loop": true,
			"bones": {
				"main_seg": {
					"rotation": [0, 0, 7.5]
				},
				"top_seg": {
					"rotation": [0.4804, 1.13213, 27.47776],
					"position": [8, -6, 0]
				},
				"bone": {
					"rotation": [0.29614, 0.84827, 19.98221],
					"position": [-1.17708, -1.26099, -0.07635]
				},
				"neck": {
					"rotation": [0, 0, -47.5],
					"position": [-2, -5, 0]
				},
				"back_seg": {
					"rotation": [0, 0, -17.5],
					"position": [-4, -3, 0]
				},
				"bone2": {
					"rotation": [0, 0, 10],
					"position": [-4, -2, 0]
				},
				"bone3": {
					"rotation": [0, 0, 27.5],
					"position": [-2, 1, 0]
				},
				"top_left_wing": {
					"rotation": [7.5, 0, 10]
				},
				"bone4": {
					"rotation": [0, 0, -40]
				},
				"bone5": {
					"rotation": [-12.5, 0, 45]
				},
				"bone6": {
					"rotation": [0, 0, 32.5]
				},
				"top_right_wing2": {
					"rotation": [-10, 0, 7.5]
				},
				"bone7": {
					"rotation": [0, 0, -25]
				},
				"bone8": {
					"rotation": [17.5, 0, 27.5]
				},
				"bone9": {
					"rotation": [0, 0, 50]
				},
				"top_left_wing2": {
					"rotation": [7.43656, -0.9762, 17.43656]
				},
				"bone10": {
					"rotation": [0, 0, -25]
				},
				"bone11": {
					"rotation": [2.5, 0, 40]
				},
				"bone12": {
					"rotation": [0, 0, 20]
				},
				"top_right_wing4": {
					"rotation": [-12.5, 0, 27.5]
				},
				"top_left_wing3": {
					"rotation": [12.5, 0, 27.5]
				},
				"bone13": {
					"rotation": [0, 0, -22.5]
				},
				"bone14": {
					"rotation": [0, 0, 40]
				},
				"bone15": {
					"rotation": [0, 0, 20]
				},
				"top_right_wing3": {
					"rotation": [-7.4366, -0.9762, 17.43656]
				},
				"bone16": {
					"rotation": [0, 0, -25]
				},
				"bone17": {
					"rotation": [-2.5, 0, 40]
				},
				"bone18": {
					"rotation": [0, 0, 20]
				},
				"bone19": {
					"rotation": [0, 0, -22.5]
				},
				"bone20": {
					"rotation": [0, 0, 40]
				},
				"bone21": {
					"rotation": [0, 0, 20]
				},
				"head": {
					"rotation": [0, 0, -37.5],
					"position": [1, 0, 0]
				},
				"end_tail": {
					"rotation": [0, 0, -17.5]
				}
			}
		}
	}
}