{
	"format_version": "1.8.0",
	"animations": {
		"animation.halloweenregigigas.ground_idle": {
			"loop": true,
			"bones": {
				"arm_left": {
					"rotation": [0, 0, 65]
				},
				"arm1_left": {
					"rotation": [0, 22.5, 0]
				},
				"arm_right": {
					"rotation": [0, 0, -65]
				},
				"arm1_right": {
					"rotation": [0, -22.5, 0]
				}
			}
		},
		"animation.halloweenregigigas.ground_walk": {
			"loop": true,
			"bones": {
				"arm_left": {
					"rotation": [0, 0, 65]
				},
				"arm1_left": {
					"rotation": [0, 22.5, 0]
				},
				"arm_right": {
					"rotation": [0, 0, -65]
				},
				"arm1_right": {
					"rotation": [0, -22.5, 0]
				}
			}
		}
	}
}