{
	"format_version": "1.8.0",
	"animations": {
		"animation.helioptile.ground_idle": {
			"loop": true,
			"animation_length": 2,
			"bones": {
				"torso": {
					"rotation": ["42.5+math.sin(query.anim_time*90*2)", 0, 0]
				},
				"neck": {
					"rotation": ["-30+math.sin(query.anim_time*90*2-20)", 0, 0],
					"position": [0, 0.5, 0]
				},
				"head": {
					"rotation": ["-12+math.sin(query.anim_time*90*2-40)", 0, 0]
				},
				"left_ear1": {
					"rotation": [3.31914, "-12-math.cos(query.anim_time*90*2-20)*2", "-77.9265-math.cos(query.anim_time*90*2-20)"]
				},
				"left_ear2": {
					"rotation": [0, 0, "-5+math.sin(query.anim_time*90*2-20)"]
				},
				"left_ear3": {
					"rotation": [0, 0, -10]
				},
				"tail1": {
					"rotation": ["35-math.cos(query.anim_time*90*2)*2", 0, 0]
				},
				"tail2": {
					"rotation": ["20-math.cos(query.anim_time*90*2-20)*2", 0, 0]
				},
				"tail3": {
					"rotation": ["-20-math.cos(query.anim_time*90*2-20)*2", 0, 0]
				},
				"right_arm": {
					"rotation": [-42.46133, -1.18859, 3.37635],
					"position": [0, 1, 0]
				},
				"left_arm": {
					"rotation": [-47.52717, 1.68868, -1.84373],
					"position": [0, 1, 0]
				},
				"right_ear1": {
					"rotation": [3.21526, "12-math.cos(query.anim_time*90*2-20)*2", "78.9254-math.cos(query.anim_time*90*2-20)"]
				},
				"right_ear2": {
					"rotation": [0, 0, "5+math.sin(query.anim_time*90*2-20)"]
				},
				"right_ear3": {
					"rotation": [0, 0, 10]
				}
			}
		},
		"animation.helioptile.battle_idle": {
			"loop": true,
			"animation_length": 2,
			"bones": {
				"torso": {
					"rotation": ["42.5+math.sin(query.anim_time*90*4)", 0, 0]
				},
				"neck": {
					"rotation": ["-30+math.sin(query.anim_time*90*4-20)", 0, 0],
					"position": [0, 0.5, 0]
				},
				"head": {
					"rotation": ["-12+math.sin(query.anim_time*90*4-40)", 0, 0]
				},
				"left_ear1": {
					"rotation": [3.31914, "-12-math.cos(query.anim_time*90*4-20)*2", "-77.9265-math.cos(query.anim_time*90*4-20)"]
				},
				"left_ear2": {
					"rotation": [0, 0, "-5+math.sin(query.anim_time*90*4-20)"]
				},
				"left_ear3": {
					"rotation": [0, 0, -10]
				},
				"tail1": {
					"rotation": ["35-math.cos(query.anim_time*90*4)*2", 0, 0]
				},
				"tail2": {
					"rotation": ["20-math.cos(query.anim_time*90*4-20)*2", 0, 0]
				},
				"tail3": {
					"rotation": ["-20-math.cos(query.anim_time*90*4-20)*2", 0, 0]
				},
				"right_arm": {
					"rotation": [-42.46133, -1.18859, 3.37635],
					"position": [0, 1, 0]
				},
				"left_arm": {
					"rotation": [-47.52717, 1.68868, -1.84373],
					"position": [0, 1, 0]
				},
				"right_ear1": {
					"rotation": [3.21526, "12-math.cos(query.anim_time*90*4-20)*2", "78.9254-math.cos(query.anim_time*90*4-20)"]
				},
				"right_ear2": {
					"rotation": [0, 0, "5+math.sin(query.anim_time*90*4-20)"]
				},
				"right_ear3": {
					"rotation": [0, 0, 10]
				}
			}
		},
		"animation.helioptile.ground_walk": {
			"loop": true,
			"animation_length": 2,
			"bones": {
				"torso": {
					"rotation": ["42.5+math.sin(query.anim_time*90*2)", 0, 0]
				},
				"neck": {
					"rotation": ["-30+math.sin(query.anim_time*90*2-20)", 0, 0],
					"position": [0, 0.5, 0]
				},
				"head": {
					"rotation": ["-12+math.sin(query.anim_time*90*2-40)", 0, 0]
				},
				"left_ear1": {
					"rotation": [3.31914, "-12-math.cos(query.anim_time*90*2-20)*2", "-77.9265-math.cos(query.anim_time*90*2-20)"]
				},
				"left_ear2": {
					"rotation": [0, 0, "-5+math.sin(query.anim_time*90*2-20)"]
				},
				"left_ear3": {
					"rotation": [0, 0, -10]
				},
				"tail1": {
					"rotation": ["35-math.cos(query.anim_time*90*2)*2", 0, 0]
				},
				"tail2": {
					"rotation": ["20-math.cos(query.anim_time*90*2-20)*2", 0, 0]
				},
				"tail3": {
					"rotation": ["-20-math.cos(query.anim_time*90*2-20)*2", 0, 0]
				},
				"right_arm": {
					"rotation": [-42.46133, -1.18859, 3.37635],
					"position": [0, 1, 0]
				},
				"left_arm": {
					"rotation": [-47.52717, 1.68868, -1.84373],
					"position": [0, 1, 0]
				},
				"right_ear1": {
					"rotation": [3.21526, "12-math.cos(query.anim_time*90*2-20)*2", "78.9254-math.cos(query.anim_time*90*2-20)"]
				},
				"right_ear2": {
					"rotation": [0, 0, "5+math.sin(query.anim_time*90*2-20)"]
				},
				"right_ear3": {
					"rotation": [0, 0, 10]
				},
				"left_leg": {
					"rotation": ["0+math.sin(query.anim_time*90*2)*15", 0, 0]
				},
				"right_leg": {
					"rotation": ["0-math.sin(query.anim_time*90*2)*15", 0, 0]
				}
			}
		},
		"animation.helioptile.blink": {
			"animation_length": 0.4167,
			"bones": {
				"eyelid_left": {
					"position": {
						"0.0": [0, 0, 0],
						"0.1667": {"pre": [0, 0, 0], "post": [0, 0, -1.025]},
						"0.375": {"pre": [0, 0, -1.025], "post": [0, 0, 0]}
					}
				},
				"eyelid_right": {
					"position": {
						"0.0": [0, 0, 0],
						"0.1667": {"pre": [0, 0, 0], "post": [0, 0, -1.025]},
						"0.375": {"pre": [0, 0, -1.025], "post": [0, 0, 0]}
					}
				}
			}
		}
	}
}