{
	"format_version": "1.8.0",
	"animations": {
		"animation.heliolisk.ground_idle": {
			"loop": true,
			"animation_length": 4,
			"bones": {
				"left_leg": {
					"rotation": [-22.5, 0, -10]
				},
				"left_leg2": {
					"rotation": [-17.5, 0, 0]
				},
				"right_leg": {
					"rotation": [-22.5, 0, 10]
				},
				"right_leg2": {
					"rotation": [-17.5, 0, 0]
				},
				"right_leg3": {
					"rotation": [-12.5, 0, -7.5]
				},
				"left_leg3": {
					"rotation": [-12.5, 0, 7.5]
				},
				"right_leg4": {
					"rotation": [-37.5, 0, 0]
				},
				"left_leg4": {
					"rotation": [-37.5, 0, 0]
				},
				"upper_body": {
					"rotation": ["12.5+math.sin(query.anim_time*90)*3", 0, 0]
				},
				"tail": {
					"rotation": ["-15+math.sin(query.anim_time*90*2-20)*3", 0, 0]
				},
				"tail2": {
					"rotation": ["13.8779+math.sin(query.anim_time*90*2-30)*3", 27.83168, 5.36349]
				},
				"tail3": {
					"rotation": ["26.9423+math.sin(query.anim_time*90*2-40)*3", 21.86254, 9.74276]
				},
				"tail4": {
					"rotation": ["-20.1492-math.sin(query.anim_time*90-40)*3", 7.10731, -2.40119]
				},
				"tail5": {
					"rotation": [-20.15874, 7.04533, -2.57816]
				},
				"right_arm": {
					"rotation": [0, 0, "-40-math.sin(query.anim_time*90)*7"]
				},
				"right_arm2": {
					"rotation": [0, "-60+math.sin(query.anim_time*90-20)*3", 0]
				},
				"neck": {
					"rotation": ["17.5+math.sin(query.anim_time*90-20)*3", 0, 0]
				},
				"neck2": {
					"rotation": [-15, 0, 0]
				},
				"head": {
					"rotation": ["-5+math.sin(query.anim_time*90-20)*1.5", 0, 0]
				},
				"lower_jaw": {
					"rotation": ["4+math.sin(query.anim_time*90-10)*3", 0, 0]
				},
				"frill": {
					"rotation": [27.5, 0, 0]
				},
				"frill2": {
					"rotation": [0, 0, 25]
				},
				"frill3": {
					"rotation": [0, 0, -25]
				},
				"frill4": {
					"rotation": [-25, 0, 0]
				},
				"frill5": {
					"rotation": [-25, 0, 0]
				},
				"frill6": {
					"rotation": [0, 0, 25]
				},
				"frill7": {
					"rotation": [25, 0, 0]
				},
				"frill8": {
					"rotation": [0, 0, -25]
				},
				"frill17": {
					"rotation": [42.5, 0, 0]
				},
				"frill18": {
					"rotation": [0, 0, 42.5]
				},
				"frill19": {
					"rotation": [0, 0, -42.5]
				},
				"frill20": {
					"rotation": [-42.5, 0, 0]
				},
				"frill21": {
					"rotation": [-42.5, 0, 0]
				},
				"frill22": {
					"rotation": [0, 0, 42.5]
				},
				"frill23": {
					"rotation": [42.5, 0, 0]
				},
				"frill24": {
					"rotation": [0, 0, -42.5]
				},
				"left_arm": {
					"rotation": [0, 0, "40+math.sin(query.anim_time*90-45)*7"]
				},
				"left_arm2": {
					"rotation": [0, "60-math.sin(query.anim_time*90-20)*3", 0]
				}
			}
		},
		"animation.heliolisk.ground_walk": {
			"loop": true,
			"animation_length": 4,
			"bones": {
				"left_leg": {
					"rotation": ["-22.5+math.sin(query.anim_time*90*3-40)*8", 0, -10]
				},
				"left_leg2": {
					"rotation": [-17.5, 0, 0]
				},
				"right_leg": {
					"rotation": ["-22.5-math.sin(query.anim_time*90*3-40)*8", 0, 10]
				},
				"right_leg2": {
					"rotation": [-17.5, 0, 0]
				},
				"right_leg3": {
					"rotation": [-12.5, 0, -7.5]
				},
				"left_leg3": {
					"rotation": [-12.5, 0, 7.5]
				},
				"right_leg4": {
					"rotation": [-37.5, 0, 0]
				},
				"left_leg4": {
					"rotation": [-37.5, 0, 0]
				},
				"upper_body": {
					"rotation": {
						"0.0": ["12.5+math.sin(query.anim_time*90)*3", 0, 0],
						"1.7083": ["22.5+math.sin(query.anim_time*90)*3", 0, 0]
					}
				},
				"tail": {
					"rotation": ["-15+math.sin(query.anim_time*90*2-20)*3", 0, 0]
				},
				"tail2": {
					"rotation": ["13.8779+math.sin(query.anim_time*90*2-30)*3", 27.83168, 5.36349]
				},
				"tail3": {
					"rotation": ["26.9423+math.sin(query.anim_time*90*2-40)*3", 21.86254, 9.74276]
				},
				"tail4": {
					"rotation": ["-20.1492-math.sin(query.anim_time*90-40)*3", 7.10731, -2.40119]
				},
				"tail5": {
					"rotation": [-20.15874, 7.04533, -2.57816]
				},
				"right_arm": {
					"rotation": [0, 0, "-40-math.sin(query.anim_time*90)*7"]
				},
				"right_arm2": {
					"rotation": [0, "-60+math.sin(query.anim_time*90-20)*3", 0]
				},
				"neck": {
					"rotation": ["17.5+math.sin(query.anim_time*90-20)*3", 0, 0]
				},
				"neck2": {
					"rotation": [-15, 0, 0]
				},
				"head": {
					"rotation": ["-5+math.sin(query.anim_time*90-20)*1.5", 0, 0]
				},
				"lower_jaw": {
					"rotation": ["4+math.sin(query.anim_time*90-10)*3", 0, 0]
				},
				"frill": {
					"rotation": [27.5, 0, 0]
				},
				"frill2": {
					"rotation": [0, 0, 25]
				},
				"frill3": {
					"rotation": [0, 0, -25]
				},
				"frill4": {
					"rotation": [-25, 0, 0]
				},
				"frill5": {
					"rotation": [-25, 0, 0]
				},
				"frill6": {
					"rotation": [0, 0, 25]
				},
				"frill7": {
					"rotation": [25, 0, 0]
				},
				"frill8": {
					"rotation": [0, 0, -25]
				},
				"frill17": {
					"rotation": [42.5, 0, 0]
				},
				"frill18": {
					"rotation": [0, 0, 42.5]
				},
				"frill19": {
					"rotation": [0, 0, -42.5]
				},
				"frill20": {
					"rotation": [-42.5, 0, 0]
				},
				"frill21": {
					"rotation": [-42.5, 0, 0]
				},
				"frill22": {
					"rotation": [0, 0, 42.5]
				},
				"frill23": {
					"rotation": [42.5, 0, 0]
				},
				"frill24": {
					"rotation": [0, 0, -42.5]
				},
				"left_arm": {
					"rotation": [0, 0, "40+math.sin(query.anim_time*90-45)*7"]
				},
				"left_arm2": {
					"rotation": [0, "60-math.sin(query.anim_time*90-20)*3", 0]
				}
			}
		},
		"animation.heliolisk.battle_idle": {
			"loop": true,
			"animation_length": 4,
			"bones": {
				"left_leg": {
					"rotation": [-22.5, 0, -10]
				},
				"left_leg2": {
					"rotation": [-17.5, 0, 0]
				},
				"right_leg": {
					"rotation": [-22.5, 0, 10]
				},
				"right_leg2": {
					"rotation": [-17.5, 0, 0]
				},
				"right_leg3": {
					"rotation": [-12.5, 0, -7.5]
				},
				"left_leg3": {
					"rotation": [-12.5, 0, 7.5]
				},
				"right_leg4": {
					"rotation": [-37.5, 0, 0]
				},
				"left_leg4": {
					"rotation": [-37.5, 0, 0]
				},
				"upper_body": {
					"rotation": ["12.5+math.sin(query.anim_time*90*4)", 0, 0]
				},
				"tail": {
					"rotation": ["-15+math.sin(query.anim_time*90*2-20)*3", 0, 0]
				},
				"tail2": {
					"rotation": ["13.8779+math.sin(query.anim_time*90*2-30)*3", 27.83168, 5.36349]
				},
				"tail3": {
					"rotation": ["26.9423+math.sin(query.anim_time*90*2-40)*3", 21.86254, 9.74276]
				},
				"tail4": {
					"rotation": ["-20.1492-math.sin(query.anim_time*90-40)*3", 7.10731, -2.40119]
				},
				"tail5": {
					"rotation": [-20.15874, 7.04533, -2.57816]
				},
				"right_arm": {
					"rotation": [0, 0, "-40-math.sin(query.anim_time*90)*7"]
				},
				"right_arm2": {
					"rotation": [0, "-60+math.sin(query.anim_time*90*4-20)*3", 0]
				},
				"neck": {
					"rotation": ["17.5+math.sin(query.anim_time*90*4-20)", 0, 0]
				},
				"neck2": {
					"rotation": [-15, 0, 0]
				},
				"head": {
					"rotation": ["-5+math.sin(query.anim_time*90*4-20)*1.5", 0, 0]
				},
				"lower_jaw": {
					"rotation": ["4+math.sin(query.anim_time*90*2-10)*3", 0, 0]
				},
				"frill": {
					"rotation": [27.5, 0, 0]
				},
				"frill2": {
					"rotation": [0, 0, 25]
				},
				"frill3": {
					"rotation": [0, 0, -25]
				},
				"frill4": {
					"rotation": [-25, 0, 0]
				},
				"frill5": {
					"rotation": [-25, 0, 0]
				},
				"frill6": {
					"rotation": [0, 0, 25]
				},
				"frill7": {
					"rotation": [25, 0, 0]
				},
				"frill8": {
					"rotation": [0, 0, -25]
				},
				"frill17": {
					"rotation": [42.5, 0, 0]
				},
				"frill18": {
					"rotation": [0, 0, 42.5]
				},
				"frill19": {
					"rotation": [0, 0, -42.5]
				},
				"frill20": {
					"rotation": [-42.5, 0, 0]
				},
				"frill21": {
					"rotation": [-42.5, 0, 0]
				},
				"frill22": {
					"rotation": [0, 0, 42.5]
				},
				"frill23": {
					"rotation": [42.5, 0, 0]
				},
				"frill24": {
					"rotation": [0, 0, -42.5]
				},
				"left_arm": {
					"rotation": [0, 0, "40+math.sin(query.anim_time*90*2-45)*7"]
				},
				"left_arm2": {
					"rotation": [0, "60-math.sin(query.anim_time*90*2-20)", 0]
				}
			}
		},
		"animation.heliolisk.blink": {
			"animation_length": 0.5,
			"bones": {
				"left_eyelid": {
					"position": {
						"0.0": [-2.98, 2, -2],
						"0.25": {"pre": [-2.98, 2, -2], "post": [-3.025, 2, -2]},
						"0.5": {"pre": [-3.025, 2, -2], "post": [-2.78, 2, -2]}
					}
				},
				"right_eyelid": {
					"position": {
						"0.0": [2.995, 2, -2],
						"0.25": {"pre": [2.995, 2, -2], "post": [3.025, 2, -2]},
						"0.5": {"pre": [3.025, 2, -2], "post": [-2.78, 2, -2]}
					}
				}
			}
		}
	}
}