{
	"format_version": "1.8.0",
	"animations": {
		"animation.hooh.ground_idle": {
			"loop": true,
			"bones": {
				"body": {
					"rotation": ["42.5+Math.cos((query.anim_time-0.6) * 45 * 2) *-2", 0, 0],
					"position": [0, "30-math.sin(q.anim_time*45*3-55)*6", -3]
				},
				"neck": {
					"rotation": ["math.sin(q.anim_time*45*3-50)*12", 0, 0]
				},
				"neck2": {
					"rotation": ["-30+math.sin(q.anim_time*45*3-75)*-5", 0, 0]
				},
				"head": {
					"rotation": ["-35+math.sin(q.anim_time*45*3-85)*-3", 0, 0]
				},
				"lower_beak": {
					"rotation": ["-37.5+math.sin(q.anim_time*45*3-50)*10", 0, 0]
				},
				"left_wing": {
					"rotation": ["16.7265+math.sin(q.anim_time*45*3+0)*15", "0.4397+math.sin(q.anim_time*45*3+0)*20", "-18.4241+math.sin(q.anim_time*45*3+0)*35"]
				},
				"left_wing2": {
					"rotation": [-1.16648, "0.4018+math.sin(q.anim_time*45*3-50)*2", "2.5868+math.sin(q.anim_time*45*3-50)*15"]
				},
				"left_wing3": {
					"rotation": [-2.91292, "math.sin(q.anim_time*45*3+0)*5", "-0.2067+math.sin(q.anim_time*45*3-80)*15"]
				},
				"right_wing": {
					"rotation": ["16.7266+math.sin(q.anim_time*45*3+0)*15", "-0.4398-math.sin(q.anim_time*45*3+0)*20", "18.4241-math.sin(q.anim_time*45*3+0)*35"]
				},
				"right_wing2": {
					"rotation": [-1.16648, "-0.4018-math.sin(q.anim_time*45*3-50)*2", "-2.5868-math.sin(q.anim_time*45*3-50)*15"]
				},
				"right_wing3": {
					"rotation": [-2.91292, "-math.sin(q.anim_time*45*3+0)*5", "-0.2067-math.sin(q.anim_time*45*3-80)*15"]
				},
				"tail": {
					"rotation": ["math.sin(q.anim_time*45*3-50)*-12", "math.sin(q.anim_time*45*3-50)*-12", 0]
				},
				"left_legg": {
					"rotation": ["-14.2925+math.sin(q.anim_time*45*3+150)*7.5", -15.68025, "12.4574+math.sin(q.anim_time*45*3+130+180)*5"]
				},
				"left_legg2": {
					"rotation": ["-10+math.sin(q.anim_time*45*3+180)*5", 0, 5]
				},
				"left_foot": {
					"rotation": [-12.5, 0, 0]
				},
				"left_back_toe": {
					"rotation": [52.5, 0, 0]
				},
				"left_back_toe2": {
					"rotation": [35, 0, 0]
				},
				"left_left_toe": {
					"rotation": [-15, -20, 0]
				},
				"left_left_toe2": {
					"rotation": [-35, 0, 0]
				},
				"left_middle_toe": {
					"rotation": [-25, 0, 0]
				},
				"left_middle_toe2": {
					"rotation": [-20, 0, 0]
				},
				"left_right_toe": {
					"rotation": [-37.5, 20, 0]
				},
				"left_right_toe2": {
					"rotation": [-30, 0, 0]
				},
				"right_legg": {
					"rotation": ["-14.2925+math.sin(q.anim_time*45*3-150)*7.5", 15.68025, "-12.4574-math.sin(q.anim_time*45*3+130-180)*5"]
				},
				"right_legg2": {
					"rotation": ["-10-math.sin(q.anim_time*45*3+180)*5", 0, -5]
				},
				"right_foot": {
					"rotation": [-15, 0, 0]
				},
				"right_back_toe": {
					"rotation": [67.5, 0, 0]
				},
				"right_back_toe2": {
					"rotation": [35, 0, 0]
				},
				"right_left_toe": {
					"rotation": [-41.7633, 15.18892, -13.16783]
				},
				"right_right_toe": {
					"rotation": [-27.5, 0, 0]
				},
				"right_middle_toe": {
					"rotation": [-52.5, 0, 0]
				},
				"right_middle_toe2": {
					"rotation": [-35, 0, 0]
				},
				"left_right_toe3": {
					"rotation": [-63.30542, -6.86379, 13.36965]
				},
				"left_right_toe4": {
					"rotation": [-22.5, 0, 0]
				}
			}
		},
		"animation.hooh.ground_walk": {
			"loop": true,
			"bones": {
				"body": {
					"rotation": [7.5, 0, 0],
					"position": [0, "30-math.sin(q.anim_time*45*3-55)*5", 7]
				},
				"neck": {
					"rotation": ["-3.1499+math.sin(q.anim_time*45*3-50)*10", 1.30302, -3.26815]
				},
				"neck2": {
					"rotation": ["-17.5+math.sin(q.anim_time*45*3-75)*-5", 0, 0]
				},
				"head": {
					"rotation": ["7.5-math.sin(q.anim_time*45*3-85)*6", 0, 0]
				},
				"left_wing": {
					"rotation": ["-13.2735+math.sin(q.anim_time*45*3+0)*15", "0.4397+math.sin(q.anim_time*45*3+0)*20", "-18.4241+math.sin(q.anim_time*45*3+0)*35"]
				},
				"left_wing2": {
					"rotation": [-1.16648, "0.4018+math.sin(q.anim_time*45*3-50)*2", "2.5868+math.sin(q.anim_time*45*3-50)*15"]
				},
				"left_wing3": {
					"rotation": [-2.91292, "math.sin(q.anim_time*45*3+0)*5", "-0.2067+math.sin(q.anim_time*45*3-80)*15"]
				},
				"right_wing": {
					"rotation": ["-13.2734+math.sin(q.anim_time*45*3+0)*15", "-0.4398-math.sin(q.anim_time*45*3+0)*20", "18.4241-math.sin(q.anim_time*45*3+0)*35"]
				},
				"right_wing2": {
					"rotation": [-1.16648, "-0.4018-math.sin(q.anim_time*45*3-50)*2", "-2.5868-math.sin(q.anim_time*45*3-50)*15"]
				},
				"right_wing3": {
					"rotation": [-2.91292, "-math.sin(q.anim_time*45*3+0)*5", "-0.2067-math.sin(q.anim_time*45*3-80)*15"]
				},
				"tail": {
					"rotation": ["math.sin(q.anim_time*45*3-50)*-8", "math.sin(q.anim_time*45*3-50)*-7", 0]
				},
				"left_legg": {
					"rotation": ["-33.8123+math.sin(q.anim_time*45*3+150)*7.5", -20.36194, "12.6878+math.sin(q.anim_time*45*3+130+180)*5"]
				},
				"left_legg2": {
					"rotation": ["-10+math.sin(q.anim_time*45*3+180)*5", 0, 5]
				},
				"left_foot": {
					"rotation": [-12.5, 0, 0]
				},
				"left_back_toe": {
					"rotation": [52.5, 0, 0]
				},
				"left_back_toe2": {
					"rotation": [35, 0, 0]
				},
				"left_left_toe": {
					"rotation": [-15, -20, 0]
				},
				"left_left_toe2": {
					"rotation": [-35, 0, 0]
				},
				"left_middle_toe": {
					"rotation": [-25, 0, 0]
				},
				"left_middle_toe2": {
					"rotation": [-20, 0, 0]
				},
				"left_right_toe": {
					"rotation": [-37.5, 20, 0]
				},
				"left_right_toe2": {
					"rotation": [-30, 0, 0]
				},
				"right_legg": {
					"rotation": ["-24.2925+math.sin(q.anim_time*45*3-150)*7.5", 15.68025, "-12.4574-math.sin(q.anim_time*45*3+130-180)*5"]
				},
				"right_legg2": {
					"rotation": ["-10-math.sin(q.anim_time*45*3+180)*5", 0, -5]
				},
				"right_foot": {
					"rotation": [-15, 0, 0]
				},
				"right_back_toe": {
					"rotation": [67.5, 0, 0]
				},
				"right_back_toe2": {
					"rotation": [35, 0, 0]
				},
				"right_left_toe": {
					"rotation": [-41.7633, 15.18892, -13.16783]
				},
				"right_right_toe": {
					"rotation": [-27.5, 0, 0]
				},
				"right_middle_toe": {
					"rotation": [-52.5, 0, 0]
				},
				"right_middle_toe2": {
					"rotation": [-35, 0, 0]
				},
				"left_right_toe3": {
					"rotation": [-63.30542, -6.86379, 13.36965]
				},
				"left_right_toe4": {
					"rotation": [-22.5, 0, 0]
				}
			}
		},
		"animation.hooh.air_idle": {
			"loop": true,
			"bones": {
				"body": {
					"rotation": ["35+Math.cos((query.anim_time-0.6) * 45 * 2) *-2", 0, 0],
					"position": [0, "30-math.sin(q.anim_time*45*3-55)*6", -6]
				},
				"neck": {
					"rotation": ["math.sin(q.anim_time*45*3-50)*12", 0, 0]
				},
				"neck2": {
					"rotation": ["-30+math.sin(q.anim_time*45*3-75)*-5", 0, 0]
				},
				"head": {
					"rotation": ["-10+math.sin(q.anim_time*45*3-85)*-3", 0, 0]
				},
				"lower_beak": {
					"rotation": ["-37.5+math.sin(q.anim_time*45*3-50)*10", 0, 0]
				},
				"left_wing": {
					"rotation": ["16.7265+math.sin(q.anim_time*45*3+0)*15", "0.4397+math.sin(q.anim_time*45*3+0)*20", "-18.4241+math.sin(q.anim_time*45*3+0)*35"]
				},
				"left_wing2": {
					"rotation": [-1.16648, "0.4018+math.sin(q.anim_time*45*3-50)*2", "2.5868+math.sin(q.anim_time*45*3-50)*15"]
				},
				"left_wing3": {
					"rotation": [-2.91292, "math.sin(q.anim_time*45*3+0)*5", "-0.2067+math.sin(q.anim_time*45*3-80)*15"]
				},
				"right_wing": {
					"rotation": ["16.7266+math.sin(q.anim_time*45*3+0)*15", "-0.4398-math.sin(q.anim_time*45*3+0)*20", "18.4241-math.sin(q.anim_time*45*3+0)*35"]
				},
				"right_wing2": {
					"rotation": [-1.16648, "-0.4018-math.sin(q.anim_time*45*3-50)*2", "-2.5868-math.sin(q.anim_time*45*3-50)*15"]
				},
				"right_wing3": {
					"rotation": [-2.91292, "-math.sin(q.anim_time*45*3+0)*5", "-0.2067-math.sin(q.anim_time*45*3-80)*15"]
				},
				"tail": {
					"rotation": ["math.sin(q.anim_time*45*3-50)*-12", "math.sin(q.anim_time*45*3-50)*-12", 0]
				},
				"left_legg": {
					"rotation": ["-14.2925+math.sin(q.anim_time*45*3+150)*7.5", -15.68025, "12.4574+math.sin(q.anim_time*45*3+130+180)*5"]
				},
				"left_legg2": {
					"rotation": ["-10+math.sin(q.anim_time*45*3+180)*5", 0, 5]
				},
				"left_foot": {
					"rotation": [-12.5, 0, 0]
				},
				"left_back_toe": {
					"rotation": [52.5, 0, 0]
				},
				"left_back_toe2": {
					"rotation": [35, 0, 0]
				},
				"left_left_toe": {
					"rotation": [-15, -20, 0]
				},
				"left_left_toe2": {
					"rotation": [-35, 0, 0]
				},
				"left_middle_toe": {
					"rotation": [-25, 0, 0]
				},
				"left_middle_toe2": {
					"rotation": [-20, 0, 0]
				},
				"left_right_toe": {
					"rotation": [-37.5, 20, 0]
				},
				"left_right_toe2": {
					"rotation": [-30, 0, 0]
				},
				"right_legg": {
					"rotation": ["-14.2925+math.sin(q.anim_time*45*3-150)*7.5", 15.68025, "-12.4574-math.sin(q.anim_time*45*3+130-180)*5"]
				},
				"right_legg2": {
					"rotation": ["-10-math.sin(q.anim_time*45*3+180)*5", 0, -5]
				},
				"right_foot": {
					"rotation": [-15, 0, 0]
				},
				"right_back_toe": {
					"rotation": [67.5, 0, 0]
				},
				"right_back_toe2": {
					"rotation": [35, 0, 0]
				},
				"right_left_toe": {
					"rotation": [-41.7633, 15.18892, -13.16783]
				},
				"right_right_toe": {
					"rotation": [-27.5, 0, 0]
				},
				"right_middle_toe": {
					"rotation": [-52.5, 0, 0]
				},
				"right_middle_toe2": {
					"rotation": [-35, 0, 0]
				},
				"left_right_toe3": {
					"rotation": [-63.30542, -6.86379, 13.36965]
				},
				"left_right_toe4": {
					"rotation": [-22.5, 0, 0]
				}
			}
		},
		"animation.hooh.air_fly": {
			"loop": true,
			"bones": {
				"body": {
					"rotation": [2.5, 0, 0],
					"position": [0, "30-math.sin(q.anim_time*45*3-55)*5", 6]
				},
				"neck": {
					"rotation": ["15+math.sin(q.anim_time*45*3-50)*12", 0, 0]
				},
				"neck2": {
					"rotation": ["-25+math.sin(q.anim_time*45*3-75)*-5", 0, 0]
				},
				"head": {
					"rotation": ["math.sin(q.anim_time*45*3-85)*-3", 0, 0]
				},
				"left_wing": {
					"rotation": ["-13.2735+math.sin(q.anim_time*45*3+0)*15", "0.4397+math.sin(q.anim_time*45*3+0)*20", "-18.4241+math.sin(q.anim_time*45*3+0)*35"]
				},
				"left_wing2": {
					"rotation": [-1.16648, "0.4018+math.sin(q.anim_time*45*3-50)*2", "2.5868+math.sin(q.anim_time*45*3-50)*15"]
				},
				"left_wing3": {
					"rotation": [-2.91292, "math.sin(q.anim_time*45*3+0)*5", "-0.2067+math.sin(q.anim_time*45*3-80)*15"]
				},
				"right_wing": {
					"rotation": ["-13.2734+math.sin(q.anim_time*45*3+0)*15", "-0.4398-math.sin(q.anim_time*45*3+0)*20", "18.4241-math.sin(q.anim_time*45*3+0)*35"]
				},
				"right_wing2": {
					"rotation": [-1.16648, "-0.4018-math.sin(q.anim_time*45*3-50)*2", "-2.5868-math.sin(q.anim_time*45*3-50)*15"]
				},
				"right_wing3": {
					"rotation": [-2.91292, "-math.sin(q.anim_time*45*3+0)*5", "-0.2067-math.sin(q.anim_time*45*3-80)*15"]
				},
				"tail": {
					"rotation": ["math.sin(q.anim_time*45*3-50)*-6", "math.sin(q.anim_time*45*3-50)*-6", 0]
				},
				"left_legg": {
					"rotation": ["-33.8123+math.sin(q.anim_time*45*3+150)*7.5", -20.36194, "12.6878+math.sin(q.anim_time*45*3+130+180)*5"]
				},
				"left_legg2": {
					"rotation": ["-10+math.sin(q.anim_time*45*3+180)*5", 0, 5]
				},
				"left_foot": {
					"rotation": [-12.5, 0, 0]
				},
				"left_back_toe": {
					"rotation": [52.5, 0, 0]
				},
				"left_back_toe2": {
					"rotation": [35, 0, 0]
				},
				"left_left_toe": {
					"rotation": [-15, -20, 0]
				},
				"left_left_toe2": {
					"rotation": [-35, 0, 0]
				},
				"left_middle_toe": {
					"rotation": [-25, 0, 0]
				},
				"left_middle_toe2": {
					"rotation": [-20, 0, 0]
				},
				"left_right_toe": {
					"rotation": [-37.5, 20, 0]
				},
				"left_right_toe2": {
					"rotation": [-30, 0, 0]
				},
				"right_legg": {
					"rotation": ["-24.2925+math.sin(q.anim_time*45*3-150)*7.5", 15.68025, "-12.4574-math.sin(q.anim_time*45*3+130-180)*5"]
				},
				"right_legg2": {
					"rotation": ["-10-math.sin(q.anim_time*45*3+180)*5", 0, -5]
				},
				"right_foot": {
					"rotation": [-15, 0, 0]
				},
				"right_back_toe": {
					"rotation": [67.5, 0, 0]
				},
				"right_back_toe2": {
					"rotation": [35, 0, 0]
				},
				"right_left_toe": {
					"rotation": [-41.7633, 15.18892, -13.16783]
				},
				"right_right_toe": {
					"rotation": [-27.5, 0, 0]
				},
				"right_middle_toe": {
					"rotation": [-52.5, 0, 0]
				},
				"right_middle_toe2": {
					"rotation": [-35, 0, 0]
				},
				"left_right_toe3": {
					"rotation": [-63.30542, -6.86379, 13.36965]
				},
				"left_right_toe4": {
					"rotation": [-22.5, 0, 0]
				}
			}
		},
		"animation.hooh.cry": {
			"animation_length": 2,
			"bones": {
				"neck": {
					"rotation": {
						"0.0": [0, 0, 0],
						"0.2083": {
							"pre": [-7.5, 0, 0],
							"post": [-7.5, 0, 0],
							"lerp_mode": "catmullrom"
						},
						"0.4583": {
							"post": [0, 0, 0],
							"lerp_mode": "catmullrom"
						},
						"0.7083": {
							"post": [12.5, 0, 0],
							"lerp_mode": "catmullrom"
						},
						"1.1667": {
							"post": [12.5, 0, 0],
							"lerp_mode": "catmullrom"
						},
						"1.5833": {
							"post": [0, 0, 0],
							"lerp_mode": "catmullrom"
						}
					}
				},
				"neck2": {
					"rotation": {
						"0.0": [0, 0, 0],
						"0.25": {
							"pre": [-15, 0, 0],
							"post": [-15, 0, 0],
							"lerp_mode": "catmullrom"
						},
						"0.4583": {
							"post": [0, 0, 0],
							"lerp_mode": "catmullrom"
						},
						"0.75": {
							"post": [12.5, 0, 0],
							"lerp_mode": "catmullrom"
						},
						"1.2083": {
							"post": [12.5, 0, 0],
							"lerp_mode": "catmullrom"
						},
						"1.5833": {
							"post": [0, 0, 0],
							"lerp_mode": "catmullrom"
						}
					}
				},
				"lower_beak": {
					"rotation": {
						"0.0": [0, 0, 0],
						"0.25": [-30, 0, 0],
						"0.75": [-50, 0, 0],
						"0.7917": [-45, 0, 0],
						"0.8333": [-50, 0, 0],
						"0.875": [-50, 0, 0],
						"0.9167": [-45, 0, 0],
						"0.9583": [-50, 0, 0],
						"1.2083": [-45, 0, 0],
						"1.5": [0, 0, 0]
					}
				}
			}
		},
		"animation.hooh.blink": {
			"animation_length": 0.1667,
			"bones": {
				"left_eye_lid": {
					"position": {
						"0.0": [-0.82, 0, 0.72],
						"0.1667": {"pre": [-0.82, 0, 0.72], "post": [0, 0, 0]}
					}
				},
				"right_eye_lid": {
					"position": {
						"0.0": [0.82, 0, 0.72],
						"0.1667": {"pre": [0.82, 0, 0.72], "post": [0, 0, 0]}
					}
				}
			}
		}
	}
}