{
	"format_version": "1.8.0",
	"animations": {
		"kingambit": {
			"loop": true,
			"bones": {
				"kingambit": {
					"position": [0, -4, 0]
				},
				"leftarm": {
					"rotation": [-6.68987, 39.01009, -28.00827]
				},
				"lefthand": {
					"rotation": [-107.54108, 47.85683, -64.33956]
				},
				"leftbigfing": {
					"rotation": [-1.90804, 3.40487, 29.71975]
				},
				"leftbigfing2": {
					"rotation": [0, 0, 12.5]
				},
				"leftleg": {
					"rotation": [-65.85133, -20.70481, -9.00717]
				},
				"leftleg2": {
					"rotation": [5, 0, 0]
				},
				"hoof": {
					"rotation": [2.4905, 0.21782, -4.99527]
				},
				"hair2": {
					"rotation": [5, 0, 0]
				},
				"hair3": {
					"rotation": [-22.5, 0, 0]
				},
				"hair4": {
					"rotation": [-52.5, 0, 0]
				},
				"hair5": {
					"rotation": [142.5, 0, 0]
				},
				"hair6": {
					"rotation": [17.5, 0, 0]
				},
				"leftleg3": {
					"rotation": [60.61118, -2.69695, 21.27106]
				},
				"rightarm": {
					"rotation": [0, 0, 57.5]
				},
				"righthand": {
					"rotation": [-19.50432, -19.50645, 13.27463]
				},
				"rightbigfing": {
					"rotation": [0, 0, 5]
				},
				"rightbigfing2": {
					"rotation": [0, 0, 7.5]
				},
				"rightthumb": {
					"rotation": [3.02586, 34.84771, -44.90766]
				},
				"rightleg": {
					"rotation": [-68.82717, 18.74724, 7.09597]
				},
				"rightleg2": {
					"rotation": [7.5, 0, 0]
				},
				"rightleg3": {
					"rotation": [70, 0, 0]
				},
				"hoof2": {
					"rotation": [-2.99693, -14.8687, -7.7614]
				}
			}
		},
		"animation.kingambit.ground_idle": {
			"loop": true,
			"animation_length": 8,
			"bones": {
				"kingambit": {
					"position": [0, -4, 0]
				},
				"leftarm": {
					"rotation": ["10.8101-math.sin(query.anim_time*90*1-40)*1", "39.0101-math.sin(query.anim_time*90*0.5-40)*1", -28.00827]
				},
				"lefthand": {
					"rotation": [-95.65906, 16.00608, -56.94196]
				},
				"leftbigfing": {
					"rotation": [-2.47049, 3.02189, 19.71129]
				},
				"leftbigfing2": {
					"rotation": [0, 0, 12.5]
				},
				"leftleg": {
					"rotation": [-64.43855, -27.51235, -12.45891]
				},
				"leftleg2": {
					"rotation": ["7.5047-math.sin(query.anim_time*90*0.5-20)*0.5", -2.49048, -0.21803]
				},
				"hoof": {
					"rotation": [2.4905, 0.21782, -4.99527]
				},
				"hair2": {
					"rotation": [5, 0, 0]
				},
				"hair3": {
					"rotation": [-22.5, 0, 0]
				},
				"hair4": {
					"rotation": [-52.5, 0, 0]
				},
				"hair5": {
					"rotation": [142.5, 0, 0]
				},
				"hair6": {
					"rotation": ["17.5-math.sin(query.anim_time*90*1-20)*2", 0, 0]
				},
				"leftleg3": {
					"rotation": [60.61118, -2.69695, 21.27106]
				},
				"rightarm": {
					"rotation": ["-6.6899-math.sin(query.anim_time*90*1-40)*1", "-39.0101-math.sin(query.anim_time*90*0.5-40)*1", 28.00827]
				},
				"righthand": {
					"rotation": [-104.92266, -38.25104, 60.51832]
				},
				"rightbigfing": {
					"rotation": [-1.90804, -3.40487, -29.71975]
				},
				"rightbigfing2": {
					"rotation": [0, 0, -12.5]
				},
				"rightthumb": {
					"rotation": [3.02586, 34.84771, -44.90766]
				},
				"rightleg": {
					"rotation": [-68.82717, 18.74724, 7.09597]
				},
				"rightleg2": {
					"rotation": ["7.5-math.sin(query.anim_time*90*0.5-20)*0.5", 0, 0]
				},
				"rightleg3": {
					"rotation": [70, 0, 0]
				},
				"hoof2": {
					"rotation": [-2.99693, -14.8687, -7.7614]
				},
				"body": {
					"position": [0, "math.cos(query.anim_time*90*1-90)*0.05-0.05", 0]
				},
				"torso": {
					"rotation": ["12.5+math.sin(query.anim_time*90*1-20)*2", "-5+math.sin(query.anim_time*90*0.5-20)*2", 0]
				},
				"head": {
					"rotation": ["-5-math.sin(query.anim_time*90*1-40)*3", "5-math.sin(query.anim_time*90*0.5-40)*3", 0]
				},
				"hair": {
					"rotation": ["math.sin(query.anim_time*90*1-60)*2", "math.sin(query.anim_time*90*0.5-60)*2", 0]
				}
			}
		},
		"animation.kingambit.ground_walk": {
			"loop": true,
			"animation_length": 4,
			"bones": {
				"kingambit": {
					"position": [0, -4, 0]
				},
				"leftarm": {
					"rotation": ["18.4616-math.sin(query.anim_time*90*2-40)*1", "36.3628-math.sin(query.anim_time*90*1-40)*1", -15.70318]
				},
				"lefthand": {
					"rotation": [-95.8265, 20.98103, -57.4694]
				},
				"leftbigfing": {
					"rotation": [-2.47049, 3.02189, "19.7113-math.sin(query.anim_time*90*2-60)*2"]
				},
				"leftbigfing2": {
					"rotation": [0, 0, "12.53-math.sin(query.anim_time*90*2-80)*2"]
				},
				"leftleg": {
					"rotation": [-64.43855, -27.51235, -12.45891]
				},
				"leftleg2": {
					"rotation": ["-7.4953+math.sin(query.anim_time*90*2-20)*2", -2.49048, -0.21803]
				},
				"hoof": {
					"rotation": ["2.4905+math.sin(query.anim_time*90*2-60)*2", 0.21782, -4.99527]
				},
				"hair2": {
					"rotation": [5, 0, 0]
				},
				"hair3": {
					"rotation": [-22.5, 0, 0]
				},
				"hair4": {
					"rotation": [-52.5, 0, 0]
				},
				"hair5": {
					"rotation": [150, 0, 0]
				},
				"hair6": {
					"rotation": ["27.5-math.sin(query.anim_time*90*2-20)*4", 0, 0]
				},
				"leftleg3": {
					"rotation": ["88.1112+math.sin(query.anim_time*90*2-40)*2", -2.69695, 21.27106]
				},
				"rightarm": {
					"rotation": ["3.2976-math.sin(query.anim_time*90*2-40)*1", "-39.2417-math.sin(query.anim_time*90*1-40)*1", 12.0223]
				},
				"righthand": {
					"rotation": [-104.92266, -38.25104, 60.51832]
				},
				"rightbigfing": {
					"rotation": [-1.90804, -3.40487, "-29.7197+math.sin(query.anim_time*90*2-60)*2"]
				},
				"rightbigfing2": {
					"rotation": [0, 0, "-12.5+math.sin(query.anim_time*90*2-80)*2"]
				},
				"rightthumb": {
					"rotation": [0, 0, 0]
				},
				"rightleg": {
					"rotation": [-68.82717, 18.74724, 7.09597]
				},
				"rightleg2": {
					"rotation": ["-5+math.sin(query.anim_time*90*2-20)*2", 0, 0]
				},
				"rightleg3": {
					"rotation": ["97.5+math.sin(query.anim_time*90*2-40)*2", 0, 0]
				},
				"hoof2": {
					"rotation": ["-2.9969+math.sin(query.anim_time*90*2-60)*2", -14.8687, -7.7614]
				},
				"torso": {
					"rotation": ["-10-math.sin(query.anim_time*90*2-20)*2", "-5+math.sin(query.anim_time*90*1-20)*1", 0]
				},
				"head": {
					"rotation": ["-math.sin(query.anim_time*90*2-40)*2", "5-math.sin(query.anim_time*90*1-40)*2", 0]
				},
				"hair": {
					"rotation": ["math.sin(query.anim_time*90*2-40)*3", "math.sin(query.anim_time*90*1-40)*1", 0]
				},
				"body": {
					"position": [0, 0, "-math.sin(query.anim_time*90*2-0)*1"]
				}
			}
		},
		"animation.model.new": {
			"loop": true,
			"bones": {
				"body": {
					"position": [0, 0, "-query.anim_time*90*0.2"]
				}
			}
		}
	}
}