{
	"format_version": "1.8.0",
	"animations": {
		"pose": {
			"loop": true,
			"bones": {
				"mouth": {
					"rotation": [29.25, 0, 0]
				},
				"klawf1": {
					"rotation": [-7.5, 0, 0],
					"position": [0, 2, 0]
				},
				"leg_right_front_4": {
					"rotation": [12.10659, 14.2906, 0.57779]
				},
				"leg_left_front_1": {
					"rotation": [-68.75044, 37.79602, 20.03017]
				},
				"leg_left_front2": {
					"rotation": [0, 0, 40]
				},
				"leg_left_front3": {
					"rotation": [0, 0, 35]
				},
				"finger_left_front": {
					"rotation": [0, 0, 15]
				},
				"leg_right_front_1": {
					"rotation": [-57.6213, -39.30391, -26.23488]
				},
				"leg_right_front2": {
					"rotation": [0, 0, -42.5]
				},
				"leg_right_front3": {
					"rotation": [0, 0, -35]
				},
				"finger_right_front1": {
					"rotation": [0, 0, -22.5]
				},
				"leg_left_front_4": {
					"rotation": [10, -20, 0]
				},
				"leg_left_front4": {
					"rotation": [0, 0, 7.5]
				},
				"leg_left_front5": {
					"rotation": [0, 0, 67.5]
				},
				"finger_left_front2": {
					"rotation": [0, 0, 30]
				},
				"leg_left_front_3": {
					"rotation": [0.98448, -7.43547, 4.93603]
				},
				"leg_left_front6": {
					"rotation": [7.5, 0, 10]
				},
				"leg_left_front7": {
					"rotation": [0, 0, 47.5]
				},
				"leg_left_front_2": {
					"rotation": [7.5, 7.5, 7.5]
				},
				"leg_left_front8": {
					"rotation": [0, 0, 27.5]
				},
				"leg_left_front9": {
					"rotation": [0, 0, 17.5]
				},
				"finger_left_front4": {
					"rotation": [0, 0, 27.5]
				},
				"leg_right_front_2": {
					"rotation": [14.07763, -19.92204, -7.22297]
				},
				"leg_right_front8": {
					"rotation": [0, 0, -35]
				},
				"leg_right_front9": {
					"rotation": [0, 0, -12.5]
				},
				"finger_right_front4": {
					"rotation": [0, 0, -32.5]
				},
				"leg_right_front_3": {
					"rotation": [8.58482, 4.88119, 0.04624]
				},
				"leg_right_front6": {
					"rotation": [0, 0, -27.5]
				},
				"leg_right_front7": {
					"rotation": [0, 0, -22.5]
				},
				"finger_right_front3": {
					"rotation": [0, 0, -37.5]
				},
				"leg_right_front4": {
					"rotation": [0, 0, -25]
				},
				"leg_right_front5": {
					"rotation": [0, 0, -32.5]
				},
				"finger_right_front2": {
					"rotation": [0, 0, -25]
				}
			}
		},
		"animation.klawf.ground_idle": {
			"loop": true,
			"bones": {
				"mouth": {
					"rotation": [29.25, 0, 0]
				},
				"klawf1": {
					"rotation": [-7.5, 0, 0],
					"position": [0, 2, 0]
				},
				"leg_right_front_4": {
					"rotation": [12.10659, 14.2906, 0.57779]
				},
				"leg_left_front_1": {
					"rotation": [-68.75044, 37.79602, 20.03017]
				},
				"leg_left_front2": {
					"rotation": [0, 0, 40]
				},
				"leg_left_front3": {
					"rotation": [0, 0, 35]
				},
				"finger_left_front": {
					"rotation": [0, 0, 15]
				},
				"leg_right_front_1": {
					"rotation": [-57.6213, -39.30391, -26.23488]
				},
				"leg_right_front2": {
					"rotation": [0, 0, -42.5]
				},
				"leg_right_front3": {
					"rotation": [0, 0, -35]
				},
				"finger_right_front1": {
					"rotation": [0, 0, -22.5]
				},
				"leg_left_front_4": {
					"rotation": [10, -20, 0]
				},
				"leg_left_front4": {
					"rotation": [0, 0, 7.5]
				},
				"leg_left_front5": {
					"rotation": [0, 0, 67.5]
				},
				"finger_left_front2": {
					"rotation": [0, 0, 30]
				},
				"leg_left_front_3": {
					"rotation": [0.98448, -7.43547, 4.93603]
				},
				"leg_left_front6": {
					"rotation": [7.5, 0, 10]
				},
				"leg_left_front7": {
					"rotation": [0, 0, 47.5]
				},
				"leg_left_front_2": {
					"rotation": [7.5, 7.5, 7.5]
				},
				"leg_left_front8": {
					"rotation": [0, 0, 27.5]
				},
				"leg_left_front9": {
					"rotation": [0, 0, 17.5]
				},
				"finger_left_front4": {
					"rotation": [0, 0, 27.5]
				},
				"leg_right_front_2": {
					"rotation": [14.07763, -19.92204, -7.22297]
				},
				"leg_right_front8": {
					"rotation": [0, 0, -35]
				},
				"leg_right_front9": {
					"rotation": [0, 0, -12.5]
				},
				"finger_right_front4": {
					"rotation": [0, 0, -32.5]
				},
				"leg_right_front_3": {
					"rotation": [8.58482, 4.88119, 0.04624]
				},
				"leg_right_front6": {
					"rotation": [0, 0, -27.5]
				},
				"leg_right_front7": {
					"rotation": [0, 0, -22.5]
				},
				"finger_right_front3": {
					"rotation": [0, 0, -37.5]
				},
				"leg_right_front4": {
					"rotation": [0, 0, -25]
				},
				"leg_right_front5": {
					"rotation": [0, 0, -32.5]
				},
				"finger_right_front2": {
					"rotation": [0, 0, -25]
				}
			}
		},
		"animation.klawf.ground_walk": {
			"loop": true,
			"bones": {
				"mouth": {
					"rotation": [29.25, 0, 0]
				},
				"klawf1": {
					"rotation": [-7.5, 0, 0],
					"position": [0, 2, 0]
				},
				"leg_right_front_4": {
					"rotation": [12.10659, 14.2906, 0.57779]
				},
				"leg_left_front_1": {
					"rotation": [-68.75044, 37.79602, 20.03017]
				},
				"leg_left_front2": {
					"rotation": [0, 0, 40]
				},
				"leg_left_front3": {
					"rotation": [0, 0, 35]
				},
				"finger_left_front": {
					"rotation": [0, 0, 15]
				},
				"leg_right_front_1": {
					"rotation": [-57.6213, -39.30391, -26.23488]
				},
				"leg_right_front2": {
					"rotation": [0, 0, -42.5]
				},
				"leg_right_front3": {
					"rotation": [0, 0, -35]
				},
				"finger_right_front1": {
					"rotation": [0, 0, -22.5]
				},
				"leg_left_front_4": {
					"rotation": [10, -20, 0]
				},
				"leg_left_front4": {
					"rotation": [0, 0, 7.5]
				},
				"leg_left_front5": {
					"rotation": [0, 0, 67.5]
				},
				"finger_left_front2": {
					"rotation": [0, 0, 30]
				},
				"leg_left_front_3": {
					"rotation": [0.98448, -7.43547, 4.93603]
				},
				"leg_left_front6": {
					"rotation": [7.5, 0, 10]
				},
				"leg_left_front7": {
					"rotation": [0, 0, 47.5]
				},
				"leg_left_front_2": {
					"rotation": [7.5, 7.5, 7.5]
				},
				"leg_left_front8": {
					"rotation": [0, 0, 27.5]
				},
				"leg_left_front9": {
					"rotation": [0, 0, 17.5]
				},
				"finger_left_front4": {
					"rotation": [0, 0, 27.5]
				},
				"leg_right_front_2": {
					"rotation": [14.07763, -19.92204, -7.22297]
				},
				"leg_right_front8": {
					"rotation": [0, 0, -35]
				},
				"leg_right_front9": {
					"rotation": [0, 0, -12.5]
				},
				"finger_right_front4": {
					"rotation": [0, 0, -32.5]
				},
				"leg_right_front_3": {
					"rotation": [8.58482, 4.88119, 0.04624]
				},
				"leg_right_front6": {
					"rotation": [0, 0, -27.5]
				},
				"leg_right_front7": {
					"rotation": [0, 0, -22.5]
				},
				"finger_right_front3": {
					"rotation": [0, 0, -37.5]
				},
				"leg_right_front4": {
					"rotation": [0, 0, -25]
				},
				"leg_right_front5": {
					"rotation": [0, 0, -32.5]
				},
				"finger_right_front2": {
					"rotation": [0, 0, -25]
				}
			}
		}
	}
}