{
	"format_version": "1.8.0",
	"animations": {
		"animation.landorus.ground_idle": {
			"loop": true,
			"animation_length": 2,
			"bones": {
				"landorus2": {
					"rotation": ["-math.sin(query.anim_time*90*2-0)*1", "-math.sin(query.anim_time*90*2-0)*1", 0],
					"position": ["math.sin(query.anim_time*90*2-0)*0.25", "8-math.sin(query.anim_time*90*2-0)*1", "-math.sin(query.anim_time*90*2-0)*0.5"]
				},
				"body": {
					"rotation": ["2.5+math.sin(query.anim_time*90*2-20)*2", 0, 0]
				},
				"chest": {
					"rotation": ["2.5-math.sin(query.anim_time*90*2-40)*2", 0, "0-math.sin(query.anim_time*90*2-40)*1"]
				},
				"head": {
					"rotation": ["-2.5+math.sin(query.anim_time*90*2-60)*3", 0, "0+math.sin(query.anim_time*90*2-40)*1"]
				},
				"ear_left": {
					"rotation": [0, 0, "0-math.sin(query.anim_time*90*2-80)*2"]
				},
				"ear_right": {
					"rotation": [0, 0, "0+math.sin(query.anim_time*90*2-80)*2"]
				},
				"arm_left": {
					"rotation": [116.57727, "69.9257-math.sin(query.anim_time*90*2-60)*2", "107.9981-math.sin(query.anim_time*90*2-60)*2"]
				},
				"arm_left_1": {
					"rotation": [-62.03714, "72.2599-math.sin(query.anim_time*90*2-80)*2", -161.34162]
				},
				"hand_left": {
					"rotation": [0, 5, -12.5]
				},
				"thumb_left": {
					"rotation": [0, 0, 80]
				},
				"fingertip_left_5": {
					"rotation": [0, 0, 60]
				},
				"finger_left_1": {
					"rotation": [0, 32.5, 0]
				},
				"fingertip_left_1": {
					"rotation": [0, 115, 0]
				},
				"finger_left_2": {
					"rotation": [0, 25, 0]
				},
				"fingertip_left_2": {
					"rotation": [0, 112.5, 0]
				},
				"finger_left_3": {
					"rotation": [0, 30, 0]
				},
				"fingertip_left_3": {
					"rotation": [0, 120, 0]
				},
				"finger_left_4": {
					"rotation": [0, 40, 0]
				},
				"fingertip_left_4": {
					"rotation": [0, 40, 0]
				},
				"arm_right": {
					"rotation": [102.50966, "-59.3302+math.sin(query.anim_time*90*2-60)*2", "-105.2723+math.sin(query.anim_time*90*2-60)*2"]
				},
				"arm_right_1": {
					"rotation": [-108.97053, "-64.1837+math.sin(query.anim_time*90*2-80)*2", -238.99337]
				},
				"hand_right": {
					"rotation": [67.19499, -32.02516, -33.71384]
				},
				"fingertip_right_5": {
					"rotation": [0, 0, -67.5]
				},
				"finger_right_1": {
					"rotation": [0, -27.5, 0]
				},
				"fingertip_right_1": {
					"rotation": [0, -35, 0]
				},
				"finger_right_2": {
					"rotation": [0, -52.5, 0]
				},
				"fingertip_right_2": {
					"rotation": [0, -47.5, 0]
				},
				"finger_right_3": {
					"rotation": [0, -65, 0]
				},
				"fingertip_right_3": {
					"rotation": [0, -50, 0]
				},
				"finger_right_4": {
					"rotation": [0, -47.5, 0]
				},
				"fingertip_right_4": {
					"rotation": [0, -65, 0]
				},
				"tail": {
					"rotation": ["41.4099+math.sin(query.anim_time*90*2-20)*1", 11.52616, "-17.5413+math.sin(query.anim_time*90*2-20)*1"]
				},
				"tail2": {
					"rotation": ["43.7717+math.sin(query.anim_time*90*2-40)*1", -5.42043, "-14.9278+math.sin(query.anim_time*90*2-40)*1"]
				},
				"tail3": {
					"rotation": ["46.0647+math.sin(query.anim_time*90*2-60)*1", -7.92001, "-19.7816+math.sin(query.anim_time*90*2-60)*1"]
				},
				"tail4": {
					"rotation": ["46.5527+math.sin(query.anim_time*90*2-80)*1", 1.73099, "3.5146+math.sin(query.anim_time*90*2-80)*1"]
				},
				"tail5": {
					"rotation": ["33.5051+math.sin(query.anim_time*90*2-100)*1", -4.66995, "-2.1006+math.sin(query.anim_time*90*2-100)*2"]
				},
				"tail6": {
					"rotation": ["22.7993+math.sin(query.anim_time*90*2-120)*1", 9.34, "3.5858-math.sin(query.anim_time*90*2-120)*2"]
				},
				"tail7": {
					"rotation": ["25.1235+math.sin(query.anim_time*90*2-140)*1", 7.24305, "1.9516-math.sin(query.anim_time*90*2-140)*2"]
				},
				"tail8": {
					"rotation": ["27.8608+math.sin(query.anim_time*90*2-160)*1", 8.86042, "4.6547-math.sin(query.anim_time*90*2-160)*2"]
				},
				"cloud2": {
					"rotation": ["5+math.sin(query.anim_time*90*2-20)*3+3", 0, "0+math.sin(query.anim_time*90*2-20)*2"]
				}
			}
		},
		"animation.landorus.ground_walk": {
			"loop": true,
			"animation_length": 2,
			"bones": {
				"landorus2": {
					"rotation": ["-math.sin(query.anim_time*90*2-0)*2", "-math.sin(query.anim_time*90*2-0)*2", 0],
					"position": ["math.sin(query.anim_time*90*2-0)*0.25", "8-math.sin(query.anim_time*90*2-0)*1", "-math.sin(query.anim_time*90*2-0)*2"]
				},
				"body": {
					"rotation": ["2.5+math.sin(query.anim_time*90*2-20)*4", 0, 0]
				},
				"chest": {
					"rotation": ["2.5-math.sin(query.anim_time*90*2-40)*4", 0, "0-math.sin(query.anim_time*90*2-40)*2"]
				},
				"head": {
					"rotation": ["-2.5+math.sin(query.anim_time*90*2-60)*5", 0, "0+math.sin(query.anim_time*90*2-40)*2"]
				},
				"ear_left": {
					"rotation": [0, 0, "0-math.sin(query.anim_time*90*2-80)*2"]
				},
				"ear_right": {
					"rotation": [0, 0, "0+math.sin(query.anim_time*90*2-80)*2"]
				},
				"arm_left": {
					"rotation": [116.57727, "69.9257-math.sin(query.anim_time*90*2-60)*2", "107.9981-math.sin(query.anim_time*90*2-60)*4"]
				},
				"arm_left_1": {
					"rotation": [-62.03714, "72.2599-math.sin(query.anim_time*90*2-80)*2", -161.34162]
				},
				"hand_left": {
					"rotation": [0, 5, -12.5]
				},
				"thumb_left": {
					"rotation": [0, 0, 80]
				},
				"fingertip_left_5": {
					"rotation": [0, 0, 60]
				},
				"finger_left_1": {
					"rotation": [0, 32.5, 0]
				},
				"fingertip_left_1": {
					"rotation": [0, 117.5, 0]
				},
				"finger_left_2": {
					"rotation": [0, 25, 0]
				},
				"fingertip_left_2": {
					"rotation": [0, 127.5, 0]
				},
				"finger_left_3": {
					"rotation": [0, 30, 0]
				},
				"fingertip_left_3": {
					"rotation": [0, 125, 0]
				},
				"finger_left_4": {
					"rotation": [0, 40, 0]
				},
				"fingertip_left_4": {
					"rotation": [0, 80, 0]
				},
				"arm_right": {
					"rotation": [102.50966, "-59.3302+math.sin(query.anim_time*90*2-60)*2", "-105.2723+math.sin(query.anim_time*90*2-60)*4"]
				},
				"arm_right_1": {
					"rotation": [-108.97053, "-64.1837+math.sin(query.anim_time*90*2-80)*2", -238.99337]
				},
				"hand_right": {
					"rotation": [67.19499, -32.02516, -33.71384]
				},
				"fingertip_right_5": {
					"rotation": [0, 0, -67.5]
				},
				"finger_right_1": {
					"rotation": [0, -27.5, 0]
				},
				"fingertip_right_1": {
					"rotation": [0, -35, 0]
				},
				"finger_right_2": {
					"rotation": [0, -52.5, 0]
				},
				"fingertip_right_2": {
					"rotation": [0, -47.5, 0]
				},
				"finger_right_3": {
					"rotation": [0, -65, 0]
				},
				"fingertip_right_3": {
					"rotation": [0, -50, 0]
				},
				"finger_right_4": {
					"rotation": [0, -47.5, 0]
				},
				"fingertip_right_4": {
					"rotation": [0, -65, 0]
				},
				"tail": {
					"rotation": ["39.5546+math.sin(query.anim_time*90*2-20)*2", 11.52616, "-17.5413+math.sin(query.anim_time*90*2-20)*1"]
				},
				"tail2": {
					"rotation": ["44.4628+math.sin(query.anim_time*90*2-40)*2", -1.10793, "-12.8168+math.sin(query.anim_time*90*2-40)*1"]
				},
				"tail3": {
					"rotation": ["52.7712+math.sin(query.anim_time*90*2-60)*2", -8.77886, "-22.3931+math.sin(query.anim_time*90*2-60)*1"]
				},
				"tail4": {
					"rotation": ["39.4983+math.sin(query.anim_time*90*2-80)*2", -8.04302, "-4.3006+math.sin(query.anim_time*90*2-80)*1"]
				},
				"tail5": {
					"rotation": ["33.8537+math.sin(query.anim_time*90*2-100)*2", 15.14662, "8.0377+math.sin(query.anim_time*90*2-100)*2"]
				},
				"tail6": {
					"rotation": ["22.5703+math.sin(query.anim_time*90*2-120)*2", 4.69776, "1.7139-math.sin(query.anim_time*90*2-120)*2"]
				},
				"tail7": {
					"rotation": ["25.1235+math.sin(query.anim_time*90*2-140)*2", 7.24305, "1.9516-math.sin(query.anim_time*90*2-140)*2"]
				},
				"tail8": {
					"rotation": ["27.8608+math.sin(query.anim_time*90*2-160)*2", 8.86042, "4.6547-math.sin(query.anim_time*90*2-160)*2"]
				},
				"cloud2": {
					"rotation": ["25+math.sin(query.anim_time*90*2-40)*3+3", 0, "math.sin(query.anim_time*90*2-40)*2"]
				}
			}
		},
		"animation.landorus.blink": {
			"animation_length": 0.16667,
			"bones": {
				"eyelids": {
					"position": {
						"0.0": [0, 0, -0.15],
						"0.125": [0, 0, -0.15],
						"0.1667": [0, 0, 0]
					}
				}
			}
		},
		"animation.landorus.walktest": {
			"loop": true,
			"bones": {
				"landorus2": {
					"position": [0, 0, "-query.anim_time*90*0.3"]
				}
			}
		}
	}
}