{
	"format_version": "1.8.0",
	"animations": {
		"animation.landorustherian.ground_idle": {
			"loop": true,
			"animation_length": 2,
			"bones": {
				"body": {
					"position": [0, "math.cos(q.anim_time*90*2)*1", 0]
				},
				"right_leg": {
					"rotation": ["-5-math.sin(q.anim_time*90*2)*5", 0, "5+math.sin(q.anim_time*90*2)*5"]
				},
				"left_leg": {
					"rotation": ["-5-math.sin(q.anim_time*90*2)*5", 0, "-5-math.sin(q.anim_time*90*2)*5"]
				},
				"body2": {
					"position": [0, "math.cos(q.anim_time*90*2)*1", 0]
				},
				"tail": {
					"rotation": ["51.7444+math.cos(q.anim_time*90*2)*10", -12.70001, -15.57939]
				},
				"tail2": {
					"rotation": ["35+math.cos(q.anim_time*90*2)*10", 0, 0]
				},
				"tail3": {
					"rotation": ["57.5+math.sin(q.anim_time*90*2)*10", 0, 0]
				},
				"tail4": {
					"rotation": ["45+math.sin(q.anim_time*90*2)*20", 0, 0]
				},
				"right_cloud3": {
					"rotation": ["math.cos(q.anim_time*90*2)*20", "math.cos(q.anim_time*90*4*4)*10", 0]
				},
				"left_cloud3": {
					"rotation": ["math.cos(q.anim_time*90*2)*20", "math.sin(q.anim_time*90*4*4)*10", 0]
				},
				"right_backleg": {
					"rotation": ["-5+math.cos(q.anim_time*90*2)*5", 0, "5-math.cos(q.anim_time*90*2)*5"]
				},
				"right_cloud6": {
					"rotation": ["math.sin(q.anim_time*90*2)*20", "-math.sin(q.anim_time*90*4*4)*10", 0]
				},
				"left_backleg": {
					"rotation": ["-5+math.cos(q.anim_time*90*2)*5", 0, "-5+math.cos(q.anim_time*90*2)*5"]
				},
				"left_cloud6": {
					"rotation": ["math.sin(q.anim_time*90*2)*20", "-math.sin(q.anim_time*90*4*4)*10", 0]
				}
			}
		},
		"animation.landorustherian.ground_walk": {
			"loop": true,
			"animation_length": 2,
			"bones": {
				"body": {
					"position": [0, "math.cos(q.anim_time*90*2)*1", 0]
				},
				"right_leg": {
					"rotation": ["-5-math.sin(q.anim_time*90*2)*5", 0, "5+math.sin(q.anim_time*90*2)*5"]
				},
				"left_leg": {
					"rotation": ["-5-math.sin(q.anim_time*90*2)*5", 0, "-5-math.sin(q.anim_time*90*2)*5"]
				},
				"body2": {
					"position": [0, "math.cos(q.anim_time*90*2)*1", 0]
				},
				"tail": {
					"rotation": ["51.7444+math.cos(q.anim_time*90*2)*10", -12.70001, -15.57939]
				},
				"tail2": {
					"rotation": ["35+math.cos(q.anim_time*90*2)*10", 0, 0]
				},
				"tail3": {
					"rotation": ["57.5+math.sin(q.anim_time*90*2)*10", 0, 0]
				},
				"tail4": {
					"rotation": ["45+math.sin(q.anim_time*90*2)*20", 0, 0]
				},
				"right_cloud3": {
					"rotation": ["math.cos(q.anim_time*90*2)*20", "math.cos(q.anim_time*90*4*4)*10", 0]
				},
				"left_cloud3": {
					"rotation": ["math.cos(q.anim_time*90*2)*20", "math.sin(q.anim_time*90*4*4)*10", 0]
				},
				"right_backleg": {
					"rotation": ["-5+math.cos(q.anim_time*90*2)*5", 0, "5-math.cos(q.anim_time*90*2)*5"]
				},
				"right_cloud6": {
					"rotation": ["math.sin(q.anim_time*90*2)*20", "-math.sin(q.anim_time*90*4*4)*10", 0]
				},
				"left_backleg": {
					"rotation": ["-5+math.cos(q.anim_time*90*2)*5", 0, "-5+math.cos(q.anim_time*90*2)*5"]
				},
				"left_cloud6": {
					"rotation": ["math.sin(q.anim_time*90*2)*20", "-math.sin(q.anim_time*90*4*4)*10", 0]
				}
			}
		}
	}
}