{
	"format_version": "1.8.0",
	"animations": {
		"animation.mantyke.water_idle": {
			"loop": true,
			"animation_length": 2.6667,
			"bones": {
				"body": {
					"rotation": ["math.cos(q.anim_time*90*1.5-45)*5", 0, 0],
					"position": [0, "math.cos(q.anim_time*90*1.5)*1", 0]
				},
				"Left_Wing": {
					"rotation": ["math.cos(q.anim_time*90*1.5+45)*5", 0, "math.cos(q.anim_time*90*1.5-45)*20"]
				},
				"Right_Wing": {
					"rotation": ["math.cos(q.anim_time*90*1.5+45)*5", 0, "-math.cos(q.anim_time*90*1.5-45)*20"]
				}
			}
		},
		"animation.mantyke.ground_idle": {
			"loop": true,
			"animation_length": 2.6667,
			"bones": {
				"body": {
					"rotation": ["math.cos(q.anim_time*90*1.5-45)*5", 0, 0],
					"position": [0, "1.5+math.cos(q.anim_time*90*1.5)*1", 0]
				},
				"Left_Wing": {
					"rotation": ["math.cos(q.anim_time*90*1.5+45)*5", 0, "math.cos(q.anim_time*90*1.5-45)*20"]
				},
				"Right_Wing": {
					"rotation": ["math.cos(q.anim_time*90*1.5+45)*5", 0, "-math.cos(q.anim_time*90*1.5-45)*20"]
				}
			}
		},
		"animation.mantyke.ground_walk": {
			"loop": true,
			"animation_length": 1,
			"bones": {
				"body": {
					"rotation": ["math.cos(q.anim_time*90*4-45)*10", 0, 0],
					"position": [0, "2.5+math.cos(q.anim_time*90*4+45)*2", 0]
				},
				"Left_Wing": {
					"rotation": ["math.cos(q.anim_time*90*4+90)*10", 0, "math.cos(q.anim_time*90*4)*40"]
				},
				"Right_Wing": {
					"rotation": ["math.cos(q.anim_time*90*4+90)*10", 0, "-math.cos(q.anim_time*90*4)*40"]
				}
			}
		},
		"animation.mantyke.water_swim": {
			"loop": true,
			"animation_length": 1,
			"bones": {
				"body": {
					"rotation": ["math.cos(q.anim_time*90*4-45)*10", 0, 0],
					"position": [0, "math.cos(q.anim_time*90*4+45)*2", 0]
				},
				"Left_Wing": {
					"rotation": ["math.cos(q.anim_time*90*4+90)*10", 0, "math.cos(q.anim_time*90*4)*40"]
				},
				"Right_Wing": {
					"rotation": ["math.cos(q.anim_time*90*4+90)*10", 0, "-math.cos(q.anim_time*90*4)*40"]
				}
			}
		}
	}
}