{
	"format_version": "1.8.0",
	"animations": {
		"animation.meditite2.ground_idle": {
			"loop": true,
			"animation_length": 4,
			"bones": {
				"body": {
					"rotation": [0, 0, 0],
					"position": [0, "-0.2-math.sin(query.anim_time*90*2-0)*0.18", "0+math.sin(query.anim_time*90*2-0)*0.1"]
				},
				"chest": {
					"rotation": ["-2.5+math.sin(query.anim_time*90*2-25)*1", "0-math.sin(query.anim_time*90*1-25)*1", 0]
				},
				"arm_left": {
					"rotation": [0, "0+math.sin(query.anim_time*90*2-50)*4", "35+math.sin(query.anim_time*90*2-50)*4"]
				},
				"arm_left2": {
					"rotation": [0, "65-math.sin(query.anim_time*90*2-75)*4", 0]
				},
				"hand_left": {
					"rotation": [0, "15-math.sin(query.anim_time*90*2-100)*4", 0]
				},
				"finger_left": {
					"rotation": [0, "0+math.sin(query.anim_time*90*2-125)*2", "-2.5+math.sin(query.anim_time*90*2-125)*5"]
				},
				"finger_left2": {
					"rotation": [0, "0-math.sin(query.anim_time*90*2-125)*2", "-7.5+math.sin(query.anim_time*90*2-125)*5"]
				},
				"finger_left3": {
					"rotation": ["9.8843+math.sin(query.anim_time*90*2-125)*10", "28.8291-math.sin(query.anim_time*90*2-125)*5", 13.5742]
				},
				"arm_right": {
					"rotation": [0, "0+math.sin(query.anim_time*90*2-50)*4", "-35+math.sin(query.anim_time*90*2-50)*4"]
				},
				"arm_right2": {
					"rotation": [0, "-65-math.sin(query.anim_time*90*2-75)*4", 0]
				},
				"hand_right": {
					"rotation": [0, "-15-math.sin(query.anim_time*90*2-100)*4", 0]
				},
				"finger_right": {
					"rotation": [0, "0+math.sin(query.anim_time*90*2-125)*2", "2.5+math.sin(query.anim_time*90*2-125)*5"]
				},
				"finger_right2": {
					"rotation": [0, "0-math.sin(query.anim_time*90*2-125)*2", "7.5+math.sin(query.anim_time*90*2-125)*5"]
				},
				"finger_right3": {
					"rotation": ["9.8843+math.sin(query.anim_time*90*2-125)*10", "-28.8291-math.sin(query.anim_time*90*2-125)*5", -13.5742]
				},
				"head": {
					"rotation": ["2.5+math.sin(query.anim_time*90*2-50)*2", "0-math.sin(query.anim_time*90*1-50)*1", 0]
				},
				"leg_right": {
					"rotation": ["-6.4452-math.sin(query.anim_time*90*2-0)*5", 12.66278, 4.5658]
				},
				"leg_right2": {
					"rotation": ["7.5+math.sin(query.anim_time*90*2-0)*8", 0, -5]
				},
				"foot_right": {
					"rotation": ["0-math.sin(query.anim_time*90*2-0)*3", 0, 0]
				},
				"leg_left": {
					"rotation": ["-6.4452-math.sin(query.anim_time*90*2-0)*5", -12.66278, -4.5658]
				},
				"leg_left2": {
					"rotation": ["7.5+math.sin(query.anim_time*90*2-0)*8", 0, 5]
				},
				"foot_left": {
					"rotation": ["0-math.sin(query.anim_time*90*2-0)*3", 0, 0]
				},
				"torso": {
					"rotation": ["2.5-math.sin(query.anim_time*90*2-0)*2", "0+math.sin(query.anim_time*90*1-0)*2", 0]
				}
			}
		},
		"animation.meditite2.ground_walk": {
			"loop": true,
			"animation_length": 4,
			"bones": {
				"body": {
					"rotation": [0, 0, 0]
				},
				"chest": {
					"rotation": ["-2.5-math.sin(query.anim_time*90*8-25)*4", "0+math.sin(query.anim_time*90*4-25)*2", 0]
				},
				"arm_left": {
					"rotation": [0, "5+math.sin(query.anim_time*90*4-50)*10", "40+math.sin(query.anim_time*90*4-50)*1"]
				},
				"arm_left2": {
					"rotation": [0, "5+math.sin(query.anim_time*90*4-75)*8", "5+math.sin(query.anim_time*90*4-75)*2"]
				},
				"hand_left": {
					"rotation": [0, "5+math.sin(query.anim_time*90*4-100)*4", "5+math.sin(query.anim_time*90*4-100)*4"]
				},
				"finger_left": {
					"rotation": [0, "0+math.sin(query.anim_time*90*4-125)*2", "-2.5+math.sin(query.anim_time*90*4-125)*5"]
				},
				"finger_left2": {
					"rotation": [0, "0-math.sin(query.anim_time*90*4-125)*2", "-7.5+math.sin(query.anim_time*90*4-125)*5"]
				},
				"finger_left3": {
					"rotation": ["9.8843+math.sin(query.anim_time*90*4-125)*10", "28.8291-math.sin(query.anim_time*90*4-125)*5", 13.5742]
				},
				"arm_right": {
					"rotation": [0, "-5+math.sin(query.anim_time*90*4-50)*10", "-40+math.sin(query.anim_time*90*4-50)*1"]
				},
				"arm_right2": {
					"rotation": [0, "-5+math.sin(query.anim_time*90*4-75)*8", "-5+math.sin(query.anim_time*90*4-75)*2"]
				},
				"hand_right": {
					"rotation": [0, "-5+math.sin(query.anim_time*90*4-100)*4", "-5+math.sin(query.anim_time*90*4-100)*4"]
				},
				"finger_right": {
					"rotation": [0, "0+math.sin(query.anim_time*90*4-125)*2", "2.5+math.sin(query.anim_time*90*4-125)*5"]
				},
				"finger_right2": {
					"rotation": [0, "0-math.sin(query.anim_time*90*4-125)*2", "7.5+math.sin(query.anim_time*90*4-125)*5"]
				},
				"finger_right3": {
					"rotation": ["9.8843+math.sin(query.anim_time*90*4-125)*10", "-28.8291-math.sin(query.anim_time*90*4-125)*5", -13.5742]
				},
				"head": {
					"rotation": ["2.5+math.sin(query.anim_time*90*8-50)*4", "0-math.sin(query.anim_time*90*4-50)*2", 0]
				},
				"leg_right": {
					"rotation": ["-math.sin(query.anim_time*90*4-0)*25", 0, "0+math.clamp(-math.cos(query.anim_time*90*4+180)*3,0,3)"],
					"position": [0, "math.clamp(-math.cos(query.anim_time*90*4+180)*2+0,0,2)-math.clamp(-math.cos(query.anim_time*90*4+180)*0.5+0,0,0.5)", 0]
				},
				"leg_right2": {
					"rotation": ["-math.sin(query.anim_time*90*4-180)*15+math.clamp(-math.cos(query.anim_time*90*4+180)*30+0,0,30)", 0, 0]
				},
				"foot_right": {
					"rotation": ["-math.sin(query.anim_time*90*4-180)*5+math.clamp(-math.cos(query.anim_time*90*4+180)*20,0,20)", 0, 0]
				},
				"leg_left": {
					"rotation": ["math.sin(query.anim_time*90*4-0)*25", 0, "-math.clamp(-math.cos(query.anim_time*90*4+0)*3,0,3)"],
					"position": [0, "math.clamp(-math.cos(query.anim_time*90*4+0)*2+0,0,2)+math.clamp(-math.cos(query.anim_time*90*4+0)*0.5+0,0,0.5)", 0]
				},
				"leg_left2": {
					"rotation": ["-math.sin(query.anim_time*90*4-0)*15+math.clamp(-math.cos(query.anim_time*90*4+0)*30+0,0,30)", 0, 0]
				},
				"foot_left": {
					"rotation": ["-math.sin(query.anim_time*90*4-0)*5+math.clamp(-math.cos(query.anim_time*90*4+0)*20,0,20)", 0, 0]
				},
				"torso": {
					"rotation": ["2.5+math.sin(query.anim_time*90*8-0)*4", "0-math.sin(query.anim_time*90*4-0)*2", 0]
				}
			}
		},
		"animation.meditite2.blink": {
			"loop": true
		}
	}
}