{
	"format_version": "1.8.0",
	"animations": {
		"animation.mega_latias.ground_idle": {
			"loop": true,
			"animation_length": 2,
			"bones": {
				"torso": {
					"rotation": ["-15+math.sin(query.anim_time*90*2-0)*1", "math.sin(query.anim_time*90*2+90)*1", "math.sin(query.anim_time*90*2-0)*1"],
					"position": ["math.sin(query.anim_time*90*2-0)*1", "12+math.sin(query.anim_time*90*2+90)*1", "-6+math.sin(query.anim_time*90*2-0)*1"]
				},
				"leg_left": {
					"rotation": [25, "math.sin(query.anim_time*90*2+20)*1", "math.sin(query.anim_time*90*2+20)*4"]
				},
				"leg_right": {
					"rotation": [25, "0-math.sin(query.anim_time*90*2+20)*1", "0-math.sin(query.anim_time*90*2+20)*4"]
				},
				"chest": {
					"rotation": ["math.sin(query.anim_time*90*2+20)*2", "math.sin(query.anim_time*90*2+20)*0.5", 0]
				},
				"neck": {
					"rotation": ["7.5+math.sin(query.anim_time*90*2+40)*2", "math.sin(query.anim_time*90*2+40)*0.5", 0]
				},
				"head": {
					"rotation": ["0-math.sin(query.anim_time*90*2+60)*3", "math.sin(query.anim_time*90*2+60)*1", 0]
				},
				"arm_left": {
					"rotation": ["0+math.sin(query.anim_time*90*2+40)*1", 0, "0-math.sin(query.anim_time*90*2+40)*1"]
				},
				"arm_left_2": {
					"rotation": [0, 0, "0-math.sin(query.anim_time*90*2+60)*1"]
				},
				"hand_left": {
					"rotation": [0, 0, "17.5-math.sin(query.anim_time*90*2+80)*4"]
				},
				"arm_right": {
					"rotation": ["0+math.sin(query.anim_time*90*2+40)*1", 0, "0+math.sin(query.anim_time*90*2+40)*1"]
				},
				"arm_right_2": {
					"rotation": [0, 0, "0+math.sin(query.anim_time*90*2+60)*1"]
				},
				"hand_right": {
					"rotation": [0, 0, "-17.5+math.sin(query.anim_time*90*2+80)*4"]
				},
				"wing_right": {
					"rotation": [0, 0, "-math.sin(query.anim_time*90*2+20)*3"]
				},
				"wing_left": {
					"rotation": [0, 0, "math.sin(query.anim_time*90*2+20)*3"]
				}
			}
		},
		"animation.mega_latias.ground_walk": {
			"loop": true,
			"animation_length": 1.33333,
			"bones": {
				"torso": {
					"rotation": ["-5+math.sin(query.anim_time*90*3-0)*1", "math.sin(query.anim_time*90*3+90)*1", "math.sin(query.anim_time*90*3-0)*2"],
					"position": [0, "10+math.sin(query.anim_time*90*3+90)*2", "-7+math.sin(query.anim_time*90*3-0)*2"]
				},
				"leg_left": {
					"rotation": ["25+math.sin(query.anim_time*90*3+20)*4", "math.sin(query.anim_time*90*3+20)*1", "math.sin(query.anim_time*90*3+20)*4"]
				},
				"leg_right": {
					"rotation": ["25+math.sin(query.anim_time*90*3+20)*4", "-math.sin(query.anim_time*90*3+20)*1", "-math.sin(query.anim_time*90*3+20)*4"]
				},
				"chest": {
					"rotation": ["math.sin(query.anim_time*90*3+20)*2", 0, 0]
				},
				"neck": {
					"rotation": ["2.5-math.sin(query.anim_time*90*3+40)*4", "-math.sin(query.anim_time*90*3+40)*0.5", 0]
				},
				"head": {
					"rotation": ["-5-math.sin(query.anim_time*90*3+60)*1", 0, 0]
				},
				"arm_left": {
					"rotation": ["0+math.sin(query.anim_time*90*3+40)*1", 0, "0-math.sin(query.anim_time*90*3+40)*1"]
				},
				"arm_left_2": {
					"rotation": [0, "0-math.sin(query.anim_time*90*3+60)*1", "0+math.sin(query.anim_time*90*3+60)*4"]
				},
				"hand_left": {
					"rotation": [0, 0, "17.5-math.sin(query.anim_time*90*3+80)*4"]
				},
				"arm_right": {
					"rotation": ["0+math.sin(query.anim_time*90*3+40)*1", 0, "0+math.sin(query.anim_time*90*3+40)*1"]
				},
				"arm_right_2": {
					"rotation": [0, "0-math.sin(query.anim_time*90*3+60)*1", "0-math.sin(query.anim_time*90*3+60)*4"]
				},
				"hand_right": {
					"rotation": [0, 0, "-17.5+math.sin(query.anim_time*90*3+80)*4"]
				},
				"wing_right": {
					"rotation": [0, 0, "-math.sin(query.anim_time*90*3+60)*3"]
				},
				"wing_left": {
					"rotation": [0, 0, "math.sin(query.anim_time*90*3+60)*3"]
				}
			}
		},
		"animation.mega_latias.blink": {
			"animation_length": 0.16667,
			"bones": {
				"eyelid_left": {
					"scale": {
						"0.0": [1.06, 1.06, 1.06],
						"0.125": [1.06, 1.06, 1.06],
						"0.1667": [1, 1, 1]
					}
				},
				"eyelid_right": {
					"scale": {
						"0.0": [1.06, 1.06, 1.06],
						"0.125": [1.06, 1.06, 1.06],
						"0.1667": [1, 1, 1]
					}
				}
			}
		}
	}
}