{
	"format_version": "1.8.0",
	"animations": {
		"animation.mega_abomasnow.ground_idle": {
			"loop": true,
			"animation_length": 3,
			"bones": {
				"body": {
					"position": [0, 0, 0]
				},
				"lower_body": {
					"rotation": [12.5, 0, 0]
				},
				"tail2": {
					"rotation": {
						"0.0417": {
							"pre": [-25, 0, 0],
							"post": [-25, 0, 0],
							"lerp_mode": "catmullrom"
						},
						"1.875": {
							"post": [0, 0, 0],
							"lerp_mode": "catmullrom"
						},
						"3.0": {
							"post": [-25, 0, 0],
							"lerp_mode": "catmullrom"
						}
					}
				},
				"right_leg": {
					"rotation": [-13.27463, 19.50645, -4.50432]
				},
				"left_leg": {
					"rotation": [-13.27463, -19.50645, 4.50432]
				},
				"upper_body": {
					"rotation": {
						"0.0": {
							"post": [42.5, 0, 0],
							"lerp_mode": "catmullrom"
						}
					},
					"position": {
						"0.0": {
							"post": [0, 0, 0],
							"lerp_mode": "catmullrom"
						},
						"1.5": {
							"post": [0, 1, 0],
							"lerp_mode": "catmullrom"
						},
						"3.0": {
							"post": [0, 0, 0],
							"lerp_mode": "catmullrom"
						}
					}
				},
				"bone2": {
					"rotation": {
						"0.0": {
							"post": [0, -7.5, 0],
							"lerp_mode": "catmullrom"
						},
						"1.5": {
							"post": [2.5, -7.5, 0],
							"lerp_mode": "catmullrom"
						},
						"3.0": {
							"post": [0, -7.5, 0],
							"lerp_mode": "catmullrom"
						}
					}
				},
				"head": {
					"rotation": [-25, 0, 0]
				},
				"bone6": {
					"rotation": [-11.93565, -17.2908, 10.84391],
					"position": [0, 1, 0]
				},
				"bone5": {
					"rotation": {
						"0.0": [12.68926, 17.41377, 0.67793],
						"1.5": [14.85295, 15.62572, 8.27611],
						"3.0": [12.68926, 17.41377, 0.67793]
					}
				},
				"bone7": {
					"rotation": [17.5, 0, -50]
				},
				"bone8": {
					"rotation": [0, 0, -50]
				},
				"bone9": {
					"rotation": [-15, 0, -50]
				},
				"bone3": {
					"rotation": {
						"0.0": {
							"post": [0, 7.5, 0],
							"lerp_mode": "catmullrom"
						},
						"1.5": {
							"post": [2.5, 7.5, 0],
							"lerp_mode": "catmullrom"
						},
						"3.0": {
							"post": [0, 7.5, 0],
							"lerp_mode": "catmullrom"
						}
					}
				},
				"bone10": {
					"rotation": [-11.78762, 14.84417, -10.30919],
					"position": [0, 1, 0]
				},
				"bone11": {
					"rotation": {
						"0.0": [15.18926, -17.41377, -0.67793],
						"1.5": [17.30656, -15.31219, -8.18234],
						"3.0": [15.18926, -17.41377, -0.67793]
					}
				},
				"bone12": {
					"rotation": [17.5, 0, 52.5]
				},
				"bone13": {
					"rotation": [0, 0, 50]
				},
				"bone14": {
					"rotation": [-17.5, 0, 50]
				},
				"bone17": {
					"rotation": {
						"0.0": [0, 0, 0],
						"1.75": [5, 0, 0],
						"3.0": [0, 0, 0]
					}
				},
				"bone18": {
					"rotation": {
						"0.0": [0, 0, 0],
						"2.0": [5, 0, 0],
						"3.0": [0, 0, 0]
					}
				},
				"bone19": {
					"rotation": {
						"0.0": [0, 0, 0],
						"1.5": [5, 0, 0],
						"3.0": [0, 0, 0]
					}
				},
				"bone24": {
					"rotation": {
						"0.0": [0, 0, 0],
						"1.5": [0, 0, 0],
						"2.125": [-10, 0, 0],
						"2.2083": [-2.5, 0, 0],
						"2.2917": [-12.5, 0, 0],
						"3.0": [0, 0, 0]
					}
				}
			}
		}
	}
}