{
	"format_version": "1.8.0",
	"animations": {
		"animation.mega_camerupt.ground_idle": {
			"loop": true,
			"bones": {
				"tail": {
					"rotation": ["-16.5+math.sin(q.anim_time*90*3)*-2", "math.sin(q.anim_time*90*2)*-2", 0]
				},
				"tail2": {
					"rotation": ["0+math.sin(q.anim_time*90*3-60)*-2", "math.sin(q.anim_time*90*2-60)*-4", 0]
				},
				"neck": {
					"rotation": ["math.sin(q.anim_time*90*3+60)*1", "math.sin(q.anim_time*90*1+90)*-2", "math.sin(q.anim_time*90*1+30)*-1"]
				},
				"ear_right": {
					"rotation": ["math.sin(q.anim_time*90*3+60)*1", "math.sin(q.anim_time*90*1+90)*-2", "math.sin(q.anim_time*90*1+30)*-1"]
				},
				"ear_left": {
					"rotation": ["math.sin(q.anim_time*90*3+60)*1", "math.sin(q.anim_time*90*1+90)*-2", "math.sin(q.anim_time*90*1+30)*-1"]
				},
				"volcano": {
					"rotation": [0, 0, 0]
				},
				"volcano2": {
					"rotation": [-5, 0, 0]
				},
				"ear_right5": {
					"rotation": ["math.sin(q.anim_time*90*3+60)*1", "math.sin(q.anim_time*90*1+90)*-2", "math.sin(q.anim_time*90*1+30)*-1"]
				},
				"ear_right6": {
					"rotation": [0, -0.75, "0+math.cos(q.anim_time*90*3+360)*4"],
					"position": [0.275, 0, 0]
				},
				"ear_left2": {
					"rotation": [0, -28.5, "0+math.cos(q.anim_time*90*3+360)*4"]
				},
				"ear_left3": {
					"rotation": ["math.sin(q.anim_time*90*3+60)*1", "math.sin(q.anim_time*90*1+90)*-2", "math.sin(q.anim_time*90*1+30)*-1"]
				},
				"ear_left4": {
					"rotation": [0, -37.75, "0+math.cos(q.anim_time*90*3+360)*4"],
					"position": [-0.1, 0, 0]
				},
				"jaw": {
					"rotation": ["39.25+math.sin(q.anim_time*90*3+360)*3", 0, 0],
					"position": [0, -0.2, -0.45]
				},
				"torso": {
					"rotation": ["math.sin(q.anim_time*90*3+60)*1", "math.sin(q.anim_time*90*1+90)*-2", "math.sin(q.anim_time*90*1+30)*-1"],
					"position": [0, "math.sin(q.anim_time*90*2)*0.2", 0]
				},
				"head": {
					"rotation": ["math.sin(q.anim_time*90*3+60)*1", "math.sin(q.anim_time*90*1+90)*-2", "math.sin(q.anim_time*90*1+30)*-1"],
					"position": [0, "math.sin(q.anim_time*90*2)*0.2", 0]
				},
				"ear_right2": {
					"rotation": [0, 0, "0+math.cos(q.anim_time*90*3+360)*4"]
				},
				"ear_right3": {
					"rotation": ["math.sin(q.anim_time*90*3+60)*1", "math.sin(q.anim_time*90*1+90)*-2", "math.sin(q.anim_time*90*1+30)*-1"]
				},
				"ear_right4": {
					"rotation": [0, 0, "0+math.cos(q.anim_time*90*3+360)*4"]
				},
				"snout": {
					"rotation": ["math.sin(q.anim_time*90*3+60)*1", "math.sin(q.anim_time*90*1+90)*-2", "math.sin(q.anim_time*90*1+30)*-1"]
				}
			}
		},
		"animation.mega_camerupt.ground_walk": {
			"loop": true,
			"animation_length": 2,
			"bones": {
				"body": {
					"position": {
						"0.0": {
							"post": [0, 0, 0],
							"lerp_mode": "catmullrom"
						},
						"0.0833": {
							"post": [0, -0.2, 0],
							"lerp_mode": "catmullrom"
						},
						"0.1667": {
							"post": [0, 0.2, 0],
							"lerp_mode": "catmullrom"
						},
						"0.25": {
							"post": [0, -0.2, 0],
							"lerp_mode": "catmullrom"
						},
						"0.3333": {
							"post": [0, 0.2, 0],
							"lerp_mode": "catmullrom"
						},
						"0.375": {
							"post": [0, -0.1, 0],
							"lerp_mode": "catmullrom"
						},
						"0.4167": {
							"post": [0, 0.1, 0],
							"lerp_mode": "catmullrom"
						},
						"0.4583": {
							"post": [0, 0, 0],
							"lerp_mode": "catmullrom"
						},
						"0.9583": {
							"post": [0, 0, 0],
							"lerp_mode": "catmullrom"
						},
						"1.0417": {
							"post": [0, -0.2, 0],
							"lerp_mode": "catmullrom"
						},
						"1.125": {
							"post": [0, 0.2, 0],
							"lerp_mode": "catmullrom"
						},
						"1.2083": {
							"post": [0, -0.2, 0],
							"lerp_mode": "catmullrom"
						},
						"1.2917": {
							"post": [0, 0.2, 0],
							"lerp_mode": "catmullrom"
						},
						"1.3333": {
							"post": [0, -0.1, 0],
							"lerp_mode": "catmullrom"
						},
						"1.375": {
							"post": [0, 0.1, 0],
							"lerp_mode": "catmullrom"
						},
						"1.4167": {
							"post": [0, 0, 0],
							"lerp_mode": "catmullrom"
						},
						"2.0": {
							"post": [0, 0, 0],
							"lerp_mode": "catmullrom"
						}
					}
				},
				"torso": {
					"rotation": ["math.sin(q.anim_time*90*4+60)*1", "math.sin(q.anim_time*90*2+90)*-2", "math.sin(q.anim_time*90*2+30)*-1"],
					"position": [0, "math.sin(q.anim_time*90*4)*0.2", 0]
				},
				"tail": {
					"rotation": ["-16.5+math.sin(q.anim_time*90*4)*-2", "math.sin(q.anim_time*90*2)*-2", 0]
				},
				"tail2": {
					"rotation": ["0+math.sin(q.anim_time*90*4-60)*-2", "math.sin(q.anim_time*90*2-60)*-4", 0]
				},
				"neck": {
					"rotation": ["-7.5+math.sin(q.anim_time*90*4)*1", 0, 0]
				},
				"head": {
					"rotation": ["7.5+math.sin(q.anim_time*90*4)*1", 0, 0]
				},
				"ear_right": {
					"rotation": [0, "0-math.sin(q.anim_time*90*4)*2", 0]
				},
				"ear_right2": {
					"rotation": [0, "0+math.cos(q.anim_time*90*4)*4", 0]
				},
				"ear_right3": {
					"rotation": [0, "0-math.sin(q.anim_time*90*4)*2", 0]
				},
				"ear_right4": {
					"rotation": [0, "0+math.cos(q.anim_time*90*4)*4", 0]
				},
				"ear_right5": {
					"rotation": [0, "0-math.sin(q.anim_time*90*4)*2", 0]
				},
				"ear_right6": {
					"rotation": [0, "0+math.cos(q.anim_time*90*4)*4", 0]
				},
				"ear_left": {
					"rotation": [0, "0+math.sin(q.anim_time*90*4)*2", 0]
				},
				"ear_left2": {
					"rotation": [0, "0+math.sin(q.anim_time*90*4)*4", 0]
				},
				"ear_left3": {
					"rotation": [0, "0+math.sin(q.anim_time*90*4)*2", 0]
				},
				"ear_left4": {
					"rotation": [0, "0+math.sin(q.anim_time*90*4)*4", 0]
				},
				"snout": {
					"rotation": ["-math.sin(q.anim_time*90*4-60)*-1", "-math.sin(q.anim_time*90*2-60)*-2", 0]
				},
				"jaw": {
					"rotation": ["40+math.sin(q.anim_time*90*4-60)*-2", 0, 0]
				},
				"leg_front_left": {
					"rotation": {
						"0.0": {
							"post": [4.9, -7.5, 0],
							"lerp_mode": "catmullrom"
						},
						"0.2917": {
							"post": [13.33, -7.5, 0],
							"lerp_mode": "catmullrom"
						},
						"0.875": {
							"post": [-28.5, -7.5, 0],
							"lerp_mode": "catmullrom"
						},
						"1.0": {
							"post": [-7.5, -2.5, 0],
							"lerp_mode": "catmullrom"
						},
						"1.5": {
							"post": [0, -7.5, 0],
							"lerp_mode": "catmullrom"
						},
						"2.0": {
							"post": [4.9, -7.5, 0],
							"lerp_mode": "catmullrom"
						}
					},
					"position": {
						"0.0": {
							"post": [0, 0.05, 2.5],
							"lerp_mode": "catmullrom"
						},
						"0.2917": {
							"post": [0, 1.1, 1.89],
							"lerp_mode": "catmullrom"
						},
						"0.5833": {
							"post": [0, 1.47, 0.67],
							"lerp_mode": "catmullrom"
						},
						"0.875": {
							"post": [0, 0.87, -0.95],
							"lerp_mode": "catmullrom"
						},
						"1.0": {
							"post": [0, -0.25, -1.4],
							"lerp_mode": "catmullrom"
						},
						"1.5": {
							"post": [0, -0.3, 0.4],
							"lerp_mode": "catmullrom"
						},
						"2.0": {
							"post": [0, 0.05, 2.5],
							"lerp_mode": "catmullrom"
						}
					}
				},
				"leg_front_left2": {
					"rotation": {
						"0.0": [0, 0, 0],
						"0.4167": {
							"pre": [14.73, 0, 0],
							"post": [14.73, 0, 0],
							"lerp_mode": "catmullrom"
						},
						"0.875": {
							"post": [21.25, 0, 0],
							"lerp_mode": "catmullrom"
						},
						"0.9167": {
							"post": [6.03, 0, 0],
							"lerp_mode": "catmullrom"
						},
						"1.0": [0, 0, 0],
						"2.0": [0, 0, 0]
					}
				},
				"leg_front_right": {
					"rotation": {
						"0.0": {
							"post": [-7.5, 7.5, 0],
							"lerp_mode": "catmullrom"
						},
						"0.5": {
							"post": [0, 7.5, 0],
							"lerp_mode": "catmullrom"
						},
						"1.0": {
							"post": [4.9, 7.5, 0],
							"lerp_mode": "catmullrom"
						},
						"1.2917": {
							"post": [13.33, 7.5, 0],
							"lerp_mode": "catmullrom"
						},
						"1.875": {
							"post": [-28.5, 7.5, 0],
							"lerp_mode": "catmullrom"
						},
						"2.0": {
							"post": [-7.5, 7.5, 0],
							"lerp_mode": "catmullrom"
						}
					},
					"position": {
						"0.0": {
							"post": [0, -0.25, -1.4],
							"lerp_mode": "catmullrom"
						},
						"0.5": {
							"post": [0, -0.3, 0.4],
							"lerp_mode": "catmullrom"
						},
						"1.0": {
							"post": [0, 0.05, 2],
							"lerp_mode": "catmullrom"
						},
						"1.2917": {
							"post": [0, 1.1, 1.89],
							"lerp_mode": "catmullrom"
						},
						"1.5833": {
							"post": [0, 1.47, 0.67],
							"lerp_mode": "catmullrom"
						},
						"1.875": {
							"post": [0, 0.87, -0.95],
							"lerp_mode": "catmullrom"
						},
						"2.0": {
							"post": [0, -0.25, -1.4],
							"lerp_mode": "catmullrom"
						}
					}
				},
				"leg_front_right2": {
					"rotation": {
						"0.0": [0, 0, 0],
						"1.0": [0, 0, 0],
						"1.4167": {
							"pre": [14.73, 0, 0],
							"post": [14.73, 0, 0],
							"lerp_mode": "catmullrom"
						},
						"1.875": {
							"post": [21.25, 0, 0],
							"lerp_mode": "catmullrom"
						},
						"1.9167": {
							"post": [6.03, 0, 0],
							"lerp_mode": "catmullrom"
						},
						"2.0": [0, 0, 0]
					}
				},
				"leg_back_left": {
					"rotation": {
						"0.0": {
							"post": [-13.93, -2.5, 0],
							"lerp_mode": "catmullrom"
						},
						"0.125": {
							"post": [-18.5, -2.5, 0],
							"lerp_mode": "catmullrom"
						},
						"0.25": {
							"post": [-7.5, -2.5, 0],
							"lerp_mode": "catmullrom"
						},
						"0.75": {
							"post": [0, -2.5, 0],
							"lerp_mode": "catmullrom"
						},
						"1.0": {
							"post": [2.61, -2.5, 0],
							"lerp_mode": "catmullrom"
						},
						"1.25": {
							"post": [4.9, -2.5, 0],
							"lerp_mode": "catmullrom"
						},
						"1.5417": {
							"post": [13.33, -2.5, 0],
							"lerp_mode": "catmullrom"
						},
						"2.0": {
							"post": [-13.93, -2.5, 0],
							"lerp_mode": "catmullrom"
						}
					},
					"position": {
						"0.0": {
							"post": [0, 0.73, -1.75],
							"lerp_mode": "catmullrom"
						},
						"0.125": {
							"post": [0, 0.62, -2.15],
							"lerp_mode": "catmullrom"
						},
						"0.25": {
							"post": [0, -0.25, -2.6],
							"lerp_mode": "catmullrom"
						},
						"0.75": {
							"post": [0, -0.3, -1.3],
							"lerp_mode": "catmullrom"
						},
						"1.0": {
							"post": [0, -0.13, -0.14],
							"lerp_mode": "catmullrom"
						},
						"1.25": {
							"post": [0, 0.05, 0.8],
							"lerp_mode": "catmullrom"
						},
						"1.5417": {
							"post": [0, 0.85, 0.19],
							"lerp_mode": "catmullrom"
						},
						"2.0": {
							"post": [0, 0.73, -1.75],
							"lerp_mode": "catmullrom"
						}
					}
				},
				"leg_back_left2": {
					"rotation": {
						"0.0": {
							"post": [21.25, 0, 0],
							"lerp_mode": "catmullrom"
						},
						"0.125": {
							"post": [21.25, 0, 0],
							"lerp_mode": "catmullrom"
						},
						"0.1667": {
							"post": [6.53, 0, 0],
							"lerp_mode": "catmullrom"
						},
						"0.25": [0, 0, 0],
						"1.0": [0, 0, 0],
						"1.25": [0, 0, 0],
						"1.6667": {
							"pre": [14.73, 0, 0],
							"post": [14.73, 0, 0],
							"lerp_mode": "catmullrom"
						},
						"2.0": {
							"post": [21.25, 0, 0],
							"lerp_mode": "catmullrom"
						}
					}
				},
				"leg_back_right": {
					"rotation": {
						"0.0": {
							"post": [2.61, 2.5, 0],
							"lerp_mode": "catmullrom"
						},
						"0.25": {
							"post": [4.9, 2.5, 0],
							"lerp_mode": "catmullrom"
						},
						"0.5417": {
							"post": [13.33, 2.5, 0],
							"lerp_mode": "catmullrom"
						},
						"1.125": {
							"post": [-18.5, 2.5, 0],
							"lerp_mode": "catmullrom"
						},
						"1.25": {
							"post": [-7.5, -2.5, 0],
							"lerp_mode": "catmullrom"
						},
						"1.75": {
							"post": [0, 2.5, 0],
							"lerp_mode": "catmullrom"
						},
						"2.0": {
							"post": [2.61, 2.5, 0],
							"lerp_mode": "catmullrom"
						}
					},
					"position": {
						"0.0": {
							"post": [0, -0.13, -0.14],
							"lerp_mode": "catmullrom"
						},
						"0.25": {
							"post": [0, 0.05, 0.8],
							"lerp_mode": "catmullrom"
						},
						"0.5417": {
							"post": [0, 0.85, 0.19],
							"lerp_mode": "catmullrom"
						},
						"0.8333": {
							"post": [0, 0.97, -1.03],
							"lerp_mode": "catmullrom"
						},
						"1.125": {
							"post": [0, 0.62, -2.15],
							"lerp_mode": "catmullrom"
						},
						"1.25": {
							"post": [0, -0.25, -2.6],
							"lerp_mode": "catmullrom"
						},
						"1.75": {
							"post": [0, -0.3, -1.3],
							"lerp_mode": "catmullrom"
						},
						"2.0": {
							"post": [0, -0.13, -0.14],
							"lerp_mode": "catmullrom"
						}
					}
				},
				"leg_back_right2": {
					"rotation": {
						"0.0": [0, 0, 0],
						"0.25": [0, 0, 0],
						"0.6667": {
							"pre": [14.73, 0, 0],
							"post": [14.73, 0, 0],
							"lerp_mode": "catmullrom"
						},
						"1.125": {
							"post": [21.25, 0, 0],
							"lerp_mode": "catmullrom"
						},
						"1.1667": {
							"post": [6.03, 0, 0],
							"lerp_mode": "catmullrom"
						},
						"1.25": [0, 0, 0],
						"2.0": [0, 0, 0]
					}
				}
			}
		},
		"animation.mega_camerupt.blink": {
			"animation_length": 0.16667,
			"bones": {
				"eyelid_right": {
					"position": {
						"0.0": [-0.1, 0, 0],
						"0.125": [-0.1, 0, 0],
						"0.1667": [0, 0, 0]
					}
				},
				"eyelid_left": {
					"position": {
						"0.0": [0.1, 0, 0],
						"0.125": [0.1, 0, 0],
						"0.1667": [0, 0, 0]
					}
				}
			}
		},
		"animation.mega_camerupt.cry": {
			"animation_length": 1.5,
			"bones": {
				"neck": {
					"rotation": {
						"0.0": [0, 0, 0],
						"0.25": [10, 0, 0],
						"1.25": [10, 0, 0],
						"1.5": [0, 0, 0]
					}
				},
				"head": {
					"rotation": {
						"0.0": [0, 0, 0],
						"0.25": [-10, 0, 0],
						"1.25": [-10, 0, 0],
						"1.5": [0, 0, 0]
					}
				},
				"jaw": {
					"rotation": {
						"0.0": [0, 0, 0],
						"0.25": [67.5, 0, 0],
						"1.25": [67.5, 0, 0],
						"1.5": [0, 0, 0]
					}
				}
			}
		}
	}
}