{
	"format_version": "1.8.0",
	"animations": {
		"POSE": {
			"loop": true,
			"bones": {
				"torso": {
					"rotation": [-42.5, 0, 0]
				},
				"wing_open_right": {
					"rotation": [-70.80981, -53.87782, 15.34928]
				},
				"wing_open_right2": {
					"rotation": [0.88489, -14.98077, -20.07816]
				},
				"wing_open_right3": {
					"rotation": [0, 0, -5]
				},
				"wing_open_right4": {
					"rotation": [0, 0, 0]
				},
				"wing_open_left": {
					"rotation": [-25.14398, 5.99492, 44.52163]
				},
				"wing_open_left2": {
					"rotation": [17.60404, -9.67751, 64.08731]
				},
				"wing_open_left3": {
					"rotation": [0, 0, 50]
				},
				"wing_open_left4": {
					"rotation": [0, 0, 22.5]
				},
				"tail": {
					"rotation": [74.65279, -12.06754, 3.28396]
				},
				"neck": {
					"rotation": [56.39498, -17.72091, -24.60981]
				},
				"head": {
					"rotation": [5, -10, 0]
				},
				"hair6": {
					"rotation": [0, 0, -22.5]
				},
				"hair7": {
					"rotation": [-10, 0, 0]
				},
				"hair8": {
					"rotation": [20, 0, 0]
				},
				"hair3": {
					"rotation": [10, 0, 0]
				},
				"hair4": {
					"rotation": [-15, 0, 0]
				},
				"hair5": {
					"rotation": [37.5, 0, 0]
				},
				"leg_right": {
					"rotation": [0, 22.5, 0]
				},
				"leg_left": {
					"rotation": [0, -17.5, 0]
				},
				"hair9": {
					"rotation": [1.91561, -1.60667, 22.47314]
				},
				"hair10": {
					"rotation": [-15, 0, 0]
				},
				"hair11": {
					"rotation": [25, 0, 0]
				},
				"antenne": {
					"rotation": [10.72858, -10.54529, 44.00703]
				},
				"antenne2": {
					"rotation": [105, 0, 0]
				},
				"antenne3": {
					"rotation": [22.5, 0, 0]
				},
				"ponytail": {
					"rotation": [31.24538, 24.3683, 5.7632]
				},
				"ponytail2": {
					"rotation": [-31.18939, 15.09492, -8.95891]
				},
				"ponytail3": {
					"rotation": [-16.18939, 15.09492, -8.95891]
				},
				"ponytail4": {
					"rotation": [32.5, 0, 0]
				}
			}
		},
		"animation.mega_pidgeot.ground_idle": {
			"loop": true
		},
		"animation.mega_pidgeot.ground_walk": {
			"loop": true
		},
		"animation.mega_pidgeot.air_idle": {
			"loop": true
		},
		"animation.mega_pidgeot.air_fly": {
			"loop": true
		}
	}
}