{
	"format_version": "1.8.0",
	"animations": {
		"animation.mega_sharpedo.water_idle": {
			"loop": true,
			"animation_length": 2,
			"bones": {
				"body": {
					"rotation": ["0+math.sin(query.anim_time*90*2+90)*1", "1-1*math.sin(q.anim_time*90*2+90)", 0],
					"position": ["0+math.sin(query.anim_time*90*2-45)*0.25", "0+math.sin(query.anim_time*90*2-0)*0.25", 0]
				},
				"fin_left": {
					"rotation": [0, 0, "1+4*math.sin(q.anim_time*90*2+90)"]
				},
				"fin_right": {
					"rotation": [0, 0, "1-4*math.sin(q.anim_time*90*2+90)"]
				},
				"jaw": {
					"rotation": ["-15+math.sin(query.anim_time*90*2-0)*5", 0, 0]
				}
			}
		},
		"animation.mega_sharpedo.water_swim": {
			"loop": true,
			"animation_length": 4,
			"bones": {
				"body": {
					"rotation": ["0-math.sin(query.anim_time*90*4+90)*2", "1-math.sin(q.anim_time*90*4+90)*1", 0],
					"position": [0, "0+math.sin(query.anim_time*90*4-0)*0.5", "0-math.sin(query.anim_time*90*4-45)*1"]
				},
				"fin_left": {
					"rotation": [0, 0, "1+4*math.sin(q.anim_time*90*4+90)"]
				},
				"fin_right": {
					"rotation": [0, 0, "1-4*math.sin(q.anim_time*90*4+90)"]
				},
				"jaw": {
					"rotation": ["-15+math.sin(query.anim_time*90*4/2-0)*5", 0, 0]
				}
			}
		},
		"animation.mega_sharpedo.movetest": {
			"loop": true,
			"bones": {
				"body": {
					"position": [0, 0, "0-query.anim_time*90*0.3"]
				}
			}
		},
		"animation.mega_sharpedo.ground_idle": {
			"loop": true,
			"animation_length": 2,
			"bones": {
				"body": {
					"rotation": ["0+math.sin(query.anim_time*90*2+90)*1", "1-1*math.sin(q.anim_time*90*2+90)", 0],
					"position": ["0+math.sin(query.anim_time*90*2-45)*0.25", "0+math.sin(query.anim_time*90*2-0)*0.25", 0]
				},
				"fin_left": {
					"rotation": [0, 0, "1+4*math.sin(q.anim_time*90*2+90)"]
				},
				"fin_right": {
					"rotation": [0, 0, "1-4*math.sin(q.anim_time*90*2+90)"]
				},
				"jaw": {
					"rotation": ["-15+math.sin(query.anim_time*90*2-0)*5", 0, 0]
				}
			}
		},
		"animation.mega_sharpedo.ground_walk": {
			"loop": true,
			"animation_length": 4,
			"bones": {
				"body": {
					"rotation": ["0-math.sin(query.anim_time*90*4+90)*2", "1-math.sin(q.anim_time*90*4+90)*1", 0],
					"position": [0, "0+math.sin(query.anim_time*90*4-0)*0.5", "0-math.sin(query.anim_time*90*4-45)*1"]
				},
				"fin_left": {
					"rotation": [0, 0, "1+4*math.sin(q.anim_time*90*4+90)"]
				},
				"fin_right": {
					"rotation": [0, 0, "1-4*math.sin(q.anim_time*90*4+90)"]
				},
				"jaw": {
					"rotation": ["-15+math.sin(query.anim_time*90*4/2-0)*5", 0, 0]
				}
			}
		}
	}
}