{
	"format_version": "1.8.0",
	"animations": {
		"animation.mega_mawile.ground_idle": {
			"loop": true,
			"animation_length": 4,
			"bones": {
				"arm_left": {
					"rotation": [0.05962, "0.0027+math.sin(query.anim_time*90*2-30)*2", "29.9996+math.sin(query.anim_time*90*2-30)*2"]
				},
				"arm_left2": {
					"rotation": [0.55404, 12.48791, "2.5606+math.sin(query.anim_time*90*2-60)*2"]
				},
				"finger_left": {
					"rotation": [0, 0, "27.5+math.sin(query.anim_time*90*2-90)*4"]
				},
				"finger_left2": {
					"rotation": [0, 0, "17.5+math.sin(query.anim_time*90*2-90)*4"]
				},
				"finger_left3": {
					"rotation": [0, 0, "27.5+math.sin(query.anim_time*90*2-90)*4"]
				},
				"hair_left": {
					"rotation": [5.69022, -40.32576, "41.9946-math.sin(query.anim_time*90*2-60)*0.5"]
				},
				"hair_left2": {
					"rotation": [0, 0, "15-math.sin(query.anim_time*90*2-90)*1"]
				},
				"leg_left": {
					"rotation": [0, -5, 0],
					"position": [0, "0-math.cos(query.anim_time*90*2-0)*0.0333+0.0333", 0]
				},
				"leg_right": {
					"rotation": [0, 5, 0],
					"position": [0, "0-math.cos(query.anim_time*90*2-0)*0.0333+0.0333", 0]
				},
				"arm_right": {
					"rotation": [0.05962, "-0.0027-math.sin(query.anim_time*90*2-30)*2", "-29.9996-math.sin(query.anim_time*90*2-30)*2"]
				},
				"arm_right2": {
					"rotation": [0.55404, -12.48791, "-2.5606-math.sin(query.anim_time*90*2-60)*2"]
				},
				"finger_right": {
					"rotation": [0, 0, "-27.5-math.sin(query.anim_time*90*2-90)*4"]
				},
				"finger_right2": {
					"rotation": [0, 0, "-17.5-math.sin(query.anim_time*90*2-90)*4"]
				},
				"finger_right3": {
					"rotation": [0, 0, "-27.5-math.sin(query.anim_time*90*2-90)*4"]
				},
				"hair_right": {
					"rotation": [5.69022, 40.32576, "-41.9946+math.sin(query.anim_time*90*2-60)*0.5"]
				},
				"hair_right2": {
					"rotation": [0, 0, "-15+math.sin(query.anim_time*90*2-90)*1"]
				},
				"mouth_left": {
					"rotation": ["-51.8577+math.sin(query.anim_time*90*2-90)*1", 19.76092, -4.99225]
				},
				"mouth2": {
					"rotation": ["-25-math.sin(query.anim_time*90*2-120)*2", 0, 0]
				},
				"mouth_top2": {
					"rotation": ["42.5+math.sin(query.anim_time*90*2-210)*2", 0, 0]
				},
				"mouth_top3": {
					"rotation": ["-37.5+math.sin(query.anim_time*90*2-240)*2", 0, 0]
				},
				"jaw": {
					"rotation": ["-25-math.sin(query.anim_time*90*2-180)*2", 0, 0]
				},
				"jaw2": {
					"rotation": ["27.5-math.sin(query.anim_time*90*2-210)*2", 0, 0]
				},
				"jaw3": {
					"rotation": ["35-math.sin(query.anim_time*90*2-240)*2", 0, 0]
				},
				"mouth3": {
					"rotation": ["-32.5+math.sin(query.anim_time*90*2-150)*3", 0, 0]
				},
				"hair_right3": {
					"rotation": [0, 0, "10+math.sin(query.anim_time*90*2-120)*2"]
				},
				"hair_left3": {
					"rotation": [0, 0, "-10-math.sin(query.anim_time*90*2-120)*2"]
				},
				"hair_left4": {
					"rotation": [0, 0, "-20-math.sin(query.anim_time*90*2-150)*3"]
				},
				"hair_right4": {
					"rotation": [0, 0, "20+math.sin(query.anim_time*90*2-150)*3"]
				},
				"mouth_top4": {
					"rotation": ["22.5+math.sin(query.anim_time*90*2-270)*2", 0, 0]
				},
				"jaw4": {
					"rotation": ["-30-math.sin(query.anim_time*90*2-270)*2", 0, 0]
				},
				"mouth_right": {
					"rotation": ["-10.4613+math.sin(query.anim_time*90*2-60)*1", -28.11789, -5.68379]
				},
				"mouth5": {
					"rotation": ["-40-math.sin(query.anim_time*90*2-90)*2", 0, 0]
				},
				"mouth6": {
					"rotation": ["-35+math.sin(query.anim_time*90*2-120)*3", 0, 0]
				},
				"jaw5": {
					"rotation": ["-37.5-math.sin(query.anim_time*90*2-150)*2", 0, 0]
				},
				"jaw6": {
					"rotation": ["30-math.sin(query.anim_time*90*2-180)*2", 0, 0]
				},
				"jaw7": {
					"rotation": ["-25-math.sin(query.anim_time*90*2-210)*2", 0, 0]
				},
				"jaw8": {
					"rotation": ["22.5-math.sin(query.anim_time*90*2-240)*2", 0, 0]
				},
				"mouth_top5": {
					"rotation": ["10+math.sin(query.anim_time*90*2-180)*2", 0, 0]
				},
				"mouth_top6": {
					"rotation": ["-32.5+math.sin(query.anim_time*90*2-210)*2", 0, 0]
				},
				"mouth_top7": {
					"rotation": ["20+math.sin(query.anim_time*90*2-240)*2", 0, 0]
				},
				"body": {
					"position": [0, "0+math.cos(query.anim_time*90*2-0)*0.1-0.1", 0]
				},
				"torso": {
					"rotation": ["2.5+math.sin(query.anim_time*90*2-0)*2", "0+math.sin(query.anim_time*90*2/2-0)*2", 0],
					"position": [0, 0, 0]
				},
				"neck": {
					"rotation": ["0-math.sin(query.anim_time*90*2-20)*1", "0+math.sin(query.anim_time*90*2/2-20)*1", 0]
				},
				"head": {
					"rotation": ["0-math.sin(query.anim_time*90*2-40)*1", "0-math.sin(query.anim_time*90*2/2-40)*1", 0]
				},
				"mouth4": {
					"rotation": ["0+math.sin(query.anim_time*90*2-180)*1", 0, "0-math.sin(query.anim_time*90*2/2-180)*2"]
				},
				"mouth7": {
					"rotation": ["-5+math.sin(query.anim_time*90*2-150)*1", 0, "0+math.sin(query.anim_time*90*2/2-150)*2"]
				},
				"leg_left2": {
					"position": [0, "0-math.cos(query.anim_time*90*2-0)*0.0333+0.0333", 0]
				},
				"foot_left": {
					"position": [0, "0-math.cos(query.anim_time*90*2-0)*0.0333+0.0333", 0]
				},
				"leg_right2": {
					"position": [0, "0-math.cos(query.anim_time*90*2-0)*0.0333+0.0333", 0]
				},
				"foot_right": {
					"position": [0, "0-math.cos(query.anim_time*90*2-0)*0.0333+0.0333", 0]
				}
			}
		},
		"animation.mega_mawile.ground_walk": {
			"loop": true,
			"animation_length": 2,
			"bones": {
				"arm_left": {
					"rotation": [0.05962, "0.0027+math.sin(query.anim_time*90*4-30)*8", "29.9996+math.sin(query.anim_time*90*4-30)*2"]
				},
				"arm_left2": {
					"rotation": [0.55404, "12.4879+math.sin(query.anim_time*90*4-60)*2", "2.5606+math.sin(query.anim_time*90*4-60)*2"]
				},
				"finger_left": {
					"rotation": [0, 0, "27.5+math.sin(query.anim_time*90*4-90)*4"]
				},
				"finger_left2": {
					"rotation": [0, 0, "17.5+math.sin(query.anim_time*90*4-90)*4"]
				},
				"finger_left3": {
					"rotation": [0, 0, "27.5+math.sin(query.anim_time*90*4-90)*4"]
				},
				"hair_left": {
					"rotation": [5.69022, -40.32576, "41.9946+math.sin(query.anim_time*90*4-60)*1"]
				},
				"hair_left2": {
					"rotation": [0, 0, "15+math.sin(query.anim_time*90*4-90)*2"]
				},
				"leg_left": {
					"rotation": ["0+math.sin(query.anim_time*90*4-0)*15", -5, 0],
					"position": [0, "0+math.clamp(math.sin(query.anim_time*90*4-90)*0.75+0,0,0.75)", 0]
				},
				"leg_right": {
					"rotation": ["0-math.sin(query.anim_time*90*4-0)*15", 5, 0],
					"position": [0, "0+math.clamp(-math.sin(query.anim_time*90*4-90)*0.75+0,0,0.75)", 0]
				},
				"arm_right": {
					"rotation": [0.05962, "-0.0027+math.sin(query.anim_time*90*4-30)*8", "-29.9996-math.sin(query.anim_time*90*4-30)*2"]
				},
				"arm_right2": {
					"rotation": [0.55404, "-12.4879+math.sin(query.anim_time*90*4-60)*4", "-2.5606-math.sin(query.anim_time*90*4-60)*2"]
				},
				"finger_right": {
					"rotation": [0, 0, "-27.5-math.sin(query.anim_time*90*4-90)*4"]
				},
				"finger_right2": {
					"rotation": [0, 0, "-17.5-math.sin(query.anim_time*90*4-90)*4"]
				},
				"finger_right3": {
					"rotation": [0, 0, "-27.5-math.sin(query.anim_time*90*4-90)*4"]
				},
				"hair_right": {
					"rotation": [5.69022, 40.32576, "-41.9946+math.sin(query.anim_time*90*4-60)*1"]
				},
				"hair_right2": {
					"rotation": [0, 0, "-15+math.sin(query.anim_time*90*4-90)*2"]
				},
				"mouth_left": {
					"rotation": ["-51.8577+math.sin(query.anim_time*90*4-90)*2", 19.76092, -4.99225]
				},
				"mouth2": {
					"rotation": ["-25-math.sin(query.anim_time*90*4-120)*3", 0, 0]
				},
				"mouth_top2": {
					"rotation": ["42.5+math.sin(query.anim_time*90*4/2-210)*3", 0, 0]
				},
				"mouth_top3": {
					"rotation": ["-37.5+math.sin(query.anim_time*90*4/2-240)*3", 0, 0]
				},
				"jaw": {
					"rotation": ["-25-math.sin(query.anim_time*90*4/2-180)*3", 0, 0]
				},
				"jaw2": {
					"rotation": ["27.5-math.sin(query.anim_time*90*4/2-210)*3", 0, 0]
				},
				"jaw3": {
					"rotation": ["35-math.sin(query.anim_time*90*4/2-240)*3", 0, 0]
				},
				"mouth3": {
					"rotation": ["-32.5+math.sin(query.anim_time*90*4-150)*4", 0, 0]
				},
				"hair_right3": {
					"rotation": [0, 0, "10+math.sin(query.anim_time*90*4-120)*3"]
				},
				"hair_left3": {
					"rotation": [0, 0, "-10+math.sin(query.anim_time*90*4-120)*3"]
				},
				"hair_left4": {
					"rotation": [0, 0, "-20+math.sin(query.anim_time*90*4-150)*4"]
				},
				"hair_right4": {
					"rotation": [0, 0, "20+math.sin(query.anim_time*90*4-150)*4"]
				},
				"mouth_top4": {
					"rotation": ["22.5+math.sin(query.anim_time*90*4/2-270)*3", 0, 0]
				},
				"jaw4": {
					"rotation": ["-30-math.sin(query.anim_time*90*4/2-270)*3", 0, 0]
				},
				"mouth_right": {
					"rotation": ["-10.4613+math.sin(query.anim_time*90*4-60)*2", -28.11789, -5.68379]
				},
				"mouth5": {
					"rotation": ["-40-math.sin(query.anim_time*90*4-90)*3", 0, 0]
				},
				"mouth6": {
					"rotation": ["-35+math.sin(query.anim_time*90*4-120)*4", 0, 0]
				},
				"jaw5": {
					"rotation": ["-37.5-math.sin(query.anim_time*90*4/2-150)*3", 0, 0]
				},
				"jaw6": {
					"rotation": ["30-math.sin(query.anim_time*90*4/2-180)*3", 0, 0]
				},
				"jaw7": {
					"rotation": ["-25-math.sin(query.anim_time*90*4/2-210)*3", 0, 0]
				},
				"jaw8": {
					"rotation": ["22.5-math.sin(query.anim_time*90*4/2-240)*3", 0, 0]
				},
				"mouth_top5": {
					"rotation": ["10+math.sin(query.anim_time*90*4/2-180)*3", 0, 0]
				},
				"mouth_top6": {
					"rotation": ["-32.5+math.sin(query.anim_time*90*4/2-210)*3", 0, 0]
				},
				"mouth_top7": {
					"rotation": ["20+math.sin(query.anim_time*90*4/2-240)*3", 0, 0]
				},
				"body": {
					"position": [0, "0+math.cos(query.anim_time*90*4-0)*0.1-0.1", 0]
				},
				"torso": {
					"rotation": ["2.5+math.sin(query.anim_time*90*4*2-0)*2", "0+math.sin(query.anim_time*90*4-0)*2", 0],
					"position": [0, 0, 0]
				},
				"neck": {
					"rotation": ["0-math.sin(query.anim_time*90*4*2-20)*1", "0+math.sin(query.anim_time*90*4-20)*1", 0]
				},
				"head": {
					"rotation": ["0-math.sin(query.anim_time*90*4*2-40)*2", "0-math.sin(query.anim_time*90*4-40)*1", 0]
				},
				"mouth4": {
					"rotation": ["0-math.sin(query.anim_time*90*4*2-180)*1", 0, "0+math.sin(query.anim_time*90*4-180)*3"]
				},
				"mouth7": {
					"rotation": ["-5+math.sin(query.anim_time*90*4*2-150)*1", 0, "0+math.sin(query.anim_time*90*4-150)*3"]
				},
				"leg_left2": {
					"rotation": ["0+math.clamp(math.sin(query.anim_time*90*4-90)*20+0,0,20)", 0, 0],
					"position": [0, 0, 0]
				},
				"foot_left": {
					"position": [0, 0, 0]
				},
				"leg_right2": {
					"rotation": ["0+math.clamp(-math.sin(query.anim_time*90*4-90)*20+0,0,20)", 0, 0],
					"position": [0, 0, 0]
				},
				"foot_right": {
					"position": [0, 0, 0]
				}
			}
		},
		"animation.mega_mawile.cry": {
			"animation_length": 1.5,
			"bones": {
				"neck": {
					"rotation": {
						"0.0": [0, 0, 0],
						"0.25": [10, 0, 0],
						"1.25": [10, 0, 0],
						"1.5": [0, 0, 0]
					}
				},
				"head": {
					"rotation": {
						"0.0": [0, 0, 0],
						"0.25": [-15, 0, 0],
						"1.25": [-15, 0, 0],
						"1.5": [0, 0, 0]
					}
				},
				"head2": {
					"rotation": {
						"0.0": [0, 0, 0],
						"0.25": [-15, 0, 0],
						"1.25": [-15, 0, 0],
						"1.5": [0, 0, 0]
					}
				},
				"mouth_closed2": {
					"position": {
						"0.25": [0, 0, -0.1],
						"0.3333": [0, 0, 0],
						"1.1667": [0, 0, 0],
						"1.25": [0, 0, -0.1]
					}
				},
				"mouth_open2": {
					"position": {
						"0.0": [0, 0, 0.1],
						"0.25": [0, 0, 0],
						"1.25": [0, 0, 0],
						"1.5": [0, 0, 0.1]
					}
				},
				"head3": {
					"rotation": {
						"0.0": [0, 0, 0],
						"0.25": [-15, 0, 0],
						"1.25": [-15, 0, 0],
						"1.5": [0, 0, 0]
					}
				},
				"mouth_closed3": {
					"position": {
						"0.25": [0, 0, -0.1],
						"0.3333": [0, 0, 0],
						"1.1667": [0, 0, 0],
						"1.25": [0, 0, -0.1]
					}
				},
				"mouth_open3": {
					"position": {
						"0.0": [0, 0, 0.1],
						"0.25": [0, 0, 0],
						"1.25": [0, 0, 0],
						"1.5": [0, 0, 0.1]
					}
				},
				"mouth_open": {
					"position": {
						"0.0": [0, 0, 0],
						"0.25": [0, 0, -0.1],
						"1.25": [0, 0, -0.1],
						"1.5": [0, 0, 0]
					}
				},
				"mouth_closed": {
					"position": {
						"0.25": [0, 0, 0],
						"0.3333": [0, 0, 0.1],
						"1.1667": [0, 0, 0.1],
						"1.25": [0, 0, 0]
					}
				}
			}
		},
		"animation.mega_mawile.blink": {
			"animation_length": 0.16667,
			"bones": {
				"eyelid_left": {
					"position": {
						"0.0": [0.1, 0, -0.1],
						"0.125": [0.1, 0, -0.1],
						"0.1667": [0, 0, 0]
					}
				},
				"eyelid_right": {
					"position": {
						"0.0": [-0.1, 0, -0.1],
						"0.125": [-0.1, 0, -0.1],
						"0.1667": [0, 0, 0]
					}
				}
			}
		}
	}
}