{
	"format_version": "1.8.0",
	"animations": {
		"animation.mega_venusaur.ground_walk": {
			"loop": true,
			"animation_length": 2.66667,
			"bones": {
				"body": {
					"rotation": [
						"math.clamp(math.sin(query.anim_time*180*3/2)*1.5,0.5,1.5)+math.clamp(-math.sin(query.anim_time*180*3/2)*1.5,0.5,1.5)-1",
						0,
						"-math.sin(query.anim_time*180*3/2)*1.5"
					],
					"position": [
						0,
						"-math.clamp(math.sin(-query.anim_time*90*3+45/2)*0.6,0,1)-math.clamp(math.sin(-query.anim_time*90*3+45/2+180)*0.6,0,1)+0.6",
						"-math.clamp(math.sin(query.anim_time*90*3*2)*0.4,0,0.35)+math.clamp(math.sin(-query.anim_time*90*3*2)*0.4,0,0.35)"
					]
				},
				"flower": {
					"rotation": [
						"math.clamp(math.sin(query.anim_time*180*3/2)*1.5,0.5,1.5)+math.clamp(-math.sin(query.anim_time*180*3/2)*1.5,0.5,1.5)-1",
						0,
						"-math.sin(query.anim_time*180*3/2+45)*1.5"
					]
				},
				"petal_right_front": {
					"rotation": [0, 0, "-5+math.sin(q.anim_time*90*3*2)*3"]
				},
				"petal_right_front2": {
					"rotation": [0, 0, "-20+math.sin(q.anim_time*90*3*2-20)*4+math.clamp(math.sin(q.anim_time*90*3*2-20)*4,0,5)"]
				},
				"petal_right_middle": {
					"rotation": [0, 0, "-5+math.sin(q.anim_time*90*3*2)*3"]
				},
				"petal_right_middle2": {
					"rotation": [0, 0, "-20+math.sin(q.anim_time*90*3*2-20)*4+math.clamp(math.sin(q.anim_time*90*3*2-20)*4,0,5)"]
				},
				"petal_right_back": {
					"rotation": [0, 0, "-5+math.sin(q.anim_time*90*3*2)*3"]
				},
				"petal_right_back2": {
					"rotation": [0, 0, "-20+math.sin(q.anim_time*90*3*2-20)*3+math.clamp(math.sin(q.anim_time*90*3*2-20)*3,0,5)"]
				},
				"petal_left_front": {
					"rotation": [0, 0, "5-math.sin(q.anim_time*90*3*2)*3"]
				},
				"petal_left_front2": {
					"rotation": [0, 0, "20-math.sin(q.anim_time*90*3*2-20)*4-math.clamp(math.sin(q.anim_time*90*3*2-20)*4,0,5)"]
				},
				"petal_left_middle": {
					"rotation": [0, 0, "5-math.sin(q.anim_time*90*3*2)*3"]
				},
				"petal_left_middle2": {
					"rotation": [0, 0, "20-math.sin(q.anim_time*90*3*2-20)*4-math.clamp(math.sin(q.anim_time*90*3*2-20)*4,0,5)"]
				},
				"petal_left_back": {
					"rotation": [0, 0, "5-math.sin(q.anim_time*90*3*2)*3"]
				},
				"petal_left_back2": {
					"rotation": [0, 0, "20-math.sin(q.anim_time*90*3*2-20)*4-math.clamp(math.sin(q.anim_time*90*3*2-20)*4,0,5)"]
				},
				"head": {
					"position": [0, "-math.clamp(math.sin(-query.anim_time*90*3+45/2)*0.3,0,1)-math.clamp(math.sin(-query.anim_time*90*3+45/2+180)*0.3,0,1)", 0]
				},
				"leg_front_right": {
					"rotation": [
						"-math.clamp(math.sin(query.anim_time*90*3+45)*10,-15,14)+math.clamp(-math.sin(query.anim_time*90*3+180)*12,5,13)-5",
						"math.clamp(-math.sin(query.anim_time*90*3+180*1)*7.5,0,10)+math.clamp(-math.sin(query.anim_time*90*3-90+180*1)*2,0,10)",
						0
					],
					"position": [
						0,
						"-math.clamp(-math.sin(query.anim_time*90*3+45)*0.5,0.3,3)+math.clamp(-math.sin(query.anim_time*90*3-30+180)*1.5,0.7,0.9)+math.clamp(-math.sin(query.anim_time*90*3-35)*2,1,2)-1.4",
						"-math.clamp(math.sin(query.anim_time*90*3)*0.6,-0.5,1)-math.clamp(math.sin(query.anim_time*90*3)*0.2,-0.8,0)"
					]
				},
				"leg_front_left": {
					"rotation": [
						"-math.clamp(math.sin(query.anim_time*90*3+45+180)*10,-15,14)+math.clamp(-math.sin(query.anim_time*90*3+180*2)*12,5,13)-5",
						"-math.clamp(-math.sin(query.anim_time*90*3+180*2)*7.5,0,10)-math.clamp(-math.sin(query.anim_time*90*3-90+180*2)*2,0,10)",
						0
					],
					"position": [
						0,
						"-math.clamp(-math.sin(query.anim_time*90*3+45+180)*0.5,0.3,3)+math.clamp(-math.sin(query.anim_time*90*3-30)*1.5,0.7,0.9)+math.clamp(-math.sin(query.anim_time*90*3-35+180)*2,1,2)-1.4",
						"-math.clamp(math.sin(query.anim_time*90*3+180)*0.6,-0.5,1)-math.clamp(math.sin(query.anim_time*90*3+180)*0.2,-0.8,0)"
					]
				},
				"leg_back_right": {
					"rotation": [
						"-math.clamp(math.sin(query.anim_time*90*3+45+180)*10,-15,14)+math.clamp(-math.sin(query.anim_time*90*3+180*2)*12,5,13)-5",
						"-math.clamp(-math.sin(query.anim_time*90*3+180*2)*7.5,0,10)-math.clamp(-math.sin(query.anim_time*90*3-90+180*2)*2,0,10)",
						0
					],
					"position": [
						0,
						"math.clamp(-math.sin(query.anim_time*90*3+45+180)*0.6,0.3,2)-0.3-math.clamp(-math.sin(query.anim_time*90*3+45)*0.9,0.6,0.9)-0.4+math.clamp(-math.sin(query.anim_time*90*3-40)*1.5,0.7,0.9)+math.clamp(-math.sin(query.anim_time*90*3-35+180)*2,1,2)-1",
						"-math.clamp(math.sin(query.anim_time*90*3+180)*0.6,-0.5,1)-math.clamp(math.sin(query.anim_time*90*3+180)*0.2,-0.8,0)"
					]
				},
				"leg_back_left": {
					"rotation": [
						"-math.clamp(math.sin(query.anim_time*90*3+45)*10,-15,14)+math.clamp(-math.sin(query.anim_time*90*3+180)*12,5,13)-5",
						"math.clamp(-math.sin(query.anim_time*90*3+180*1)*7.5,0,10)+math.clamp(-math.sin(query.anim_time*90*3-90+180*1)*2,0,10)",
						0
					],
					"position": [
						0,
						"math.clamp(-math.sin(query.anim_time*90*3+45)*0.6,0.3,2)-0.3-math.clamp(-math.sin(query.anim_time*90*3+45+180)*0.9,0.6,0.9)-0.4+math.clamp(-math.sin(query.anim_time*90*3-40+180)*1.5,0.7,0.9)+math.clamp(-math.sin(query.anim_time*90*3-35)*2,1,2)-1",
						"-math.clamp(math.sin(query.anim_time*90*3)*0.6,-0.5,1)-math.clamp(math.sin(query.anim_time*90*3)*0.2,-0.8,0)"
					]
				},
				"leaf_left": {
					"rotation": [0, 0, "-15-math.sin(q.anim_time*90*3*2)*4"]
				},
				"leaf_left2": {
					"rotation": [0, 0, "20-math.sin(q.anim_time*90*3*2-90)*4"]
				},
				"leaf_left3": {
					"rotation": [0, 0, "25-math.sin(q.anim_time*90*3*2-120)*4"]
				},
				"leaf_left4": {
					"rotation": [0, 0, "25-math.sin(q.anim_time*90*3*2-120)*4"]
				},
				"jaw": {
					"rotation": [30, 0, 0]
				},
				"leaf_left5": {
					"rotation": [-3.10658, 13.8888, "-9.2841-math.sin(q.anim_time*90*3*2-20)*4"]
				},
				"leaf_left6": {
					"rotation": [0, 0, "5-math.sin(q.anim_time*90*3*2-110)*4"]
				},
				"leaf_left7": {
					"rotation": [0, 0, "32.5-math.sin(q.anim_time*90*3*2-140)*4"]
				},
				"leaf_left8": {
					"rotation": [0, 0, "37.5-math.sin(q.anim_time*90*3*2-160)*4"]
				},
				"leaf_right": {
					"rotation": [6.7, 23.01, "10.83+math.sin(q.anim_time*90*3*2+10)*4"]
				},
				"leaf_right2": {
					"rotation": [0, 0, "-12.5+math.sin(q.anim_time*90*3*2-80)*4"]
				},
				"leaf_right3": {
					"rotation": [0, 0, "-27.5+math.sin(q.anim_time*90*3*2-90)*4"]
				},
				"leaf_right4": {
					"rotation": [0, 0, "-25+math.sin(q.anim_time*90*3*2-100)*4"]
				},
				"leaf_right5": {
					"rotation": [-1.91, -14.42, "18.96+math.sin(q.anim_time*90*3*2-10)*4"]
				},
				"leaf_right6": {
					"rotation": [0, 0, "-15+math.sin(q.anim_time*90*3*2-100)*4"]
				},
				"leaf_right7": {
					"rotation": [0, 0, "-35+math.sin(q.anim_time*90*3*2-110)*4"]
				},
				"leaf_right8": {
					"rotation": [0, 0, "-37.5+math.sin(q.anim_time*90*3*2-120)*4"]
				},
				"flower_trunk_left": {
					"rotation": [0, 0, 7.5]
				},
				"flower_trunk_left2": {
					"rotation": [0, 0, 10]
				},
				"leaf_left17": {
					"rotation": [0, 0, "-15-math.sin(q.anim_time*90*3*2-20)*2"]
				},
				"leaf_left9": {
					"rotation": [0.48918, 43.07952, "-20.7536-math.sin(q.anim_time*90*3*2-20)*2"]
				},
				"leaf_left10": {
					"rotation": [0, 0, "17.5-math.sin(q.anim_time*90*3*2-40)*2+math.clamp(-math.sin(q.anim_time*90*3*2-40)*4,0,5)"]
				},
				"leaf_left11": {
					"rotation": [0, 0, "22.5-math.sin(q.anim_time*90*3*2-60)*3"]
				},
				"leaf_left12": {
					"rotation": [0, 0, "22.5-math.sin(q.anim_time*90*3*2-80)*4"]
				},
				"leaf_left13": {
					"rotation": [3.27241, -45.41054, "-21.634-math.sin(q.anim_time*90*3*2-20)*2"]
				},
				"leaf_left14": {
					"rotation": [0, 0, "12.5-math.sin(q.anim_time*90*3*2-40)*2+math.clamp(-math.sin(q.anim_time*90*3*2-40)*4,0,5)"]
				},
				"leaf_left15": {
					"rotation": [0, 0, "25-math.sin(q.anim_time*90*3*2-60)*3"]
				},
				"leaf_left16": {
					"rotation": [0, 0, "22.5-math.sin(q.anim_time*90*3*2-80)*4"]
				},
				"leaf_left18": {
					"rotation": [0, 0, "12.5-math.sin(q.anim_time*90*3*2-40)*2+math.clamp(-math.sin(q.anim_time*90*3*2-40)*4,0,5)"]
				},
				"leaf_left19": {
					"rotation": [0, 0, "22.5-math.sin(q.anim_time*90*3*2-60)*3"]
				},
				"leaf_left20": {
					"rotation": [0, 0, "25-math.sin(q.anim_time*90*3*2-80)*4"]
				},
				"vines4": {
					"rotation": [0, -37.5, 0]
				},
				"vines3": {
					"rotation": [0, -72.5, 0]
				},
				"vines2": {
					"rotation": [0, -53, 0]
				},
				"vines": {
					"rotation": [74.05795, -21.876, -4.26996]
				},
				"vines5": {
					"rotation": [-73.30273, 17.25812, -4.51825]
				},
				"vines6": {
					"rotation": [0, 55, 0]
				},
				"vines7": {
					"rotation": [0, 62.5, 0]
				},
				"vines8": {
					"rotation": [0, 57.5, 0]
				},
				"flower_trunk_right": {
					"rotation": [0, 0, -2.5]
				},
				"vines9": {
					"rotation": [82.30855, 16.17059, 7.93053]
				},
				"vines10": {
					"rotation": [0, 50, 0]
				},
				"vines11": {
					"rotation": [0, 65, 0]
				},
				"vines12": {
					"rotation": [0, 47.5, 0]
				},
				"vines13": {
					"rotation": [-79.72606, -16.49987, 7.20407]
				},
				"vines14": {
					"rotation": [0, -57.5, 0]
				},
				"vines15": {
					"rotation": [0, -57.5, 0]
				},
				"vines16": {
					"rotation": [0, -60, 0]
				},
				"flower_trunk_right2": {
					"rotation": [0, 0, -20]
				},
				"leaf_right9": {
					"rotation": [-12.49853, -59.53017, "31.7297+math.sin(q.anim_time*90*3*2-20)*2"]
				},
				"leaf_right10": {
					"rotation": [0, 0, "-17.5+math.sin(q.anim_time*90*3*2-40)*2+math.clamp(math.sin(q.anim_time*90*3*2-40)*4,0,5)"]
				},
				"leaf_right11": {
					"rotation": [0, 0, "-22.5+math.sin(q.anim_time*90*3*2-60)*3"]
				},
				"leaf_right12": {
					"rotation": [0, 0, "-17.5+math.sin(q.anim_time*90*3*2-80)*4"]
				},
				"leaf_right13": {
					"rotation": [17.64518, 59.87316, "33.3933+math.sin(q.anim_time*90*3*2-20)*2"]
				},
				"leaf_right14": {
					"rotation": [0, 0, "-15+math.sin(q.anim_time*90*3*2-40)*2+math.clamp(math.sin(q.anim_time*90*3*2-40)*4,0,5)"]
				},
				"leaf_right15": {
					"rotation": [0, 0, "-25+math.sin(q.anim_time*90*3*2-60)*3"]
				},
				"leaf_right16": {
					"rotation": [0, 0, "-25+math.sin(q.anim_time*90*3*2-80)*4"]
				},
				"leaf_right17": {
					"rotation": [0, 0, "17.5+math.sin(q.anim_time*90*3*2-20)*2"]
				},
				"leaf_right18": {
					"rotation": [0, 0, "-17.5+math.sin(q.anim_time*90*3*2-40)*2+math.clamp(math.sin(q.anim_time*90*3*2-40)*4,0,5)"]
				},
				"leaf_right19": {
					"rotation": [0, 0, "-17.5+math.sin(q.anim_time*90*3*2-60)*3"]
				},
				"leaf_right20": {
					"rotation": [0, 0, "-20+math.sin(q.anim_time*90*3*2-80)*4"]
				}
			}
		},
		"animation.mega_venusaur.ground_idle": {
			"loop": true,
			"animation_length": 4,
			"bones": {
				"flower": {
					"rotation": [0, 0, "math.sin(q.anim_time*90*1)*0.5"]
				},
				"petal_right_front": {
					"rotation": [0, 0, "-5+math.sin(q.anim_time*90*2)*1"]
				},
				"petal_right_front2": {
					"rotation": [0, 0, "-20-math.sin(q.anim_time*90*4-20)*1"]
				},
				"petal_right_middle": {
					"rotation": [0, 0, "-5+math.sin(q.anim_time*90*2)*1"]
				},
				"petal_right_middle2": {
					"rotation": [0, 0, "-20-math.sin(q.anim_time*90*4-20)*1"]
				},
				"petal_right_back": {
					"rotation": [0, 0, "-5+math.sin(q.anim_time*90*2)*1"]
				},
				"petal_right_back2": {
					"rotation": [0, 0, "-20-math.sin(q.anim_time*90*4-20)*1"]
				},
				"petal_left_front": {
					"rotation": [0, 0, "5-math.sin(q.anim_time*90*2)*1"]
				},
				"petal_left_front2": {
					"rotation": [0, 0, "20+math.sin(q.anim_time*90*4-20)*1"]
				},
				"petal_left_middle": {
					"rotation": [0, 0, "5-math.sin(q.anim_time*90*2)*1"]
				},
				"petal_left_middle2": {
					"rotation": [0, 0, "20+math.sin(q.anim_time*90*4-20)*1"]
				},
				"petal_left_back": {
					"rotation": [0, 0, "5-math.sin(q.anim_time*90*2)*1"]
				},
				"petal_left_back2": {
					"rotation": [0, 0, "20+math.sin(q.anim_time*90*4-20)*1"]
				},
				"head": {
					"rotation": [0, 0, 0],
					"position": [0, "math.sin(q.anim_time*90*2+180+50)*0.05", 0]
				},
				"leaf_left": {
					"rotation": [0, 0, "-15-math.sin(q.anim_time*90*2-60)*0.5"]
				},
				"leaf_left2": {
					"rotation": [0, 0, "20+math.sin(q.anim_time*90*4-80)*1"]
				},
				"leaf_left3": {
					"rotation": [0, 0, "25+math.sin(q.anim_time*90*4-80)*1"]
				},
				"leaf_left4": {
					"rotation": [0, 0, "25+math.sin(q.anim_time*90*4-120)*1"]
				},
				"jaw": {
					"rotation": ["15+math.sin(q.anim_time*90*2-60)*2", 0, 0]
				},
				"torso": {
					"rotation": [0, 0, "math.sin(q.anim_time*90*1)*0.2"],
					"position": [0, "math.sin(q.anim_time*90*2+180)*0.1", 0]
				},
				"leaf_right": {
					"rotation": [6.70036, 23.00752, "10.8324+math.sin(q.anim_time*90*2-60)*0.5"]
				},
				"leaf_right2": {
					"rotation": [0, 0, "-12.5-math.sin(q.anim_time*90*4-80)*1"]
				},
				"leaf_right3": {
					"rotation": [0, 0, "-27.5-math.sin(q.anim_time*90*4-100)*1"]
				},
				"leaf_right4": {
					"rotation": [0, 0, "-25-math.sin(q.anim_time*90*4-120)*1"]
				},
				"leaf_left5": {
					"rotation": [-2.49054, 14.22772, "-6.7297-math.sin(q.anim_time*90*2-60)*0.5"]
				},
				"leaf_left6": {
					"rotation": [0, 0, "7.5+math.sin(q.anim_time*90*4-80)*1"]
				},
				"leaf_left7": {
					"rotation": [0, 0, "32.5+math.sin(q.anim_time*90*4-80)*1"]
				},
				"leaf_left8": {
					"rotation": [0, 0, "37.5+math.sin(q.anim_time*90*4-120)*1"]
				},
				"leaf_right5": {
					"rotation": [-1.90989, -14.41689, "18.9583+math.sin(q.anim_time*90*2-60)*0.5"]
				},
				"leaf_right6": {
					"rotation": [0, 0, "-15-math.sin(q.anim_time*90*4-80)*1"]
				},
				"leaf_right7": {
					"rotation": [0, 0, "-35-math.sin(q.anim_time*90*4-100)*1"]
				},
				"leaf_right8": {
					"rotation": [0, 0, "-37.5-math.sin(q.anim_time*90*4-120)*1"]
				},
				"flower_trunk_left": {
					"rotation": [0, 0, 7.5]
				},
				"flower_trunk_left2": {
					"rotation": [0, 0, 10]
				},
				"leaf_left9": {
					"rotation": [0.48918, 43.07952, "-20.7536-math.sin(q.anim_time*90*2-20)*0.5"]
				},
				"leaf_left10": {
					"rotation": [0, 0, "17.5+math.sin(q.anim_time*90*4-40)*0.5"]
				},
				"leaf_left11": {
					"rotation": [0, 0, "22.5+math.sin(q.anim_time*90*4-60)*0.5"]
				},
				"leaf_left12": {
					"rotation": [0, 0, "22.5+math.sin(q.anim_time*90*4-80)*1"]
				},
				"leaf_left13": {
					"rotation": [3.27241, -45.41054, "-21.634-math.sin(q.anim_time*90*2-20)*0.5"]
				},
				"leaf_left14": {
					"rotation": [0, 0, "12.5+math.sin(q.anim_time*90*4-40)*0.5"]
				},
				"leaf_left15": {
					"rotation": [0, 0, "25+math.sin(q.anim_time*90*4-60)*0.5"]
				},
				"leaf_left16": {
					"rotation": [0, 0, "22.5+math.sin(q.anim_time*90*4-80)*1"]
				},
				"leaf_left17": {
					"rotation": [0, 0, "-15-math.sin(q.anim_time*90*2-20)*0.5"]
				},
				"leaf_left18": {
					"rotation": [0, 0, "12.5+math.sin(q.anim_time*90*4-40)*0.5"]
				},
				"leaf_left19": {
					"rotation": [0, 0, "22.5+math.sin(q.anim_time*90*4-60)*0.5"]
				},
				"leaf_left20": {
					"rotation": [0, 0, "25+math.sin(q.anim_time*90*4-80)*1"]
				},
				"flower_trunk_right": {
					"rotation": [0, 0, -2.5]
				},
				"flower_trunk_right2": {
					"rotation": [0, 0, -20]
				},
				"leaf_right9": {
					"rotation": [-12.49853, -59.53017, "31.7297+math.sin(q.anim_time*90*2-20)*0.5"]
				},
				"leaf_right10": {
					"rotation": [0, 0, "-17.5-math.sin(q.anim_time*90*4-40)*0.5"]
				},
				"leaf_right11": {
					"rotation": [0, 0, "-22.5-math.sin(q.anim_time*90*4-60)*0.5"]
				},
				"leaf_right12": {
					"rotation": [0, 0, "-17.5-math.sin(q.anim_time*90*4-80)*1"]
				},
				"leaf_right13": {
					"rotation": [17.64518, 59.87316, "33.3933+math.sin(q.anim_time*90*2-20)*0.5"]
				},
				"leaf_right14": {
					"rotation": [0, 0, "-15-math.sin(q.anim_time*90*4-40)*0.5"]
				},
				"leaf_right15": {
					"rotation": [0, 0, "-25-math.sin(q.anim_time*90*4-60)*0.5"]
				},
				"leaf_right16": {
					"rotation": [0, 0, "-25-math.sin(q.anim_time*90*4-80)*1"]
				},
				"leaf_right17": {
					"rotation": [0, 0, "17.5+math.sin(q.anim_time*90*2-20)*0.5"]
				},
				"leaf_right18": {
					"rotation": [0, 0, "-17.5-math.sin(q.anim_time*90*4-40)*0.5"]
				},
				"leaf_right19": {
					"rotation": [0, 0, "-17.5-math.sin(q.anim_time*90*4-60)*0.5"]
				},
				"leaf_right20": {
					"rotation": [0, 0, "-20-math.sin(q.anim_time*90*4-80)*1"]
				},
				"vines": {
					"rotation": [74.05795, -21.876, -4.26996]
				},
				"vines2": {
					"rotation": [0, -53, 0]
				},
				"vines3": {
					"rotation": [0, -72.5, 0]
				},
				"vines4": {
					"rotation": [0, -37.5, 0]
				},
				"vines9": {
					"rotation": [82.30855, 16.17059, 7.93053]
				},
				"vines10": {
					"rotation": [0, 50, 0]
				},
				"vines11": {
					"rotation": [0, 65, 0]
				},
				"vines12": {
					"rotation": [0, 47.5, 0]
				},
				"vines5": {
					"rotation": [-73.30273, 17.25812, -4.51825]
				},
				"vines6": {
					"rotation": [0, 55, 0]
				},
				"vines7": {
					"rotation": [0, 62.5, 0]
				},
				"vines8": {
					"rotation": [0, 57.5, 0]
				},
				"vines13": {
					"rotation": [-79.72606, -16.49987, 7.20407]
				},
				"vines14": {
					"rotation": [0, -57.5, 0]
				},
				"vines15": {
					"rotation": [0, -57.5, 0]
				},
				"vines16": {
					"rotation": [0, -60, 0]
				}
			}
		},
		"animation.mega_venusaur.faint": {
			"animation_length": 3,
			"bones": {
				"flower": {
					"rotation": {
						"0.0": [0, 0, "math.sin(q.anim_time*90*1)*0.5"],
						"0.05": [10, 0, "math.sin(q.anim_time*90*1)*0.5"],
						"0.55": [-20, 0, "math.sin(q.anim_time*90*1)*0.5"],
						"0.75": [-30, 5, "5+math.sin(q.anim_time*90*1)*0.5"],
						"0.95": [-30, 10, "12.5+math.sin(q.anim_time*90*1)*0.5"],
						"1.3": [-30, 10, "12.5+math.sin(q.anim_time*90*1)*0.5"],
						"1.65": [10, 5, "-15+math.sin(q.anim_time*90*1)*0.5"],
						"2.0": [-2.5, 2.5, "10+math.sin(q.anim_time*90*1)*0.5"],
						"2.3": [-7.5, 0, "-2.5+math.sin(q.anim_time*90*1)*0.5"],
						"2.85": [0, 0, "math.sin(q.anim_time*90*1)*0.5"]
					}
				},
				"petal_right_front": {
					"rotation": {
						"0.0": [0, 0, "-5+math.sin(q.anim_time*90*2)*1"],
						"0.05": [0, 0, "-15+math.sin(q.anim_time*90*2)*1"],
						"0.7": [0, 0, "7.5+math.sin(q.anim_time*90*2)*1"],
						"1.0": [0, 0, "15+math.sin(q.anim_time*90*2)*1"],
						"1.4": [0, 0, "30+math.sin(q.anim_time*90*2)*1"],
						"1.6": [0, 0, "2.5+math.sin(q.anim_time*90*2)*1"],
						"2.2": [0, 0, "-5+math.sin(q.anim_time*90*2)*1"]
					}
				},
				"petal_right_front2": {
					"rotation": {
						"0.0": [0, 0, "-20-math.sin(q.anim_time*90*4-20)*1"],
						"0.15": [0, 0, "-35-math.sin(q.anim_time*90*4-20)*1"],
						"0.85": [0, 0, "5-math.sin(q.anim_time*90*4-20)*1"],
						"1.4": [0, 0, "12.5-math.sin(q.anim_time*90*4-20)*1"],
						"1.65": [0, 0, "-20-math.sin(q.anim_time*90*4-20)*1"]
					}
				},
				"petal_right_middle": {
					"rotation": {
						"0.0": [0, 0, "-5+math.sin(q.anim_time*90*2)*1"],
						"0.15": [0.43688, -4.98093, "-10.019+math.sin(q.anim_time*90*2)*1"],
						"0.8": [-0.00207, -2.51893, "0.0096+math.sin(q.anim_time*90*2)*1"],
						"1.6": [0, 0, "-5+math.sin(q.anim_time*90*2)*1"]
					}
				},
				"petal_right_middle2": {
					"rotation": {
						"0.0": [0, 0, "-20-math.sin(q.anim_time*90*4-20)*1"],
						"0.4": [0, 0, "-20-math.sin(q.anim_time*90*4-20)*1"],
						"0.95": [0, 0, "15-math.sin(q.anim_time*90*4-20)*1"],
						"1.25": [0, 0, 26.2],
						"1.65": [0, 0, "-32.5-math.sin(q.anim_time*90*4-20)*1"],
						"2.05": [0, 0, 20.03],
						"2.4": [0, 0, "-20-math.sin(q.anim_time*90*4-20)*1"]
					}
				},
				"petal_right_back": {
					"rotation": {
						"0.0": [0, 0, "-5+math.sin(q.anim_time*90*2)*1"],
						"0.1": [0, 0, "2.5+math.sin(q.anim_time*90*2)*1"],
						"0.35": [0, 0, "17.5+math.sin(q.anim_time*90*2)*1"],
						"0.6": [0, 0, "2.5+math.sin(q.anim_time*90*2)*1"],
						"1.35": [0, 0, "2.5+math.sin(q.anim_time*90*2)*1"],
						"1.65": [0, 0, "32.5+math.sin(q.anim_time*90*2)*1"],
						"1.85": [0, 0, "37.5+math.sin(q.anim_time*90*2)*1"],
						"2.4": [0, 0, "-5+math.sin(q.anim_time*90*2)*1"]
					}
				},
				"petal_right_back2": {
					"rotation": {
						"0.0": [0, 0, "-20-math.sin(q.anim_time*90*4-20)*1"],
						"0.05": [0, 0, "-42.5-math.sin(q.anim_time*90*4-20)*1"],
						"0.1": [0, 0, "12.5-math.sin(q.anim_time*90*4-20)*1"],
						"0.6": [0, 0, "-20-math.sin(q.anim_time*90*4-20)*1"],
						"1.35": [0, 0, "-20-math.sin(q.anim_time*90*4-20)*1"],
						"1.4": [0, 0, "-32.5-math.sin(q.anim_time*90*4-20)*1"],
						"1.7": [0, 0, "20-math.sin(q.anim_time*90*4-20)*1"],
						"2.45": [0, 0, "-20-math.sin(q.anim_time*90*4-20)*1"]
					}
				},
				"petal_left_front": {
					"rotation": {
						"0.0": [0, 0, "5-math.sin(q.anim_time*90*2)*1"],
						"0.05": [0, 0, "15-math.sin(q.anim_time*90*2)*1"],
						"0.7": [0, 0, "-2.5-math.sin(q.anim_time*90*2)*1"],
						"1.0": [0, 0, "-15-math.sin(q.anim_time*90*2)*1"],
						"1.4": [0, 0, "-22.5-math.sin(q.anim_time*90*2)*1"],
						"1.6": [0, 0, "15-math.sin(q.anim_time*90*2)*1"],
						"1.85": [0, 0, "5-math.sin(q.anim_time*90*2)*1"]
					}
				},
				"petal_left_front2": {
					"rotation": [0, 0, "20+math.sin(q.anim_time*90*4-20)*1"]
				},
				"petal_left_middle": {
					"rotation": [0, 0, "5-math.sin(q.anim_time*90*2)*1"]
				},
				"petal_left_middle2": {
					"rotation": {
						"0.0": [0, 0, "20+math.sin(q.anim_time*90*4-20)*1"],
						"0.4": [0, 0, "20+math.sin(q.anim_time*90*4-20)*1"],
						"0.9": [0, 0, "-7.5+math.sin(q.anim_time*90*4-20)*1"],
						"1.3": [0, 0, "20+math.sin(q.anim_time*90*4-20)*1"],
						"1.7": [0, 0, "-27.5+math.sin(q.anim_time*90*4-20)*1"],
						"2.05": [0, 0, "20+math.sin(q.anim_time*90*4-20)*1"]
					}
				},
				"petal_left_back": {
					"rotation": {
						"0.0": [0, 0, "5-math.sin(q.anim_time*90*2)*1"],
						"0.1": [0, 0, "-12.5-math.sin(q.anim_time*90*2)*1"],
						"0.45": [0, 0, "-2.5-math.sin(q.anim_time*90*2)*1"],
						"1.45": [0, 0, "-2.5-math.sin(q.anim_time*90*2)*1"],
						"1.6": [0, 0, "-25-math.sin(q.anim_time*90*2)*1"],
						"1.8": [0, 0, "-32.5-math.sin(q.anim_time*90*2)*1"],
						"2.2": [0, 0, "5-math.sin(q.anim_time*90*2)*1"]
					}
				},
				"petal_left_back2": {
					"rotation": {
						"0.0": [0, 0, "20+math.sin(q.anim_time*90*4-20)*1"],
						"0.1": [0, 0, "-12.5+math.sin(q.anim_time*90*4-20)*1"],
						"0.45": [0, 0, "2.5+math.sin(q.anim_time*90*4-20)*1"],
						"1.3": [0, 0, "-10+math.sin(q.anim_time*90*4-20)*1"],
						"1.35": [0, 0, "15+math.sin(q.anim_time*90*4-20)*1"],
						"1.55": [0, 0, "42.5+math.sin(q.anim_time*90*4-20)*1"],
						"1.75": [0, 0, "-25+math.sin(q.anim_time*90*4-20)*1"],
						"2.3": [0, 0, "20+math.sin(q.anim_time*90*4-20)*1"]
					}
				},
				"head": {
					"rotation": {
						"0.0": [0, 0, 0],
						"0.05": [15, 0, 0],
						"0.6": [-22.41864, -6.67622, 13.4668],
						"1.0": [-26.78121, 5.98846, 16.3642],
						"1.45": [-3.11637, -0.89926, -18.37815],
						"1.8": [-7.22428, 7.28992, 8.91076],
						"2.0": [-9.26997, 4.39173, -10.98465],
						"2.2": [-8.77811, 8.02866, -3.92845]
					},
					"position": {
						"0.0": [0, "math.sin(q.anim_time*90*2+180+50)*0.05", 0],
						"0.6": [-0.40109, "0.907+math.sin(q.anim_time*90*2+180+50)*0.05", -0.12839],
						"1.6": [-0.52557, "-0.0746+math.sin(q.anim_time*90*2+180+50)*0.05", -0.2736],
						"1.8": [-0.52557, "-0.0746+math.sin(q.anim_time*90*2+180+50)*0.05", -0.2736],
						"2.0": [-0.53, "-2.0746+math.sin(q.anim_time*90*2+180+50)*0.05", -0.27]
					}
				},
				"leaf_left": {
					"rotation": [0, 0, "-15-math.sin(q.anim_time*90*2-60)*0.5"]
				},
				"leaf_left2": {
					"rotation": {
						"0.0": [0, 0, "20+math.sin(q.anim_time*90*4-80)*1"],
						"1.4": [0, 0, "20-math.sin(q.anim_time*90*2-90)*2"],
						"1.6": [0, 0, "-12.5-math.sin(q.anim_time*90*2-90)*2"],
						"1.95": [0, 0, "17.5-math.sin(q.anim_time*90*2-90)*2"]
					}
				},
				"leaf_left3": {
					"rotation": {
						"0.0": [0, 0, "25+math.sin(q.anim_time*90*4-80)*1"],
						"0.55": [0, 0, "12.5-math.sin(q.anim_time*90*2-120)*2"],
						"1.45": [0, 0, "25-math.sin(q.anim_time*90*2-120)*2"],
						"1.7": [0, 0, "-20-math.sin(q.anim_time*90*2-120)*2"],
						"2.05": [0, 0, "20-math.sin(q.anim_time*90*2-120)*2"]
					}
				},
				"leaf_left4": {
					"rotation": {
						"0.0": [0, 0, "25+math.sin(q.anim_time*90*4-120)*1"],
						"0.7": [0, 0, "-2.5-math.sin(q.anim_time*90*2-120)*2"],
						"1.5": [0, 0, "25-math.sin(q.anim_time*90*2-120)*2"],
						"1.85": [0, 0, "-32.5-math.sin(q.anim_time*90*2-120)*2"],
						"2.25": [0, 0, "17.5-math.sin(q.anim_time*90*2-120)*2"]
					}
				},
				"jaw": {
					"rotation": {
						"0.0": ["math.sin(q.anim_time*90*2-60)*2", 0, 0],
						"0.2": ["math.sin(q.anim_time*90*2-60)*2", 0, 0],
						"0.75": ["52.5+math.sin(q.anim_time*90*2-60)*2", 0, 0],
						"1.4": ["52.5+math.sin(q.anim_time*90*2-60)*2", 0, 0],
						"1.45": [25.22628, -7.45782, 11.02089],
						"1.65": ["-0.0259+math.sin(q.anim_time*90*2-60)*2", -9.99567, 0.29572],
						"1.85": ["0.0048+math.sin(q.anim_time*90*2-60)*2", -0.00178, -0.05553]
					}
				},
				"torso": {
					"rotation": {
						"0.0": [10, 0, "math.sin(q.anim_time*90*1)*0.2"],
						"0.5": [-7.11239, 2.12808, "22.4006+math.sin(q.anim_time*90*1)*0.2"],
						"0.95": [-6.90137, 2.7384, "27.3677+math.sin(q.anim_time*90*1)*0.2"],
						"1.15": [-7.19783, 1.81664, "19.9186+math.sin(q.anim_time*90*1)*0.2"],
						"1.35": [-7.22558, -1.70233, "-7.3597+math.sin(q.anim_time*90*1)*0.2"],
						"1.55": [15.44561, -0.78446, "-14.7987+math.sin(q.anim_time*90*1)*0.2"],
						"1.7": [4.65627, -3.00806, "7.5963+math.sin(q.anim_time*90*1)*0.2"],
						"1.8": [4.52093, -3.20809, "10.092+math.sin(q.anim_time*90*1)*0.2"],
						"1.95": [4.90008, -2.5913, "2.6078+math.sin(q.anim_time*90*1)*0.2"]
					},
					"position": {
						"0.0": [0, "0+math.sin(q.anim_time*90*2+180)*0.1", 1],
						"0.3": [0, "4+math.sin(q.anim_time*90*2+180)*0.1", 1],
						"1.15": [0, "3+math.sin(q.anim_time*90*2+180)*0.1", 1],
						"1.35": [-1, "-2+math.sin(q.anim_time*90*2+180)*0.1", 1],
						"1.55": [-1, "math.sin(q.anim_time*90*2+180)*0.1", 1],
						"1.7": [-1, "-2+math.sin(q.anim_time*90*2+180)*0.1", 1]
					}
				},
				"body": {
					"position": {
						"0.0": [0, 0, 0],
						"0.1": [0, 0, 2],
						"0.45": [0, 0, 3],
						"0.9": [0, 0, 3],
						"0.95": [0, -0.3, 3],
						"1.0": [0, 0.3, 3],
						"1.05": [0, 0, 3],
						"1.1": [0, -0.3, 3],
						"1.15": [0, -0.3, 3]
					}
				},
				"eyelid_left": {
					"position": {
						"0.0": [0, 0.01736, -0.09848],
						"0.35": [0, 0.01736, -0.09848],
						"0.4": [0, 0.02, 0],
						"1.4": [0, 0.02, 0],
						"1.45": [0, 0.01736, -0.09848]
					}
				},
				"eyelid_right": {
					"position": {
						"0.0": [0, 0.01736, -0.09848],
						"0.35": [0, 0.01736, -0.09848],
						"0.4": [0, 0.02, 0],
						"1.4": [0, 0.02, 0],
						"1.45": [0, 0.01736, -0.09848]
					}
				},
				"leg_front_right": {
					"rotation": {
						"0.0": [0, 0, 0],
						"0.3": [10, 0, 30],
						"0.7": [-45.3656, 8.18417, 48.38762],
						"1.15": [-46.6018, 13.4669, 53.8611],
						"1.3": [-4.5076, -5.37176, 9.33004],
						"1.35": [-4.5076, -5.37176, 30],
						"1.45": [3.28251, 0.27297, 75],
						"1.6": [23.28251, 0.27297, 88],
						"1.85": [25.09001, -1.33468, 68.20769],
						"2.0": [23.72275, -5.16545, 88.43387],
						"2.35": [31.22275, -5.16545, 88.43387]
					},
					"position": {
						"0.0": [0, 0, 0],
						"0.3": [0, 5, 0],
						"0.5": [0, 7, 0],
						"0.95": [0, 7, 0],
						"1.15": [0, 5, 0],
						"1.25": [0, 1, 0],
						"1.35": [0, -0.5, 0],
						"1.4": [-1, -4, 0],
						"1.45": [-1, -5, 0],
						"1.6": [-1, -5, 0],
						"1.85": [-1, -3, 0],
						"2.0": [-1, -5, 0]
					}
				},
				"leg_front_left": {
					"rotation": {
						"0.0": [0, 0, 0],
						"0.4": [0, 0, 0],
						"1.1": [-30.56537, -11.07433, -18.70799],
						"1.55": [-1.16867, -21.45426, -39.84288],
						"1.75": [39.89675, 4.22722, -88.93618]
					},
					"position": {
						"0.0": [0, 0, 0],
						"0.25": [0, 0, 0],
						"0.75": [0, 1, 1],
						"1.5": [-1, -1, 2],
						"1.75": [-1, -5, 2]
					}
				},
				"leg_back_right": {
					"rotation": {
						"0.0": [0, 0, 0],
						"0.1": [-10, 0, 0],
						"0.5": [35.0908, -12.48585, 35.51022],
						"1.0": [40.70603, -18.10977, 43.99389],
						"1.3": [41.17302, -0.83694, 77.89523],
						"1.4": [28.67302, -0.83694, 77.89523],
						"1.7": [53.67302, -0.83694, 77.89523],
						"1.8": [52.30069, 11.63076, 73.61249],
						"2.0": [75.95264, 0.57437, 92.38603]
					},
					"position": {
						"0.0": [0, 0, 0],
						"0.05": [0, 0, 0],
						"0.5": [0, 5, 0],
						"0.9": [0, 5, 0],
						"1.15": [0, 3, 0],
						"1.3": [-2, -4, 0],
						"1.4": [-2, -4, 0],
						"1.8": [-2, -2, 0],
						"2.0": [-2, -4, 0]
					}
				},
				"leg_back_right2": {
					"rotation": {
						"0.0": [0, 0, 0],
						"0.4": [0, 0, 0],
						"1.0": [25, 0, 0]
					}
				},
				"leg_back_left": {
					"rotation": {
						"0.0": [0, 0, 0],
						"0.05": [-10, 0, 0],
						"0.2": [0, 0, 0],
						"0.55": [2.00307, -12.3687, -7.7614],
						"1.0": [2.00307, -12.3687, -7.7614],
						"1.15": [3.96713, -11.97751, -15.50409],
						"1.35": [14.13272, -2.57855, -70.62994],
						"1.6": [49.51082, -1.34097, -75.48918],
						"1.7": [59.28568, 1.05512, -100.95964],
						"1.8": [72.0147, 6.27268, -81.9772],
						"1.9": [71.65871, 1.57251, -96.23021]
					},
					"position": {
						"0.0": [0, 0, 0],
						"1.15": [0, 0, 0],
						"1.35": [0, -2, 0],
						"1.45": [0, 0, 0],
						"1.55": [0, 2, 1],
						"1.6": [0, 0, 1],
						"1.7": [-1, -4, 2]
					}
				},
				"leg_back_left2": {
					"rotation": {
						"0.0": [0, 0, 0],
						"1.35": [0, 0, 0],
						"1.8": [35, 0, 0]
					}
				},
				"leaf_right": {
					"rotation": [6.70036, 23.00752, "10.8324+math.sin(q.anim_time*90*2-60)*0.5"]
				},
				"leaf_right2": {
					"rotation": [0, 0, "-12.5-math.sin(q.anim_time*90*4-80)*1"]
				},
				"leaf_right3": {
					"rotation": [0, 0, "-27.5-math.sin(q.anim_time*90*4-100)*1"]
				},
				"leaf_right4": {
					"rotation": [0, 0, "-25-math.sin(q.anim_time*90*4-120)*1"]
				},
				"leaf_left5": {
					"rotation": [-2.49054, 14.22772, "-6.7297-math.sin(q.anim_time*90*2-60)*0.5"]
				},
				"leaf_left6": {
					"rotation": [0, 0, "7.5+math.sin(q.anim_time*90*4-80)*1"]
				},
				"leaf_left7": {
					"rotation": [0, 0, "32.5+math.sin(q.anim_time*90*4-80)*1"]
				},
				"leaf_left8": {
					"rotation": [0, 0, "37.5+math.sin(q.anim_time*90*4-120)*1"]
				},
				"leaf_right5": {
					"rotation": [-1.90989, -14.41689, "18.9583+math.sin(q.anim_time*90*2-60)*0.5"]
				},
				"leaf_right6": {
					"rotation": [0, 0, "-15-math.sin(q.anim_time*90*4-80)*1"]
				},
				"leaf_right7": {
					"rotation": [0, 0, "-35-math.sin(q.anim_time*90*4-100)*1"]
				},
				"leaf_right8": {
					"rotation": [0, 0, "-37.5-math.sin(q.anim_time*90*4-120)*1"]
				},
				"flower_trunk_left": {
					"rotation": {
						"0.0": [0, 0, 7.5],
						"0.4": [-7.5, 0, 7.5],
						"1.0": [-24.64233, 4.59902, 16.38927],
						"1.5": [-5.17813, 3.63035, 8.93275],
						"2.25": [-5.46306, 2.94957, 3.9711]
					}
				},
				"flower_trunk_left2": {
					"rotation": {
						"0.0": [0, 0, 10],
						"1.0": [0, 0, 25],
						"1.5": [0, 0, 12.5],
						"2.25": [0, 0, 7.5]
					}
				},
				"leaf_left9": {
					"rotation": {
						"0.0": [0.48918, 43.07952, "-20.7536-math.sin(q.anim_time*90*2-20)*0.5"],
						"2.25": [9.69231, 42.18707, "-7.2004-math.sin(q.anim_time*90*2-20)*0.5"]
					}
				},
				"leaf_left10": {
					"rotation": {
						"0.0": [0, 0, "17.5+math.sin(q.anim_time*90*4-40)*0.5"],
						"1.0": [0, 0, "7.5+math.sin(q.anim_time*90*4-40)*0.5"],
						"1.5": [0, 0, "20+math.sin(q.anim_time*90*4-40)*0.5"]
					}
				},
				"leaf_left11": {
					"rotation": {
						"0.0": [0, 0, "22.5+math.sin(q.anim_time*90*4-60)*0.5"],
						"1.0": [0, 0, "-5+math.sin(q.anim_time*90*4-60)*0.5"],
						"1.5": [0, 0, "20+math.sin(q.anim_time*90*4-60)*0.5"]
					}
				},
				"leaf_left12": {
					"rotation": {
						"0.0": [0, 0, "22.5+math.sin(q.anim_time*90*4-80)*1"],
						"1.0": [0, 0, "-5+math.sin(q.anim_time*90*4-80)*1"],
						"1.5": [0, 0, "13.6478+math.sin(q.anim_time*90*4-80)*1"]
					}
				},
				"leaf_left13": {
					"rotation": {
						"0.0": [3.27241, -45.41054, "-21.634-math.sin(q.anim_time*90*2-20)*0.5"],
						"2.25": [-4.34266, -45.34024, "-10.9498-math.sin(q.anim_time*90*2-20)*0.5"]
					}
				},
				"leaf_left14": {
					"rotation": {
						"0.0": [0, 0, "12.5+math.sin(q.anim_time*90*4-40)*0.5"],
						"1.0": [0, 0, "5+math.sin(q.anim_time*90*4-40)*0.5"],
						"1.5": [0, 0, "17.5+math.sin(q.anim_time*90*4-40)*0.5"]
					}
				},
				"leaf_left15": {
					"rotation": {
						"0.0": [0, 0, "25+math.sin(q.anim_time*90*4-60)*0.5"],
						"1.0": [0, 0, "-10+math.sin(q.anim_time*90*4-60)*0.5"],
						"1.5": [0, 0, "27.5+math.sin(q.anim_time*90*4-60)*0.5"]
					}
				},
				"leaf_left16": {
					"rotation": {
						"0.0": [0, 0, "22.5+math.sin(q.anim_time*90*4-80)*1"],
						"1.0": [0, 0, "-12.5+math.sin(q.anim_time*90*4-80)*1"],
						"1.5": [0, 0, "17.5+math.sin(q.anim_time*90*4-80)*1"]
					}
				},
				"leaf_left17": {
					"rotation": {
						"0.0": [0, 0, "-15-math.sin(q.anim_time*90*2-20)*0.5"],
						"1.5": [0, 0, "-7.5-math.sin(q.anim_time*90*2-20)*0.5"],
						"2.25": [0, 0, "5-math.sin(q.anim_time*90*2-20)*0.5"]
					}
				},
				"leaf_left18": {
					"rotation": {
						"0.0": [0, 0, "12.5+math.sin(q.anim_time*90*4-40)*0.5"],
						"1.0": [0, 0, "7.5+math.sin(q.anim_time*90*4-40)*0.5"],
						"1.5": [0, 0, "5+math.sin(q.anim_time*90*4-40)*0.5"]
					}
				},
				"leaf_left19": {
					"rotation": {
						"0.0": [0, 0, "22.5+math.sin(q.anim_time*90*4-60)*0.5"],
						"1.0": [0, 0, "-7.5+math.sin(q.anim_time*90*4-60)*0.5"],
						"1.5": [0, 0, "17.5+math.sin(q.anim_time*90*4-60)*0.5"]
					}
				},
				"leaf_left20": {
					"rotation": {
						"0.0": [0, 0, "25+math.sin(q.anim_time*90*4-80)*1"],
						"1.0": [0, 0, "-5+math.sin(q.anim_time*90*4-80)*1"],
						"1.5": [0, 0, "17.5+math.sin(q.anim_time*90*4-80)*1"]
					}
				},
				"flower_trunk_right": {
					"rotation": {
						"0.0": [0, 0, -2.5],
						"0.4": [-10, 0, -2.5],
						"1.0": [-18.76765, 7.52076, 16.08597],
						"1.5": [-6.15935, 4.56, -6.3471]
					}
				},
				"flower_trunk_right2": {
					"rotation": {
						"0.0": [0, 0, -20],
						"1.5": [0, 0, -15],
						"2.25": [0, 0, -5]
					}
				},
				"leaf_right9": {
					"rotation": {
						"0.0": [-12.49853, -59.53017, "31.7297+math.sin(q.anim_time*90*2-20)*0.5"],
						"1.0": [4.80247, -60.21072, "11.7772+math.sin(q.anim_time*90*2-20)*0.5"],
						"2.25": [13.30493, -59.42126, "1.9475+math.sin(q.anim_time*90*2-20)*0.5"]
					}
				},
				"leaf_right10": {
					"rotation": {
						"0.0": [0, 0, "-17.5-math.sin(q.anim_time*90*4-40)*0.5"],
						"1.0": [0, 0, "7.5-math.sin(q.anim_time*90*4-40)*0.5"],
						"1.5": [0, 0, "-2.5-math.sin(q.anim_time*90*4-40)*0.5"],
						"2.25": [0, 0, "-12.5-math.sin(q.anim_time*90*4-40)*0.5"]
					}
				},
				"leaf_right11": {
					"rotation": {
						"0.0": [0, 0, "-22.5-math.sin(q.anim_time*90*4-60)*0.5"],
						"1.0": [0, 0, "15.0639-math.sin(q.anim_time*90*4-60)*0.5"],
						"1.5": [0, 0, "10.0639-math.sin(q.anim_time*90*4-60)*0.5"],
						"2.25": [0, 0, "-27.4361-math.sin(q.anim_time*90*4-60)*0.5"]
					}
				},
				"leaf_right12": {
					"rotation": {
						"0.0": [0, 0, "-17.5-math.sin(q.anim_time*90*4-80)*1"],
						"1.0": [0, 0, "22.5-math.sin(q.anim_time*90*4-80)*1"],
						"1.5": [0, 0, "12.5-math.sin(q.anim_time*90*4-80)*1"],
						"2.25": [0, 0, "-15-math.sin(q.anim_time*90*4-80)*1"]
					}
				},
				"leaf_right13": {
					"rotation": {
						"0.0": [17.64518, 59.87316, "33.3933+math.sin(q.anim_time*90*2-20)*0.5"],
						"2.25": [-4.62188, 61.3236, "7.9369+math.sin(q.anim_time*90*2-20)*0.5"]
					}
				},
				"leaf_right14": {
					"rotation": {
						"0.0": [0, 0, "-15-math.sin(q.anim_time*90*4-40)*0.5"],
						"1.5": [0, 0, "-15-math.sin(q.anim_time*90*4-40)*0.5"],
						"2.25": [0, 0, "-22.5-math.sin(q.anim_time*90*4-40)*0.5"]
					}
				},
				"leaf_right15": {
					"rotation": {
						"0.0": [0, 0, "-25-math.sin(q.anim_time*90*4-60)*0.5"],
						"1.5": [0, 0, "-12.5-math.sin(q.anim_time*90*4-60)*0.5"],
						"2.25": [0, 0, "-20-math.sin(q.anim_time*90*4-60)*0.5"]
					}
				},
				"leaf_right16": {
					"rotation": {
						"0.0": [0, 0, "-25-math.sin(q.anim_time*90*4-80)*1"],
						"1.5": [0, 0, "10-math.sin(q.anim_time*90*4-80)*1"],
						"2.25": [0, 0, "-15-math.sin(q.anim_time*90*4-80)*1"]
					}
				},
				"leaf_right17": {
					"rotation": {
						"0.0": [0, 0, "17.5+math.sin(q.anim_time*90*2-20)*0.5"],
						"2.25": [0, 0, "2.5+math.sin(q.anim_time*90*2-20)*0.5"]
					}
				},
				"leaf_right18": {
					"rotation": {
						"0.0": [0, 0, "-17.5-math.sin(q.anim_time*90*4-40)*0.5"],
						"1.0": [0, 0, "-10-math.sin(q.anim_time*90*4-40)*0.5"],
						"2.25": [0, 0, "-15-math.sin(q.anim_time*90*4-40)*0.5"]
					}
				},
				"leaf_right19": {
					"rotation": {
						"0.0": [0, 0, "-17.5-math.sin(q.anim_time*90*4-60)*0.5"],
						"1.0": [0, 0, "12.1497-math.sin(q.anim_time*90*4-60)*0.5"],
						"2.25": [0, 0, "-25.3503-math.sin(q.anim_time*90*4-60)*0.5"]
					}
				},
				"leaf_right20": {
					"rotation": {
						"0.0": [0, 0, "-20-math.sin(q.anim_time*90*4-80)*1"],
						"1.0": [0, 0, "10-math.sin(q.anim_time*90*4-80)*1"],
						"2.25": [0, 0, "-17.5-math.sin(q.anim_time*90*4-80)*1"]
					}
				},
				"vines": {
					"rotation": [74.05795, -21.876, -4.26996]
				},
				"vines2": {
					"rotation": [0, -53, 0]
				},
				"vines3": {
					"rotation": [0, -72.5, 0]
				},
				"vines4": {
					"rotation": [0, -37.5, 0]
				},
				"vines9": {
					"rotation": [82.30855, 16.17059, 7.93053]
				},
				"vines10": {
					"rotation": [0, 50, 0]
				},
				"vines11": {
					"rotation": [0, 65, 0]
				},
				"vines12": {
					"rotation": [0, 47.5, 0]
				},
				"vines5": {
					"rotation": [-73.30273, 17.25812, -4.51825]
				},
				"vines6": {
					"rotation": [0, 55, 0]
				},
				"vines7": {
					"rotation": [0, 62.5, 0]
				},
				"vines8": {
					"rotation": [0, 57.5, 0]
				},
				"vines13": {
					"rotation": [-79.72606, -16.49987, 7.20407]
				},
				"vines14": {
					"rotation": [0, -57.5, 0]
				},
				"vines15": {
					"rotation": [0, -57.5, 0]
				},
				"vines16": {
					"rotation": [0, -60, 0]
				}
			}
		},
		"animation.mega_venusaur.render": {
			"loop": true,
			"bones": {
				"head": {
					"rotation": [-7.5, 0, 0]
				},
				"jaw": {
					"rotation": [30, 0, 0]
				},
				"leaf_left": {
					"rotation": [2.5, 0, -5]
				},
				"leaf_left2": {
					"rotation": [0, 0, 7.5]
				},
				"leaf_left3": {
					"rotation": [0, 0, 17.5]
				},
				"petal_left_back": {
					"rotation": [0, 0, 5]
				},
				"petal_left_back2": {
					"rotation": [0, 0, 10]
				},
				"petal_right_back": {
					"rotation": [0, 0, -7.5]
				},
				"petal_right_back2": {
					"rotation": [0, 0, -7.5]
				},
				"petal_right_front": {
					"rotation": [0, 0, -2.5]
				},
				"petal_right_front2": {
					"rotation": [0, 0, -12.5]
				},
				"petal_left_front": {
					"rotation": [0, 0, 5]
				},
				"petal_left_front2": {
					"rotation": [0, 0, 12.5]
				},
				"petal_right_middle": {
					"rotation": [0, 0, -10]
				},
				"petal_right_middle2": {
					"rotation": [0, 0, -5]
				},
				"petal_left_middle": {
					"rotation": [0, 0, 5]
				},
				"petal_left_middle2": {
					"rotation": [0, 0, 5]
				},
				"leg_front_right": {
					"rotation": [20.35117, -15.39944, 12.97665],
					"position": [-1, 0, 0]
				},
				"leg_front_left": {
					"rotation": [-12.07696, -1.59844, -7.34011],
					"position": [1, 0, 0]
				},
				"leg_back_right": {
					"rotation": [0, 0, 15],
					"position": [-1, 0, 0]
				},
				"leg_back_right2": {
					"rotation": [0, 0, -7.5]
				},
				"leg_back_left": {
					"rotation": [0, 0, -10],
					"position": [1, 0, 0]
				},
				"leg_back_left2": {
					"rotation": [0, 0, 7.5]
				}
			}
		},
		"animation.mega_venusaur.cry": {
			"animation_length": 1.125,
			"bones": {
				"head": {
					"rotation": {
						"0.0": [0, 0, 0],
						"0.1667": [-10, 0, 0],
						"0.5": [-7.5, 0, 0],
						"1.0833": [0, 0, 0]
					}
				},
				"jaw": {
					"rotation": {
						"0.0": [0, 0, 0],
						"0.125": [12.5, 0, 0],
						"0.4167": [2.5, 0, 0],
						"0.5": [15, 0, 0],
						"1.0833": [0, 0, 0]
					}
				}
			},
			"sound_effects": {
				"0.0": {
					"effect": "venusaur_cry"
				}
			}
		},
		"animation.mega_venusaur.blink": {
			"animation_length": 0.16667,
			"bones": {
				"eyelid_right": {
					"position": {
						"0.0": [0, 0, -0.1],
						"0.125": [0, 0, -0.1],
						"0.1667": [0, 0, 0]
					}
				},
				"eyelid_left": {
					"position": {
						"0.0": [0, 0, -0.1],
						"0.125": [0, 0, -0.1],
						"0.1667": [0, 0, 0]
					}
				}
			}
		},
		"animation.mega_venusaur.sleep": {
			"loop": true,
			"animation_length": 2,
			"bones": {
				"body": {
					"position": [0, -1.75, 0]
				},
				"torso": {
					"rotation": ["2.5+math.sin(q.anim_time*90*2)*0.2", 0, 2.5]
				},
				"head": {
					"rotation": [9.25, -13, 3]
				},
				"eyelid_left": {
					"position": [0, 0, -0.1]
				},
				"eyelid_right": {
					"position": [0, 0, -0.1]
				},
				"leg_front_right": {
					"rotation": [-86, 10.5, -33.5],
					"position": [0, -2.25, -0.5]
				},
				"leg_front_left": {
					"rotation": [-104, -32.5, 41],
					"position": [0, -2.25, -0.5]
				},
				"leg_back_right": {
					"rotation": [105, 6.25, 94.75],
					"position": [0, -1.75, 0]
				},
				"leg_back_right2": {
					"rotation": [39.75, 5, 5.75]
				},
				"leg_back_left": {
					"rotation": [62, -7, -87.5],
					"position": [0, -1.75, 0]
				},
				"leg_back_left2": {
					"rotation": [39.75, 5, -5.75]
				},
				"jaw": {
					"rotation": ["3.25+math.sin(q.anim_time*90*2-60)*1.25", 0, 0]
				},
				"ear_right": {
					"rotation": [-5, 0, 7.5]
				},
				"ear_left": {
					"rotation": [
						"17+math.clamp(math.sin(q.anim_time*90*2)*(0.15+0.65),-1.8,1.8)+math.clamp(math.sin(q.anim_time*90*2)*(0.15+0.65),-1,1)",
						-1.75,
						"17.5+math.clamp(math.sin(q.anim_time*90*2)*(0.25+0.75),-1.8,1.8)+math.clamp(math.sin(q.anim_time*90*2)*(0.25+0.75),-1,1)"
					]
				},
				"leaf_left": {
					"rotation": [-0.12076, -12.45167, -13.89307]
				},
				"leaf_left2": {
					"rotation": [0, 0, 20]
				},
				"leaf_left3": {
					"rotation": [0, 0, 37.5]
				},
				"leaf_left4": {
					"rotation": [0, 0, 25]
				},
				"flower": {
					"rotation": [0, 0, "5+math.sin(q.anim_time*90*2/1)*0.5"]
				},
				"petal_left_back": {
					"rotation": [0, 0, "10+math.sin(q.anim_time*90*2)*1"]
				},
				"petal_left_back2": {
					"rotation": [0, 0, "15-math.sin(q.anim_time*90*4-20)*1"]
				},
				"petal_right_back": {
					"rotation": [0, 0, "-10-math.sin(q.anim_time*90*2)*1"]
				},
				"petal_right_back2": {
					"rotation": [0, 0, "-15+math.sin(q.anim_time*90*4-20)*.5"]
				},
				"petal_right_front": {
					"rotation": [0, 0, "-10-math.sin(q.anim_time*90*2)*1"]
				},
				"petal_right_front2": {
					"rotation": [0, 0, "-15+math.sin(q.anim_time*90*4-20)*1"]
				},
				"petal_left_front": {
					"rotation": [0, 0, "10+math.sin(q.anim_time*90*2)*1"]
				},
				"petal_left_front2": {
					"rotation": [0, 0, "15-math.sin(q.anim_time*90*4-20)*1"]
				},
				"petal_right_middle": {
					"rotation": [0, 0, "-10-math.sin(q.anim_time*90*2)*1"]
				},
				"petal_right_middle2": {
					"rotation": [0, 0, "-15+math.sin(q.anim_time*90*4-20)*1"]
				},
				"petal_left_middle": {
					"rotation": [0, 0, "15+math.sin(q.anim_time*90*2)*1"]
				},
				"petal_left_middle2": {
					"rotation": [0, 0, "15-math.sin(q.anim_time*90*4-20)*1"]
				},
				"leaf_right": {
					"rotation": [6.70036, 23.00752, 10.83242]
				},
				"leaf_right2": {
					"rotation": [0, 0, -15]
				},
				"leaf_right3": {
					"rotation": [0, 0, -32.5]
				},
				"leaf_right4": {
					"rotation": [0, 0, -25]
				},
				"leaf_left5": {
					"rotation": [-2.3561, 9.26957, -6.07012]
				},
				"leaf_left6": {
					"rotation": [0, 0, 7.5]
				},
				"leaf_left7": {
					"rotation": [0, 0, 30]
				},
				"leaf_left8": {
					"rotation": [0, 0, 27.5]
				},
				"leaf_right5": {
					"rotation": [-1.90989, -14.41689, 18.95831]
				},
				"leaf_right6": {
					"rotation": [0, 0, -20]
				},
				"leaf_right7": {
					"rotation": [0, 0, -45]
				},
				"leaf_right8": {
					"rotation": [0, 0, -17.5]
				},
				"flower_trunk_left": {
					"rotation": [0, 0, 20]
				},
				"flower_trunk_left2": {
					"rotation": [0, 0, 20]
				},
				"leaf_left9": {
					"rotation": [0.48918, 43.07952, -20.75357]
				},
				"leaf_left10": {
					"rotation": [0, 0, 17.5]
				},
				"leaf_left11": {
					"rotation": [0, 0, 22.5]
				},
				"leaf_left12": {
					"rotation": [0, 0, 22.5]
				},
				"leaf_left13": {
					"rotation": [3.27241, -45.41054, -21.63402]
				},
				"leaf_left14": {
					"rotation": [0, 0, 12.5]
				},
				"leaf_left15": {
					"rotation": [0, 0, 25]
				},
				"leaf_left16": {
					"rotation": [0, 0, 22.5]
				},
				"leaf_left17": {
					"rotation": [0, 0, -15]
				},
				"leaf_left18": {
					"rotation": [0, 0, 12.5]
				},
				"leaf_left19": {
					"rotation": [0, 0, 22.5]
				},
				"leaf_left20": {
					"rotation": [0, 0, 25]
				},
				"flower_trunk_right": {
					"rotation": [0, 0, -7.5]
				},
				"flower_trunk_right2": {
					"rotation": [0, 0, -12.5]
				},
				"leaf_right9": {
					"rotation": [-12.49853, -59.53017, 31.7297]
				},
				"leaf_right10": {
					"rotation": [0, 0, -17.5]
				},
				"leaf_right11": {
					"rotation": [0, 0, -22.5]
				},
				"leaf_right12": {
					"rotation": [0, 0, -17.5]
				},
				"leaf_right13": {
					"rotation": [17.64518, 59.87316, 33.39335]
				},
				"leaf_right14": {
					"rotation": [0, 0, -15]
				},
				"leaf_right15": {
					"rotation": [0, 0, -25]
				},
				"leaf_right16": {
					"rotation": [0, 0, -25]
				},
				"leaf_right17": {
					"rotation": [0, 0, 17.5]
				},
				"leaf_right18": {
					"rotation": [0, 0, -17.5]
				},
				"leaf_right19": {
					"rotation": [0, 0, -17.5]
				},
				"leaf_right20": {
					"rotation": [0, 0, -20]
				},
				"vines": {
					"rotation": [74.05795, -21.876, -4.26996]
				},
				"vines2": {
					"rotation": [0, -53, 0]
				},
				"vines3": {
					"rotation": [0, -72.5, 0]
				},
				"vines4": {
					"rotation": [0, -37.5, 0]
				},
				"vines9": {
					"rotation": [82.30855, 16.17059, 7.93053]
				},
				"vines10": {
					"rotation": [0, 50, 0]
				},
				"vines11": {
					"rotation": [0, 65, 0]
				},
				"vines12": {
					"rotation": [0, 47.5, 0]
				},
				"vines5": {
					"rotation": [-73.30273, 17.25812, -4.51825]
				},
				"vines6": {
					"rotation": [0, 55, 0]
				},
				"vines7": {
					"rotation": [0, 62.5, 0]
				},
				"vines8": {
					"rotation": [0, 57.5, 0]
				},
				"vines13": {
					"rotation": [-79.72606, -16.49987, 7.20407]
				},
				"vines14": {
					"rotation": [0, -57.5, 0]
				},
				"vines15": {
					"rotation": [0, -57.5, 0]
				},
				"vines16": {
					"rotation": [0, -60, 0]
				}
			}
		}
	}
}