{
	"format_version": "1.8.0",
	"animations": {
		"animation.mimikyu_charmander.ground_idle": {
			"loop": true,
			"bones": {
				"hand_right": {
					"position": [7, 0, 0]
				},
				"hand_right2": {
					"position": [4, 0, 0]
				},
				"hand_right3": {
					"position": [4, 0, 0]
				},
				"hand_right4": {
					"position": [4, 0, 0]
				},
				"hand_right5": {
					"position": [4, 0, 0]
				},
				"hand_left": {
					"position": [-7, 0, 0]
				},
				"hand_left2": {
					"position": [-4, 0, 0]
				},
				"hand_left3": {
					"position": [-4, 0, 0]
				},
				"hand_left4": {
					"position": [-4, 0, 0]
				},
				"hand_left5": {
					"position": [-4, 0, 0]
				}
			}
		},
		"animation.mimikyu_charmander.ground_walk": {
			"loop": true,
			"bones": {
				"hand_right": {
					"position": [7, 0, 0]
				},
				"hand_right2": {
					"position": [4, 0, 0]
				},
				"hand_right3": {
					"position": [4, 0, 0]
				},
				"hand_right4": {
					"position": [4, 0, 0]
				},
				"hand_right5": {
					"position": [4, 0, 0]
				},
				"hand_left": {
					"position": [-7, 0, 0]
				},
				"hand_left2": {
					"position": [-4, 0, 0]
				},
				"hand_left3": {
					"position": [-4, 0, 0]
				},
				"hand_left4": {
					"position": [-4, 0, 0]
				},
				"hand_left5": {
					"position": [-4, 0, 0]
				}
			}
		},
		"animation.mimikyu_charmander.faint": {
			"loop": true,
			"bones": {
				"hand_right": {
					"position": [7, 0, 0]
				},
				"hand_right2": {
					"position": [4, 0, 0]
				},
				"hand_right3": {
					"position": [4, 0, 0]
				},
				"hand_right4": {
					"position": [4, 0, 0]
				},
				"hand_right5": {
					"position": [4, 0, 0]
				},
				"hand_left": {
					"position": [-7, 0, 0]
				},
				"hand_left2": {
					"position": [-4, 0, 0]
				},
				"hand_left3": {
					"position": [-4, 0, 0]
				},
				"hand_left4": {
					"position": [-4, 0, 0]
				},
				"hand_left5": {
					"position": [-4, 0, 0]
				}
			}
		}
	}
}