{
	"format_version": "1.8.0",
	"animations": {
		"animation.mothim.ground_idle": {
			"loop": true,
			"animation_length": 4,
			"bones": {
				"body": {
					"rotation": ["-math.sin(query.anim_time*90*2-0)*2", "-math.sin(query.anim_time*90*1-0)*2", "math.sin(query.anim_time*90*1-0)*2"],
					"position": ["math.sin(query.anim_time*90*1+0)*1", "15+math.sin(query.anim_time*90*2+0)*2", 0]
				},
				"tail": {
					"rotation": ["-math.cos(query.anim_time*90*2-20)*4+4", 0, 0]
				},
				"head": {
					"rotation": ["math.sin(query.anim_time*90*2-20)*3", "math.sin(query.anim_time*90*1-20)*5", "-math.sin(query.anim_time*90*1-20)*2"]
				},
				"right_eyebrow_1": {
					"rotation": ["math.cos(query.anim_time*90*2-20)*0.25-0.25", 0, 0]
				},
				"right_eyebrow_2": {
					"rotation": ["math.cos(query.anim_time*90*2-40)*4-4", 0, 0]
				},
				"left_eyebrow_1": {
					"rotation": ["math.cos(query.anim_time*90*2-20)*0.25-0.25", 0, 0]
				},
				"left_eyebrow_2": {
					"rotation": ["math.cos(query.anim_time*90*2-40)*4-4", 0, 0]
				},
				"right_arm": {
					"rotation": ["25+math.sin(query.anim_time*90*2-20)*4", 0, 0]
				},
				"left_arm": {
					"rotation": ["25+math.sin(query.anim_time*90*2-20)*4", 0, 0]
				},
				"wing_top_right": {
					"rotation": [0, "15-math.cos(query.anim_time*90*16-40)*20+20", 0]
				},
				"wing_top_left": {
					"rotation": [0, "-15+math.cos(query.anim_time*90*16-40)*20-20", 0]
				},
				"wing_bottom_right": {
					"rotation": [0, "15-math.cos(query.anim_time*90*16-20)*20+20", 0]
				},
				"wing_bottom_left": {
					"rotation": [0, "-15+math.cos(query.anim_time*90*16-20)*20-20", 0]
				}
			}
		},
		"animation.mothim.ground_walk": {
			"loop": true,
			"animation_length": 4,
			"bones": {
				"body": {
					"rotation": ["15-math.sin(query.anim_time*90*2-0)*2", "-math.sin(query.anim_time*90*1-0)*2", "math.sin(query.anim_time*90*1-0)*2"],
					"position": ["math.sin(query.anim_time*90*1+0)*1", "15+math.sin(query.anim_time*90*2+90)*1", "math.sin(query.anim_time*90*2+0)*1"]
				},
				"tail": {
					"rotation": ["-math.cos(query.anim_time*90*2-20)*4+4", 0, 0]
				},
				"head": {
					"rotation": ["-7.5+math.sin(query.anim_time*90*2-20)*3", "0+math.sin(query.anim_time*90*1-20)*5", "0-math.sin(query.anim_time*90*1-20)*2"]
				},
				"right_eyebrow_1": {
					"rotation": ["math.cos(query.anim_time*90*2-20)*0.25-0.25", 0, 0]
				},
				"right_eyebrow_2": {
					"rotation": ["math.cos(query.anim_time*90*2-40)*4-4", 0, 0]
				},
				"left_eyebrow_1": {
					"rotation": ["math.cos(query.anim_time*90*2-20)*0.25-0.25", 0, 0]
				},
				"left_eyebrow_2": {
					"rotation": ["math.cos(query.anim_time*90*2-40)*4-4", 0, 0]
				},
				"right_arm": {
					"rotation": ["25+math.sin(query.anim_time*90*2-20)*4", 0, 0]
				},
				"left_arm": {
					"rotation": ["25+math.sin(query.anim_time*90*2-20)*4", 0, 0]
				},
				"wing_top_right": {
					"rotation": [0, "15-math.cos(query.anim_time*90*16-40)*20+20", 0]
				},
				"wing_top_left": {
					"rotation": [0, "-15+math.cos(query.anim_time*90*16-40)*20-20", 0]
				},
				"wing_bottom_right": {
					"rotation": [0, "15-math.cos(query.anim_time*90*16-20)*20+20", 0]
				},
				"wing_bottom_left": {
					"rotation": [0, "-15+math.cos(query.anim_time*90*16-20)*20-20", 0]
				}
			}
		}
	}
}