{
	"format_version": "1.8.0",
	"animations": {
		"animation.panpour.ground_idle": {
			"loop": true,
			"bones": {
				"torso": {
					"rotation": ["5+math.sin(q.anim_time*150*2-210)*-2.5", 0, "math.sin(q.anim_time*150*1-60)*-2.5"],
					"position": [0, "-1.25+math.sin(q.anim_time*150*2-0)*-0.25", 0]
				},
				"arm_left": {
					"rotation": ["0+math.sin(q.anim_time*150*2-0)*-5", -15, "55+math.sin(q.anim_time*150*2-300)*-2.5"]
				},
				"arm_left2": {
					"rotation": [0, "30+math.sin(q.anim_time*150*2-60)*-5", 0]
				},
				"fingers_left": {
					"rotation": [0, 0, "12.5+math.sin(q.anim_time*150*2-60)*-10"]
				},
				"fingers_left2": {
					"rotation": [0, 0, 12.5]
				},
				"thumb_left": {
					"rotation": [22.5, 0, 0]
				},
				"arm_right": {
					"rotation": ["0+math.sin(q.anim_time*150*2-0)*-5", 15, "-55+math.sin(q.anim_time*150*2-300)*2.5"]
				},
				"arm_right2": {
					"rotation": [0, "-30+math.sin(q.anim_time*150*2-60)*5", 0]
				},
				"fingers_right": {
					"rotation": [0, 0, "-12.5+math.sin(q.anim_time*150*2-60)*10"]
				},
				"fingers_right2": {
					"rotation": [0, 0, -12.5]
				},
				"thumb_right": {
					"rotation": [22.5, 0, 0]
				},
				"tail": {
					"rotation": ["-22.5+math.sin(q.anim_time*150*2-60)*-7.5", 0, 0]
				},
				"tail2": {
					"rotation": ["22.5+math.sin(q.anim_time*150*2-120)*-5", 0, 0]
				},
				"tail3": {
					"rotation": ["22.5+math.sin(q.anim_time*150*2-180)*-5", 0, 0]
				},
				"head": {
					"rotation": ["-2.5+math.sin(q.anim_time*150*2-210)*2.5", 0, 0]
				},
				"ear_left": {
					"rotation": [0, 0, "0+math.sin(q.anim_time*150*2-300)*-2.5"]
				},
				"ear_right": {
					"rotation": [0, 0, "0+math.sin(q.anim_time*150*2-300)*2.5"]
				},
				"legs": {
					"position": [0, -1.75, 0]
				},
				"leg_left": {
					"rotation": [-32.5, 0, 0]
				},
				"leg_rotation_left": {
					"rotation": [0, -45, 0]
				},
				"leg_left2": {
					"rotation": [45, 0, 0]
				},
				"foot_left": {
					"rotation": [-12.5, 0, 0]
				},
				"leg_rotation_right": {
					"rotation": [0, 45, 0]
				},
				"leg_right": {
					"rotation": [-32.5, 0, 0]
				},
				"leg_right2": {
					"rotation": [45, 0, 0]
				},
				"foot_right": {
					"rotation": [-12.5, 0, 0]
				},
				"hair": {
					"rotation": ["0+math.sin(q.anim_time*150*2-270)*-2.5", 0, 0]
				},
				"hair2": {
					"rotation": ["0+math.sin(q.anim_time*150*2-0)*-5", 0, "math.sin(q.anim_time*150*1-120)*-5"]
				},
				"hair_front": {
					"rotation": ["5+math.sin(q.anim_time*150*2-60)*-7.5", 0, 0]
				},
				"hair_front_left": {
					"rotation": ["5+math.sin(q.anim_time*150*2-60)*-7.5", 0, 0]
				},
				"hair_left": {
					"rotation": ["5+math.sin(q.anim_time*150*2-60)*-7.5", 0, 0]
				},
				"hair_front_right": {
					"rotation": ["5+math.sin(q.anim_time*150*2-60)*-7.5", 0, 0]
				},
				"hair_right": {
					"rotation": ["5+math.sin(q.anim_time*150*2-60)*-7.5", 0, 0]
				},
				"hair_back_left": {
					"rotation": ["5+math.sin(q.anim_time*150*2-60)*-7.5", 0, 0]
				},
				"hair_back_right": {
					"rotation": ["5+math.sin(q.anim_time*150*2-60)*-7.5", 0, 0]
				},
				"hair_back": {
					"rotation": ["5+math.sin(q.anim_time*150*2-60)*-7.5", 0, 0]
				},
				"tail4": {
					"rotation": ["22.5+math.sin(q.anim_time*150*2-240)*-5", 0, 0]
				}
			}
		},
		"animation.panpour.ground_walk": {
			"loop": true,
			"bones": {
				"torso": {
					"rotation": ["5+math.sin(q.anim_time*150*4-210)*-2.5", 0, "math.sin(q.anim_time*150*2-60)*-2.5"],
					"position": [0, "-2.25+math.sin(q.anim_time*150*4-0)*-0.25", 0]
				},
				"arm_left": {
					"rotation": [0, "-15+math.sin(q.anim_time*150*2-0)*-15", 55]
				},
				"arm_left2": {
					"rotation": [0, "30+math.sin(q.anim_time*150*2-60)*-25", 0]
				},
				"fingers_left": {
					"rotation": [0, 0, 17.5]
				},
				"fingers_left2": {
					"rotation": [0, 0, 12.5]
				},
				"thumb_left": {
					"rotation": [22.5, 0, 0]
				},
				"arm_right": {
					"rotation": [0, "15+math.sin(q.anim_time*150*2-0)*-15", -55]
				},
				"arm_right2": {
					"rotation": [0, "-30+math.sin(q.anim_time*150*2-60)*-25", 0]
				},
				"fingers_right": {
					"rotation": [0, 0, -17.5]
				},
				"fingers_right2": {
					"rotation": [0, 0, -12.5]
				},
				"thumb_right": {
					"rotation": [22.5, 0, 0]
				},
				"tail": {
					"rotation": ["-22.5+math.sin(q.anim_time*150*4-60)*-7.5", "0+math.sin(q.anim_time*150*2-210)*10", 0]
				},
				"tail2": {
					"rotation": ["22.5+math.sin(q.anim_time*150*4-120)*-5", "0+math.sin(q.anim_time*150*2-270)*10", 0]
				},
				"tail3": {
					"rotation": ["22.5+math.sin(q.anim_time*150*4-180)*-5", "0+math.sin(q.anim_time*150*2-330)*10", 0]
				},
				"head": {
					"rotation": ["-2.5+math.sin(q.anim_time*150*4-210)*2.5", 0, 0]
				},
				"ear_left": {
					"rotation": [0, -22.5, "math.sin(q.anim_time*150*4-300)*-2.5"]
				},
				"ear_right": {
					"rotation": [0, 22.5, "math.sin(q.anim_time*150*4-300)*2.5"]
				},
				"legs": {
					"position": [0, -2.75, 0]
				},
				"leg_left": {
					"rotation": ["-32.5+math.sin(q.anim_time*150*2-210)*25", 0, 0],
					"position": ["0+math.sin(q.anim_time*150*2-270)*0.5", 0, "0+math.sin(q.anim_time*150*2-270)*1"]
				},
				"leg_rotation_left": {
					"rotation": [0, -22.5, 0]
				},
				"leg_left2": {
					"rotation": ["45+math.sin(q.anim_time*150*2-150)*-15", 0, 0]
				},
				"foot_left": {
					"rotation": [-12.5, 0, 0]
				},
				"leg_rotation_right": {
					"rotation": [0, 22.5, 0]
				},
				"leg_right": {
					"rotation": ["-32.5+math.sin(q.anim_time*150*2-210)*-25", 0, 0],
					"position": ["0+math.sin(q.anim_time*150*2-270)*0.5", 0, "0+math.sin(q.anim_time*150*2-270)*-1"]
				},
				"leg_right2": {
					"rotation": ["45+math.sin(q.anim_time*150*2-150)*15", 0, 0]
				},
				"foot_right": {
					"rotation": [-12.5, 0, 0]
				},
				"body": {
					"position": [0, 1.5, 0]
				},
				"hair": {
					"rotation": ["0+math.sin(q.anim_time*150*4-270)*-2.5", 0, 0]
				},
				"hair2": {
					"rotation": ["0+math.sin(q.anim_time*150*4-0)*-5", 0, "math.sin(q.anim_time*150*2-120)*-5"]
				},
				"hair_front": {
					"rotation": ["5+math.sin(q.anim_time*150*4-60)*-7.5", 0, 0]
				},
				"hair_front_left": {
					"rotation": ["5+math.sin(q.anim_time*150*4-60)*-7.5", 0, 0]
				},
				"hair_left": {
					"rotation": ["5+math.sin(q.anim_time*150*4-60)*-7.5", 0, 0]
				},
				"hair_front_right": {
					"rotation": ["5+math.sin(q.anim_time*150*4-60)*-7.5", 0, 0]
				},
				"hair_right": {
					"rotation": ["5+math.sin(q.anim_time*150*4-60)*-7.5", 0, 0]
				},
				"hair_back_left": {
					"rotation": ["5+math.sin(q.anim_time*150*4-60)*-7.5", 0, 0]
				},
				"hair_back_right": {
					"rotation": ["5+math.sin(q.anim_time*150*4-60)*-7.5", 0, 0]
				},
				"hair_back": {
					"rotation": ["5+math.sin(q.anim_time*150*4-60)*-7.5", 0, 0]
				}
			}
		},
		"animation.panpour.blink": {
			"animation_length": 0.4167,
			"bones": {
				"eyelid_left": {
					"position": {
						"0.0417": [0, 0, 0],
						"0.0833": {"pre": [0, 0, 0], "post": [0, 0, -1]},
						"0.375": {"pre": [0, 0, -1], "post": [0, 0, 0]}
					}
				},
				"eyelid_right": {
					"position": {
						"0.0417": [0, 0, 0],
						"0.0833": {"pre": [0, 0, 0], "post": [0, 0, -1]},
						"0.375": {"pre": [0, 0, -1], "post": [0, 0, 0]}
					}
				}
			}
		},
		"animation.panpour.sleep": {
			"loop": true,
			"bones": {
				"body": {
					"position": [0, -5, 0]
				},
				"torso": {
					"rotation": ["10+math.sin(q.anim_time*60*1-210)*-2.5", 0, 0]
				},
				"tail": {
					"rotation": ["-20+math.sin(q.anim_time*60*1-210)*3.5", 0, 0]
				},
				"tail2": {
					"rotation": [10, 0, 0]
				},
				"arm_left": {
					"rotation": [0, -25, 60]
				},
				"arm_left2": {
					"rotation": [0, "85+math.sin(q.anim_time*60*1-210)*-2.5", 0]
				},
				"fingers_left": {
					"rotation": [0, 0, 25]
				},
				"fingers_left2": {
					"rotation": [0, 0, 25]
				},
				"thumb_left": {
					"rotation": [45, 0, 0]
				},
				"arm_right": {
					"rotation": [0, 20, -60]
				},
				"arm_right2": {
					"rotation": [0, "-85+math.sin(q.anim_time*60*1-210)*2.5", 0]
				},
				"fingers_right": {
					"rotation": [0, 0, -25]
				},
				"fingers_right2": {
					"rotation": [0, 0, -25]
				},
				"thumb_right": {
					"rotation": [45, 0, 0]
				},
				"head": {
					"rotation": ["30+math.sin(q.anim_time*60*1-270)*-2.5", 0, 0],
					"position": [0, -1, 0]
				},
				"eyelid_left": {
					"position": [0, 0, -1]
				},
				"eyelid_right": {
					"position": [0, 0, -1]
				},
				"leg_rotation_left": {
					"rotation": [0, 0, 60]
				},
				"leg_left": {
					"rotation": [-107.5, 0, 0]
				},
				"leg_left2": {
					"rotation": [57.5, 0, 0]
				},
				"leg_rotation_right": {
					"rotation": [0, 0, -60]
				},
				"leg_right": {
					"rotation": [-107.5, 0, 0]
				},
				"leg_right2": {
					"rotation": [57.5, 0, 0]
				},
				"mouth_sides": {
					"position": [0, 0, 1]
				},
				"hair": {
					"rotation": [22.5, 0, 0]
				},
				"hair2": {
					"rotation": [17.5, 0, 0]
				},
				"hair_front": {
					"rotation": [15, 0, 0]
				},
				"hair_front_left": {
					"rotation": [7.5, 7.5, 0]
				},
				"hair_left": {
					"rotation": [0, 15, 7.5]
				},
				"hair_front_right": {
					"rotation": [7.5, -7.5, 0]
				},
				"hair_right": {
					"rotation": [0, -15, -7.5]
				},
				"hair_back_left": {
					"rotation": [15, 15, 0]
				},
				"hair_back_right": {
					"rotation": [15, -15, 0]
				},
				"hair_back": {
					"rotation": [30, 0, 0]
				}
			}
		}
	}
}