{
	"format_version": "1.8.0",
	"animations": {
		"animation.pansage.ground_idle": {
			"loop": true,
			"bones": {
				"torso": {
					"rotation": ["5+math.sin(q.anim_time*150*2-210)*-2.5", 0, "math.sin(q.anim_time*150*1-60)*-2.5"],
					"position": [0, "-1.25+math.sin(q.anim_time*150*2-0)*-0.25", 0]
				},
				"arm_left": {
					"rotation": ["0+math.sin(q.anim_time*150*2-0)*-5", -15, "55+math.sin(q.anim_time*150*2-300)*-2.5"]
				},
				"arm_left2": {
					"rotation": [0, "30+math.sin(q.anim_time*150*2-60)*-5", 0]
				},
				"fingers_left": {
					"rotation": [0, 0, "12.5+math.sin(q.anim_time*150*2-60)*-10"]
				},
				"fingers_left2": {
					"rotation": [0, 0, 12.5]
				},
				"thumb_left": {
					"rotation": [22.5, 0, 0]
				},
				"arm_right": {
					"rotation": ["0+math.sin(q.anim_time*150*2-0)*-5", 15, "-55+math.sin(q.anim_time*150*2-300)*2.5"]
				},
				"arm_right2": {
					"rotation": [0, "-30+math.sin(q.anim_time*150*2-60)*5", 0]
				},
				"fingers_right": {
					"rotation": [0, 0, "-12.5+math.sin(q.anim_time*150*2-60)*10"]
				},
				"fingers_right2": {
					"rotation": [0, 0, -12.5]
				},
				"thumb_right": {
					"rotation": [22.5, 0, 0]
				},
				"tail": {
					"rotation": ["-22.5+math.sin(q.anim_time*150*2-60)*-7.5", 0, 0]
				},
				"tail2": {
					"rotation": ["22.5+math.sin(q.anim_time*150*2-120)*-5", 0, 0]
				},
				"tail3": {
					"rotation": ["22.5+math.sin(q.anim_time*150*2-180)*-5", 0, 0]
				},
				"head": {
					"rotation": ["-2.5+math.sin(q.anim_time*150*2-210)*2.5", 0, 0]
				},
				"ear_left": {
					"rotation": [0, 0, "0+math.sin(q.anim_time*150*2-300)*-2.5"]
				},
				"ear_right": {
					"rotation": [0, 0, "0+math.sin(q.anim_time*150*2-300)*2.5"]
				},
				"legs": {
					"position": [0, -1.75, 0]
				},
				"leg_left": {
					"rotation": [-32.5, 0, 0]
				},
				"leg_rotation_left": {
					"rotation": [0, -45, 0]
				},
				"leg_left2": {
					"rotation": [45, 0, 0]
				},
				"foot_left": {
					"rotation": [-12.5, 0, 0]
				},
				"leg_rotation_right": {
					"rotation": [0, 45, 0]
				},
				"leg_right": {
					"rotation": [-32.5, 0, 0]
				},
				"leg_right2": {
					"rotation": [45, 0, 0]
				},
				"foot_right": {
					"rotation": [-12.5, 0, 0]
				},
				"tail_tip_top": {
					"rotation": ["5+math.sin(q.anim_time*150*2-300)*5", 22.5, 0]
				},
				"hair": {
					"rotation": ["0+math.sin(q.anim_time*150*2-270)*-2.5", 0, 0]
				},
				"hair2": {
					"rotation": ["0+math.sin(q.anim_time*150*2-0)*-5", 0, "math.sin(q.anim_time*150*1-120)*-5"]
				},
				"tail_tip_bottom": {
					"rotation": ["-5+math.sin(q.anim_time*150*2-0)*5", -22.5, 0]
				},
				"tail4": {
					"rotation": ["22.5+math.sin(q.anim_time*150*2-240)*-5", 0, 0]
				}
			}
		},
		"animation.pansage.ground_walk": {
			"loop": true,
			"bones": {
				"torso": {
					"rotation": ["5+math.sin(q.anim_time*150*4-210)*-2.5", 0, "math.sin(q.anim_time*150*2-60)*-2.5"],
					"position": [0, "-2.25+math.sin(q.anim_time*150*4-0)*-0.25", 0]
				},
				"arm_left": {
					"rotation": [0, "-15+math.sin(q.anim_time*150*2-0)*-15", 55]
				},
				"arm_left2": {
					"rotation": [0, "30+math.sin(q.anim_time*150*2-60)*-25", 0]
				},
				"fingers_left": {
					"rotation": [0, 0, 17.5]
				},
				"fingers_left2": {
					"rotation": [0, 0, 12.5]
				},
				"thumb_left": {
					"rotation": [22.5, 0, 0]
				},
				"arm_right": {
					"rotation": [0, "15+math.sin(q.anim_time*150*2-0)*-15", -55]
				},
				"arm_right2": {
					"rotation": [0, "-30+math.sin(q.anim_time*150*2-60)*-25", 0]
				},
				"fingers_right": {
					"rotation": [0, 0, -17.5]
				},
				"fingers_right2": {
					"rotation": [0, 0, -12.5]
				},
				"thumb_right": {
					"rotation": [22.5, 0, 0]
				},
				"tail": {
					"rotation": ["-22.5+math.sin(q.anim_time*150*4-60)*-7.5", "0+math.sin(q.anim_time*150*2-210)*10", 0]
				},
				"tail2": {
					"rotation": ["22.5+math.sin(q.anim_time*150*4-120)*-5", "0+math.sin(q.anim_time*150*2-270)*10", 0]
				},
				"tail3": {
					"rotation": ["22.5+math.sin(q.anim_time*150*4-180)*-5", "0+math.sin(q.anim_time*150*2-330)*10", 0]
				},
				"head": {
					"rotation": ["-2.5+math.sin(q.anim_time*150*4-210)*2.5", 0, 0]
				},
				"ear_left": {
					"rotation": [0, -22.5, "math.sin(q.anim_time*150*4-300)*-2.5"]
				},
				"ear_right": {
					"rotation": [0, 22.5, "math.sin(q.anim_time*150*4-300)*2.5"]
				},
				"legs": {
					"position": [0, -2.75, 0]
				},
				"leg_left": {
					"rotation": ["-32.5+math.sin(q.anim_time*150*2-210)*25", 0, 0],
					"position": ["0+math.sin(q.anim_time*150*2-270)*0.5", 0, "0+math.sin(q.anim_time*150*2-270)*1"]
				},
				"leg_rotation_left": {
					"rotation": [0, -22.5, 0]
				},
				"leg_left2": {
					"rotation": ["45+math.sin(q.anim_time*150*2-150)*-15", 0, 0]
				},
				"foot_left": {
					"rotation": [-12.5, 0, 0]
				},
				"leg_rotation_right": {
					"rotation": [0, 22.5, 0]
				},
				"leg_right": {
					"rotation": ["-32.5+math.sin(q.anim_time*150*2-210)*-25", 0, 0],
					"position": ["0+math.sin(q.anim_time*150*2-270)*0.5", 0, "0+math.sin(q.anim_time*150*2-270)*-1"]
				},
				"leg_right2": {
					"rotation": ["45+math.sin(q.anim_time*150*2-150)*15", 0, 0]
				},
				"foot_right": {
					"rotation": [-12.5, 0, 0]
				},
				"body": {
					"position": [0, 1.5, 0]
				},
				"tail_tip_top": {
					"rotation": ["5+math.sin(q.anim_time*150*4-300)*5", 22.5, 0]
				},
				"hair": {
					"rotation": ["0+math.sin(q.anim_time*150*4-270)*-2.5", 0, 0]
				},
				"hair2": {
					"rotation": ["0+math.sin(q.anim_time*150*4-0)*-5", 0, "math.sin(q.anim_time*150*2-120)*-5"]
				},
				"tail_tip_bottom": {
					"rotation": ["-5+math.sin(q.anim_time*150*4-0)*5", -22.5, 0]
				},
				"tail4": {
					"rotation": ["22.5+math.sin(q.anim_time*150*4-240)*-5", 0, 0]
				}
			}
		}
	}
}