{
	"format_version": "1.8.0",
	"animations": {
		"render": {
			"loop": true,
			"bones": {
				"mouth": {
					"rotation": [0, 0, 0]
				},
				"leg_left": {
					"rotation": [10.02978, 8.68575, -6.08441]
				},
				"leg_left2": {
					"rotation": [27.29887, -3.45533, 6.66067]
				},
				"leg_left3": {
					"rotation": [-40, 0, 0]
				},
				"leg_left4": {
					"rotation": [30, 0, 0]
				},
				"leg_left5": {
					"rotation": [-32.5, 0, 0]
				},
				"backfinger2": {
					"rotation": [-17.5, 0, 0]
				},
				"backfinger": {
					"rotation": [-35, 0, 0]
				},
				"leg_right": {
					"rotation": [9.9352, -3.76135, 6.95601]
				},
				"leg_right2": {
					"rotation": [22.19157, 3.81024, -9.25249]
				},
				"leg_right3": {
					"rotation": [-32.5, 0, 0]
				},
				"backfinger3": {
					"rotation": [-25, 0, 0]
				},
				"backfinger4": {
					"rotation": [-25, 0, 0]
				},
				"leg_right4": {
					"rotation": [17.5, 0, 0]
				},
				"leg_right5": {
					"rotation": [-22.5, 0, 0]
				},
				"tail": {
					"rotation": [20, 0, 0]
				},
				"tail2": {
					"rotation": [-5, 0, 0]
				},
				"tail3": {
					"rotation": [-10, 0, 0]
				},
				"smoke": {
					"rotation": [6.97297, -22.25995, -10.04681]
				},
				"smoke2": {
					"rotation": [24.14867, -20.70481, -9.00717]
				},
				"smoke3": {
					"rotation": [29.04617, -10.83523, 14.04524]
				},
				"smoke4": {
					"rotation": [0, -30, 0]
				},
				"smoke5": {
					"rotation": [-26.85149, 62.92061, -43.52082]
				},
				"smoke6": {
					"rotation": [25.34877, 22.01609, -29.87229]
				},
				"arm_left4": {
					"rotation": [0, 10, 22.5]
				},
				"arm_left3": {
					"rotation": [-0.32652, 2.4786, -40.00706]
				},
				"arm_left2": {
					"rotation": [0, 0, 37.5]
				},
				"arm_left": {
					"rotation": [8.78814, -20.53938, -33.5222]
				},
				"arm_left5": {
					"rotation": [-1.22069, 9.82745, 12.39748]
				},
				"arm_left6": {
					"rotation": [1.31845, 9.91358, 7.61435]
				},
				"nail_left": {
					"rotation": [11.25, 0, 11.5]
				},
				"nail_left4": {
					"rotation": [10.56641, 6.3907, -11.56053]
				},
				"nail_left3": {
					"rotation": [-10, 0, 0]
				},
				"arm_right": {
					"rotation": [-2.00307, 14.8687, 34.7386]
				},
				"arm_right2": {
					"rotation": [0, 0, -25]
				},
				"arm_right3": {
					"rotation": [0.9762, -0.06343, 24.93548]
				},
				"arm_right4": {
					"rotation": [0.65426, -4.95712, -20.02832]
				},
				"arm_right5": {
					"rotation": [0, -10, -10]
				},
				"arm_right6": {
					"rotation": [0, -7.5, -10]
				},
				"hair_left": {
					"rotation": [22.72074, 9.65594, 2.61298]
				},
				"hair_left2": {
					"rotation": [-5, 17.5, 0]
				},
				"hair_left3": {
					"rotation": [-42.5, 0, 0]
				},
				"hair_left4": {
					"rotation": [12.68664, -9.76061, -2.18558]
				},
				"hair_left5": {
					"rotation": [42.74529, -5.52235, -5.08269]
				},
				"hair_left6": {
					"rotation": [-25, 0, 0]
				},
				"hair_left7": {
					"rotation": [-35, 0, 0]
				},
				"hair_left9": {
					"rotation": [30.09468, 4.32875, 2.50477]
				},
				"hair_left8": {
					"rotation": [30.38126, -8.64917, -5.03837]
				},
				"hair_left10": {
					"rotation": [-30.21362, -6.49053, 3.76613]
				},
				"hair_right": {
					"rotation": [22.84721, -12.06754, -3.28396]
				},
				"hair_right2": {
					"rotation": [-2.5, -17.5, 0]
				},
				"hair_right3": {
					"rotation": [-32.5, 0, 0]
				},
				"hair_right4": {
					"rotation": [2.56062, 12.48791, 0.55404]
				},
				"hair_right5": {
					"rotation": [40, 0, 0]
				},
				"hair_right6": {
					"rotation": [-37.92445, 7.9185, -6.12673]
				},
				"hair_right7": {
					"rotation": [-25, 0, 0]
				},
				"hair_right8": {
					"rotation": [32.89875, 8.42145, 5.41207]
				},
				"hair_right9": {
					"rotation": [27.5, 0, 0]
				},
				"hair_right10": {
					"rotation": [-15, 0, 0]
				},
				"tail_emissive": {
					"rotation": [20, 0, 0]
				},
				"tail_emissive2": {
					"rotation": [-5, 0, 0]
				},
				"tail_emissive3": {
					"rotation": [-10, 0, 0]
				},
				"smoke_emissive": {
					"rotation": [8.0265, -21.64775, -8.04186]
				},
				"smoke_emissive2": {
					"rotation": [21.88023, -23.39896, -9.06159]
				},
				"smoke_emissive3": {
					"rotation": [29.05792, -8.16607, 12.61009]
				},
				"smoke_emissive4": {
					"rotation": [0, -32.5, 0]
				},
				"smoke_emissive5": {
					"rotation": [-29.83235, 64.70422, -46.88425]
				},
				"smoke_emissive6": {
					"rotation": [28.41244, 18.97187, -27.00736]
				},
				"hair_left_emissive": {
					"rotation": [-42.5, 0, 0]
				},
				"hair_left_emissive2": {
					"rotation": [12.68664, -9.76061, -2.18558]
				},
				"hair_left_emissive3": {
					"rotation": [42.74529, -5.52235, -5.08269]
				},
				"hair_left_emissive4": {
					"rotation": [-25, 0, 0]
				},
				"hair_left_emissive5": {
					"rotation": [-37.5, 0, 0]
				},
				"hair_left_emissive6": {
					"rotation": [35.43717, -7.35559, -6.79333]
				},
				"hair_left_emissive7": {
					"rotation": [27.5, 0, 0]
				},
				"hair_left_emissive8": {
					"rotation": [-35, 0, 0]
				},
				"hair_right_emissive": {
					"rotation": [-42.5, 0, 0]
				},
				"hair_right_emissive2": {
					"rotation": [12.68664, 9.76061, 2.18558]
				},
				"hair_right_emissive3": {
					"rotation": [42.74529, 5.52235, 5.08269]
				},
				"hair_right_emissive4": {
					"rotation": [-25, 0, 0]
				},
				"hair_right_emissive5": {
					"rotation": [-37.5, 0, 0]
				},
				"hair_right_emissive6": {
					"rotation": [35.43717, 7.35559, 6.79333]
				},
				"hair_right_emissive7": {
					"rotation": [27.5, 0, 0]
				},
				"hair_right_emissive8": {
					"rotation": [-35, 0, 0]
				}
			}
		},
		"animation.reshiram.battle_idle": {
			"loop": "hold_on_last_frame",
			"bones": {
				"mouth": {
					"rotation": [0, 0, 0]
				},
				"leg_left": {
					"rotation": [10.02978, 8.68575, -6.08441]
				},
				"leg_left2": {
					"rotation": [27.29887, -3.45533, 6.66067]
				},
				"leg_left3": {
					"rotation": [-40, 0, 0]
				},
				"leg_left4": {
					"rotation": [30, 0, 0]
				},
				"leg_left5": {
					"rotation": [-32.5, 0, 0]
				},
				"backfinger2": {
					"rotation": [-17.5, 0, 0]
				},
				"backfinger": {
					"rotation": [-35, 0, 0]
				},
				"leg_right": {
					"rotation": [9.9352, -3.76135, 6.95601]
				},
				"leg_right2": {
					"rotation": [22.19157, 3.81024, -9.25249]
				},
				"leg_right3": {
					"rotation": [-32.5, 0, 0]
				},
				"backfinger3": {
					"rotation": [-25, 0, 0]
				},
				"backfinger4": {
					"rotation": [-25, 0, 0]
				},
				"leg_right4": {
					"rotation": [17.5, 0, 0]
				},
				"leg_right5": {
					"rotation": [-22.5, 0, 0]
				},
				"tail": {
					"rotation": [20, 0, 0]
				},
				"tail2": {
					"rotation": [-5, 0, 0]
				},
				"tail3": {
					"rotation": [-10, 0, 0]
				},
				"smoke": {
					"rotation": [6.97297, -22.25995, -10.04681]
				},
				"smoke2": {
					"rotation": [24.14867, -20.70481, -9.00717]
				},
				"smoke3": {
					"rotation": [29.04617, -10.83523, 14.04524]
				},
				"smoke4": {
					"rotation": [0, -30, 0]
				},
				"smoke5": {
					"rotation": [-26.85149, 62.92061, -43.52082]
				},
				"smoke6": {
					"rotation": [25.34877, 22.01609, -29.87229]
				},
				"arm_left4": {
					"rotation": [0, 10, 22.5]
				},
				"arm_left3": {
					"rotation": [-0.32652, 2.4786, -40.00706]
				},
				"arm_left2": {
					"rotation": [0, 0, 37.5]
				},
				"arm_left": {
					"rotation": [8.78814, -20.53938, -33.5222]
				},
				"arm_left5": {
					"rotation": [-1.22069, 9.82745, 12.39748]
				},
				"arm_left6": {
					"rotation": [1.31845, 9.91358, 7.61435]
				},
				"nail_left": {
					"rotation": [11.25, 0, 11.5]
				},
				"nail_left4": {
					"rotation": [10.56641, 6.3907, -11.56053]
				},
				"nail_left3": {
					"rotation": [-10, 0, 0]
				},
				"arm_right": {
					"rotation": [-2.00307, 14.8687, 34.7386]
				},
				"arm_right2": {
					"rotation": [0, 0, -25]
				},
				"arm_right3": {
					"rotation": [0.9762, -0.06343, 24.93548]
				},
				"arm_right4": {
					"rotation": [0.65426, -4.95712, -20.02832]
				},
				"arm_right5": {
					"rotation": [0, -10, -10]
				},
				"arm_right6": {
					"rotation": [0, -7.5, -10]
				},
				"hair_left": {
					"rotation": [22.72074, 9.65594, 2.61298]
				},
				"hair_left2": {
					"rotation": [-5, 17.5, 0]
				},
				"hair_left3": {
					"rotation": [-42.5, 0, 0]
				},
				"hair_left4": {
					"rotation": [12.68664, -9.76061, -2.18558]
				},
				"hair_left5": {
					"rotation": [42.74529, -5.52235, -5.08269]
				},
				"hair_left6": {
					"rotation": [-25, 0, 0]
				},
				"hair_left7": {
					"rotation": [-35, 0, 0]
				},
				"hair_left9": {
					"rotation": [30.09468, 4.32875, 2.50477]
				},
				"hair_left8": {
					"rotation": [30.38126, -8.64917, -5.03837]
				},
				"hair_left10": {
					"rotation": [-30.21362, -6.49053, 3.76613]
				},
				"hair_right": {
					"rotation": [22.84721, -12.06754, -3.28396]
				},
				"hair_right2": {
					"rotation": [-2.5, -17.5, 0]
				},
				"hair_right3": {
					"rotation": [-42.5, 0, 0]
				},
				"hair_right4": {
					"rotation": [12.68664, 9.76061, 2.18558]
				},
				"hair_right5": {
					"rotation": [42.74529, 5.52235, 5.08269]
				},
				"hair_right6": {
					"rotation": [-25, 0, 0]
				},
				"hair_right7": {
					"rotation": [-37.5, 0, 0]
				},
				"hair_right8": {
					"rotation": [35.43717, 7.35559, 6.79333]
				},
				"hair_right9": {
					"rotation": [27.5, 0, 0]
				},
				"hair_right10": {
					"rotation": [-35, 0, 0]
				},
				"tail_emissive": {
					"rotation": [20, 0, 0],
					"scale": 1.01
				},
				"tail_emissive2": {
					"rotation": [-5, 0, 0]
				},
				"tail_emissive3": {
					"rotation": [-10, 0, 0]
				},
				"smoke_emissive": {
					"rotation": [8.0265, -21.64775, -8.04186]
				},
				"smoke_emissive2": {
					"rotation": [21.88023, -23.39896, -9.06159]
				},
				"smoke_emissive3": {
					"rotation": [29.05792, -8.16607, 12.61009]
				},
				"smoke_emissive4": {
					"rotation": [0, -32.5, 0]
				},
				"smoke_emissive5": {
					"rotation": [-29.83235, 64.70422, -46.88425]
				},
				"smoke_emissive6": {
					"rotation": [28.41244, 18.97187, -27.00736]
				},
				"hair_left_emissive": {
					"rotation": [-42.5, 0, 0],
					"scale": 1
				},
				"hair_left_emissive2": {
					"rotation": [12.68664, -9.76061, -2.18558]
				},
				"hair_left_emissive3": {
					"rotation": [42.74529, -5.52235, -5.08269]
				},
				"hair_left_emissive4": {
					"rotation": [-25, 0, 0]
				},
				"hair_left_emissive5": {
					"rotation": [-35, 0, 0]
				},
				"hair_left_emissive6": {
					"rotation": [30.38126, -8.64917, -5.03837]
				},
				"hair_left_emissive7": {
					"rotation": [30.09468, 4.32875, 2.50477]
				},
				"hair_left_emissive8": {
					"rotation": [-30.21362, -6.49053, 3.76613]
				},
				"hair_right_emissive": {
					"rotation": [-42.5, 0, 0],
					"scale": 1
				},
				"hair_right_emissive2": {
					"rotation": [12.68664, 9.76061, 2.18558]
				},
				"hair_right_emissive3": {
					"rotation": [42.74529, 5.52235, 5.08269]
				},
				"hair_right_emissive4": {
					"rotation": [-25, 0, 0]
				},
				"hair_right_emissive5": {
					"rotation": [-37.5, 0, 0]
				},
				"hair_right_emissive6": {
					"rotation": [35.43717, 7.35559, 6.79333]
				},
				"hair_right_emissive7": {
					"rotation": [27.5, 0, 0]
				},
				"hair_right_emissive8": {
					"rotation": [-35, 0, 0]
				}
			}
		},
		"animation.reshiram.ground_idle": {
			"loop": "hold_on_last_frame",
			"bones": {
				"mouth": {
					"rotation": [0, 0, 0]
				},
				"leg_left": {
					"rotation": [10.02978, 8.68575, -6.08441]
				},
				"leg_left2": {
					"rotation": [27.29887, -3.45533, 6.66067]
				},
				"leg_left3": {
					"rotation": [-40, 0, 0]
				},
				"leg_left4": {
					"rotation": [30, 0, 0]
				},
				"leg_left5": {
					"rotation": [-32.5, 0, 0]
				},
				"backfinger2": {
					"rotation": [-17.5, 0, 0]
				},
				"backfinger": {
					"rotation": [-35, 0, 0]
				},
				"leg_right": {
					"rotation": [9.9352, -3.76135, 6.95601]
				},
				"leg_right2": {
					"rotation": [22.19157, 3.81024, -9.25249]
				},
				"leg_right3": {
					"rotation": [-32.5, 0, 0]
				},
				"backfinger3": {
					"rotation": [-25, 0, 0]
				},
				"backfinger4": {
					"rotation": [-25, 0, 0]
				},
				"leg_right4": {
					"rotation": [17.5, 0, 0]
				},
				"leg_right5": {
					"rotation": [-22.5, 0, 0]
				},
				"tail": {
					"rotation": [20, 0, 0]
				},
				"tail2": {
					"rotation": [-5, 0, 0]
				},
				"tail3": {
					"rotation": [-10, 0, 0]
				},
				"smoke": {
					"rotation": [6.97297, -22.25995, -10.04681]
				},
				"smoke2": {
					"rotation": [24.14867, -20.70481, -9.00717]
				},
				"smoke3": {
					"rotation": [29.04617, -10.83523, 14.04524]
				},
				"smoke4": {
					"rotation": [0, -30, 0]
				},
				"smoke5": {
					"rotation": [-26.85149, 62.92061, -43.52082]
				},
				"smoke6": {
					"rotation": [25.34877, 22.01609, -29.87229]
				},
				"arm_left4": {
					"rotation": [0, 10, 22.5]
				},
				"arm_left3": {
					"rotation": [-0.32652, 2.4786, -40.00706]
				},
				"arm_left2": {
					"rotation": [0, 0, 37.5]
				},
				"arm_left": {
					"rotation": [8.78814, -20.53938, -33.5222]
				},
				"arm_left5": {
					"rotation": [-1.22069, 9.82745, 12.39748]
				},
				"arm_left6": {
					"rotation": [1.31845, 9.91358, 7.61435]
				},
				"nail_left": {
					"rotation": [11.25, 0, 11.5]
				},
				"nail_left4": {
					"rotation": [10.56641, 6.3907, -11.56053]
				},
				"nail_left3": {
					"rotation": [-10, 0, 0]
				},
				"arm_right": {
					"rotation": [-2.00307, 14.8687, 34.7386]
				},
				"arm_right2": {
					"rotation": [0, 0, -25]
				},
				"arm_right3": {
					"rotation": [0.9762, -0.06343, 24.93548]
				},
				"arm_right4": {
					"rotation": [0.65426, -4.95712, -20.02832]
				},
				"arm_right5": {
					"rotation": [0, -10, -10]
				},
				"arm_right6": {
					"rotation": [0, -7.5, -10]
				},
				"hair_left": {
					"rotation": [22.72074, 9.65594, 2.61298]
				},
				"hair_left2": {
					"rotation": [-5, 17.5, 0]
				},
				"hair_left3": {
					"rotation": [-42.5, 0, 0]
				},
				"hair_left4": {
					"rotation": [12.68664, -9.76061, -2.18558]
				},
				"hair_left5": {
					"rotation": [42.74529, -5.52235, -5.08269]
				},
				"hair_left6": {
					"rotation": [-25, 0, 0]
				},
				"hair_left7": {
					"rotation": [-35, 0, 0]
				},
				"hair_left9": {
					"rotation": [30.09468, 4.32875, 2.50477]
				},
				"hair_left8": {
					"rotation": [30.38126, -8.64917, -5.03837]
				},
				"hair_left10": {
					"rotation": [-30.21362, -6.49053, 3.76613]
				},
				"hair_right": {
					"rotation": [22.84721, -12.06754, -3.28396]
				},
				"hair_right2": {
					"rotation": [-2.5, -17.5, 0]
				},
				"hair_right3": {
					"rotation": [-42.5, 0, 0]
				},
				"hair_right4": {
					"rotation": [12.68664, 9.76061, 2.18558]
				},
				"hair_right5": {
					"rotation": [42.74529, 5.52235, 5.08269]
				},
				"hair_right6": {
					"rotation": [-25, 0, 0]
				},
				"hair_right7": {
					"rotation": [-37.5, 0, 0]
				},
				"hair_right8": {
					"rotation": [35.43717, 7.35559, 6.79333]
				},
				"hair_right9": {
					"rotation": [27.5, 0, 0]
				},
				"hair_right10": {
					"rotation": [-35, 0, 0]
				},
				"tail_emissive": {
					"rotation": [20, 0, 0],
					"scale": 0
				},
				"tail_emissive2": {
					"rotation": [-5, 0, 0]
				},
				"tail_emissive3": {
					"rotation": [-10, 0, 0]
				},
				"smoke_emissive": {
					"rotation": [8.0265, -21.64775, -8.04186]
				},
				"smoke_emissive2": {
					"rotation": [21.88023, -23.39896, -9.06159]
				},
				"smoke_emissive3": {
					"rotation": [29.05792, -8.16607, 12.61009]
				},
				"smoke_emissive4": {
					"rotation": [0, -32.5, 0]
				},
				"smoke_emissive5": {
					"rotation": [-29.83235, 64.70422, -46.88425]
				},
				"smoke_emissive6": {
					"rotation": [28.41244, 18.97187, -27.00736]
				},
				"hair_left_emissive": {
					"rotation": [-42.5, 0, 0],
					"scale": 0
				},
				"hair_left_emissive2": {
					"rotation": [12.68664, -9.76061, -2.18558]
				},
				"hair_left_emissive3": {
					"rotation": [42.74529, -5.52235, -5.08269]
				},
				"hair_left_emissive4": {
					"rotation": [-25, 0, 0]
				},
				"hair_left_emissive5": {
					"rotation": [-35, 0, 0]
				},
				"hair_left_emissive6": {
					"rotation": [30.38126, -8.64917, -5.03837]
				},
				"hair_left_emissive7": {
					"rotation": [30.09468, 4.32875, 2.50477]
				},
				"hair_left_emissive8": {
					"rotation": [-30.21362, -6.49053, 3.76613]
				},
				"hair_right_emissive": {
					"rotation": [-42.5, 0, 0],
					"scale": 0
				},
				"hair_right_emissive2": {
					"rotation": [12.68664, 9.76061, 2.18558]
				},
				"hair_right_emissive3": {
					"rotation": [42.74529, 5.52235, 5.08269]
				},
				"hair_right_emissive4": {
					"rotation": [-25, 0, 0]
				},
				"hair_right_emissive5": {
					"rotation": [-37.5, 0, 0]
				},
				"hair_right_emissive6": {
					"rotation": [35.43717, 7.35559, 6.79333]
				},
				"hair_right_emissive7": {
					"rotation": [27.5, 0, 0]
				},
				"hair_right_emissive8": {
					"rotation": [-35, 0, 0]
				}
			}
		},
		"animation.reshiram.ground_walk": {
			"loop": "hold_on_last_frame",
			"bones": {
				"mouth": {
					"rotation": [0, 0, 0]
				},
				"leg_left": {
					"rotation": [10.02978, 8.68575, -6.08441]
				},
				"leg_left2": {
					"rotation": [27.29887, -3.45533, 6.66067]
				},
				"leg_left3": {
					"rotation": [-40, 0, 0]
				},
				"leg_left4": {
					"rotation": [30, 0, 0]
				},
				"leg_left5": {
					"rotation": [-32.5, 0, 0]
				},
				"backfinger2": {
					"rotation": [-17.5, 0, 0]
				},
				"backfinger": {
					"rotation": [-35, 0, 0]
				},
				"leg_right": {
					"rotation": [9.9352, -3.76135, 6.95601]
				},
				"leg_right2": {
					"rotation": [22.19157, 3.81024, -9.25249]
				},
				"leg_right3": {
					"rotation": [-32.5, 0, 0]
				},
				"backfinger3": {
					"rotation": [-25, 0, 0]
				},
				"backfinger4": {
					"rotation": [-25, 0, 0]
				},
				"leg_right4": {
					"rotation": [17.5, 0, 0]
				},
				"leg_right5": {
					"rotation": [-22.5, 0, 0]
				},
				"tail": {
					"rotation": [20, 0, 0]
				},
				"tail2": {
					"rotation": [-5, 0, 0]
				},
				"tail3": {
					"rotation": [-10, 0, 0]
				},
				"smoke": {
					"rotation": [6.97297, -22.25995, -10.04681]
				},
				"smoke2": {
					"rotation": [24.14867, -20.70481, -9.00717]
				},
				"smoke3": {
					"rotation": [29.04617, -10.83523, 14.04524]
				},
				"smoke4": {
					"rotation": [0, -30, 0]
				},
				"smoke5": {
					"rotation": [-26.85149, 62.92061, -43.52082]
				},
				"smoke6": {
					"rotation": [25.34877, 22.01609, -29.87229]
				},
				"arm_left4": {
					"rotation": [0, 10, 22.5]
				},
				"arm_left3": {
					"rotation": [-0.32652, 2.4786, -40.00706]
				},
				"arm_left2": {
					"rotation": [0, 0, 37.5]
				},
				"arm_left": {
					"rotation": [8.78814, -20.53938, -33.5222]
				},
				"arm_left5": {
					"rotation": [-1.22069, 9.82745, 12.39748]
				},
				"arm_left6": {
					"rotation": [1.31845, 9.91358, 7.61435]
				},
				"nail_left": {
					"rotation": [11.25, 0, 11.5]
				},
				"nail_left4": {
					"rotation": [10.56641, 6.3907, -11.56053]
				},
				"nail_left3": {
					"rotation": [-10, 0, 0]
				},
				"arm_right": {
					"rotation": [-2.00307, 14.8687, 34.7386]
				},
				"arm_right2": {
					"rotation": [0, 0, -25]
				},
				"arm_right3": {
					"rotation": [0.9762, -0.06343, 24.93548]
				},
				"arm_right4": {
					"rotation": [0.65426, -4.95712, -20.02832]
				},
				"arm_right5": {
					"rotation": [0, -10, -10]
				},
				"arm_right6": {
					"rotation": [0, -7.5, -10]
				},
				"hair_left": {
					"rotation": [22.72074, 9.65594, 2.61298]
				},
				"hair_left2": {
					"rotation": [-5, 17.5, 0]
				},
				"hair_left3": {
					"rotation": [-42.5, 0, 0]
				},
				"hair_left4": {
					"rotation": [12.68664, -9.76061, -2.18558]
				},
				"hair_left5": {
					"rotation": [42.74529, -5.52235, -5.08269]
				},
				"hair_left6": {
					"rotation": [-25, 0, 0]
				},
				"hair_left7": {
					"rotation": [-35, 0, 0]
				},
				"hair_left9": {
					"rotation": [30.09468, 4.32875, 2.50477]
				},
				"hair_left8": {
					"rotation": [30.38126, -8.64917, -5.03837]
				},
				"hair_left10": {
					"rotation": [-30.21362, -6.49053, 3.76613]
				},
				"hair_right": {
					"rotation": [22.84721, -12.06754, -3.28396]
				},
				"hair_right2": {
					"rotation": [-2.5, -17.5, 0]
				},
				"hair_right3": {
					"rotation": [-42.5, 0, 0]
				},
				"hair_right4": {
					"rotation": [12.68664, 9.76061, 2.18558]
				},
				"hair_right5": {
					"rotation": [42.74529, 5.52235, 5.08269]
				},
				"hair_right6": {
					"rotation": [-25, 0, 0]
				},
				"hair_right7": {
					"rotation": [-37.5, 0, 0]
				},
				"hair_right8": {
					"rotation": [35.43717, 7.35559, 6.79333]
				},
				"hair_right9": {
					"rotation": [27.5, 0, 0]
				},
				"hair_right10": {
					"rotation": [-35, 0, 0]
				},
				"tail_emissive": {
					"rotation": [20, 0, 0],
					"scale": 0
				},
				"tail_emissive2": {
					"rotation": [-5, 0, 0]
				},
				"tail_emissive3": {
					"rotation": [-10, 0, 0]
				},
				"smoke_emissive": {
					"rotation": [8.0265, -21.64775, -8.04186]
				},
				"smoke_emissive2": {
					"rotation": [21.88023, -23.39896, -9.06159]
				},
				"smoke_emissive3": {
					"rotation": [29.05792, -8.16607, 12.61009]
				},
				"smoke_emissive4": {
					"rotation": [0, -32.5, 0]
				},
				"smoke_emissive5": {
					"rotation": [-29.83235, 64.70422, -46.88425]
				},
				"smoke_emissive6": {
					"rotation": [28.41244, 18.97187, -27.00736]
				},
				"hair_left_emissive": {
					"rotation": [-42.5, 0, 0],
					"scale": 0
				},
				"hair_left_emissive2": {
					"rotation": [12.68664, -9.76061, -2.18558]
				},
				"hair_left_emissive3": {
					"rotation": [42.74529, -5.52235, -5.08269]
				},
				"hair_left_emissive4": {
					"rotation": [-25, 0, 0]
				},
				"hair_left_emissive5": {
					"rotation": [-35, 0, 0]
				},
				"hair_left_emissive6": {
					"rotation": [30.38126, -8.64917, -5.03837]
				},
				"hair_left_emissive7": {
					"rotation": [30.09468, 4.32875, 2.50477]
				},
				"hair_left_emissive8": {
					"rotation": [-30.21362, -6.49053, 3.76613]
				},
				"hair_right_emissive": {
					"rotation": [-42.5, 0, 0],
					"scale": 0
				},
				"hair_right_emissive2": {
					"rotation": [12.68664, 9.76061, 2.18558]
				},
				"hair_right_emissive3": {
					"rotation": [42.74529, 5.52235, 5.08269]
				},
				"hair_right_emissive4": {
					"rotation": [-25, 0, 0]
				},
				"hair_right_emissive5": {
					"rotation": [-37.5, 0, 0]
				},
				"hair_right_emissive6": {
					"rotation": [35.43717, 7.35559, 6.79333]
				},
				"hair_right_emissive7": {
					"rotation": [27.5, 0, 0]
				},
				"hair_right_emissive8": {
					"rotation": [-35, 0, 0]
				}
			}
		}
	}
}