{
	"format_version": "1.8.0",
	"animations": {
		"animation.rolycoly.ground_idle": {
			"loop": true,
			"animation_length": 4,
			"bones": {
				"body": {
					"rotation": [0, 0, "math.sin(query.anim_time*90*1-0)*2"]
				},
				"Torso": {
					"rotation": ["math.sin(query.anim_time*90*2-20)*2", 0, "math.sin(query.anim_time*90*1-20)*2"]
				},
				"Eye": {
					"rotation": ["math.sin(query.anim_time*90*2-40)*2", 0, "math.sin(query.anim_time*90*1-40)*2"]
				}
			}
		},
		"animation.rolycoly.ground_walk": {
			"loop": true,
			"animation_length": 2.66667,
			"bones": {
				"Wheel": {
					"rotation": ["0+query.anim_time*90*3", 0, 0],
					"position": [0, -1, 0]
				},
				"Torso": {
					"rotation": ["math.sin(query.anim_time*90*6-20)*4", 0, "math.sin(query.anim_time*90*3-20)*2"],
					"position": [0, -1, 0]
				},
				"body": {
					"position": {
						"0.0": {
							"post": [0, 1, 0],
							"lerp_mode": "catmullrom"
						},
						"0.125": {
							"post": [0, 2.34, 0],
							"lerp_mode": "catmullrom"
						},
						"0.25": {
							"post": [0, 2, 0],
							"lerp_mode": "catmullrom"
						},
						"0.375": {
							"post": [0, 1.63, 0],
							"lerp_mode": "catmullrom"
						},
						"0.5": {
							"post": [0, 2.4, 0],
							"lerp_mode": "catmullrom"
						},
						"0.625": {
							"post": [0, 1.5, 0],
							"lerp_mode": "catmullrom"
						},
						"0.75": {
							"post": [0, 2, 0],
							"lerp_mode": "catmullrom"
						},
						"0.875": {
							"post": [0, 2.28, 0],
							"lerp_mode": "catmullrom"
						},
						"1.0": {
							"post": [0, 1, 0],
							"lerp_mode": "catmullrom"
						},
						"1.125": {
							"post": [0, 2.34, 0],
							"lerp_mode": "catmullrom"
						},
						"1.25": {
							"post": [0, 2, 0],
							"lerp_mode": "catmullrom"
						},
						"1.375": {
							"post": [0, 1.63, 0],
							"lerp_mode": "catmullrom"
						},
						"1.5": {
							"post": [0, 2.4, 0],
							"lerp_mode": "catmullrom"
						},
						"1.625": {
							"post": [0, 1.5, 0],
							"lerp_mode": "catmullrom"
						},
						"1.75": {
							"post": [0, 2, 0],
							"lerp_mode": "catmullrom"
						},
						"1.875": {
							"post": [0, 2.28, 0],
							"lerp_mode": "catmullrom"
						},
						"2.0": {
							"post": [0, 1, 0],
							"lerp_mode": "catmullrom"
						},
						"2.125": {
							"post": [0, 2.3, 0],
							"lerp_mode": "catmullrom"
						},
						"2.25": {
							"post": [0, 1.9, 0],
							"lerp_mode": "catmullrom"
						},
						"2.375": {
							"post": [0, 1.6, 0],
							"lerp_mode": "catmullrom"
						},
						"2.5": {
							"post": [0, 2.4, 0],
							"lerp_mode": "catmullrom"
						},
						"2.6667": {
							"post": [0, 1, 0],
							"lerp_mode": "catmullrom"
						}
					}
				},
				"Nubs": {
					"rotation": [0, 0, 0]
				},
				"Eye": {
					"rotation": ["math.sin(query.anim_time*90*6-40)*2", 0, "math.sin(query.anim_time*90*3-40)*1"]
				}
			}
		},
		"animation.rolycoly.blink": {
			"animation_length": 0.16667,
			"bones": {
				"Eyelidopen": {
					"position": {
						"0.0": [0, 0, 0],
						"0.125": [0, 0, 1],
						"0.1667": [0, 0, 0]
					}
				}
			}
		},
		"animation.rolycoly.movetest": {
			"loop": true,
			"bones": {
				"body": {
					"position": [0, 0, "-query.anim_time*90*0.3"]
				}
			}
		}
	}
}