{
	"format_version": "1.8.0",
	"animations": {
		"animation.simisear.ground_idle": {
			"loop": true,
			"bones": {
				"body": {
					"position": [0, -2.25, 0]
				},
				"torso": {
					"rotation": ["-2.5+math.sin(q.anim_time*60*2-60)*1", 0, 0],
					"position": [0, "0+math.sin(q.anim_time*60*2-0)*-0.35", 0]
				},
				"head": {
					"rotation": ["5+math.sin(q.anim_time*60*2-120)*2.5", 0, 0]
				},
				"hair": {
					"rotation": ["0+math.sin(q.anim_time*60*2-150)*2.5", 0, 0]
				},
				"arms": {
					"rotation": [5, 0, 0]
				},
				"arm_left": {
					"rotation": [0, -12.5, "67.5+math.sin(q.anim_time*60*2-120)*2.5"]
				},
				"arm_left2": {
					"rotation": [0, "45+math.sin(q.anim_time*60*2-150)*-7.5", 0]
				},
				"hand_left": {
					"rotation": [30, 15, 0]
				},
				"finger_left1_1": {
					"rotation": [0, 0, "0+math.sin(q.anim_time*60*2-180)*7.5"]
				},
				"finger_left1_2": {
					"rotation": [0, 0, 22.5]
				},
				"finger_left2_1": {
					"rotation": [0, 0, "10+math.sin(q.anim_time*60*2-210)*5"]
				},
				"finger_left2_2": {
					"rotation": [0, 0, 22.5]
				},
				"finger_left3_1": {
					"rotation": [0, 0, "20+math.sin(q.anim_time*60*2-240)*5"]
				},
				"finger_left3_2": {
					"rotation": [0, 0, 22.5]
				},
				"finger_left4_1": {
					"rotation": [0, 0, "30+math.sin(q.anim_time*60*2-270)*5"]
				},
				"finger_left4_2": {
					"rotation": [0, 0, 22.5]
				},
				"thumb_left": {
					"rotation": [37.5, "-52.5+math.sin(q.anim_time*60*2-150)*-7.5", 0]
				},
				"thumb_left2": {
					"rotation": [0, -37.5, 0]
				},
				"ear_left": {
					"rotation": [0, 0, "0+math.sin(q.anim_time*60*2-90)*7.5"]
				},
				"ear_right": {
					"rotation": [0, 0, "0+math.sin(q.anim_time*60*2-90)*-7.5"]
				},
				"tail": {
					"rotation": ["-50+math.sin(q.anim_time*60*2-150)*-5", "math.sin(q.anim_time*60*1-150)*-15", "math.sin(q.anim_time*60*1-0)*-15"]
				},
				"tail2": {
					"rotation": ["42.5+math.sin(q.anim_time*60*2-210)*-5", "math.sin(q.anim_time*60*1-210)*-10", 0]
				},
				"tail3": {
					"rotation": ["45+math.sin(q.anim_time*60*2-270)*-5", "math.sin(q.anim_time*60*1-270)*-5", 0]
				},
				"tail4": {
					"rotation": ["22.5+math.sin(q.anim_time*60*2-330)*-7.5", 0, 0]
				},
				"tail5": {
					"rotation": ["22.5+math.sin(q.anim_time*60*2-30)*-10", 0, 0]
				},
				"shoulder_left": {
					"rotation": [10, 0, "0+math.sin(q.anim_time*60*2-120)*2.5"]
				},
				"shoulder_right": {
					"rotation": [10, 0, "0+math.sin(q.anim_time*60*2-120)*-2.5"]
				},
				"arm_right": {
					"rotation": [0, 12.5, "-67.5+math.sin(q.anim_time*60*2-120)*-2.5"]
				},
				"arm_right2": {
					"rotation": [0, "-45+math.sin(q.anim_time*60*2-150)*7.5", 0]
				},
				"hand_right": {
					"rotation": [30, -15, 0]
				},
				"finger_right1_1": {
					"rotation": [0, 0, "0+math.sin(q.anim_time*60*2-180)*-7.5"]
				},
				"finger_right1_2": {
					"rotation": [0, 0, -22.5]
				},
				"finger_right2_1": {
					"rotation": [0, 0, "-10+math.sin(q.anim_time*60*2-210)*-5"]
				},
				"finger_right2_2": {
					"rotation": [0, 0, -22.5]
				},
				"finger_right3_1": {
					"rotation": [0, 0, "-20+math.sin(q.anim_time*60*2-240)*-5"]
				},
				"finger_right3_2": {
					"rotation": [0, 0, -22.5]
				},
				"finger_right4_1": {
					"rotation": [0, 0, "-30+math.sin(q.anim_time*60*2-270)*-5"]
				},
				"finger_right4_2": {
					"rotation": [0, 0, -22.5]
				},
				"thumb_right": {
					"rotation": [37.5, "52.5+math.sin(q.anim_time*60*2-150)*7.5", 0]
				},
				"thumb_right2": {
					"rotation": [0, 37.5, 0]
				},
				"leg_left": {
					"rotation": [-22.5, -22.5, 0]
				},
				"leg_left2": {
					"rotation": [45, 0, 0]
				},
				"foot_left": {
					"rotation": [-22.5, 0, 0]
				},
				"leg_right": {
					"rotation": [-22.5, 22.5, 0]
				},
				"leg_right2": {
					"rotation": [45, 0, 0]
				},
				"foot_right": {
					"rotation": [-22.5, 0, 0]
				},
				"toe_left1": {
					"rotation": [0, 5, 0]
				},
				"toe_left3": {
					"rotation": [0, -5, 0]
				},
				"toe_right1": {
					"rotation": [0, -5, 0]
				},
				"toe_right3": {
					"rotation": [0, 5, 0]
				},
				"eyebrow_left": {
					"rotation": [0, 0, 10],
					"position": [0, -0.5, 0]
				},
				"eyebrow_right": {
					"rotation": [0, 0, -10],
					"position": [0, -0.5, 0]
				},
				"tail6": {
					"rotation": ["12.5+math.sin(q.anim_time*60*2-90)*10", 0, 0]
				},
				"hair_left": {
					"rotation": ["0+math.sin(q.anim_time*60*2-210)*5", 0, 0]
				},
				"hair_right": {
					"rotation": ["0+math.sin(q.anim_time*60*2-210)*5", 0, 0]
				}
			}
		},
		"animation.simisear.battle_idle": {
			"loop": true,
			"bones": {
				"body": {
					"rotation": [0, 0, 0],
					"position": [0, "-2+math.sin(q.anim_time*60*8-0)*-0.35", "0+math.sin(q.anim_time*60*8-0)*0.15"]
				},
				"torso": {
					"rotation": ["-2.5+math.sin(q.anim_time*60*4-60)*1", 0, 0],
					"position": [0, 0, 0]
				},
				"head": {
					"rotation": ["7.5+math.sin(q.anim_time*60*8-120)*2.5", 0, 0]
				},
				"hair": {
					"rotation": ["0+math.sin(q.anim_time*60*8-150)*2.5", 0, 0]
				},
				"arms": {
					"rotation": [5, 0, 0]
				},
				"arm_left": {
					"rotation": [0, 12.5, "47.5+math.sin(q.anim_time*60*8-120)*2.5"]
				},
				"arm_left2": {
					"rotation": [22.5, "47.5+math.sin(q.anim_time*60*8-150)*-7.5", 0]
				},
				"hand_left": {
					"rotation": [30, 15, 0]
				},
				"finger_left1_1": {
					"rotation": [0, 0, "0+math.sin(q.anim_time*60*8-180)*7.5"]
				},
				"finger_left1_2": {
					"rotation": [0, 0, 22.5]
				},
				"finger_left2_1": {
					"rotation": [0, 0, "10+math.sin(q.anim_time*60*8-210)*5"]
				},
				"finger_left2_2": {
					"rotation": [0, 0, 22.5]
				},
				"finger_left3_1": {
					"rotation": [0, 0, "20+math.sin(q.anim_time*60*8-240)*5"]
				},
				"finger_left3_2": {
					"rotation": [0, 0, 22.5]
				},
				"finger_left4_1": {
					"rotation": [0, 0, "30+math.sin(q.anim_time*60*8-270)*5"]
				},
				"finger_left4_2": {
					"rotation": [0, 0, 22.5]
				},
				"thumb_left": {
					"rotation": [37.5, "-52.5+math.sin(q.anim_time*60*8-150)*-7.5", 0]
				},
				"thumb_left2": {
					"rotation": [0, -37.5, 0]
				},
				"ear_left": {
					"rotation": [0, 0, "0+math.sin(q.anim_time*60*8-90)*7.5"]
				},
				"ear_right": {
					"rotation": [0, 0, "0+math.sin(q.anim_time*60*8-90)*-7.5"]
				},
				"tail": {
					"rotation": ["-37.5+math.sin(q.anim_time*60*8-150)*-5", "0+math.sin(q.anim_time*60*4-150)*-15", "0+math.sin(q.anim_time*60*4-0)*-15"]
				},
				"tail2": {
					"rotation": ["32.5+math.sin(q.anim_time*60*8-210)*-5", "0+math.sin(q.anim_time*60*4-210)*-10", 0]
				},
				"tail3": {
					"rotation": ["32.5+math.sin(q.anim_time*60*8-270)*-5", "0+math.sin(q.anim_time*60*4-270)*-5", 0]
				},
				"tail4": {
					"rotation": ["22.5+math.sin(q.anim_time*60*8-330)*-7.5", 0, 0]
				},
				"tail5": {
					"rotation": ["22.5+math.sin(q.anim_time*60*8-30)*-10", 0, 0]
				},
				"shoulder_left": {
					"rotation": [10, 0, "0+math.sin(q.anim_time*60*8-120)*2.5"]
				},
				"shoulder_right": {
					"rotation": [10, 0, "0+math.sin(q.anim_time*60*8-120)*-2.5"]
				},
				"arm_right": {
					"rotation": [0, -12.5, "-47.5+math.sin(q.anim_time*60*8-120)*-2.5"]
				},
				"arm_right2": {
					"rotation": [22.5, "-47.5+math.sin(q.anim_time*60*8-150)*7.5", 0]
				},
				"hand_right": {
					"rotation": [30, -15, 0]
				},
				"finger_right1_1": {
					"rotation": [0, 0, "0+math.sin(q.anim_time*60*8-180)*-7.5"]
				},
				"finger_right1_2": {
					"rotation": [0, 0, -22.5]
				},
				"finger_right2_1": {
					"rotation": [0, 0, "-10+math.sin(q.anim_time*60*8-210)*-5"]
				},
				"finger_right2_2": {
					"rotation": [0, 0, -22.5]
				},
				"finger_right3_1": {
					"rotation": [0, 0, "-20+math.sin(q.anim_time*60*8-240)*-5"]
				},
				"finger_right3_2": {
					"rotation": [0, 0, -22.5]
				},
				"finger_right4_1": {
					"rotation": [0, 0, "-30+math.sin(q.anim_time*60*8-270)*-5"]
				},
				"finger_right4_2": {
					"rotation": [0, 0, -22.5]
				},
				"thumb_right": {
					"rotation": [37.5, "52.5+math.sin(q.anim_time*60*8-150)*7.5", 0]
				},
				"thumb_right2": {
					"rotation": [0, 37.5, 0]
				},
				"leg_left": {
					"rotation": [-22.5, -22.5, 0],
					"position": [0, 0, "0+math.sin(q.anim_time*60*8-0)*0.005"]
				},
				"leg_left2": {
					"rotation": [45, 0, 0]
				},
				"foot_left": {
					"rotation": ["-15+math.sin(q.anim_time*60*8-0)*-7.5", 0, 0]
				},
				"leg_right": {
					"rotation": [-22.5, 22.5, 0],
					"position": [0, 0, "0+math.sin(q.anim_time*60*8-0)*0.005"]
				},
				"leg_right2": {
					"rotation": [45, 0, 0]
				},
				"foot_right": {
					"rotation": ["-15+math.sin(q.anim_time*60*8-0)*-7.5", 0, 0]
				},
				"toes_left": {
					"rotation": ["-7.5+math.sin(q.anim_time*60*8-0)*7.5", 0, 0]
				},
				"toe_left1": {
					"rotation": [0, 2.5, 0]
				},
				"toe_left3": {
					"rotation": [0, -2.5, 0]
				},
				"toes_right": {
					"rotation": ["-7.5+math.sin(q.anim_time*60*8-0)*7.5", 0, 0]
				},
				"toe_right1": {
					"rotation": [0, -2.5, 0]
				},
				"toe_right3": {
					"rotation": [0, 2.5, 0]
				},
				"eyebrow_left": {
					"rotation": [0, 0, 5],
					"position": [0, 0, 0]
				},
				"eyebrow_right": {
					"rotation": [0, 0, -5],
					"position": [0, 0, 0]
				},
				"hair_left": {
					"rotation": ["0+math.sin(q.anim_time*60*8-210)*5", 0, 0]
				},
				"hair_right": {
					"rotation": ["0+math.sin(q.anim_time*60*8-210)*5", 0, 0]
				}
			}
		},
		"animation.simisear.ground_walk": {
			"loop": true,
			"animation_length": 1.5,
			"bones": {
				"body": {
					"position": [0, 0.5, 0]
				},
				"torso": {
					"rotation": ["17.5+math.sin(q.anim_time*120*4-180)*-2.5", 0, 0],
					"position": {
						"0.0": {
							"post": [0, 0, 0],
							"lerp_mode": "catmullrom"
						},
						"0.25": {
							"post": [0, 1.5, 0],
							"lerp_mode": "catmullrom"
						},
						"0.5": [0, 1.5, 0],
						"0.75": {
							"pre": [0, 0, 0],
							"post": [0, 0, 0],
							"lerp_mode": "catmullrom"
						},
						"1.0": {
							"post": [0, 1.5, 0],
							"lerp_mode": "catmullrom"
						},
						"1.25": [0, 1.5, 0],
						"1.5": [0, 0, 0]
					}
				},
				"head": {
					"rotation": ["-15+math.sin(q.anim_time*120*4-240)*2.5", 0, 0]
				},
				"hair": {
					"rotation": ["-5+math.sin(q.anim_time*120*4-60)*5", 0, 0]
				},
				"arm_left": {
					"rotation": [0, "0+math.sin(q.anim_time*120*2-210)*15", 55]
				},
				"arm_left2": {
					"rotation": [0, "37.5+math.sin(q.anim_time*120*2-270)*15", 0]
				},
				"finger_left2_2": {
					"rotation": [0, 0, 2.5]
				},
				"finger_left3_1": {
					"rotation": [0, 0, 2.5]
				},
				"finger_left3_2": {
					"rotation": [0, 0, 5]
				},
				"finger_left4_1": {
					"rotation": [0, 0, 5]
				},
				"finger_left4_2": {
					"rotation": [0, 0, 7.5]
				},
				"thumb_left": {
					"rotation": [0, -45, 0]
				},
				"thumb_left2": {
					"rotation": [0, -15, 0]
				},
				"ear_left": {
					"rotation": [0, -22.5, 0]
				},
				"ear_right": {
					"rotation": [0, 22.5, 0]
				},
				"tail": {
					"rotation": ["12.5+math.sin(q.anim_time*120*4-120)*10", 0, 0]
				},
				"tail2": {
					"rotation": ["0+math.sin(q.anim_time*120*4-180)*15", 0, 0]
				},
				"tail3": {
					"rotation": ["-10+math.sin(q.anim_time*120*4-240)*15", 0, 0]
				},
				"tail4": {
					"rotation": ["0+math.sin(q.anim_time*120*4-300)*15", 0, 0]
				},
				"tail5": {
					"rotation": ["0+math.sin(q.anim_time*120*4-0)*15", 0, 0]
				},
				"shoulder_left": {
					"rotation": ["0+math.sin(q.anim_time*120*2-210)*-10", 0, 0]
				},
				"shoulder_right": {
					"rotation": ["0+math.sin(q.anim_time*120*2-210)*10", 0, 0]
				},
				"arm_right": {
					"rotation": [0, "0+math.sin(q.anim_time*120*2-210)*15", -55]
				},
				"arm_right2": {
					"rotation": [0, "-37.5+math.sin(q.anim_time*120*2-270)*15", 0]
				},
				"finger_right2_2": {
					"rotation": [0, 0, -2.5]
				},
				"finger_right3_1": {
					"rotation": [0, 0, -2.5]
				},
				"finger_right3_2": {
					"rotation": [0, 0, -5]
				},
				"finger_right4_1": {
					"rotation": [0, 0, -5]
				},
				"finger_right4_2": {
					"rotation": [0, 0, -7.5]
				},
				"thumb_right": {
					"rotation": [0, 45, 0]
				},
				"thumb_right2": {
					"rotation": [0, 15, 0]
				},
				"leg_left": {
					"rotation": ["0+math.sin(q.anim_time*120*2-240)*45", 0, 0],
					"position": [0, "0+math.sin(q.anim_time*120*2-0)*1", 0]
				},
				"leg_left2": {
					"rotation": ["22.5+math.sin(q.anim_time*120*2-300)*22.5", 0, 0]
				},
				"foot_left": {
					"rotation": ["0+math.sin(q.anim_time*120*2-120)*-22.5", 0, 0]
				},
				"leg_right": {
					"rotation": ["0+math.sin(q.anim_time*120*2-240)*-45", 0, 0],
					"position": [0, "0+math.sin(q.anim_time*120*2-0)*-1", 0]
				},
				"leg_right2": {
					"rotation": ["22.5+math.sin(q.anim_time*120*2-300)*-22.5", 0, 0]
				},
				"toes_left": {
					"rotation": ["0+math.sin(q.anim_time*120*2-60)*-22.5", 0, 0]
				},
				"toe_left1": {
					"rotation": [0, 7.5, 0]
				},
				"toe_left3": {
					"rotation": [0, -7.5, 0]
				},
				"toes_right": {
					"rotation": ["0+math.sin(q.anim_time*120*2-60)*22.5", 0, 0]
				},
				"toe_right1": {
					"rotation": [0, -7.5, 0]
				},
				"toe_right3": {
					"rotation": [0, 7.5, 0]
				},
				"eyebrow_left": {
					"rotation": [0, 0, 10],
					"position": [0, -0.5, 0]
				},
				"eyebrow_right": {
					"rotation": [0, 0, -10],
					"position": [0, -0.5, 0]
				}
			}
		},
		"animation.simisear.blink": {
			"animation_length": 0.3333,
			"bones": {
				"eyelid_left": {
					"position": {
						"0.0": [0, 0, 0],
						"0.0417": {"pre": [0, 0, 0], "post": [0, 0, -0.05]},
						"0.3333": {"pre": [0, 0, -0.05], "post": [0, 0, 0]}
					}
				},
				"eyelid_right": {
					"position": {
						"0.0": [0, 0, 0],
						"0.0417": {"pre": [0, 0, 0], "post": [0, 0, -0.05]},
						"0.3333": {"pre": [0, 0, -0.05], "post": [0, 0, 0]}
					}
				}
			}
		}
	}
}