{
	"format_version": "1.8.0",
	"animations": {
		"animation.skorupi.ground_idle": {
			"loop": true,
			"bones": {
				"body": {
					"position": [0, 1.75, 0]
				},
				"torso": {
					"rotation": ["0+math.sin(q.anim_time*90*2-90)*1", 0, 0],
					"position": [0, "0+math.sin(q.anim_time*90*2-0)*-0.25", 0]
				},
				"head": {
					"rotation": ["0+math.sin(q.anim_time*90*2-0)*-2.5", 0, 0]
				},
				"mandible_left": {
					"rotation": [0, 0, -12.5]
				},
				"mandible_right": {
					"rotation": [0, 0, 12.5]
				},
				"claw_left": {
					"rotation": ["0+math.sin(q.anim_time*90*2-90)*-7.5", 0, 10]
				},
				"claw_right": {
					"rotation": ["0+math.sin(q.anim_time*90*2-90)*-7.5", 0, -10]
				},
				"tail": {
					"rotation": ["22.5+math.sin(q.anim_time*90*2-120)*-5", 0, 0]
				},
				"tail2": {
					"rotation": ["22.5+math.sin(q.anim_time*90*2-180)*-5", 0, 0]
				},
				"tail3": {
					"rotation": ["22.5+math.sin(q.anim_time*90*2-240)*-5", 0, 0]
				},
				"tail4": {
					"rotation": ["22.5+math.sin(q.anim_time*90*2-300)*-5", 0, 0]
				},
				"tail5": {
					"rotation": ["22.5+math.sin(q.anim_time*90*2-360)*-5", 0, 0]
				},
				"leg_front_left": {
					"rotation": [0, 0, "30+math.sin(q.anim_time*90*2-180)*2.5"],
					"position": [0, "0+math.sin(q.anim_time*90*2-180)*0.1", 0]
				},
				"leg_front_left2": {
					"rotation": [0, 0, "22.5+math.sin(q.anim_time*90*2-180)*-2.5"]
				},
				"leg_front_right": {
					"rotation": [0, 0, "-30+math.sin(q.anim_time*90*2-180)*-2.5"],
					"position": [0, "0+math.sin(q.anim_time*90*2-180)*0.1", 0]
				},
				"leg_front_right2": {
					"rotation": [0, 0, "-22.5+math.sin(q.anim_time*90*2-180)*2.5"]
				},
				"leg_back_right": {
					"rotation": [0, 0, "-30+math.sin(q.anim_time*90*2-180)*-2.5"],
					"position": [0, "0+math.sin(q.anim_time*90*2-180)*0.1", 0]
				},
				"leg_back_right2": {
					"rotation": [0, 0, "-22.5+math.sin(q.anim_time*90*2-180)*2.5"]
				},
				"leg_back_left": {
					"rotation": [0, 0, "30+math.sin(q.anim_time*90*2-180)*2.5"],
					"position": [0, "0+math.sin(q.anim_time*90*2-180)*0.1", 0]
				},
				"leg_back_left2": {
					"rotation": [0, 0, "22.5+math.sin(q.anim_time*90*2-180)*-2.5"]
				}
			}
		},
		"animation.skorupi.ground_walk": {
			"loop": true,
			"bones": {
				"body": {
					"position": [0, 1.75, 0]
				},
				"torso": {
					"rotation": [0, 0, "0+math.sin(q.anim_time*90*3-0)*2.5"],
					"position": [0, "0+math.sin(q.anim_time*90*6-0)*-0.25", 0]
				},
				"head": {
					"rotation": ["0+math.sin(q.anim_time*90*6-270)*-2.5", 0, 0],
					"position": [0, -2, -1.5]
				},
				"mandible_left": {
					"rotation": [0, 0, -12.5]
				},
				"mandible_right": {
					"rotation": [0, 0, 12.5]
				},
				"claw_left": {
					"rotation": ["0+math.sin(q.anim_time*90*6-240)*-2.5", 0, 10]
				},
				"claw_right": {
					"rotation": ["0+math.sin(q.anim_time*90*6-240)*-2.5", 0, -10]
				},
				"tail": {
					"rotation": ["7.5+math.sin(q.anim_time*90*3-120)*-5", 0, 0]
				},
				"tail2": {
					"rotation": ["7.5+math.sin(q.anim_time*90*3-180)*-5", 0, 0]
				},
				"tail3": {
					"rotation": ["10+math.sin(q.anim_time*90*3-240)*-5", 0, 0]
				},
				"tail4": {
					"rotation": ["10+math.sin(q.anim_time*90*3-300)*-5", 0, 0]
				},
				"tail5": {
					"rotation": ["7.5+math.sin(q.anim_time*90*3-360)*-5", 0, 0]
				},
				"leg_front_left": {
					"rotation": [0, "0+math.sin(q.anim_time*90*3-90)*-20", "30+math.sin(q.anim_time*90*3-180)*-10"],
					"position": [0, 0, 0]
				},
				"leg_front_left2": {
					"rotation": [0, 0, 22.5]
				},
				"leg_front_right": {
					"rotation": [0, "0+math.sin(q.anim_time*90*3-270)*20", "-30+math.sin(q.anim_time*90*3-0)*10"],
					"position": [0, 0, 0]
				},
				"leg_front_right2": {
					"rotation": [0, 0, -22.5]
				},
				"leg_back_left": {
					"rotation": [0, "0+math.sin(q.anim_time*90*3-90)*20", "30+math.sin(q.anim_time*90*3-180)*10"],
					"position": [0, 0, 0]
				},
				"leg_back_left2": {
					"rotation": [0, 0, 22.5]
				},
				"leg_back_right": {
					"rotation": [0, "0+math.sin(q.anim_time*90*3-270)*-20", "-30+math.sin(q.anim_time*90*3-0)*-10"],
					"position": [0, 0, 0]
				},
				"leg_back_right2": {
					"rotation": [0, 0, -22.5]
				}
			}
		},
		"animation.skorupi.blink": {
			"animation_length": 0.375,
			"bones": {
				"eye_left": {
					"rotation": {
						"0.0": [0, 0, 0],
						"0.0417": {"pre": [0, 0, 0], "post": [0, 180, 0]},
						"0.3333": {"pre": [0, 180, 0], "post": [0, 0, 0]}
					}
				},
				"eye_right": {
					"rotation": {
						"0.0": [0, 0, 0],
						"0.0417": {"pre": [0, 0, 0], "post": [0, -180, 0]},
						"0.3333": {"pre": [0, -180, 0], "post": [0, 0, 0]}
					}
				}
			}
		},
		"animation.skorupi.sleep": {
			"loop": true,
			"bones": {
				"body": {
					"rotation": [0, -25, 0],
					"position": [-2, 0, 2]
				},
				"head": {
					"rotation": [20, 25, 0],
					"position": [0, -1, 0]
				},
				"eye_left": {
					"rotation": [0, 180, 0]
				},
				"eye_right": {
					"rotation": [0, -180, 0]
				},
				"mandible_left": {
					"rotation": [0, 0, -22.5]
				},
				"mandible_right": {
					"rotation": [0, 0, 22.5]
				},
				"claw_left": {
					"rotation": [0, 0, 22.5]
				},
				"claw_right": {
					"rotation": [0, 0, -22.5]
				},
				"tail": {
					"rotation": [40, 12.5, 100]
				},
				"tail2": {
					"rotation": [37.5, 0, 0]
				},
				"tail3": {
					"rotation": [47.5, 0, 0]
				},
				"tail4": {
					"rotation": [35, 0, 0]
				},
				"tail5": {
					"rotation": [0, 0, -42.5]
				},
				"leg_front_left": {
					"rotation": [-75, 50, 35]
				},
				"leg_front_left2": {
					"rotation": [0, 0, 45]
				},
				"leg_front_right": {
					"rotation": [-75, -50, -35]
				},
				"leg_front_right2": {
					"rotation": [0, 0, -45]
				},
				"leg_back_left": {
					"rotation": [75, -50, 35]
				},
				"leg_back_left2": {
					"rotation": [0, 0, 45]
				},
				"leg_back_right": {
					"rotation": [75, 50, -35]
				},
				"leg_back_right2": {
					"rotation": [0, 0, -45]
				}
			}
		}
	}
}