{
	"format_version": "1.8.0",
	"animations": {
		"pose": {
			"loop": true,
			"bones": {
				"spidops1": {
					"rotation": [10, 0, 0],
					"position": [0, 3, 0]
				},
				"leg_left_1": {
					"rotation": [0, 7.5, 0]
				},
				"leg_left_1_2": {
					"rotation": [0, 0, 40]
				},
				"leg_left_2": {
					"rotation": [-2.5, 0, 0]
				},
				"leg_left_2_2": {
					"rotation": [0, 0, 40]
				},
				"leg_left": {
					"rotation": [9.61802, 21.37706, 34.35]
				},
				"leg_right": {
					"rotation": [19.29534, -29.78401, -35.17674]
				},
				"leg_right_1": {
					"rotation": [0, -7.5, 0]
				},
				"leg_right_1_2": {
					"rotation": [0, 0, -42.5]
				},
				"leg_right_2": {
					"rotation": [-4.99523, 0.0095, 0.21782]
				},
				"leg_right_2_2": {
					"rotation": [0, 0, -42.5]
				},
				"arm_left_1": {
					"rotation": [0, 0, 0]
				},
				"arm_left_1_2": {
					"rotation": [0, 47.5, 0]
				},
				"arm_left": {
					"rotation": [31.17584, 53.49045, 32.28148]
				},
				"arm_left_2": {
					"rotation": [0, -2.5, 5]
				},
				"arm_left_2_2": {
					"rotation": [0, 45, 0]
				},
				"arm_right": {
					"rotation": [21.8979, -54.40814, -23.00709]
				},
				"arm_right_1": {
					"rotation": [0, 0, 5]
				},
				"arm_right_1_2": {
					"rotation": [0, -47.5, 0]
				},
				"arm_right_2": {
					"rotation": [0, 5, -5]
				},
				"arm_right_2_2": {
					"rotation": [0, -45, 0]
				},
				"ass": {
					"rotation": [-10, 0, 0]
				},
				"chest": {
					"rotation": [-7.5, 0, 0]
				},
				"body": {
					"rotation": [7.5, 0, 0]
				},
				"neck": {
					"rotation": [7.5, 0, 0]
				},
				"head": {
					"rotation": [-5.04292, -7.4713, 0.6574]
				}
			}
		},
		"animation.spidops.ground_idle": {
			"loop": true,
			"bones": {
				"spidops1": {
					"rotation": [10, 0, 0],
					"position": [0, 3, 0]
				},
				"leg_left_1": {
					"rotation": [0, 7.5, 0]
				},
				"leg_left_1_2": {
					"rotation": [0, 0, 40]
				},
				"leg_left_2": {
					"rotation": [-2.5, 0, 0]
				},
				"leg_left_2_2": {
					"rotation": [0, 0, 40]
				},
				"leg_left": {
					"rotation": [9.61802, 21.37706, 34.35]
				},
				"leg_right": {
					"rotation": [19.29534, -29.78401, -35.17674]
				},
				"leg_right_1": {
					"rotation": [0, -7.5, 0]
				},
				"leg_right_1_2": {
					"rotation": [0, 0, -42.5]
				},
				"leg_right_2": {
					"rotation": [-4.99523, 0.0095, 0.21782]
				},
				"leg_right_2_2": {
					"rotation": [0, 0, -42.5]
				},
				"arm_left_1": {
					"rotation": [0, 0, 0]
				},
				"arm_left_1_2": {
					"rotation": [0, 47.5, 0]
				},
				"arm_left": {
					"rotation": [31.17584, 53.49045, 32.28148]
				},
				"arm_left_2": {
					"rotation": [0, -2.5, 5]
				},
				"arm_left_2_2": {
					"rotation": [0, 45, 0]
				},
				"arm_right": {
					"rotation": [21.8979, -54.40814, -23.00709]
				},
				"arm_right_1": {
					"rotation": [0, 0, 5]
				},
				"arm_right_1_2": {
					"rotation": [0, -47.5, 0]
				},
				"arm_right_2": {
					"rotation": [0, 5, -5]
				},
				"arm_right_2_2": {
					"rotation": [0, -45, 0]
				},
				"ass": {
					"rotation": [-10, 0, 0]
				},
				"chest": {
					"rotation": [-7.5, 0, 0]
				},
				"body": {
					"rotation": [7.5, 0, 0]
				},
				"neck": {
					"rotation": [7.5, 0, 0]
				},
				"head": {
					"rotation": [-5.04292, -7.4713, 0.6574]
				}
			}
		},
		"animation.spidops.ground_walk": {
			"loop": true,
			"bones": {
				"spidops1": {
					"rotation": [10, 0, 0],
					"position": [0, 3, 0]
				},
				"leg_left_1": {
					"rotation": [0, 7.5, 0]
				},
				"leg_left_1_2": {
					"rotation": [0, 0, 40]
				},
				"leg_left_2": {
					"rotation": [-2.5, 0, 0]
				},
				"leg_left_2_2": {
					"rotation": [0, 0, 40]
				},
				"leg_left": {
					"rotation": [9.61802, 21.37706, 34.35]
				},
				"leg_right": {
					"rotation": [19.29534, -29.78401, -35.17674]
				},
				"leg_right_1": {
					"rotation": [0, -7.5, 0]
				},
				"leg_right_1_2": {
					"rotation": [0, 0, -42.5]
				},
				"leg_right_2": {
					"rotation": [-4.99523, 0.0095, 0.21782]
				},
				"leg_right_2_2": {
					"rotation": [0, 0, -42.5]
				},
				"arm_left_1": {
					"rotation": [0, 0, 0]
				},
				"arm_left_1_2": {
					"rotation": [0, 47.5, 0]
				},
				"arm_left": {
					"rotation": [31.17584, 53.49045, 32.28148]
				},
				"arm_left_2": {
					"rotation": [0, -2.5, 5]
				},
				"arm_left_2_2": {
					"rotation": [0, 45, 0]
				},
				"arm_right": {
					"rotation": [21.8979, -54.40814, -23.00709]
				},
				"arm_right_1": {
					"rotation": [0, 0, 5]
				},
				"arm_right_1_2": {
					"rotation": [0, -47.5, 0]
				},
				"arm_right_2": {
					"rotation": [0, 5, -5]
				},
				"arm_right_2_2": {
					"rotation": [0, -45, 0]
				},
				"ass": {
					"rotation": [-10, 0, 0]
				},
				"chest": {
					"rotation": [-7.5, 0, 0]
				},
				"body": {
					"rotation": [7.5, 0, 0]
				},
				"neck": {
					"rotation": [7.5, 0, 0]
				},
				"head": {
					"rotation": [-5.04292, -7.4713, 0.6574]
				}
			}
		}
	}
}