{
	"format_version": "1.8.0",
	"animations": {
		"animation.tornadustherian.ground_walk": {
			"loop": true,
			"bones": {
				"neck": {
					"rotation": [5, 0, 0]
				},
				"head": {
					"rotation": [5, 0, 0]
				},
				"right_antenna": {
					"rotation": [0, 0, -7.5]
				},
				"right_antenna4": {
					"rotation": [0, 0, -10]
				},
				"left_antenna": {
					"rotation": [0, 0, 20]
				},
				"left_antenna4": {
					"rotation": [0, 0, 22.5]
				},
				"left_leg": {
					"rotation": [-32.5, 0, 0]
				},
				"left_leg2": {
					"rotation": [25, 0, 0]
				},
				"left_foot": {
					"rotation": [32.5, 0, 0]
				},
				"left_toe": {
					"rotation": [-45, 0, 0]
				},
				"right_leg": {
					"rotation": [-35, 0, 0]
				},
				"right_leg2": {
					"rotation": [25, 0, 0]
				},
				"right_foot": {
					"rotation": [32.5, 0, 0]
				},
				"cloud2": {
					"rotation": [-15, 0, 0]
				},
				"cloud3": {
					"rotation": [22.5, 0, 0]
				},
				"tail": {
					"rotation": [32.5, 0, 0]
				},
				"tail3": {
					"rotation": [22.5, 0, 0]
				},
				"tail4": {
					"rotation": [40, 0, 0]
				},
				"tail5": {
					"rotation": [35, 0, 0]
				},
				"left_wing2": {
					"rotation": [0, 25, 0]
				},
				"right_wing2": {
					"rotation": [0, -25, 0]
				},
				"left_toe4": {
					"rotation": [-52.5, 0, 0]
				}
			}
		},
		"animation.tornadustherian.ground_idle": {
			"loop": true,
			"bones": {
				"neck": {
					"rotation": [5, 0, 0]
				},
				"head": {
					"rotation": [5, 0, 0]
				},
				"right_antenna": {
					"rotation": [0, 0, -7.5]
				},
				"right_antenna4": {
					"rotation": [0, 0, -10]
				},
				"left_antenna": {
					"rotation": [0, 0, 20]
				},
				"left_antenna4": {
					"rotation": [0, 0, 22.5]
				},
				"left_leg": {
					"rotation": [-32.5, 0, 0]
				},
				"left_leg2": {
					"rotation": [25, 0, 0]
				},
				"left_foot": {
					"rotation": [32.5, 0, 0]
				},
				"left_toe": {
					"rotation": [-45, 0, 0]
				},
				"right_leg": {
					"rotation": [-35, 0, 0]
				},
				"right_leg2": {
					"rotation": [25, 0, 0]
				},
				"right_foot": {
					"rotation": [32.5, 0, 0]
				},
				"cloud2": {
					"rotation": [-15, 0, 0]
				},
				"cloud3": {
					"rotation": [22.5, 0, 0]
				},
				"tail": {
					"rotation": [32.5, 0, 0]
				},
				"tail3": {
					"rotation": [22.5, 0, 0]
				},
				"tail4": {
					"rotation": [40, 0, 0]
				},
				"tail5": {
					"rotation": [35, 0, 0]
				},
				"left_wing2": {
					"rotation": [0, 25, 0]
				},
				"right_wing2": {
					"rotation": [0, -25, 0]
				},
				"left_toe4": {
					"rotation": [-52.5, 0, 0]
				}
			}
		}
	}
}