{
	"format_version": "1.8.0",
	"animations": {
		"animation.torterra_aprilfools.ground_idle": {
			"loop": true,
			"bones": {
				"leg0": {
					"rotation": [-6, -12, 0]
				},
				"leg1": {
					"rotation": [-6, 12, 0]
				},
				"leg2": {
					"rotation": [0, 0, -10]
				},
				"leg3": {
					"rotation": [0, 0, 10]
				},
				"tree": {
					"rotation": [0, 0, 2],
					"position": [5.7, -8.1, 12],
					"scale": 0.2
				},
				"stone_1": {
					"rotation": [0, 0, -20],
					"position": [16.8, -6.3, 3],
					"scale": 0.3
				},
				"stone_3": {
					"rotation": [-5, 0, -15],
					"position": [16.5, -6.6, -9.2],
					"scale": 0.25
				},
				"stone_2": {
					"rotation": [5, 0, -15],
					"position": [16.5, -6.6, 15.3],
					"scale": 0.25
				}
			}
		},
		"animation.torterra_aprilfools.ground_walk": {
			"loop": true,
			"bones": {
				"leg0": {
					"rotation": [-6, -12, 0]
				},
				"leg1": {
					"rotation": [-6, 12, 0]
				},
				"leg2": {
					"rotation": [0, 0, -10]
				},
				"leg3": {
					"rotation": [0, 0, 10]
				},
				"tree": {
					"rotation": [0, 0, 2],
					"position": [5.7, -8.1, 12],
					"scale": 0.2
				},
				"stone_1": {
					"rotation": [0, 0, -20],
					"position": [16.8, -6.3, 3],
					"scale": 0.3
				},
				"stone_3": {
					"rotation": [-5, 0, -15],
					"position": [16.5, -6.6, -9.2],
					"scale": 0.25
				},
				"stone_2": {
					"rotation": [5, 0, -15],
					"position": [16.5, -6.6, 15.3],
					"scale": 0.25
				}
			}
		}
	}
}