{
	"format_version": "1.8.0",
	"animations": {
		"animation.valentinetorterra.ground_idle": {
			"loop": true,
			"bones": {
				"torso": {
					"rotation": ["math.sin(q.anim_time*90*2)*0.6", 0, "math.cos(q.anim_time*90*1)*-1"],
					"position": [0, "math.sin(q.anim_time*90*2)*-0.2", 0]
				},
				"tree": {
					"rotation": ["0+math.sin(q.anim_time*90*2-30)*1", 0, "0+math.cos(q.anim_time*90*1-90)*-0.5"]
				},
				"head": {
					"rotation": ["4+math.sin(q.anim_time*90*2+30)*-2", "math.cos(q.anim_time*90*1)*1", 0]
				},
				"jaw": {
					"rotation": ["1+math.cos(q.anim_time*90*2)*-1", 0, 0]
				},
				"tail": {
					"rotation": [-12.5, "0+math.cos(q.anim_time*90*1-30)*4", "0+math.sin(q.anim_time*90*1-40)*2"]
				},
				"tail2": {
					"rotation": [2.5, "math.cos(q.anim_time*90*1-60)*3", "math.sin(q.anim_time*90*1-60)*2"]
				},
				"tail3": {
					"rotation": [-7.5, "math.cos(q.anim_time*90*1-90)*6", "math.sin(q.anim_time*90*1-90)*2"]
				},
				"leaves2": {
					"rotation": ["0+math.sin(q.anim_time*90*2-20)*0.5", 0, "0+math.cos(q.anim_time*90*1-80)*-0.2"]
				},
				"leaves": {
					"rotation": ["0+math.sin(q.anim_time*90*2-50)*1", 0, "0+math.cos(q.anim_time*90*1-110)*-0.5"]
				},
				"vine": {
					"rotation": ["math.sin(q.anim_time*90*2-70)*-2", 0, "-5+math.cos(q.anim_time*90*1-130)*4"]
				},
				"vine2": {
					"rotation": ["4+math.sin(q.anim_time*90*2-90)*-2", 0, "-5+math.cos(q.anim_time*90*1-150)*4"]
				},
				"vine4": {
					"rotation": ["math.sin(q.anim_time*90*2-85)*2", 0, "-5+math.cos(q.anim_time*90*1-120)*4"]
				},
				"vine5": {
					"rotation": ["math.sin(q.anim_time*90*2-80)*-2", 0, "-5+math.cos(q.anim_time*90*1-120)*4"]
				},
				"vine3": {
					"rotation": ["math.sin(q.anim_time*90*2-60)*-2", 0, "-5+math.cos(q.anim_time*90*1-110)*4"]
				},
				"bodies": {
					"scale": 0.5
				},
				"body_2": {
					"rotation": [0, 52.5, 0],
					"position": [12, -0.9, 9]
				},
				"leg_right2": {
					"rotation": [-82.47168, 4.95712, 0.65426]
				},
				"leg_left2": {
					"rotation": [-82.27926, -9.65594, -2.61298]
				},
				"torso2": {
					"rotation": [0, 0, 7.5]
				},
				"tail4": {
					"rotation": [9.93464, -1.14069, -0.22068]
				},
				"head2": {
					"rotation": [0.44067, -9.99038, 9.96148]
				},
				"ear_right2": {
					"rotation": [-0.66963, 14.98539, -2.58807]
				},
				"ear_left2": {
					"rotation": [-1.63219, -7.32123, -19.89557]
				},
				"arm_left2": {
					"rotation": [0, 0, 15]
				},
				"arm_right2": {
					"rotation": [0, 0, -17.5]
				},
				"body_1": {
					"rotation": [0, 45, 0],
					"position": [4, -1.1, 3]
				},
				"leg_right": {
					"rotation": [-82.47168, 4.95712, 0.65426]
				},
				"leg_left": {
					"rotation": [-79.91547, -7.38542, -1.30962]
				},
				"head3": {
					"rotation": [15, 0, 0]
				},
				"ear_right": {
					"rotation": [7.32417, -1.61888, 12.39638]
				},
				"ear_left": {
					"rotation": [9.96271, -0.86717, 4.92442]
				},
				"eyelids": {
					"position": [0, 0, -0.1]
				},
				"arm_left": {
					"rotation": [0, 0, 10]
				}
			}
		},
		"animation.valentinetorterra.ground_walk": {
			"loop": true,
			"animation_length": 2,
			"bones": {
				"bush_left": {
					"rotation": ["0+math.cos(q.anim_time*90*3-60)*1", 0, "0+math.sin(q.anim_time*90*3-60)*6"]
				},
				"bush_right": {
					"rotation": ["0+math.cos(q.anim_time*90*3-60)*1", 0, "0+math.sin(q.anim_time*90*3-60)*8"]
				},
				"body": {
					"position": {
						"0.0": [0, -0.3, 0],
						"0.0833": [0, -0.1, 0],
						"0.4583": [0, -0.1, 0],
						"0.6667": [0, -0.4, 0],
						"0.8333": [0, -0.1, 0],
						"0.875": [0, -0.1, 0],
						"0.9583": [0, -0.3, 0],
						"1.0417": [0, -0.1, 0],
						"1.5417": [0, -0.1, 0],
						"1.75": [0, -0.4, 0],
						"1.9167": [0, -0.1, 0],
						"2.0": [0, -0.3, 0]
					}
				},
				"torso": {
					"rotation": ["0+math.sin(q.anim_time*90*2*2)*1", "0+math.cos(q.anim_time*90*2)*3", "0-math.sin(q.anim_time*90*2)*3"],
					"position": {
						"0.0": [0, -0.01, 0],
						"0.0417": [0, -0.12, 0],
						"0.5833": [0, "0+math.sin(q.anim_time*90*2*2)*0.6", 0],
						"0.625": [0, "0.4+math.sin(q.anim_time*90*2*2)*0.4", 0],
						"0.7083": [0, "-0.1+math.sin(q.anim_time*90*2*2)*0.4", 0],
						"0.7917": [0, "0.4+math.sin(q.anim_time*90*2*2)*0.4", 0],
						"0.875": [0, "0+math.sin(q.anim_time*90*2*2)*0.4", 0],
						"0.9583": [0, 0.1, 0],
						"1.0417": [0, -0.12, 0],
						"1.5833": [0, "0+math.sin(q.anim_time*90*2*2)*0.6", 0],
						"1.625": [0, "0.4+math.sin(q.anim_time*90*2*2)*0.4", 0],
						"1.7083": [0, "-0.1+math.sin(q.anim_time*90*2*2)*0.4", 0],
						"1.7917": [0, "0.4+math.sin(q.anim_time*90*2*2)*0.4", 0],
						"1.875": [0, "0+math.sin(q.anim_time*90*2*2)*0.4", 0],
						"1.9583": [0, 0.1, 0],
						"2.0": [0, -0.01, 0]
					}
				},
				"tree": {
					"rotation": ["0+math.sin(q.anim_time*90*4*2)*-1", 0, "0-math.cos(q.anim_time*90*2-30)*2"],
					"position": {
						"0.5833": [0, 0, 0],
						"0.6667": [0, -0.2, 0],
						"0.75": [0, 0.4, 0],
						"0.9167": [0, -0.1, 0],
						"1.0417": [0, 0, 0],
						"1.5417": [0, 0, 0],
						"1.625": [0, -0.4, 0],
						"1.7083": [0, 0.6, 0],
						"1.875": [0, -0.1, 0],
						"2.0": [0, 0, 0]
					}
				},
				"head": {
					"rotation": ["5+math.cos(q.anim_time*90*2*2+30)*-1", "0-math.cos(q.anim_time*90*2)*4", "0+math.sin(q.anim_time*90*2)*2"]
				},
				"tail": {
					"rotation": [-10, "math.cos(q.anim_time*90*2-30)*8", "0-math.cos(q.anim_time*90*2-30)*4"]
				},
				"tail2": {
					"rotation": [-5, "0+math.cos(q.anim_time*90*2-90)*4", "0-math.cos(q.anim_time*90*2-60)*2"]
				},
				"tail3": {
					"rotation": [5, "0+math.cos(q.anim_time*90*2-120)*6", "0-math.cos(q.anim_time*90*2-90)*2"]
				},
				"leg_front_left": {
					"rotation": ["0-math.sin(q.anim_time*90*2-180)*10", "0+math.sin(q.anim_time*90*2-180)*8", -10],
					"position": {
						"0.0": ["0+math.cos(q.anim_time*90*2-180)*0.2", "-0.5+math.clamp(math.cos(q.anim_time*90*2-180)*1.5,0,10)", "0-math.sin(q.anim_time*90*2-180)*0.8"],
						"0.5": ["0+math.cos(q.anim_time*90*2-180)*0.2", "math.clamp(math.cos(q.anim_time*90*2-180)*1.5,0,10)", "0-math.sin(q.anim_time*90*2-180)*0.8"],
						"1.4583": ["0+math.cos(q.anim_time*90*2-180)*0.2", "math.clamp(math.cos(q.anim_time*90*2-180)*1.5,0,10)", "0-math.sin(q.anim_time*90*2-180)*0.8"],
						"1.5": ["0+math.cos(q.anim_time*90*2-180)*0.2", "-1+math.clamp(math.cos(q.anim_time*90*2-180)*1.5,0,10)", "0-math.sin(q.anim_time*90*2-180)*0.8"],
						"2.0": ["0+math.cos(q.anim_time*90*2-180)*0.2", "-0.5+math.clamp(math.cos(q.anim_time*90*2-180)*1.5,0,10)", "0-math.sin(q.anim_time*90*2-180)*0.8"]
					}
				},
				"foot_front_left": {
					"rotation": {
						"0.0": ["-2.5+math.clamp(math.sin(q.anim_time*90*2-90)*15,0,20)+math.clamp(math.sin(q.anim_time*90*2+90)*2,-2,20)", 0, 10],
						"1.4167": ["0+math.clamp(math.sin(q.anim_time*90*2-90)*15,0,20)+math.clamp(math.sin(q.anim_time*90*2+90)*2,-2,20)", 0, 10],
						"1.5": ["10+math.clamp(math.sin(q.anim_time*90*2-90)*15,0,20)+math.clamp(math.sin(q.anim_time*90*2+90)*2,-2,20)", 0, 10],
						"1.75": ["5+math.clamp(math.sin(q.anim_time*90*2-90)*15,0,20)+math.clamp(math.sin(q.anim_time*90*2+90)*2,-2,20)", 0, 10],
						"2.0": ["-2.5+math.clamp(math.sin(q.anim_time*90*2-90)*15,0,20)+math.clamp(math.sin(q.anim_time*90*2+90)*2,-2,20)", 0, 10]
					}
				},
				"leg_back_left": {
					"rotation": ["0-math.sin(q.anim_time*90*2-60)*10", "0+math.sin(q.anim_time*90*2-60)*8", -10],
					"position": {
						"0.0": ["0+math.cos(q.anim_time*90*2-60)*0.2", "math.clamp(math.cos(q.anim_time*90*2-60)*1.5,0,10)", "-0.75-math.sin(q.anim_time*90*2-60)*0.7"],
						"0.75": [
							"0+math.cos(q.anim_time*90*2-60)*0.2",
							"0.25+math.clamp(math.cos(q.anim_time*90*2-60)*1.5,0,10)",
							"-0.75-math.sin(q.anim_time*90*2-60)*0.7"
						],
						"0.8333": ["0+math.cos(q.anim_time*90*2-60)*0.2", "-1+math.clamp(math.cos(q.anim_time*90*2-60)*1.5,0,10)", "-0.75-math.sin(q.anim_time*90*2-60)*0.7"],
						"1.8333": ["0+math.cos(q.anim_time*90*2-60)*0.2", "math.clamp(math.cos(q.anim_time*90*2-60)*1.5,0,10)", "-0.75-math.sin(q.anim_time*90*2-60)*0.7"]
					}
				},
				"foot_back_left": {
					"rotation": {
						"0.0": ["0+math.clamp(math.sin(q.anim_time*90*2+30)*15,0,20)-math.clamp(math.sin(q.anim_time*90*2+210)*2,-2,20)", 0, 10],
						"0.75": ["0+math.clamp(math.sin(q.anim_time*90*2+30)*15,0,20)-math.clamp(math.sin(q.anim_time*90*2+210)*2,-2,20)", 0, 10],
						"0.8333": ["7.5+math.clamp(math.sin(q.anim_time*90*2+30)*15,0,20)-math.clamp(math.sin(q.anim_time*90*2+210)*2,-2,20)", 0, 10],
						"1.25": [3.32, 0, 10],
						"1.8333": ["-8.5+math.clamp(math.sin(q.anim_time*90*2+30)*15,0,20)-math.clamp(math.sin(q.anim_time*90*2+210)*2,-2,20)", 0, 10],
						"2.0": ["0+math.clamp(math.sin(q.anim_time*90*2+30)*15,0,20)-math.clamp(math.sin(q.anim_time*90*2+210)*2,-2,20)", 0, 10]
					}
				},
				"leg_back_right": {
					"rotation": ["0-math.sin(q.anim_time*90*2-240)*10", "0-math.sin(q.anim_time*90*2-240)*8", 10],
					"position": {
						"0.0": [
							"0-math.cos(q.anim_time*90*2-240)*0.2",
							"-0.75+math.clamp(math.cos(q.anim_time*90*2-240)*1.5,0,10)",
							"-0.75-math.sin(q.anim_time*90*2-240)*0.8"
						],
						"0.8333": ["0-math.cos(q.anim_time*90*2-240)*0.2", "math.clamp(math.cos(q.anim_time*90*2-240)*1.5,0,10)", "-0.75-math.sin(q.anim_time*90*2-240)*0.8"],
						"1.7917": ["0-math.cos(q.anim_time*90*2-240)*0.2", "math.clamp(math.cos(q.anim_time*90*2-240)*1.5,0,10)", "-0.75-math.sin(q.anim_time*90*2-240)*0.8"],
						"1.8333": [
							"0-math.cos(q.anim_time*90*2-240)*0.2",
							"-1+math.clamp(math.cos(q.anim_time*90*2-240)*1.5,0,10)",
							"-0.75-math.sin(q.anim_time*90*2-240)*0.8"
						],
						"2.0": [
							"0-math.cos(q.anim_time*90*2-240)*0.2",
							"-0.75+math.clamp(math.cos(q.anim_time*90*2-240)*1.5,0,10)",
							"-0.75-math.sin(q.anim_time*90*2-240)*0.8"
						]
					}
				},
				"foot_back_right": {
					"rotation": {
						"0.0": ["7.5+math.clamp(math.sin(q.anim_time*90*2-150)*15,0,20)+math.clamp(math.sin(q.anim_time*90*2+150)*2,-2,20)", 0, -10],
						"0.8333": ["-5+math.clamp(math.sin(q.anim_time*90*2-150)*15,0,20)+math.clamp(math.sin(q.anim_time*90*2+150)*2,-2,20)", 0, -10],
						"1.75": ["1.75+math.clamp(math.sin(q.anim_time*90*2-150)*15,0,20)+math.clamp(math.sin(q.anim_time*90*2+150)*2,-2,20)", 0, -10],
						"1.8333": ["7.5+math.clamp(math.sin(q.anim_time*90*2-150)*15,0,20)+math.clamp(math.sin(q.anim_time*90*2+150)*2,-2,20)", 0, -10]
					}
				},
				"leg_front_right": {
					"rotation": {
						"0.0": ["0-math.sin(q.anim_time*90*2)*10", "0-math.sin(q.anim_time*90*2)*8", 10],
						"0.4167": ["0-math.sin(q.anim_time*90*2)*10", "0-math.sin(q.anim_time*90*2)*8", 10],
						"0.625": ["-0.25-math.sin(q.anim_time*90*2)*10", "-math.sin(q.anim_time*90*2)*8", 10],
						"0.8333": ["-1-math.sin(q.anim_time*90*2)*10", "-math.sin(q.anim_time*90*2)*8", 10],
						"1.0": ["0-math.sin(q.anim_time*90*2)*10", "0-math.sin(q.anim_time*90*2)*8", 10]
					},
					"position": {
						"0.0": ["0-math.cos(q.anim_time*90*2)*0.2", "math.clamp(math.cos(q.anim_time*90*2)*1.5,0,10)", "0-math.sin(q.anim_time*90*2)*0.7"],
						"0.4167": ["0-math.cos(q.anim_time*90*2)*0.2", "math.clamp(math.cos(q.anim_time*90*2)*1.5,0,10)", "0-math.sin(q.anim_time*90*2)*0.7"],
						"0.5": ["0-math.cos(q.anim_time*90*2)*0.2", "-1+math.clamp(math.cos(q.anim_time*90*2)*1.5,0,10)", "0-math.sin(q.anim_time*90*2)*0.7"],
						"0.75": ["0-math.cos(q.anim_time*90*2)*0.2", "-0.75+math.clamp(math.cos(q.anim_time*90*2)*1.5,0,10)", "0-math.sin(q.anim_time*90*2)*0.7"],
						"1.5": ["0-math.cos(q.anim_time*90*2)*0.2", "math.clamp(math.cos(q.anim_time*90*2)*1.5,0,10)", "0-math.sin(q.anim_time*90*2)*0.7"]
					}
				},
				"foot_front_right": {
					"rotation": {
						"0.0": ["0+math.clamp(math.sin(q.anim_time*90*2+90)*15,0,20)-math.clamp(math.sin(q.anim_time*90*2+270)*2,-2,20)", 0, -10],
						"0.4167": ["0+math.clamp(math.sin(q.anim_time*90*2+90)*15,0,20)-math.clamp(math.sin(q.anim_time*90*2+270)*2,-2,20)", 0, -10],
						"0.5": ["12.5+math.clamp(math.sin(q.anim_time*90*2+90)*15,0,20)-math.clamp(math.sin(q.anim_time*90*2+270)*2,-2,20)", 0, -10],
						"0.75": ["7.5+math.clamp(math.sin(q.anim_time*90*2+90)*15,0,20)-math.clamp(math.sin(q.anim_time*90*2+270)*2,-2,20)", 0, -10],
						"1.0": ["0+math.clamp(math.sin(q.anim_time*90*2+90)*15,0,20)-math.clamp(math.sin(q.anim_time*90*2+270)*2,-2,20)", 0, -10]
					}
				},
				"leaves2": {
					"rotation": ["0+math.sin(q.anim_time*90*4-50)*0.5", 0, "0+math.cos(q.anim_time*90*2-90)*-1"],
					"position": {
						"0.5": [0, 0, 0],
						"0.5833": [0, -0.2, 0],
						"0.6667": [0, 0.4, 0],
						"0.8333": [0, -0.1, 0],
						"0.9583": [0, 0, 0],
						"1.4583": [0, 0, 0],
						"1.5417": [0, -0.2, 0],
						"1.625": [0, 0.4, 0],
						"1.7917": [0, -0.1, 0],
						"1.9167": [0, 0, 0]
					}
				},
				"leaves": {
					"rotation": ["0+math.sin(q.anim_time*90*4-50)*1", 0, "0+math.cos(q.anim_time*90*2-90)*-2"],
					"position": {
						"0.5417": [0, 0, 0],
						"0.625": [0, -0.2, 0],
						"0.7083": [0, 0.4, 0],
						"0.875": [0, -0.1, 0],
						"1.0": [0, 0, 0],
						"1.5": [0, 0, 0],
						"1.5833": [0, -0.2, 0],
						"1.6667": [0, 0.4, 0],
						"1.8333": [0, -0.1, 0],
						"1.9583": [0, 0, 0]
					}
				},
				"vine": {
					"rotation": ["4+math.sin(q.anim_time*90*4-50)*-4", 0, "-5+math.cos(q.anim_time*90*2-120)*4 "]
				},
				"vine2": {
					"rotation": ["4+math.sin(q.anim_time*90*4-50)*-4", 0, "-5+math.cos(q.anim_time*90*2-120)*4 "]
				},
				"vine4": {
					"rotation": ["math.sin(q.anim_time*90*4-50)*-4", 0, "-5+math.cos(q.anim_time*90*2-120)*4 "],
					"scale": 1
				},
				"vine5": {
					"rotation": ["math.sin(q.anim_time*90*4-50)*-4", 0, "-5+math.cos(q.anim_time*90*2-120)*4 "]
				},
				"vine3": {
					"rotation": ["4+math.sin(q.anim_time*90*4-50)*-4", 0, "-5+math.cos(q.anim_time*90*2-120)*4 "]
				},
				"bodies": {
					"scale": 0.5
				},
				"body_2": {
					"rotation": [0, 52.5, 0],
					"position": [12, -0.9, 9]
				},
				"leg_right2": {
					"rotation": [-82.47168, 4.95712, 0.65426]
				},
				"leg_left2": {
					"rotation": [-82.27926, -9.65594, -2.61298]
				},
				"torso2": {
					"rotation": [0, 0, 7.5]
				},
				"tail4": {
					"rotation": [9.93464, -1.14069, -0.22068]
				},
				"head2": {
					"rotation": [0.44067, -9.99038, 9.96148]
				},
				"ear_right2": {
					"rotation": [-0.66963, 14.98539, -2.58807]
				},
				"ear_left2": {
					"rotation": [-1.63219, -7.32123, -19.89557]
				},
				"arm_left2": {
					"rotation": [0, 0, 15]
				},
				"arm_right2": {
					"rotation": [0, 0, -17.5]
				},
				"body_1": {
					"rotation": [0, 45, 0],
					"position": [4, -1.1, 3]
				},
				"leg_right": {
					"rotation": [-82.47168, 4.95712, 0.65426]
				},
				"leg_left": {
					"rotation": [-79.91547, -7.38542, -1.30962]
				},
				"head3": {
					"rotation": [15, 0, 0]
				},
				"ear_right": {
					"rotation": [7.32417, -1.61888, 12.39638]
				},
				"ear_left": {
					"rotation": [9.96271, -0.86717, 4.92442]
				},
				"eyelids": {
					"position": [0, 0, -0.1]
				},
				"arm_left": {
					"rotation": [0, 0, 10]
				}
			}
		},
		"animation.valentinetorterra.faint": {
			"loop": true,
			"animation_length": 3,
			"bones": {
				"torso": {
					"rotation": {
						"0.0": [0, 0, 0],
						"0.375": [-3.98055, -0.27829, -8.99519],
						"0.6667": [-1.48284, 0.24323, -1.51332],
						"0.8333": ["-3.9828+math.cos(q.anim_time*90*20+30)*-0.2", 0.24323, -1.51332],
						"1.625": [-3.9828, 0.24323, 0],
						"1.875": [-11.4828, 0.24323, 0],
						"2.0": [-7, 0, 0],
						"2.2083": [0, 0, 0]
					},
					"position": {
						"0.0": [0, 0, 0],
						"0.6667": [0, 0.04, 0],
						"0.7083": [0, -0.18, 0],
						"0.8333": [0, "0.1+math.cos(q.anim_time*90*20+30)*0.2", 0],
						"1.625": [0, 0, 0],
						"1.875": [0, 1.1, 0]
					}
				},
				"tree": {
					"rotation": {
						"0.0833": [0, 0, 0],
						"0.4167": [4.54583, 1.01663, 4.8946],
						"0.5833": [2.01195, -0.56221, -2.436],
						"0.75": [2.04583, -1.01663, -4.8946],
						"0.8333": [1.9976, -0.10675, 0.02221],
						"0.9583": [2.01195, -0.56221, -2.436],
						"1.5417": [4.51195, -0.56221, -2.436],
						"1.7083": {
							"pre": [7.01195, -0.56221, -2.436],
							"post": [7.01195, -0.56221, -2.436],
							"lerp_mode": "catmullrom"
						},
						"1.8333": {
							"post": [9.51195, -0.56221, -2.436],
							"lerp_mode": "catmullrom"
						},
						"2.125": {
							"post": [0, 0, -2],
							"lerp_mode": "catmullrom"
						},
						"2.25": {
							"post": [3, 0, 0],
							"lerp_mode": "catmullrom"
						},
						"2.4167": {
							"post": [-2, 0, 0],
							"lerp_mode": "catmullrom"
						},
						"2.7083": {
							"post": [2, 0, 0],
							"lerp_mode": "catmullrom"
						},
						"3.0": [1, 0, 0]
					},
					"position": {
						"0.0": [0, 0, 0],
						"0.7083": [0, 0, 0],
						"0.7917": [0, -0.4, 0],
						"0.875": [0, 0.4, 0],
						"1.0417": [0, 0, 0],
						"2.25": [0, 0, 0],
						"2.3333": [0, -0.4, 0],
						"2.4167": [0, 0.4, 0],
						"2.5833": [0, 0, 0]
					}
				},
				"head": {
					"rotation": {
						"0.0": [3, 1, 0],
						"0.375": [13.01393, -0.80588, 9.72515],
						"0.5417": [18.24561, -0.40247, 5.57794],
						"0.6667": [-4.43003, 0.1623, -0.22815],
						"0.8333": ["-4.43+math.cos(q.anim_time*90*20+60)*1", 0.16, -0.23],
						"1.625": [-4.43003, 0.1623, -0.22815],
						"1.75": [2.56997, 0.1623, -0.22815],
						"1.875": [-10.43003, 0.1623, -0.22815],
						"2.0833": [-2.8586, 0.1623, -0.22815],
						"2.1667": [8.56997, 0.1623, -0.22815],
						"2.2917": [1.56997, 0.1623, -0.22815],
						"2.5417": [6.06997, 0.1623, -0.22815]
					}
				},
				"jaw": {
					"rotation": {
						"0.0": [0, 0, 0],
						"0.2917": [15, 0, 0],
						"0.5833": [5.71, 0, 0],
						"0.75": [47.5, 0, 0],
						"0.8333": ["47.5+math.cos(q.anim_time*90*20+60)*-4", 0, 0],
						"1.625": [47.5, 0, 0],
						"2.0417": [9.62, 0, 0],
						"2.1667": [0, 0, 0]
					}
				},
				"tail": {
					"rotation": {
						"0.0": [-12.5, 3.4641, -1.28558],
						"0.25": [-12.82226, 13.22216, -3.49819],
						"0.5": [-7.7, 0.41, -0.62],
						"0.5833": ["-7.4807+math.cos(q.anim_time*90*20+60)*2", -1.41771, -0.20436],
						"1.4167": [-10.50198, 4.53117, -0.98655],
						"1.75": [-16.58198, 1.77817, 2.06546],
						"1.8333": [-17.28, 0.7, 0.99],
						"1.9167": [-10.46902, -0.38543, -0.0763],
						"2.0833": [-5.96902, -0.38543, -0.0763],
						"2.1667": [2.03098, -0.38543, -0.0763],
						"2.3333": [-8.96902, -0.38543, -0.0763],
						"2.5": [-6.96902, -0.38543, -0.0763],
						"2.75": [-10.96902, -0.38543, -0.0763]
					}
				},
				"tail2": {
					"rotation": {
						"0.0": [2.5, 1.5, -1.73205],
						"0.1667": [-0.79212, -1.83881, -1.29786],
						"0.375": [-2.44971, 11.49034, -1.28919],
						"0.625": [8.57, -5.96, -1.03],
						"0.7083": ["10.1419+math.cos(q.anim_time*90*20-30)*2", -8.45531, -0.9912],
						"1.5": [5.06261, -3.41608, -0.8852],
						"1.75": [11.93761, -3.41608, -0.8852],
						"1.8333": [7.56261, -3.41608, -0.8852],
						"2.0": [5.06261, -3.41608, -0.8852],
						"2.1667": [-2.43739, -3.41608, -0.8852],
						"2.2917": [15.06261, -3.41608, -0.8852],
						"2.4583": [-2.43739, -3.41608, -0.8852],
						"2.5833": [5.06261, -3.41608, -0.8852],
						"2.7917": [-2.43739, -3.41608, -0.8852]
					}
				},
				"tail3": {
					"rotation": {
						"0.0": [-7.5, 0, -2],
						"0.25": [-6.12616, -13.02957, 0.93064],
						"0.3333": [-11.02, 0.74, -1.62],
						"0.4583": [-12.61435, 9.91358, -3.31845],
						"0.5833": [-4.26, 4.9, -2.66],
						"0.7083": [9.45, -5.12, -1.33],
						"0.7917": ["12.604+math.cos(q.anim_time*90*20-60)*6", -7.27163, -1.05164],
						"0.9167": [7.45, -5.4, -1.17],
						"1.5417": [7.67114, 3.9539, -2.34355],
						"1.6667": [1.56748, 5.20118, -2.4871],
						"1.8333": [5.56748, 3.00118, -2.5871],
						"1.9583": [9.9, -6.6, -2.39],
						"2.0417": [11.56748, -9.49882, -1.8871],
						"2.125": [-6.31, -10.5, -0.64],
						"2.2083": [-10.93252, -2.59882, 0.5629],
						"2.25": [8.08, 5, 1.21],
						"2.3333": [19.06748, 7.70118, 1.5629],
						"2.4167": [3.68, 8.77, 1.37],
						"2.5": [-5.70211, 5.14587, 1.01932],
						"2.625": [6.29789, 1.64587, -0.28068],
						"2.7083": [10.54789, 0.34587, -0.38068],
						"2.875": [8.6, 0, 0]
					}
				},
				"body": {
					"position": {
						"0.75": [0, 0, 0],
						"0.8333": [0, -0.4, 0],
						"0.875": [0, 0.2, 0],
						"1.0": [0, -0.2, 0],
						"1.125": [0, 0.1, 0],
						"1.25": [0, 0, 0],
						"1.4583": [0, 0, 0],
						"1.75": [0, 0, 1.1],
						"1.8333": [0, 0.2, -0.4],
						"1.875": [0, -0.48, -2.3],
						"2.125": [0, -7.5, -8.4],
						"2.2083": [0, -6.2, -8.4],
						"2.2917": [0, -6.7, -8.4],
						"2.375": [0, -6.4, -8.4],
						"2.5417": [0, -6.9, -8.4]
					}
				},
				"eyelid_left": {
					"position": {
						"0.3333": [0, 0, 0],
						"0.375": [0.1, 0, 0],
						"0.5": [0.1, 0, 0],
						"0.5417": [0, 0, 0],
						"2.0833": [0, 0, 0],
						"2.125": [0.1, 0, 0]
					}
				},
				"eyelid_right": {
					"position": {
						"0.3333": [0, 0, 0],
						"0.375": [-0.1, 0, 0],
						"0.5": [-0.1, 0, 0],
						"0.5417": [0, 0, 0],
						"2.0833": [0, 0, 0],
						"2.125": [-0.1, 0, 0]
					}
				},
				"leg_front_left": {
					"rotation": {
						"0.0": [0, 0, 0],
						"0.4583": [-44.51332, -3.14572, -29.65833],
						"0.5833": [-22.28003, 8.64682, -13.84667],
						"0.6667": [0, 0, 10],
						"1.4583": [0, 0, 10],
						"1.75": [-5, 0, 0],
						"1.875": [-29.41732, -10.54654, 5.02049],
						"1.9583": [-55.67171, -11.09361, 0.81913],
						"2.0417": [-74.42611, -11.64069, -3.38223],
						"2.1667": [-78.61982, -18.52156, -6.47484]
					},
					"position": {
						"0.0": [0, 0, 0],
						"0.4583": [3.05, 0, -0.6],
						"0.5833": [2.03, 1.3, -0.4],
						"0.6667": [0, -0.3, 0],
						"1.4583": [0, -0.3, 0],
						"1.75": [0, 0.2, 0],
						"1.875": [0.3, 0.1, -1.5],
						"1.9583": [1.1, 0.05, -2.35],
						"2.0417": [1.9, 0.3, -1.8],
						"2.1667": [1.9, 0, -1.7],
						"2.25": [1.9, -0.4, -1.7],
						"2.375": [1.9, -0.1, -1.7],
						"2.5833": [1.9, -0.3, -1.7]
					}
				},
				"foot_front_left": {
					"rotation": {
						"0.0": [0, 0, 0],
						"0.4167": [47.07993, -4.98653, 8.17337],
						"0.5417": [14.47674, -5.82869, 6.58583],
						"0.625": [-3.20158, -3.15103, 1.25896],
						"0.6667": [0, 0, -10],
						"1.4583": [0, 0, -10],
						"1.75": [0, 0, 0],
						"1.875": [14.91615, 1.29876, -13.38733],
						"1.9583": [-2.5, 0, -11],
						"2.0417": [10, 0, -16],
						"2.1667": [-5, 0, -16]
					}
				},
				"leg_back_left": {
					"rotation": {
						"0.0": [0, 0, 0],
						"1.4583": [0, 0, 0],
						"1.75": [-11.67, 0, 0],
						"1.8333": [5, 0, 0],
						"2.125": [93.71227, 18.42031, -7.92945],
						"2.2917": [83.71227, 18.42031, -7.92945]
					},
					"position": {
						"0.0": [0, 0, 0],
						"1.4583": [0, 0, 0],
						"1.75": [0, -0.7, 0],
						"1.8333": [0, 0, 0],
						"2.125": [1.5, -0.1, 1.5],
						"2.2917": [1.5, -0.7, 1.5]
					}
				},
				"foot_back_left": {
					"rotation": {
						"0.0": [0, 0, 0],
						"1.4583": [0, 0, 0],
						"1.75": [10.83, 0, 0],
						"1.8333": [-4, 0, 0],
						"2.0": [11, 0, 0]
					}
				},
				"leg_back_right": {
					"rotation": {
						"0.0": [0, 0, 0],
						"1.4583": [0, 0, 0],
						"1.75": [-11.67, 0, 0],
						"1.8333": [5, 0, 0],
						"2.125": [93.71227, -18.42031, 7.92945],
						"2.2917": [83.71227, -18.42031, 7.92945]
					},
					"position": {
						"0.0": [0, 0, 0],
						"1.4583": [0, 0, 0],
						"1.75": [0, -0.7, 0],
						"1.8333": [0, 0, 0],
						"2.125": [-1.5, -0.1, 1.5],
						"2.2917": [-1.5, -0.7, 1.5]
					}
				},
				"foot_back_right": {
					"rotation": {
						"0.0": [0, 0, 0],
						"1.4583": [0, 0, 0],
						"1.75": [10.83, 0, 0],
						"1.8333": [-4, 0, 0],
						"2.0": [11, 0, 0]
					}
				},
				"leg_front_right": {
					"rotation": {
						"0.0": [0, 0, 0],
						"0.375": [0, 0, 7.5],
						"0.8333": [0, 0, 0],
						"1.4583": [0, 0, 0],
						"1.75": [-5, 0, 0],
						"1.875": [-29.41732, 10.54654, -5.02049],
						"1.9583": [-55.67171, 11.09361, -0.81913],
						"2.0417": [-74.42611, 11.64069, 3.38223],
						"2.1667": [-78.61982, 18.52156, 6.47484]
					},
					"position": {
						"0.0": [0, 0, 0],
						"0.375": [0.7, -0.3, 0],
						"0.8333": [0, 0, 0],
						"1.4583": [0, 0, 0],
						"1.75": [0, 0.2, 0],
						"1.875": [-0.3, 0.1, -1.5],
						"1.9583": [-1.1, 0.05, -2.35],
						"2.0417": [-1.9, 0.3, -1.8],
						"2.1667": [-1.9, 0, -1.7],
						"2.25": [-1.9, -0.4, -1.7],
						"2.375": [-1.9, -0.1, -1.7],
						"2.5833": [-1.9, -0.3, -1.7]
					}
				},
				"foot_front_right": {
					"rotation": {
						"0.0": [0, 0, 0],
						"0.375": [0, 0, -7.5],
						"0.8333": [0, 0, 0],
						"1.4583": [0, 0, 0],
						"1.75": [0, 0, 0],
						"1.875": [14.91615, -1.29876, 13.38733],
						"1.9583": [-2.5, 0, 11],
						"2.0417": [10, 0, 16],
						"2.1667": [-5, 0, 16]
					}
				},
				"leaves2": {
					"rotation": {
						"0.0833": [0, 0, 0],
						"0.4167": [-0.43602, -0.79741, -0.67409],
						"0.5833": [1.98553, -0.64942, 0.06262],
						"0.75": [1.99956, -1.10488, -2.39573],
						"0.8333": [2.06271, -0.53433, -0.03003],
						"0.9583": ["2.0324+math.cos(q.anim_time*90*18 +30)*-1.5", -1.07943, 0.01],
						"1.5417": [-0.48805, -0.56221, -2.436],
						"1.7083": [2.01195, -0.56221, -2.436],
						"1.8333": [4.51195, -0.56221, -2.436],
						"2.125": [0, 0, -2],
						"2.25": [3, 0, 0],
						"2.4167": [-2, 0, 0],
						"2.7083": [2, 0, 0]
					},
					"position": {
						"0.0": [0, 0, 0],
						"0.7083": [0, 0, 0],
						"0.7917": [0, -0.4, 0],
						"0.875": [0, 0.4, 0],
						"1.0417": [0, 0, 0],
						"2.25": [0, 0, 0],
						"2.3333": [0, -0.4, 0],
						"2.4167": [0, 0.4, 0],
						"2.5833": [0, 0, 0]
					}
				},
				"leaves": {
					"rotation": {
						"0.125": [0, 0, 0],
						"0.4583": [2.02725, -0.88666, 1.82459],
						"0.625": [2.01195, -0.56221, -2.436],
						"0.7917": [2.04583, -1.01663, -4.8946],
						"0.875": [2.03746, -0.62378, 2.4685],
						"1.0": ["2.0324+math.cos(q.anim_time*90*18 +30)*-1.5", -1.07943, 0.01],
						"1.5833": [-0.48805, -0.56221, -2.436],
						"1.75": [7.01195, -0.56221, -2.436],
						"1.875": [4.51195, -0.56221, -2.436],
						"2.1667": [-5, 0, -2],
						"2.2917": [3, 0, 0],
						"2.4583": [-2, 0, 0],
						"2.75": [2, 0, 0]
					},
					"position": {
						"0.0417": [0, 0, 0],
						"0.75": [0, 0, 0],
						"0.8333": [0, -0.4, 0],
						"0.9167": [0, 0.4, 0],
						"1.0833": [0, 0, 0],
						"2.2917": [0, 0, 0],
						"2.375": [0, -0.4, 0],
						"2.4583": [0, 0.4, 0],
						"2.625": [0, 0, 0]
					}
				},
				"vine": {
					"rotation": {
						"0.0": [4, 0, -5],
						"0.1667": [-0.99905, -0.04362, -7.49962],
						"0.25": [1.2, -0.01, -5.83],
						"0.4167": [9.20855, 0.13052, 2.49887],
						"0.5417": [13.16, -1.4, 6.38],
						"0.6667": [13.94474, -1.7011, 7.15194],
						"0.75": [2.65, -1.95, 4.66],
						"0.875": [-3.34609, -2.96944, -5.29417],
						"0.9583": [0.10342, -2.96944, -5.29417],
						"1.0417": ["14.0539+math.cos(q.anim_time*90*19-30)*6", -2.96944, -5.29417],
						"1.75": [-3.2461, -2.96944, -5.29417],
						"1.7917": [-8.7461, -2.96944, -5.29417],
						"1.875": [-3.31, -2.97, -5.29],
						"2.0": [19.9539, -2.96944, -5.29417],
						"2.125": [32.75, -2.97, -5.29],
						"2.2083": [37.4539, -2.96944, -5.29417],
						"2.375": [-8.75, -2.97, -5.29],
						"2.4167": [-12.98, -2.97, -5.29],
						"2.5": [-15.8461, -2.96944, -5.29417],
						"2.5833": [-11.07, -2.97, -5.29],
						"2.75": [1.9539, -2.96944, -5.29417],
						"2.875": [3.98, -2.97, -5.29],
						"3.0": [3.1539, -2.96944, -5.29417]
					}
				},
				"vine2": {
					"rotation": {
						"0.0": [4, 0, -5],
						"0.1667": [-0.99905, -0.04362, -7.49962],
						"0.25": [1.2, -0.01, -5.83],
						"0.4167": [9.20855, 0.13052, 2.49887],
						"0.5417": [13.16, -1.4, 6.38],
						"0.6667": [13.94474, -1.7011, 7.15194],
						"0.75": [2.65, -1.95, 4.66],
						"0.875": [-3.34609, -2.96944, -5.29417],
						"0.9583": [0.10342, -2.96944, -5.29417],
						"1.0417": ["14.0539+math.cos(q.anim_time*90*19-30)*6", -2.96944, -5.29417],
						"1.75": [-3.2461, -2.96944, -5.29417],
						"1.7917": [-8.7461, -2.96944, -5.29417],
						"1.875": [-3.31, -2.97, -5.29],
						"2.0": [19.9539, -2.96944, -5.29417],
						"2.125": [32.75, -2.97, -5.29],
						"2.2083": [37.4539, -2.96944, -5.29417],
						"2.375": [-8.75, -2.97, -5.29],
						"2.4167": [-12.98, -2.97, -5.29],
						"2.5": [-15.8461, -2.96944, -5.29417],
						"2.5833": [-11.07, -2.97, -5.29],
						"2.75": [1.9539, -2.96944, -5.29417],
						"2.875": [3.98, -2.97, -5.29],
						"3.0": [3.1539, -2.96944, -5.29417]
					}
				},
				"vine4": {
					"rotation": {
						"0.0": [1.49857, -0.06542, -2.50086],
						"0.1667": [-3.49905, -0.04362, -7.49962],
						"0.25": [1.2, -0.01, -5.83],
						"0.4167": [4.20855, 0.13052, 2.49887],
						"0.5417": [5.66, -1.4, 6.38],
						"0.6667": [8.94474, -1.7011, 7.15194],
						"0.75": [2.65, -1.95, 4.66],
						"0.875": [-3.34609, -2.96944, -5.29417],
						"0.9583": [-0.15601, -2.96714, -0.28745],
						"1.0417": [8.20564, -4.85241, "7.0926+math.cos(q.anim_time*90*19-30)*3"],
						"1.75": [-3.60557, -2.52063, 2.20102],
						"1.875": [-3.31, -2.97, -5.29],
						"2.0": [9.9309, -6.75405, -1.13379],
						"2.125": [16.85163, -11.42408, 4.53588],
						"2.2083": [18.24538, -8.73635, 11.32276],
						"2.375": [-8.29225, -4.08287, -12.72118],
						"2.4167": [-12.28457, -5.16227, -15.07203],
						"2.5": [-15.34291, -4.98834, -12.53519],
						"2.5833": [-11.07, -2.97, -5.29],
						"2.75": [1.54939, -3.19902, 2.21321],
						"2.875": [4.10556, -2.79372, -7.78694],
						"3.0": [3.1539, -2.96944, -5.29417]
					}
				},
				"vine5": {
					"rotation": {
						"0.0": [1.49857, -0.06542, -2.50086],
						"0.1667": [-3.49905, -0.04362, -7.49962],
						"0.25": [1.2, -0.01, -5.83],
						"0.4167": [4.20855, 0.13052, 2.49887],
						"0.5417": [5.66, -1.4, 6.38],
						"0.6667": [8.94474, -1.7011, 7.15194],
						"0.75": [2.65, -1.95, 4.66],
						"0.875": [-3.34609, -2.96944, -5.29417],
						"0.9583": [-0.02632, -2.97112, -2.79081],
						"1.0417": [8.91735, -3.35997, "-2.8211+math.cos(q.anim_time*90*19-30)*-3"],
						"1.75": [-3.60557, -2.52063, 2.20102],
						"1.875": [-3.31, -2.97, -5.29],
						"2.0": [9.9309, -6.75405, -1.13379],
						"2.125": [18.85095, -7.57783, -7.52614],
						"2.2083": [20.16104, -0.39397, -12.34174],
						"2.375": [-8.86992, -2.58705, -2.81659],
						"2.4167": [-13.25051, -1.26586, 2.0191],
						"2.5": [-16.09024, -0.90343, 1.92018],
						"2.5833": [-10.59609, -4.38157, -12.67136],
						"2.75": [2.55029, -2.47627, -17.79865],
						"2.875": [3.70635, -3.30534, -0.29376],
						"3.0": [3.1539, -2.96944, -5.29417]
					}
				},
				"vine3": {
					"rotation": {
						"0.0": [4, 0, -5],
						"0.1667": [-0.99905, -0.04362, -7.49962],
						"0.25": [1.2, -0.01, -5.83],
						"0.4167": [9.20855, 0.13052, 2.49887],
						"0.5417": [13.16, -1.4, 6.38],
						"0.6667": [13.94474, -1.7011, 7.15194],
						"0.75": [2.65, -1.95, 4.66],
						"0.875": [-3.34609, -2.96944, -5.29417],
						"0.9583": [0.10342, -2.96944, -5.29417],
						"1.0417": ["14.0539+math.cos(q.anim_time*90*19-30)*6", -2.96944, -5.29417],
						"1.75": [-3.2461, -2.96944, -5.29417],
						"1.7917": [-8.7461, -2.96944, -5.29417],
						"1.875": [-3.31, -2.97, -5.29],
						"2.0": [12.4539, -2.96944, -5.29417],
						"2.125": [20.25, -2.97, -5.29],
						"2.2083": [22.4539, -2.96944, -5.29417],
						"2.375": [-8.75, -2.97, -5.29],
						"2.4167": [-12.98, -2.97, -5.29],
						"2.5": [-15.8461, -2.96944, -5.29417],
						"2.5833": [-11.07, -2.97, -5.29],
						"2.75": [1.9539, -2.96944, -5.29417],
						"2.875": [3.98, -2.97, -5.29],
						"3.0": [3.1539, -2.96944, -5.29417]
					}
				},
				"bodies": {
					"scale": 0.5
				},
				"body_2": {
					"rotation": {
						"0.0": [0, 52.5, 0],
						"0.75": {
							"pre": [0, 46.25, 0],
							"post": [0, 46.25, 0],
							"lerp_mode": "catmullrom"
						},
						"1.125": {
							"post": [17.5, 37.98611, 0],
							"lerp_mode": "catmullrom"
						},
						"1.75": {
							"post": [0, 25, 0],
							"lerp_mode": "catmullrom"
						},
						"1.875": {
							"post": [-15, 25, 0],
							"lerp_mode": "catmullrom"
						},
						"2.25": {
							"post": [-71.73707, 8.4509, -5.9682],
							"lerp_mode": "catmullrom"
						},
						"2.375": {
							"post": [-94.23707, 8.4509, -5.9682],
							"lerp_mode": "catmullrom"
						}
					},
					"position": {
						"0.0": [12, -0.9, 9],
						"0.75": {
							"pre": [12, -0.9, 9],
							"post": [12, -0.9, 9],
							"lerp_mode": "catmullrom"
						},
						"1.125": {
							"post": [12, 0, 9],
							"lerp_mode": "catmullrom"
						},
						"1.75": {
							"post": [12, 0, 9],
							"lerp_mode": "catmullrom"
						},
						"1.875": {
							"post": [11.3, 0.17, 10.6],
							"lerp_mode": "catmullrom"
						},
						"2.25": {
							"post": [11, 0, 11],
							"lerp_mode": "catmullrom"
						},
						"2.375": {
							"post": [11, -1.9, 11],
							"lerp_mode": "catmullrom"
						},
						"2.5": {
							"post": [11, -1.7, 11],
							"lerp_mode": "catmullrom"
						}
					}
				},
				"leg_right2": {
					"rotation": {
						"0.0": [-82.47168, 4.95712, 0.65426],
						"0.875": {
							"pre": [-82.47168, 4.95712, 0.65426],
							"post": [-82.47168, 4.95712, 0.65426],
							"lerp_mode": "catmullrom"
						},
						"1.125": {
							"post": [-9.97168, 4.95712, 0.65426],
							"lerp_mode": "catmullrom"
						},
						"1.625": {
							"post": [-7.05124, 9.1446, 5.88269],
							"lerp_mode": "catmullrom"
						},
						"1.875": {
							"post": [-22.13737, 10.90775, 8.08413],
							"lerp_mode": "catmullrom"
						},
						"2.25": {
							"post": [-39.63737, 10.90775, 8.08413],
							"lerp_mode": "catmullrom"
						},
						"2.5": {
							"post": [-9.63737, 10.90775, 8.08413],
							"lerp_mode": "catmullrom"
						}
					}
				},
				"leg_left2": {
					"rotation": {
						"0.0": [-82.27926, -9.65594, -2.61298],
						"0.875": {
							"pre": [-82.27926, -9.65594, -2.61298],
							"post": [-82.27926, -9.65594, -2.61298],
							"lerp_mode": "catmullrom"
						},
						"1.125": {
							"post": [-21.73787, -6.9255, 2.19726],
							"lerp_mode": "catmullrom"
						},
						"1.625": {
							"post": [-3.09694, -10.54853, -7.64537],
							"lerp_mode": "catmullrom"
						},
						"1.875": {
							"post": [-36.85557, -12.21773, -12.04281],
							"lerp_mode": "catmullrom"
						},
						"2.5": {
							"post": [3.14443, -12.21773, -12.04281],
							"lerp_mode": "catmullrom"
						}
					}
				},
				"torso2": {
					"rotation": {
						"0.0": [0, 0, 7.5],
						"0.375": {
							"pre": [0, 0, -12.5],
							"post": [0, 0, -12.5],
							"lerp_mode": "catmullrom"
						},
						"0.75": {
							"post": [0, 0, 2.5],
							"lerp_mode": "catmullrom"
						},
						"1.125": {
							"post": [0, 0, 2.5],
							"lerp_mode": "catmullrom"
						},
						"1.875": {
							"post": [-5, 0, 2.5],
							"lerp_mode": "catmullrom"
						}
					}
				},
				"tail4": {
					"rotation": [9.93464, -1.14069, -0.22068]
				},
				"head2": {
					"rotation": {
						"0.0": [0.44067, -9.99038, 9.96148],
						"0.375": {
							"pre": [1.31845, -9.91358, 4.88565],
							"post": [1.31845, -9.91358, 4.88565],
							"lerp_mode": "catmullrom"
						},
						"1.875": {
							"post": [6.31845, -9.91358, 4.88565],
							"lerp_mode": "catmullrom"
						},
						"2.25": {
							"post": [21.31845, -9.91358, 4.88565],
							"lerp_mode": "catmullrom"
						},
						"2.5": {
							"post": [23.81845, -9.91358, 4.88565],
							"lerp_mode": "catmullrom"
						}
					}
				},
				"ear_right2": {
					"rotation": [-0.66963, 14.98539, -2.58807]
				},
				"ear_left2": {
					"rotation": [-1.63219, -7.32123, -19.89557]
				},
				"eyelids2": {
					"position": {
						"0.0": [0, 0, 0],
						"2.125": {"pre": [0, 0, 0], "post": [0, 0, -0.1]}
					}
				},
				"arm_left2": {
					"rotation": {
						"0.0": [0, 0, 15],
						"0.375": {
							"pre": [0, 0, -5],
							"post": [0, 0, -5],
							"lerp_mode": "catmullrom"
						},
						"1.625": {
							"post": [0.94738, 5.35693, 4.81284],
							"lerp_mode": "catmullrom"
						},
						"1.875": {
							"post": [0, 7.5, -5],
							"lerp_mode": "catmullrom"
						},
						"2.25": {
							"post": [0, 27.5, -5],
							"lerp_mode": "catmullrom"
						},
						"2.5": {
							"post": [0, -25, -5],
							"lerp_mode": "catmullrom"
						}
					}
				},
				"arm_right2": {
					"rotation": {
						"0.0": [0, 0, -17.5],
						"0.375": {
							"pre": [0, 0, 12.5],
							"post": [0, 0, 12.5],
							"lerp_mode": "catmullrom"
						},
						"1.125": {
							"post": [0, 0, 0],
							"lerp_mode": "catmullrom"
						},
						"1.625": {
							"post": [1.72096, -12.85016, -8.15678],
							"lerp_mode": "catmullrom"
						},
						"1.875": {
							"post": [0, -20, 0],
							"lerp_mode": "catmullrom"
						},
						"2.25": {
							"post": [0, -35, 0],
							"lerp_mode": "catmullrom"
						},
						"2.5": {
							"post": [0, 2.5, 0],
							"lerp_mode": "catmullrom"
						}
					}
				},
				"body_1": {
					"rotation": [0, 45, 0],
					"position": [4, -1.1, 3]
				},
				"leg_right": {
					"rotation": [-82.47168, 4.95712, 0.65426]
				},
				"leg_left": {
					"rotation": [-79.91547, -7.38542, -1.30962]
				},
				"torso3": {
					"rotation": {
						"0.0": [0, 0, 0],
						"0.375": {
							"pre": [0, 0, -10],
							"post": [0, 0, -10],
							"lerp_mode": "catmullrom"
						},
						"0.75": {
							"post": [0, 0, 7.5],
							"lerp_mode": "catmullrom"
						},
						"1.25": {
							"post": [-17.5, 0, 7.5],
							"lerp_mode": "catmullrom"
						},
						"1.625": {
							"post": [-17.5, 0, 7.5],
							"lerp_mode": "catmullrom"
						},
						"2.0": {
							"post": [-16.24074, -6.60796, -14.05613],
							"lerp_mode": "catmullrom"
						},
						"2.1667": {
							"post": [-2.58095, 15.73707, 9.21658],
							"lerp_mode": "catmullrom"
						}
					}
				},
				"arm_right": {
					"rotation": {
						"0.0": [0, 0, 0],
						"0.375": {
							"pre": [0, 0, 17.5],
							"post": [0, 0, 17.5],
							"lerp_mode": "catmullrom"
						},
						"2.1667": {
							"post": [0, 0, -12.5],
							"lerp_mode": "catmullrom"
						}
					}
				},
				"head3": {
					"rotation": {
						"0.0": [15, 0, 0],
						"0.375": {
							"pre": [14.78217, -2.57594, 9.6658],
							"post": [14.78217, -2.57594, 9.6658],
							"lerp_mode": "catmullrom"
						},
						"0.75": {
							"post": [14.98637, -0.64686, 2.41492],
							"lerp_mode": "catmullrom"
						},
						"2.0": {
							"post": [2.48637, 0.64686, -2.41492],
							"lerp_mode": "catmullrom"
						},
						"2.1667": {
							"post": [2.56901, -0.01847, 12.57063],
							"lerp_mode": "catmullrom"
						}
					}
				},
				"ear_right": {
					"rotation": [7.32417, -1.61888, 12.39638]
				},
				"ear_left": {
					"rotation": [9.96271, -0.86717, 4.92442]
				},
				"eyelids": {
					"position": {
						"0.0": [0, 0, -0.1],
						"0.375": {"pre": [0, 0, -0.1], "post": [0, 0, 0.1]},
						"2.0": {"pre": [0, 0, 0.1], "post": [0, 0, -0.1]}
					}
				},
				"arm_left": {
					"rotation": {
						"0.0": [0, 0, 10],
						"0.375": {
							"pre": [0, 0, -10],
							"post": [0, 0, -10],
							"lerp_mode": "catmullrom"
						},
						"2.1667": {
							"post": [0, 0, 7.5],
							"lerp_mode": "catmullrom"
						}
					}
				}
			}
		},
		"animation.valentinetorterra.sleep": {
			"loop": true,
			"bones": {
				"body": {
					"position": [0, -6, 0]
				},
				"torso": {
					"rotation": ["0+math.sin(q.anim_time*90*0.7-30)*0.5", 0, "-5+math.sin(q.anim_time*90*0.7-30)*0.5"]
				},
				"tree": {
					"rotation": ["0+math.sin(q.anim_time*90*0.7-60)*0.5", 0, "0+math.sin(q.anim_time*90*0.7-60)*1"]
				},
				"head": {
					"rotation": ["7.0147+math.sin(q.anim_time*90*0.7+30)*2", -8.07169, "1.6178+math.sin(q.anim_time*90*0.7)*1"]
				},
				"eyelid_left": {
					"position": [0.1, 0, 0]
				},
				"eyelid_right": {
					"position": [-0.1, 0, 0]
				},
				"jaw": {
					"rotation": ["0+math.sin(q.anim_time*90*0.7+30)*3", 0, 0]
				},
				"tail": {
					"rotation": [-12.5, "12.5+math.sin(q.anim_time*90*0.7-30)*2", 0]
				},
				"tail2": {
					"rotation": [5, "10+math.sin(q.anim_time*90*0.7-60)*2", 0]
				},
				"tail3": {
					"rotation": [0, "22.5+math.sin(q.anim_time*90*0.7-90)*2", 0]
				},
				"leg_front_left": {
					"rotation": ["-15.24+math.sin(q.anim_time*90*0.7-60)*2", -19.35, -65.11]
				},
				"foot_front_left": {
					"rotation": [0, 0, -12.5]
				},
				"leg_back_left": {
					"rotation": ["30.2843-math.sin(q.anim_time*90*0.7-60)*2", -8.98895, -64.44484],
					"position": [0, 0, 0]
				},
				"foot_back_left": {
					"rotation": [0, 0, -15]
				},
				"leg_back_right": {
					"rotation": ["12.5+math.sin(q.anim_time*90*0.7-60)*2", 0, 65]
				},
				"foot_back_right": {
					"rotation": [0, 0, 15]
				},
				"leg_front_right": {
					"rotation": ["-29.197-math.sin(q.anim_time*90*0.7-60)*2", -8.76, 70.12]
				},
				"foot_front_right": {
					"rotation": [0, 0, 12.5]
				},
				"leaves2": {
					"rotation": ["0+math.sin(q.anim_time*90*0.7-50)*0.4", 0, "0+math.sin(q.anim_time*90*0.7-80)*0.5"]
				},
				"leaves": {
					"rotation": ["0+math.sin(q.anim_time*90*0.7-90)*0.8", 0, "0+math.sin(q.anim_time*90*0.7-120)*1"]
				},
				"vine": {
					"rotation": ["4+math.sin(q.anim_time*90*0.7-90)*0.8", 0, "3+math.sin(q.anim_time*90*0.7-120)*1"]
				},
				"vine2": {
					"rotation": ["4+math.sin(q.anim_time*90*0.7-90)*0.8", 0, "3+math.sin(q.anim_time*90*0.7-120)*1"]
				},
				"vine4": {
					"rotation": ["2+math.sin(q.anim_time*90*0.7-90)*0.8", 0, "3+math.sin(q.anim_time*90*0.7-120)*1"]
				},
				"vine5": {
					"rotation": ["4+math.sin(q.anim_time*90*0.7-90)*0.8", 0, "3+math.sin(q.anim_time*90*0.7-120)*1"]
				},
				"vine3": {
					"rotation": ["4+math.sin(q.anim_time*90*0.7-90)*0.8", 0, "3+math.sin(q.anim_time*90*0.7-120)*1"]
				},
				"bodies": {
					"scale": 0.5
				},
				"body_2": {
					"rotation": [0, 52.5, 0],
					"position": [12, -0.9, 9]
				},
				"leg_right2": {
					"rotation": [-82.47168, 4.95712, 0.65426]
				},
				"leg_left2": {
					"rotation": [-82.27926, -9.65594, -2.61298]
				},
				"torso2": {
					"rotation": [0, 0, 7.5]
				},
				"tail4": {
					"rotation": [9.93464, -1.14069, -0.22068]
				},
				"head2": {
					"rotation": [0.44067, -9.99038, 9.96148]
				},
				"ear_right2": {
					"rotation": [-0.66963, 14.98539, -2.58807]
				},
				"ear_left2": {
					"rotation": [-1.63219, -7.32123, -19.89557]
				},
				"eyelids2": {
					"position": [0, 0, -0.1]
				},
				"arm_left2": {
					"rotation": [0, 0, 15]
				},
				"arm_right2": {
					"rotation": [0, 0, -17.5]
				},
				"body_1": {
					"rotation": [0, 45, 0],
					"position": [4, -1.1, 3]
				},
				"leg_right": {
					"rotation": [-82.47168, 4.95712, 0.65426]
				},
				"leg_left": {
					"rotation": [-79.91547, -7.38542, -1.30962]
				},
				"head3": {
					"rotation": [15, 0, 0]
				},
				"ear_right": {
					"rotation": [7.32417, -1.61888, 12.39638]
				},
				"ear_left": {
					"rotation": [9.96271, -0.86717, 4.92442]
				},
				"eyelids": {
					"position": [0, 0, -0.1]
				},
				"arm_left": {
					"rotation": [0, 0, 10]
				}
			}
		},
		"animation.valentinetorterra.blink": {
			"animation_length": 0.1667,
			"bones": {
				"eyelid_left": {
					"position": {
						"0.0": [0.1, 0, 0],
						"0.125": [0.1, 0, 0],
						"0.1667": [0, 0, 0]
					}
				},
				"eyelid_right": {
					"position": {
						"0.0": [-0.1, 0, 0],
						"0.125": [-0.1, 0, 0],
						"0.1667": [0, 0, 0]
					}
				}
			}
		},
		"animation.valentinetorterra.cry": {
			"animation_length": 2.125,
			"bones": {
				"neck": {
					"rotation": {
						"0.0": [0, 0, 0],
						"0.25": [10, 0, 0],
						"1.25": [10, 0, 0],
						"1.5": [0, 0, 0]
					}
				},
				"head": {
					"rotation": {
						"0.0": [0, 0, 0],
						"0.1667": [14.77, 0, 0],
						"0.375": [-4.48, 0, "0.25+math.cos(q.anim_time*90*20+90)*5"],
						"0.625": [-6.02571, 0, "0.4814+math.cos(q.anim_time*90*20+90)*5"],
						"0.875": [-12.15657, 0, "0.8758+math.cos(q.anim_time*90*20+90)*5"],
						"1.1667": [-2.23, 0, "-1+math.cos(q.anim_time*90*20-30)*3"],
						"1.4583": [9.02437, 0, -1.36558],
						"1.8333": [0, 0, 0]
					}
				},
				"jaw": {
					"rotation": {
						"0.0": [0, 0, 0],
						"0.125": [4.17, 0, 0],
						"0.25": [20, 0, 0],
						"0.5": [37.5, 0, 0],
						"0.7083": [16.25, 0, 0],
						"1.0": [38.5, 0, 0],
						"1.375": [25, 0, 0],
						"1.5833": [0, 0, 0]
					}
				},
				"torso": {
					"rotation": {
						"0.0": [0, 0, 0],
						"0.1667": [2.77, 0, 0],
						"0.375": [-5.56333, 0, 0.31062],
						"0.7917": [-7.23, 0, "-1+math.cos(q.anim_time*90*18+30)*2"],
						"1.0417": [-11.23, 0, "-1+math.cos(q.anim_time*90*18+30)*4"],
						"1.7083": [-0.31947, 0, -1.14357],
						"1.8333": [0, 0, 0]
					}
				},
				"tree": {
					"rotation": {
						"0.0": [0, 0, 0],
						"0.25": [0, 0, 0],
						"0.8333": [0, 0, "-1+math.sin(q.anim_time*90*18-60)*5"],
						"1.25": [0, 0, "-1+math.sin(q.anim_time*90*20+30)*2"],
						"1.5833": [0, 0, 0]
					}
				},
				"tail": {
					"rotation": {
						"0.2083": [0, 0, 0],
						"0.4167": [3, 0, 0],
						"1.0417": [3, 0, 0],
						"1.5417": [0, 0, 0]
					}
				},
				"tail2": {
					"rotation": {
						"0.2083": [0, 0, 0],
						"0.4167": [6, 0, 0],
						"1.0417": [10, 0, 0],
						"1.5417": [0, 0, 0]
					}
				},
				"tail3": {
					"rotation": {
						"0.2083": [0, 0, 0],
						"0.4167": [6, 0, 0],
						"1.0417": [12, 0, 0],
						"1.5417": [0, 0, 0]
					}
				},
				"leaves2": {
					"rotation": {
						"0.0417": [0, 0, 0],
						"0.2917": [0, 0, 0],
						"0.875": [0, 0, "-1+math.sin(q.anim_time*90*18-100)*2"],
						"1.2917": [0, 0, "-1+math.sin(q.anim_time*90*20+30)*2"],
						"1.625": [0, 0, 0]
					}
				},
				"leaves": {
					"rotation": {
						"0.0417": [0, 0, 0],
						"0.2917": [0, 0, 0],
						"0.875": [0, 0, "-1+math.sin(q.anim_time*90*18-120)*5"],
						"1.2917": [0, 0, "-1+math.sin(q.anim_time*90*20+30)*2"],
						"1.625": [0, 0, 0]
					}
				},
				"vine": {
					"rotation": {
						"0.0833": [0, 0, 0],
						"0.3333": [0, 0, 0],
						"1.125": [0, 0, "-1+math.sin(q.anim_time*90*18)*-8"],
						"1.375": [0, 0, "1+math.sin(q.anim_time*90*18)*-2"],
						"2.0833": [0, 0, 0]
					}
				},
				"vine2": {
					"rotation": {
						"0.0833": [0, 0, 0],
						"0.3333": [0, 0, 0],
						"1.125": [0, 0, "-1+math.sin(q.anim_time*90*18-20)*-8"],
						"1.375": [0, 0, "1+math.sin(q.anim_time*90*18-20)*-2"],
						"2.0833": [0, 0, 0]
					}
				},
				"vine4": {
					"rotation": {
						"0.0833": [0, 0, 0],
						"0.3333": [0, 0, 0],
						"1.125": [0, 0, "-1+math.sin(q.anim_time*90*18-30)*-8"],
						"1.375": [0, 0, "1+math.sin(q.anim_time*90*18-30)*-2"],
						"2.0833": [0, 0, 0]
					}
				},
				"vine5": {
					"rotation": {
						"0.0833": [0, 0, 0],
						"0.3333": [0, 0, 0],
						"1.125": [0, 0, "-1+math.sin(q.anim_time*90*18-25)*-8"],
						"1.375": [0, 0, "1+math.sin(q.anim_time*90*18-25)*-2"],
						"2.0833": [0, 0, 0]
					}
				},
				"vine3": {
					"rotation": {
						"0.0833": [0, 0, 0],
						"0.3333": [0, 0, 0],
						"1.125": [0, 0, "-1+math.sin(q.anim_time*90*18-15)*-8"],
						"1.375": [0, 0, "1+math.sin(q.anim_time*90*18-15)*-2"],
						"2.0833": [0, 0, 0]
					}
				}
			},
			"sound_effects": {
				"0.125": {
					"effect": "torterra_ambient"
				}
			}
		}
	}
}