{
	"format_version": "1.8.0",
	"animations": {
		"animation.volcaronagym.ground_idle": {
			"loop": true,
			"animation_length": 4,
			"bones": {
				"body": {
					"rotation": ["17.5-math.cos(query.anim_time*90*2)*2", 0, 0],
					"position": [0, "8-math.sin(query.anim_time*90*2)*2", "0+math.cos(query.anim_time*90*2)*2"]
				},
				"arm_top_left": {
					"rotation": [0, "-14.8202-math.cos(query.anim_time*90*2)*3", -27.5]
				},
				"arm_top_right": {
					"rotation": [0, "14.8321+math.cos(query.anim_time*90*2)*3", 27.5]
				},
				"wing_right": {
					"rotation": [0.65182, "5+math.cos(query.anim_time*90*2)*15", 4.95712]
				},
				"wing_right_top_rotation": {
					"rotation": ["2.5+math.sin(query.anim_time*90*2)*15", "5+math.cos(query.anim_time*90*2)*15", -10]
				},
				"wing_right_top2": {
					"rotation": [0, "-7.5+math.cos(query.anim_time*90*2)*15", 0]
				},
				"wing_right_bottom_rotation": {
					"rotation": ["-17.5+math.sin(query.anim_time*90*2-45)*15", "-5+math.cos(query.anim_time*90*2-45)*15", 0]
				},
				"wing_right_bottom2": {
					"rotation": [0, "-10+math.sin(query.anim_time*90*2)*15", 0]
				},
				"neck": {
					"rotation": ["7.5-math.cos(query.anim_time*90*2-30)*2", 0, 0]
				},
				"head": {
					"rotation": ["-7.5+math.cos(query.anim_time*90*2-30)*2", 0, 0]
				},
				"tail": {
					"rotation": ["-5-math.cos(query.anim_time*90*2-30)*2", 0, 0]
				},
				"tail_detail2": {
					"rotation": [-7.5, 0, 0]
				},
				"tail_detail3": {
					"rotation": [-5, 0, 0]
				},
				"tail2": {
					"rotation": [-5, 0, 0]
				},
				"body_fur_front": {
					"rotation": ["-7.50-math.cos(query.anim_time*90*2)*3", 0, 0]
				},
				"arm_bottom_right": {
					"rotation": [-26.77079, "28.15360-math.cos(query.anim_time*90*2)*3", 54.73027]
				},
				"wing_base_left": {
					"rotation": [0, -25, 0]
				},
				"wing_base_right": {
					"rotation": [0, 25, 0]
				},
				"wing_right2": {
					"rotation": [0, "0+math.cos(query.anim_time*90*2)*15", 0]
				},
				"body_fur_left": {
					"rotation": [0, 0, "0-math.cos(query.anim_time*90*2-45)*3"]
				},
				"body_fur_right": {
					"rotation": [0, 0, "0+math.cos(query.anim_time*90*2-45)*3"]
				},
				"arm_bottom_left": {
					"rotation": [-26.77079, "-28.1536+math.cos(query.anim_time*90*2)*3", -54.73027]
				},
				"wing_left": {
					"rotation": [0.65182, "-5-math.cos(query.anim_time*90*2)*15", -4.95712]
				},
				"wing_left2": {
					"rotation": [0, "0-math.cos(query.anim_time*90*2)*15", 0]
				},
				"wing_left_top_rotation": {
					"rotation": ["2.5+math.sin(query.anim_time*90*2)*15", "-5-math.cos(query.anim_time*90*2)*15", 10]
				},
				"wing_left_top2": {
					"rotation": [0, "7.5-math.cos(query.anim_time*90*2)*15", 0]
				},
				"wing_left_bottom_rotation": {
					"rotation": ["-17.5+math.sin(query.anim_time*90*2-45)*15", "5-math.cos(query.anim_time*90*2-45)*15", 0]
				},
				"wing_left_bottom2": {
					"rotation": [0, "10-math.sin(query.anim_time*90*2)*15", 0]
				}
			}
		},
		"animation.volcaronagym.battle_idle": {
			"loop": true,
			"animation_length": 2.6667,
			"bones": {
				"body": {
					"rotation": ["17.5-math.cos(query.anim_time*90*3)*2", 0, 0],
					"position": [0, "8-math.sin(query.anim_time*90*3)*2", "0+math.cos(query.anim_time*90*3)*2"]
				},
				"arm_top_left": {
					"rotation": [0, "-14.8202-math.cos(query.anim_time*90*3)*3", -27.5]
				},
				"arm_top_right": {
					"rotation": [0, "14.8321+math.cos(query.anim_time*90*3)*3", 27.5]
				},
				"wing_right": {
					"rotation": [0.65182, "5+math.cos(query.anim_time*90*3)*15", 4.95712]
				},
				"wing_right_top_rotation": {
					"rotation": ["2.5+math.sin(query.anim_time*90*3)*15", "5+math.cos(query.anim_time*90*3)*15", -10]
				},
				"wing_right_top2": {
					"rotation": [0, "-7.5+math.cos(query.anim_time*90*3)*15", 0]
				},
				"wing_right_bottom_rotation": {
					"rotation": ["-17.5+math.sin(query.anim_time*90*3-45)*15", "-5+math.cos(query.anim_time*90*3-45)*15", 0]
				},
				"wing_right_bottom2": {
					"rotation": [0, "-10+math.sin(query.anim_time*90*3)*15", 0]
				},
				"neck": {
					"rotation": ["7.5-math.cos(query.anim_time*90*3-30)*2", 0, 0]
				},
				"head": {
					"rotation": ["-7.5+math.cos(query.anim_time*90*3-30)*2", 0, 0]
				},
				"tail": {
					"rotation": ["-5-math.cos(query.anim_time*90*3-30)*2", 0, 0]
				},
				"tail_detail2": {
					"rotation": [-7.5, 0, 0]
				},
				"tail_detail3": {
					"rotation": [-5, 0, 0]
				},
				"tail2": {
					"rotation": [-5, 0, 0]
				},
				"body_fur_front": {
					"rotation": ["-7.50-math.cos(query.anim_time*90*3)*3", 0, 0]
				},
				"arm_bottom_right": {
					"rotation": [-26.77079, "28.15360-math.cos(query.anim_time*90*3)*3", 54.73027]
				},
				"wing_base_left": {
					"rotation": [0, -25, 0]
				},
				"wing_base_right": {
					"rotation": [0, 25, 0]
				},
				"wing_right2": {
					"rotation": [0, "0+math.cos(query.anim_time*90*3)*15", 0]
				},
				"body_fur_left": {
					"rotation": [0, 0, "0-math.cos(query.anim_time*90*3-45)*3"]
				},
				"body_fur_right": {
					"rotation": [0, 0, "0+math.cos(query.anim_time*90*3-45)*3"]
				},
				"arm_bottom_left": {
					"rotation": [-26.77079, "-28.1536+math.cos(query.anim_time*90*3)*3", -54.73027]
				},
				"wing_left": {
					"rotation": [0.65182, "-5-math.cos(query.anim_time*90*3)*15", -4.95712]
				},
				"wing_left2": {
					"rotation": [0, "0-math.cos(query.anim_time*90*3)*15", 0]
				},
				"wing_left_top_rotation": {
					"rotation": ["2.5+math.sin(query.anim_time*90*3)*15", "-5-math.cos(query.anim_time*90*3)*15", 10]
				},
				"wing_left_top2": {
					"rotation": [0, "7.5-math.cos(query.anim_time*90*3)*15", 0]
				},
				"wing_left_bottom_rotation": {
					"rotation": ["-17.5+math.sin(query.anim_time*90*3-45)*15", "5-math.cos(query.anim_time*90*3-45)*15", 0]
				},
				"wing_left_bottom2": {
					"rotation": [0, "10-math.sin(query.anim_time*90*3)*15", 0]
				}
			}
		},
		"animation.volcaronagym.ground_walk": {
			"loop": true,
			"animation_length": 4,
			"bones": {
				"body": {
					"rotation": ["27.5-math.cos(query.anim_time*90*2)*2", 0, 0],
					"position": [0, "8-math.sin(query.anim_time*90*2)*2", "0+math.cos(query.anim_time*90*2)*4"]
				},
				"arm_top_left": {
					"rotation": [0, "-14.8202-math.cos(query.anim_time*90*2)*3", -27.5]
				},
				"arm_top_right": {
					"rotation": [0, "14.8321+math.cos(query.anim_time*90*2)*3", 27.5]
				},
				"wing_right": {
					"rotation": [0.65182, "5+math.cos(query.anim_time*90*2)*15", 4.95712]
				},
				"wing_right_top_rotation": {
					"rotation": ["2.5+math.sin(query.anim_time*90*2)*15", "5+math.cos(query.anim_time*90*2)*15", -10]
				},
				"wing_right_top2": {
					"rotation": [0, "-7.5+math.cos(query.anim_time*90*2)*15", 0]
				},
				"wing_right_bottom_rotation": {
					"rotation": ["-17.5+math.sin(query.anim_time*90*2-45)*15", "-5+math.cos(query.anim_time*90*2-45)*15", 0]
				},
				"wing_right_bottom2": {
					"rotation": [0, "-10+math.sin(query.anim_time*90*2)*15", 0]
				},
				"neck": {
					"rotation": ["7.5-math.cos(query.anim_time*90*2-30)*2", 0, 0]
				},
				"head": {
					"rotation": ["-7.5+math.cos(query.anim_time*90*2-30)*2", 0, 0]
				},
				"tail": {
					"rotation": ["-5-math.cos(query.anim_time*90*2-30)*2", 0, 0]
				},
				"tail_detail2": {
					"rotation": [-7.5, 0, 0]
				},
				"tail_detail3": {
					"rotation": [-5, 0, 0]
				},
				"tail2": {
					"rotation": [-5, 0, 0]
				},
				"body_fur_front": {
					"rotation": ["-7.50-math.cos(query.anim_time*90*2)*3", 0, 0]
				},
				"arm_bottom_right": {
					"rotation": [-26.77079, "28.15360-math.cos(query.anim_time*90*2)*3", 54.73027]
				},
				"wing_base_left": {
					"rotation": [0, -25, 0]
				},
				"wing_base_right": {
					"rotation": [0, 25, 0]
				},
				"wing_right2": {
					"rotation": [0, "0+math.cos(query.anim_time*90*2)*15", 0]
				},
				"body_fur_left": {
					"rotation": [0, 0, "0-math.cos(query.anim_time*90*2-45)*3"]
				},
				"body_fur_right": {
					"rotation": [0, 0, "0+math.cos(query.anim_time*90*2-45)*3"]
				},
				"arm_bottom_left": {
					"rotation": [-26.77079, "-28.1536+math.cos(query.anim_time*90*2)*3", -54.73027]
				},
				"wing_left": {
					"rotation": [0.65182, "-5-math.cos(query.anim_time*90*2)*15", -4.95712]
				},
				"wing_left2": {
					"rotation": [0, "0-math.cos(query.anim_time*90*2)*15", 0]
				},
				"wing_left_top_rotation": {
					"rotation": ["2.5+math.sin(query.anim_time*90*2)*15", "-5-math.cos(query.anim_time*90*2)*15", 10]
				},
				"wing_left_top2": {
					"rotation": [0, "7.5-math.cos(query.anim_time*90*2)*15", 0]
				},
				"wing_left_bottom_rotation": {
					"rotation": ["-17.5+math.sin(query.anim_time*90*2-45)*15", "5-math.cos(query.anim_time*90*2-45)*15", 0]
				},
				"wing_left_bottom2": {
					"rotation": [0, "10-math.sin(query.anim_time*90*2)*15", 0]
				}
			}
		},
		"animation.volcaronagym.sleep": {
			"loop": true,
			"animation_length": 2.6667,
			"bones": {
				"body": {
					"rotation": ["40-math.cos(query.anim_time*90*1.5)*2", 0, 0],
					"position": [0, "8-math.sin(query.anim_time*90*1.5)*2", "0+math.cos(query.anim_time*90*1.5)*2"]
				},
				"arm_top_left": {
					"rotation": [0, "-14.8202-math.cos(query.anim_time*90*1.5)*3", -27.5]
				},
				"arm_top_right": {
					"rotation": [0, "14.8321+math.cos(query.anim_time*90*1.5)*3", 27.5]
				},
				"wing_right": {
					"rotation": [0.65182, "5+math.cos(query.anim_time*90*1.5)*15", 4.95712]
				},
				"wing_right_top_rotation": {
					"rotation": ["2.5+math.sin(query.anim_time*90*1.5)*15", "5+math.cos(query.anim_time*90*1.5)*15", -10]
				},
				"wing_right_top2": {
					"rotation": [0, "-7.5+math.cos(query.anim_time*90*1.5)*15", 0]
				},
				"wing_right_bottom_rotation": {
					"rotation": ["-17.5+math.sin(query.anim_time*90*1.5-45)*15", "-5+math.cos(query.anim_time*90*1.5-45)*15", 0]
				},
				"wing_right_bottom2": {
					"rotation": [0, "-10+math.sin(query.anim_time*90*1.5)*15", 0]
				},
				"neck": {
					"rotation": ["7.5-math.cos(query.anim_time*90*1.5-30)*2", 0, 0]
				},
				"head": {
					"rotation": ["7.5+math.cos(query.anim_time*90*1.5-30)*2", 0, 0]
				},
				"tail": {
					"rotation": ["-5-math.cos(query.anim_time*90*1.5-30)*2", 0, 0]
				},
				"tail_detail2": {
					"rotation": [-7.5, 0, 0]
				},
				"tail_detail3": {
					"rotation": [-5, 0, 0]
				},
				"tail2": {
					"rotation": [-5, 0, 0]
				},
				"body_fur_front": {
					"rotation": ["-7.50-math.cos(query.anim_time*90*1.5)*3", 0, 0]
				},
				"arm_bottom_right": {
					"rotation": [-26.77079, "28.15360-math.cos(query.anim_time*90*1.5)*3", 54.73027]
				},
				"wing_base_left": {
					"rotation": [0, -25, 0]
				},
				"wing_base_right": {
					"rotation": [0, 25, 0]
				},
				"wing_right2": {
					"rotation": [0, "0+math.cos(query.anim_time*90*1.5)*15", 0]
				},
				"body_fur_left": {
					"rotation": [0, 0, "0-math.cos(query.anim_time*90*1.5-45)*3"]
				},
				"body_fur_right": {
					"rotation": [0, 0, "0+math.cos(query.anim_time*90*1.5-45)*3"]
				},
				"arm_bottom_left": {
					"rotation": [-26.77079, "-28.1536+math.cos(query.anim_time*90*1.5)*3", -54.73027]
				},
				"wing_left": {
					"rotation": [0.65182, "-5-math.cos(query.anim_time*90*1.5)*15", -4.95712]
				},
				"wing_left2": {
					"rotation": [0, "0-math.cos(query.anim_time*90*1.5)*15", 0]
				},
				"wing_left_top_rotation": {
					"rotation": ["2.5+math.sin(query.anim_time*90*1.5)*15", "-5-math.cos(query.anim_time*90*1.5)*15", 10]
				},
				"wing_left_top2": {
					"rotation": [0, "7.5-math.cos(query.anim_time*90*1.5)*15", 0]
				},
				"wing_left_bottom_rotation": {
					"rotation": ["-17.5+math.sin(query.anim_time*90*1.5-45)*15", "5-math.cos(query.anim_time*90*1.5-45)*15", 0]
				},
				"wing_left_bottom2": {
					"rotation": [0, "10-math.sin(query.anim_time*90*1.5)*15", 0]
				}
			}
		},
		"animation.volcaronagym.cry": {
			"animation_length": 1.5,
			"bones": {
				"body": {
					"rotation": {
						"0.375": {
							"pre": [5, 0, 0],
							"post": [5, 0, 0],
							"lerp_mode": "catmullrom"
						},
						"1.0": {
							"post": [-5, 0, 0],
							"lerp_mode": "catmullrom"
						},
						"1.5": {
							"post": [0, 0, 0],
							"lerp_mode": "catmullrom"
						}
					},
					"position": {
						"0.375": [0, 0, 0],
						"0.5": ["0+math.sin(query.anim_time*90*3*20-0)*0.15", "0+math.sin(query.anim_time*90*3*20-0)*0.15", 0],
						"0.875": [0, 0, 0]
					}
				},
				"neck": {
					"rotation": {
						"0.0": {
							"post": [0, 0, 0],
							"lerp_mode": "catmullrom"
						},
						"0.5": {
							"post": [-7.5, 0, 0],
							"lerp_mode": "catmullrom"
						},
						"1.5": {
							"post": [0, 0, 0],
							"lerp_mode": "catmullrom"
						}
					}
				},
				"head": {
					"rotation": {
						"0.0": {
							"post": [0, 0, 0],
							"lerp_mode": "catmullrom"
						},
						"0.5": {
							"post": [-7.5, 0, 0],
							"lerp_mode": "catmullrom"
						},
						"1.5": {
							"post": [0, 0, 0],
							"lerp_mode": "catmullrom"
						}
					}
				}
			}
		}
	}
}