{
	"format_version": "1.8.0",
	"animations": {
		"animation.wobbuffet.ground_idle": {
			"loop": true,
			"bones": {
				"torso": {
					"rotation": ["0+math.sin(query.anim_time*90*2-30)*1", 0, "0+math.sin(query.anim_time*90*2-30)*1"]
				},
				"torso2": {
					"rotation": ["0+math.sin(query.anim_time*90*2-60)*2", 0, "0+math.sin(query.anim_time*90*2-60)*2"]
				},
				"head": {
					"rotation": ["math.cos((query.anim_time-0.2)*180)*3", 0, "math.cos((query.anim_time-0.2)*180)*3"]
				},
				"right_arm": {
					"rotation": [0.32652, "0.0214+math.sin(query.anim_time*90*2-30)*5", "-57.5071+math.sin(query.anim_time*90*2-30)*2"]
				},
				"right_arm2": {
					"rotation": [0, "-20+math.sin(query.anim_time*90*2-60)*5", "0+math.sin(query.anim_time*90*2-60)*3"]
				},
				"frount_right_foot": {
					"rotation": [0, 20, 0]
				},
				"frount_left_foot": {
					"rotation": [0, -17.5, 0]
				},
				"back_left_foot": {
					"rotation": [0, 17.5, 0]
				},
				"back_right_foot": {
					"rotation": [0, -27.5, 0]
				},
				"tail": {
					"rotation": ["0+math.sin(query.anim_time*90*2-60)*5", "math.cos((query.anim_time-0.1)*180)*4", 0]
				},
				"tail3": {
					"rotation": ["0+math.sin(query.anim_time*90*2-120)*7", "math.cos((query.anim_time-0.1)*180)*6", 0]
				},
				"left_arm": {
					"rotation": [-0.64743, "0.0852+math.sin(query.anim_time*90*2-30)*5", "65.0137+math.sin(query.anim_time*90*2-30)*2"]
				},
				"left_arm2": {
					"rotation": [0, "20+math.sin(query.anim_time*90*2-60)*5", "0+math.sin(query.anim_time*90*2-60)*3"]
				},
				"tail2": {
					"rotation": ["0+math.sin(query.anim_time*90*2-90)*6", "math.cos((query.anim_time-0.1)*180)*5", 0]
				},
				"left_eye2": {
					"rotation": [0, 0, 0]
				}
			}
		},
		"animation.wobbuffet.battle_idle": {
			"loop": true,
			"bones": {
				"torso": {
					"rotation": ["0+math.sin(query.anim_time*90*2-30)*1", 0, "0+math.sin(query.anim_time*90*2-30)*1"]
				},
				"torso2": {
					"rotation": ["2.5+math.sin(query.anim_time*90*2-60)*2", 0, "math.sin(query.anim_time*90*2-60)*2"]
				},
				"head": {
					"rotation": ["2.5+math.cos((query.anim_time-0.2)*180)*3", 0, "0+math.cos((query.anim_time-0.2)*180)*3"]
				},
				"right_arm": {
					"rotation": [0.32652, "0.0214+math.sin(query.anim_time*90*2-30)*5", "-57.5071+math.sin(query.anim_time*90*2-30)*2"]
				},
				"right_arm2": {
					"rotation": [0, "-45+math.sin(query.anim_time*90*2-60)*5", "math.sin(query.anim_time*90*2-60)*3"]
				},
				"frount_right_foot": {
					"rotation": ["27.5+math.cos((query.anim_time-0.2)*180)*3.5", 20, 0]
				},
				"frount_left_foot": {
					"rotation": ["25+math.cos((query.anim_time-0.2)*180)*3.5", -17.5, 0]
				},
				"back_left_foot": {
					"rotation": ["-57.7646-math.cos((query.anim_time-0.2)*180)*3.5", 34.31578, 62.4878]
				},
				"back_right_foot": {
					"rotation": ["-25-math.cos((query.anim_time-0.2)*180)*3.5", -27.5, 0]
				},
				"tail": {
					"rotation": ["24.1299+math.sin(query.anim_time*90*2-60)*2", "-1.0336+math.cos((query.anim_time-0.1)*180)*4", 76.16153]
				},
				"tail3": {
					"rotation": ["12.5+math.sin(query.anim_time*90*2-120)*3", "0+math.cos((query.anim_time-0.1)*180)*6", 0]
				},
				"left_arm": {
					"rotation": [-0.64743, "0.0852+math.sin(query.anim_time*90*2-30)*5", "65.0137+math.sin(query.anim_time*90*2-30)*2"]
				},
				"left_arm2": {
					"rotation": [0, "52.5+math.sin(query.anim_time*90*2-60)*5", "math.sin(query.anim_time*90*2-60)*3"]
				},
				"tail2": {
					"rotation": ["49.8294+math.sin(query.anim_time*90*2-90)*3", "-6.8401+math.cos((query.anim_time-0.1)*180)*5", -7.30103]
				},
				"left_eye2": {
					"rotation": [0, 0, 0]
				},
				"body": {
					"position": [0, "0.5+math.cos((query.anim_time-0.2)*180)*0.2", 0]
				}
			}
		},
		"animation.wobbuffet.ground_walk": {
			"loop": true,
			"animation_length": 4,
			"bones": {
				"torso": {
					"rotation": ["0+math.sin(q.anim_time*90*4-30)*1", "0+math.sin(q.anim_time*90*2+0)*7.5", "0+math.sin(q.anim_time*90*2+90+180)*3"]
				},
				"torso2": {
					"rotation": ["0+math.sin(query.anim_time*90*2-60)*3", 0, "0+math.sin(query.anim_time*90*2-60)*3"]
				},
				"head": {
					"rotation": ["math.cos((query.anim_time-0.2)*180)*4", 0, "math.cos((query.anim_time-0.2)*180)*4"]
				},
				"right_arm": {
					"rotation": [0.32652, "0.0214+math.sin(query.anim_time*90*2-30)*7", "-57.5071+math.sin(query.anim_time*90*2-30)*4"]
				},
				"right_arm2": {
					"rotation": [0, "-20+math.sin(query.anim_time*90*2-60)*7", "0+math.sin(query.anim_time*90*2-60)*5"]
				},
				"frount_right_foot": {
					"rotation": ["0+math.clamp(math.sin(query.anim_time*90*2*1-90)*5,0,-5)", "45+math.sin(q.anim_time*90*2+0)*10", 0],
					"position": ["0+math.sin(q.anim_time*90*2+180)*0.6", "0+math.clamp(math.sin(query.anim_time*90*2*1-90)*1,0,1)", "0+math.sin(q.anim_time*90*2+0)*0.25"]
				},
				"frount_left_foot": {
					"rotation": ["0+math.clamp(math.sin(query.anim_time*90*2*1-90)*5,-5,0)", "-45+math.sin(q.anim_time*90*2+0)*10", 0],
					"position": ["0+math.sin(q.anim_time*90*2+180)*0.6", "0+math.clamp(math.sin(query.anim_time*90*2*1+90)*1,0,1)", "0+math.sin(q.anim_time*90*2+180)*0.25"]
				},
				"back_left_foot": {
					"rotation": ["0+math.clamp(math.sin(query.anim_time*90*2*1-90)*5,0,-5)", "45+math.sin(q.anim_time*90*2+0)*10", 0],
					"position": ["0+math.sin(q.anim_time*90*2+180)*0.6", "0+math.clamp(math.sin(query.anim_time*90*2*1-90)*0.9,0,1)", "0+math.sin(q.anim_time*90*2+0)*0.25"]
				},
				"back_right_foot": {
					"rotation": ["0+math.clamp(math.sin(query.anim_time*90*2*1-90)*5,-5,0)", "-45+math.sin(q.anim_time*90*2+0)*10", 0],
					"position": [
						"0+math.sin(q.anim_time*90*2+180)*0.6",
						"0+math.clamp(math.sin(query.anim_time*90*2*1+90)*0.9,0,1)",
						"0+math.sin(q.anim_time*90*2+180)*0.25"
					]
				},
				"tail": {
					"rotation": ["0+math.sin(query.anim_time*90*2-60)*6", "math.cos((query.anim_time-0.1)*180)*4", 0]
				},
				"tail3": {
					"rotation": ["0+math.sin(query.anim_time*90*2-120)*8", "math.cos((query.anim_time-0.1)*180)*6", 0]
				},
				"left_arm": {
					"rotation": [-0.64743, "0.0852+math.sin(query.anim_time*90*2-30)*7", "65.0137+math.sin(query.anim_time*90*2-30)*4"]
				},
				"left_arm2": {
					"rotation": [0, "20+math.sin(query.anim_time*90*2-60)*7", "0+math.sin(query.anim_time*90*2-60)*5"]
				},
				"tail2": {
					"rotation": ["0+math.sin(query.anim_time*90*2-90)*7", "math.cos((query.anim_time-0.1)*180)*5", 0]
				},
				"left_eye2": {
					"rotation": [0, 0, 0]
				},
				"body": {
					"position": [
						"0-math.clamp(math.sin(query.anim_time*90*2*1-150+180)*0.5,-0.3,0.3)+math.sin(q.anim_time*90*2-170+180)*0.3",
						0,
						"0-math.clamp(math.sin(query.anim_time*90*4*1-120)*0.2,-0.1,0.1)+math.sin(q.anim_time*90*4-140)*0.25"
					]
				}
			}
		},
		"animation.wobbuffet.faint": {
			"animation_length": 3,
			"bones": {
				"torso": {
					"rotation": {
						"0.0": ["-20+math.sin(query.anim_time*90*2-30)*1", 0, "0+math.sin(query.anim_time*90*2-30)*1"],
						"0.125": ["-10+math.sin(query.anim_time*90*2-30)*1", 0, "0+math.sin(query.anim_time*90*2-30)*1"],
						"0.375": [-15, 0, 0],
						"0.9167": [-16, 0, 0],
						"1.0": [-7.5, 0, 0],
						"1.25": [-25, 0, 0]
					}
				},
				"torso2": {
					"rotation": {
						"0.0": ["5+math.sin(query.anim_time*90*2-60)*2", 0, "0+math.sin(query.anim_time*90*2-60)*2"],
						"0.125": [14.24663, 0, "math.sin(query.anim_time*90*2-60)*2"],
						"0.3333": ["-5+math.sin(query.anim_time*90*2-60)*2", 0, "0+math.sin(query.anim_time*90*2-60)*2"],
						"1.3333": ["37.5+math.sin(query.anim_time*90*2-60)*2", 0, "0+math.sin(query.anim_time*90*2-60)*2"],
						"1.6667": [17.25002, 2.99318, -0.54589]
					}
				},
				"head": {
					"rotation": {
						"0.0": ["7.5+math.cos((query.anim_time-0.2)*180)*3", 0, "0+math.cos((query.anim_time-0.2)*180)*3"],
						"0.1667": [11.3169, 0, 2.98357],
						"0.375": ["-7.5+math.cos((query.anim_time-0.2)*180)*3", 0, "math.cos((query.anim_time-0.2)*180)*3"],
						"0.9167": ["17.5+math.cos((query.anim_time-0.2)*180)*3", 0, "math.cos((query.anim_time-0.2)*180)*3"],
						"1.25": ["57.5+math.cos((query.anim_time-0.2)*180)*3", 0, "math.cos((query.anim_time-0.2)*180)*3"],
						"1.4167": [7.5, 0, 0],
						"1.5": [20, 0, 0],
						"1.5833": [5, 0, 0],
						"1.625": [7.5, 0, 0],
						"1.75": [7.5, 0, 0]
					},
					"scale": {
						"0.0": [1, 1, 1],
						"0.1667": [1, 1.1, 1],
						"0.25": [1, 1, 1],
						"1.25": [1, 1, 1],
						"1.2917": [1, 1, 1.1],
						"1.3333": [1, 1, 1.2],
						"1.4583": [1, 1, 1.0333],
						"1.5": [1, 1, 0.8],
						"1.5833": [1, 1, 1.2],
						"1.625": [1, 1, 1]
					}
				},
				"right_arm": {
					"rotation": {
						"0.0": [0.32652, "0.0214+math.sin(query.anim_time*90*2-30)*5", "-57.5071+math.sin(query.anim_time*90*2-30)*2"],
						"0.125": [-14.74902, -13.76418, -64.89162],
						"0.5833": [-90.17906, "-26.8088+math.sin(query.anim_time*90*2-30)*5", "22.5697+math.sin(query.anim_time*90*2-30)*2"],
						"1.4167": [-90.17906, "-26.8088+math.sin(query.anim_time*90*2-30)*5", "22.5697+math.sin(query.anim_time*90*2-30)*2"],
						"1.5417": [-90.21089, 48.191, 22.3312]
					}
				},
				"right_arm2": {
					"rotation": {
						"0.0": [0, "-20+math.sin(query.anim_time*90*2-60)*5", "0+math.sin(query.anim_time*90*2-60)*3"],
						"0.1667": [6.88001, "-18.6298+math.sin(query.anim_time*90*2-60)*5", "-23.476+math.sin(query.anim_time*90*2-60)*3"],
						"0.625": [7.53646, -28.5513, -24.8895],
						"1.0": [7.53646, -28.5513, -24.8895],
						"1.125": [6.6171, 1.23126, -21.12856],
						"1.3333": [5.94484, 3.16071, -38.53558],
						"1.4583": [4.60687, -4.91163, 36.10257],
						"1.5833": [5.94484, 3.16071, -38.53558]
					}
				},
				"frount_right_foot": {
					"rotation": {
						"0.0": {
							"post": [0, 17.5, 0],
							"lerp_mode": "catmullrom"
						},
						"0.625": {
							"post": [32.5, 17.5, 0],
							"lerp_mode": "catmullrom"
						},
						"1.1667": {
							"post": [42.5, 17.5, 0],
							"lerp_mode": "catmullrom"
						},
						"1.4167": {
							"post": [42.5, 17.5, 0],
							"lerp_mode": "catmullrom"
						},
						"1.5833": {
							"post": [-22.5, 17.5, 0],
							"lerp_mode": "catmullrom"
						},
						"1.625": {
							"post": [-27.5, 17.5, 0],
							"lerp_mode": "catmullrom"
						}
					},
					"scale": {
						"0.0": [1, 1, 1],
						"1.5417": [1, 1, 1.1],
						"1.5833": [1, 1, 1.2],
						"1.625": [1, 1, 1]
					}
				},
				"frount_left_foot": {
					"rotation": {
						"0.0": {
							"post": [0, -17.5, 0],
							"lerp_mode": "catmullrom"
						},
						"0.625": {
							"post": [32.5, -17.5, 0],
							"lerp_mode": "catmullrom"
						},
						"1.1667": {
							"post": [42.5, -17.5, 0],
							"lerp_mode": "catmullrom"
						},
						"1.4167": {
							"post": [42.5, -17.5, 0],
							"lerp_mode": "catmullrom"
						},
						"1.5833": {
							"post": [-22.5, -17.5, 0],
							"lerp_mode": "catmullrom"
						},
						"1.625": {
							"post": [-27.5, -17.5, 0],
							"lerp_mode": "catmullrom"
						}
					},
					"scale": {
						"0.0": [1, 1, 1],
						"1.5417": [1, 1, 1.1],
						"1.5833": [1, 1, 1.2],
						"1.625": [1, 1, 1]
					}
				},
				"back_left_foot": {
					"rotation": {
						"0.0": [0, 17.5, 0],
						"0.7917": [43.64293, 24.55317, -46.35707],
						"1.375": [43.64293, 24.55317, -46.35707],
						"1.5417": [-57.76457, 34.31578, 62.4878]
					}
				},
				"back_right_foot": {
					"rotation": {
						"0.0": [0, -27.5, 0],
						"0.7917": [20.15066, -27.65995, -0.38788],
						"1.3333": [20.15066, -27.65995, -0.38788],
						"1.5417": [-22.34934, -27.65995, -0.38788]
					}
				},
				"tail": {
					"rotation": {
						"0.0": ["0+math.sin(query.anim_time*90*2-60)*5", "math.cos((query.anim_time-0.1)*180)*4", 0],
						"0.6667": ["32.5+math.sin(query.anim_time*90*2-60)*5", "0+math.cos((query.anim_time-0.1)*180)*4", 0],
						"1.4583": [32.5, 0, 0]
					}
				},
				"tail3": {
					"rotation": {
						"0.0": ["0+math.sin(query.anim_time*90*2-120)*7", "math.cos((query.anim_time-0.1)*180)*6", 0],
						"1.2083": ["27.5+math.sin(query.anim_time*90*2-120)*7", "math.cos((query.anim_time-0.1)*180)*6", 0],
						"1.5": [0, 0, 0]
					}
				},
				"left_arm": {
					"rotation": {
						"0.0": [0.32652, "-0.0214+math.sin(query.anim_time*90*2-30)*5", "57.5071+math.sin(query.anim_time*90*2-30)*2"],
						"0.125": [-14.74902, 13.76418, 64.89162],
						"0.5833": [-90.17906, "26.8088+math.sin(query.anim_time*90*2-30)*5", "-22.5697+math.sin(query.anim_time*90*2-30)*2"],
						"1.4167": [-90.17906, "26.8088+math.sin(query.anim_time*90*2-30)*5", "-22.5697+math.sin(query.anim_time*90*2-30)*2"],
						"1.5417": [-90.21089, -48.191, -22.3312]
					}
				},
				"left_arm2": {
					"rotation": {
						"0.0": [0, "20+math.sin(query.anim_time*90*2-60)*5", "0+math.sin(query.anim_time*90*2-60)*3"],
						"0.1667": [6.88001, "18.6298+math.sin(query.anim_time*90*2-60)*5", "23.476+math.sin(query.anim_time*90*2-60)*3"],
						"0.625": [7.53646, 28.5513, 24.8895],
						"1.0": [7.53646, 28.5513, 24.8895],
						"1.125": [6.6171, -1.23126, 21.12856],
						"1.3333": [5.94484, -3.16071, 38.53558],
						"1.4583": [4.60687, 4.91163, -36.10257],
						"1.5833": [5.94484, -3.16071, 38.53558]
					}
				},
				"tail2": {
					"rotation": {
						"0.0": ["0+math.sin(query.anim_time*90*2-90)*6", "math.cos((query.anim_time-0.1)*180)*5", 0],
						"1.1667": ["27.5+math.sin(query.anim_time*90*2-90)*6", "math.cos((query.anim_time-0.1)*180)*5", 0],
						"1.5": [27.5, 0, 0]
					}
				},
				"left_eye2": {
					"rotation": [0, 0, 0],
					"position": {
						"0.0": [0, 0, 0],
						"1.25": [0, 0, 0],
						"1.3333": [0, -1, 0]
					}
				},
				"wobbuffet": {
					"rotation": {
						"0.0": [0, 0, 0],
						"1.75": [-5, 0, 0]
					}
				},
				"body": {
					"rotation": {
						"0.0": [0, 0, 0],
						"0.1667": [7.5, 0, 0],
						"0.5833": [-22.5, 0, 0],
						"0.8333": [-12.5, 0, 0],
						"1.0833": [-10, 0, 0],
						"1.4583": [-97.5, 0, 0],
						"1.5833": [-92.5, 0, 0]
					},
					"position": {
						"0.0": [0, 0, 0],
						"0.5833": [0, 2, 0],
						"0.875": [0, 1, 0],
						"1.0833": [0, 1, 0],
						"1.4583": [0, 5, 0],
						"1.5833": [0, 6, 0]
					},
					"scale": {
						"0.0": [1, 1, 1],
						"1.4167": [1, 1, 1],
						"1.4583": [1, 1, 0.9],
						"1.5": [1, 1, 1]
					}
				},
				"closed_mouth": {
					"rotation": [0, 0, 0]
				},
				"mouth": {
					"position": {
						"0.0": [0, 0, 0],
						"0.25": [0, 0, 0],
						"0.2917": [0, 0, -1],
						"0.4583": [0, 0, -1],
						"0.5": [0, 0, -0.55],
						"0.5417": [0, 0, -0.29],
						"0.75": [0, 0, 0],
						"0.7917": [0, 0, -1],
						"1.1667": [0, 0, -1.17],
						"1.2083": [0, 0, 0]
					}
				},
				"right_eye2": {
					"position": {
						"0.0": [0, 0, 0],
						"1.25": [0, 0, 0],
						"1.3333": [0, -1, 0]
					}
				}
			}
		},
		"animation.wobbuffet.sleep": {
			"loop": true,
			"bones": {
				"torso": {
					"rotation": ["5+math.sin(query.anim_time*90*2-30)*0.5", 0, "0+math.sin(query.anim_time*90*2-30)*0.5"]
				},
				"torso2": {
					"rotation": ["15+math.sin(query.anim_time*90*2-60)*1", 0, "0+math.sin(query.anim_time*90*2-60)*1"]
				},
				"head": {
					"rotation": ["27.5+math.cos((query.anim_time-0.2)*180)*1", 0, "math.cos((query.anim_time-0.2)*180)*1"]
				},
				"right_arm": {
					"rotation": [0.38669, "-29.978+math.sin(query.anim_time*90*2-30)*2", "-57.7007+math.sin(query.anim_time*90*2-30)*1"]
				},
				"right_arm2": {
					"rotation": [0, "-20+math.sin(query.anim_time*90*2-60)*2", "0+math.sin(query.anim_time*90*2-60)*2"]
				},
				"frount_right_foot": {
					"rotation": [0, 20, 0]
				},
				"frount_left_foot": {
					"rotation": [0, -17.5, 0]
				},
				"back_left_foot": {
					"rotation": [0, 17.5, 0]
				},
				"back_right_foot": {
					"rotation": [0, -27.5, 0]
				},
				"tail": {
					"rotation": ["-17.5+math.sin(query.anim_time*90*2-60)*", "0+math.cos((query.anim_time-0.1)*180)*1", 0]
				},
				"tail3": {
					"rotation": ["15+math.sin(query.anim_time*90*2-120)*2", "math.cos((query.anim_time-0.1)*180)*1", 0]
				},
				"left_arm": {
					"rotation": [-0.84544, "42.5821+math.sin(query.anim_time*90*2-30)*2", "64.4421+math.sin(query.anim_time*90*2-30)*1"]
				},
				"left_arm2": {
					"rotation": [0, "20+math.sin(query.anim_time*90*2-60)*2", "0+math.sin(query.anim_time*90*2-60)*2"]
				},
				"tail2": {
					"rotation": ["-7.5+math.sin(query.anim_time*90*2-90)*2", "0+math.cos((query.anim_time-0.1)*180)*1", 0]
				},
				"left_eye2": {
					"rotation": [0, 0, 0],
					"position": [0, -1, 0]
				},
				"right_eye2": {
					"position": [0, -1, 0]
				}
			}
		},
		"animation.wobbuffet.cry": {
			"animation_length": 2.5,
			"bones": {
				"torso": {
					"rotation": {
						"0.0": {
							"post": [0, 0, 0],
							"lerp_mode": "catmullrom"
						},
						"0.25": {
							"post": [7.5, 0, 0],
							"lerp_mode": "catmullrom"
						},
						"0.7917": {
							"post": [0, 0, 0],
							"lerp_mode": "catmullrom"
						},
						"2.5": {
							"post": [0, 0, 0],
							"lerp_mode": "catmullrom"
						}
					}
				},
				"torso2": {
					"rotation": {
						"0.0": {
							"post": [0, 0, 0],
							"lerp_mode": "catmullrom"
						},
						"0.2917": {
							"post": [5, 0, 0],
							"lerp_mode": "catmullrom"
						},
						"0.8333": {
							"post": [-7.47178, -0.65182, -4.95744],
							"lerp_mode": "catmullrom"
						},
						"1.4583": {
							"post": [-5.81451, 0.28586, 3.85472],
							"lerp_mode": "catmullrom"
						},
						"2.5": {
							"post": [0, 0, 0],
							"lerp_mode": "catmullrom"
						}
					}
				},
				"head": {
					"rotation": {
						"0.0": {
							"post": [0, 0, 0],
							"lerp_mode": "catmullrom"
						},
						"0.2917": {
							"post": [7.5, 0, 0],
							"lerp_mode": "catmullrom"
						},
						"0.7917": {
							"post": [-2.09263, 0, 0],
							"lerp_mode": "catmullrom"
						},
						"1.4167": {
							"post": [-2.15598, -0.01221, -0.80535],
							"lerp_mode": "catmullrom"
						},
						"2.5": {
							"post": [0, 0, 0],
							"lerp_mode": "catmullrom"
						}
					}
				},
				"mouth": {
					"position": {
						"0.5": [0, 0, 0],
						"0.5417": [0, 0, -1],
						"2.0": [0, 0, -1],
						"2.0417": [0, 0, 0]
					}
				},
				"flap": {
					"rotation": {
						"0.625": [0, 0, 0],
						"0.875": [20, 0, 0],
						"2.0": [0, 0, 0]
					}
				},
				"right_arm": {
					"rotation": {
						"0.0": {
							"post": [0, 0, 0],
							"lerp_mode": "catmullrom"
						},
						"0.75": {
							"post": [0, 0, 22.5],
							"lerp_mode": "catmullrom"
						},
						"2.5": {
							"post": [0, 0, 0],
							"lerp_mode": "catmullrom"
						}
					}
				},
				"right_arm2": {
					"rotation": {
						"0.0": {
							"post": [0, 0, 0],
							"lerp_mode": "catmullrom"
						},
						"0.7917": {
							"post": [0, 0, 10],
							"lerp_mode": "catmullrom"
						},
						"2.5": {
							"post": [0, 0, 0],
							"lerp_mode": "catmullrom"
						}
					}
				},
				"tail": {
					"rotation": {
						"0.0": {
							"post": [0, 0, 0],
							"lerp_mode": "catmullrom"
						},
						"0.2917": {
							"post": [12.5, 0, 0],
							"lerp_mode": "catmullrom"
						},
						"0.7917": {
							"post": [-15, 0, 0],
							"lerp_mode": "catmullrom"
						},
						"2.5": {
							"post": [0, 0, 0],
							"lerp_mode": "catmullrom"
						}
					}
				},
				"tail3": {
					"rotation": {
						"0.0": {
							"post": [0, 0, 0],
							"lerp_mode": "catmullrom"
						},
						"0.2917": {
							"post": [12.5, 0, 0],
							"lerp_mode": "catmullrom"
						},
						"0.7917": {
							"post": [7.5, 0, 0],
							"lerp_mode": "catmullrom"
						},
						"2.5": {
							"post": [0, 0, 0],
							"lerp_mode": "catmullrom"
						}
					}
				},
				"left_arm": {
					"rotation": {
						"0.0": {
							"post": [0, 0, 0],
							"lerp_mode": "catmullrom"
						},
						"0.75": {
							"post": [0, 0, -22.5],
							"lerp_mode": "catmullrom"
						},
						"2.5": {
							"post": [0, 0, 0],
							"lerp_mode": "catmullrom"
						}
					}
				},
				"left_arm2": {
					"rotation": {
						"0.0": {
							"post": [0, 0, 0],
							"lerp_mode": "catmullrom"
						},
						"0.7917": {
							"post": [0, 0, -15],
							"lerp_mode": "catmullrom"
						},
						"2.5": {
							"post": [0, 0, 0],
							"lerp_mode": "catmullrom"
						}
					}
				},
				"tail2": {
					"rotation": {
						"0.0": {
							"post": [0, 0, 0],
							"lerp_mode": "catmullrom"
						},
						"0.2917": {
							"post": [12.5, 0, 0],
							"lerp_mode": "catmullrom"
						},
						"0.7917": {
							"post": [-7.5, 0, 0],
							"lerp_mode": "catmullrom"
						},
						"2.5": {
							"post": [0, 0, 0],
							"lerp_mode": "catmullrom"
						}
					}
				},
				"left_eye2": {
					"rotation": {
						"0.5833": [0, 0, 0],
						"0.7917": [0, -10, 0],
						"2.0": [0, 0, 0]
					}
				},
				"left_puple": {
					"rotation": {
						"0.5833": [0, 0, 0],
						"0.7917": [0, 12.5, 0],
						"2.0": [0, 0, 0]
					}
				},
				"right_eye2": {
					"rotation": {
						"0.5833": [0, 0, 0],
						"0.7917": [0, 10, 0],
						"2.0": [0, 0, 0]
					}
				},
				"right_puple": {
					"rotation": {
						"0.5833": [0, 0, 0],
						"0.7917": [0, -12.5, 0],
						"2.0": [0, 0, 0]
					}
				}
			}
		}
	}
}