{
	"format_version": "1.8.0",
	"animations": {
		"pose": {
			"loop": true,
			"bones": {
				"head": {
					"rotation": [0.33122, 9.97848, 0.05034]
				},
				"right_flap": {
					"rotation": [0, 0, 30]
				},
				"frount_flap": {
					"rotation": [-17.5, 0, 0]
				},
				"left_arm": {
					"rotation": [0, 0, 60]
				},
				"left_arm2": {
					"rotation": [0, 0, -22.5]
				},
				"hair": {
					"rotation": [36.54514, -9.06524, 12.0012]
				},
				"tail": {
					"rotation": [-27.5, 0, 0]
				},
				"tail2": {
					"rotation": [22.67458, 6.92618, 2.88419]
				},
				"mouth": {
					"position": [0, 0, -1]
				},
				"left_leg": {
					"rotation": [0, -10, 0]
				},
				"left_flap": {
					"rotation": [0, 0, -20]
				},
				"back_flap": {
					"rotation": [52.47365, 0, 0]
				},
				"right_arm": {
					"rotation": [0, 0, -55]
				},
				"right_arm2": {
					"rotation": [0, 0, 15]
				},
				"right_leg": {
					"rotation": [0, 12.5, 0]
				}
			}
		},
		"animation.wynaut.ground_idle": {
			"loop": true,
			"bones": {
				"head": {
					"rotation": ["math.cos((query.anim_time-0.2)*180)*3", 0, "math.cos((query.anim_time-0.2)*180)*3"]
				},
				"right_flap": {
					"rotation": [0, 0, "30+math.cos((query.anim_time-0.3)*180)*5"]
				},
				"frount_flap": {
					"rotation": ["-17.5+math.cos((query.anim_time-0.3)*180)*5", 0, 0]
				},
				"left_arm": {
					"rotation": [0.32652, "-0.0214+math.sin(query.anim_time*90*2-30)*6", "57.5071+math.sin(query.anim_time*90*2-30)*4"]
				},
				"left_arm2": {
					"rotation": [-0.55861, "4.9149+math.sin(query.anim_time*90*2-60)*-6", "-17.5814+math.sin(query.anim_time*90*2-60)*5"]
				},
				"hair": {
					"rotation": [35.3335, 13.47157, "-18.1914+math.cos((query.anim_time-0.2)*180)*-6"]
				},
				"tail": {
					"rotation": [-27.5, "0+math.cos(query.anim_time*90*2-30)*5", 0]
				},
				"tail2": {
					"rotation": [22.40977, "-4.6256+math.cos(query.anim_time*90*2-60)*4", -1.90699]
				},
				"mouth": {
					"position": [0, 0, 0]
				},
				"left_leg": {
					"rotation": [0, -10, 0]
				},
				"left_flap": {
					"rotation": [0, 0, "-20+math.cos((query.anim_time-0.3)*180)*5"]
				},
				"back_flap": {
					"rotation": ["52.4736+math.cos((query.anim_time-0.3)*180)*5", 0, 0]
				},
				"right_arm": {
					"rotation": [0.32652, "0.0214+math.sin(query.anim_time*90*2-30)*6", "-57.5071+math.sin(query.anim_time*90*2-30)*4"]
				},
				"right_arm2": {
					"rotation": [-0.54545, "-4.9149+math.sin(query.anim_time*90*2-60)*-6", "17.5802+math.sin(query.anim_time*90*2-60)*5"]
				},
				"torso": {
					"rotation": ["0+math.sin(query.anim_time*90*2-30)*1", 0, "0+math.sin(query.anim_time*90*2-30)*1"]
				},
				"torso2": {
					"rotation": ["0+math.sin(query.anim_time*90*2-60)*2", 0, "0+math.sin(query.anim_time*90*2-60)*2"]
				},
				"closed_mouth": {
					"rotation": [0, 0, 0]
				},
				"right_leg": {
					"rotation": [0, 20, 0]
				}
			}
		},
		"animation.wynaut.battle_idle": {
			"loop": true,
			"bones": {
				"head": {
					"rotation": ["math.cos((query.anim_time-0.2)*180)*3", 0, "math.cos((query.anim_time-0.2)*180)*10"]
				},
				"right_flap": {
					"rotation": [0, 0, "30+math.cos((query.anim_time-0.3)*180)*5"]
				},
				"frount_flap": {
					"rotation": ["-17.5+math.cos((query.anim_time-0.3)*180)*5", 0, 0]
				},
				"left_arm": {
					"rotation": [1.22064, "0.2167+math.sin(query.anim_time*90*2-30)*6", "39.986+math.sin(query.anim_time*90*2-30)*4"]
				},
				"left_arm2": {
					"rotation": [-0.55861, "4.9149+math.sin(query.anim_time*90*2-60)*-6", "-17.5814+math.sin(query.anim_time*90*2-60)*5"]
				},
				"hair": {
					"rotation": [35.3335, 13.47157, "-18.1914+math.cos((query.anim_time-0.2)*180)*-6"]
				},
				"tail": {
					"rotation": [-27.5, "0+math.cos(query.anim_time*90*2-30)*5", 0]
				},
				"tail2": {
					"rotation": [22.40977, "-4.6256+math.cos(query.anim_time*90*2-60)*4", -1.90699]
				},
				"mouth": {
					"position": [0, 0, -1]
				},
				"left_leg": {
					"rotation": [0, -10, 0]
				},
				"left_flap": {
					"rotation": [0, 0, "-20+math.cos((query.anim_time-0.3)*180)*5"]
				},
				"back_flap": {
					"rotation": ["52.4736+math.cos((query.anim_time-0.3)*180)*5", 0, 0]
				},
				"right_arm": {
					"rotation": [-0.71281, "0.0895+math.sin(query.anim_time*90*2-30)*6", "-37.4805+math.sin(query.anim_time*90*2-30)*4"]
				},
				"right_arm2": {
					"rotation": [-0.54545, "-4.9149+math.sin(query.anim_time*90*2-60)*-6", "17.5802+math.sin(query.anim_time*90*2-60)*5"]
				},
				"torso": {
					"rotation": ["0+math.sin(query.anim_time*90*2-30)*3", 0, "0+math.sin(query.anim_time*90*2-30)*3"]
				},
				"torso2": {
					"rotation": ["0+math.sin(query.anim_time*90*2-60)*2", 0, "0+math.sin(query.anim_time*90*2-60)*2"]
				},
				"closed_mouth": {
					"rotation": [0, 0, 0]
				},
				"right_leg": {
					"rotation": [0, 20, 0]
				}
			}
		},
		"animation.wynaut.sleep": {
			"loop": true,
			"bones": {
				"head": {
					"rotation": ["4.5401+math.cos((query.anim_time-0.2)*180)*1", 4.17568, "5.9793+math.cos((query.anim_time-0.2)*180)*1"],
					"position": [0, 0.5, 0]
				},
				"right_flap": {
					"rotation": [0, 0, "52.5+math.cos((query.anim_time-0.3)*180)*2"]
				},
				"frount_flap": {
					"rotation": ["30+math.cos((query.anim_time-0.3)*180)*2", 0, 0]
				},
				"left_arm": {
					"rotation": [54.81591, "-41.573+math.sin(query.anim_time*90*2-30)*3", "35.5094+math.sin(query.anim_time*90*2-30)*1"]
				},
				"left_arm2": {
					"rotation": [-0.27834, "-2.7125+math.sin(query.anim_time*90*2-60)*-2", "-32.5255+math.sin(query.anim_time*90*2-60)*1"]
				},
				"hair": {
					"rotation": [35.3335, 13.47157, "-18.1914+math.cos((query.anim_time-0.2)*180)*-3"]
				},
				"tail": {
					"rotation": [-99.52159, "14.635+math.cos(query.anim_time*90*2-30)*1", 3.33267]
				},
				"tail2": {
					"rotation": [-2.52925, "-2.4092+math.cos(query.anim_time*90*2-60)*1", -3.0652]
				},
				"mouth": {
					"position": [0, 0, 0]
				},
				"left_leg": {
					"rotation": [12.51703, -6.55676, -17.34275]
				},
				"left_flap": {
					"rotation": [0, 0, "-52.5+math.cos((query.anim_time-0.3)*180)*2"]
				},
				"back_flap": {
					"rotation": ["-20.0264+math.cos((query.anim_time-0.3)*180)*2", 0, 0]
				},
				"right_arm": {
					"rotation": [54.81591, "41.573+math.sin(query.anim_time*90*2-30)*3", "-35.5094+math.sin(query.anim_time*90*2-30)*1"]
				},
				"right_arm2": {
					"rotation": [-0.27834, "2.7125+math.sin(query.anim_time*90*2-60)*-2", "32.5255+math.sin(query.anim_time*90*2-60)*1"]
				},
				"torso": {
					"rotation": ["0+math.sin(query.anim_time*90*2-30)*1", 0, "0+math.sin(query.anim_time*90*2-30)*1"]
				},
				"torso2": {
					"rotation": ["14.9728+math.sin(query.anim_time*90*2-60)*1", 1.81718, "-1.7172+math.sin(query.anim_time*90*2-60)*1"]
				},
				"closed_mouth": {
					"rotation": [0, 0, 0]
				},
				"right_leg": {
					"rotation": [24.0867, 10.98522, 24.24137]
				},
				"wynaut": {
					"rotation": [-82.5, 0, 0],
					"position": [0, 0.5, -2]
				},
				"eye": {
					"position": [0, -1, 0]
				}
			}
		},
		"animation.wynaut.ground_walk": {
			"loop": true,
			"animation_length": 2,
			"bones": {
				"head": {
					"rotation": ["-7.5+math.cos((query.anim_time-0.2)*180)*5", 0, "0+math.cos((query.anim_time-0.2)*180)*4"]
				},
				"right_flap": {
					"rotation": [0, 0, "30+math.cos((query.anim_time-0.3)*180)*7"]
				},
				"frount_flap": {
					"rotation": ["-17.5+math.cos((query.anim_time-0.3)*180)*5", 0, 0]
				},
				"left_arm": {
					"rotation": [0.33467, "-10.0214+math.sin(query.anim_time*90*2-30)*10", "57.449+math.sin(query.anim_time*90*2-30)*4"]
				},
				"left_arm2": {
					"rotation": [-0.55861, "4.9149+math.sin(query.anim_time*90*2-60)*-10", "-17.5814+math.sin(query.anim_time*90*2-60)*5"]
				},
				"hair": {
					"rotation": ["5.3335+math.cos((query.anim_time-0.2)*90*8)*10", 13.47157, "-18.1914+math.cos((query.anim_time-0.2)*90*8)*-8"]
				},
				"tail": {
					"rotation": ["-27.5+math.sin(q.anim_time*90*16-45)*2", "0+math.cos(query.anim_time*90*2-30)*5", 0]
				},
				"tail2": {
					"rotation": ["25+math.sin(q.anim_time*90*16-45)*2", "0+math.cos(query.anim_time*90*2-60)*4", 0]
				},
				"mouth": {
					"position": [0, 0, 0]
				},
				"left_leg": {
					"rotation": ["22.5+math.sin(q.anim_time*90*8)*30", 0, 0],
					"position": [0, "math.clamp(-math.cos(q.anim_time*90*7-45)*1,0,1)", "math.sin(q.anim_time*90*8-45)*1"]
				},
				"left_flap": {
					"rotation": [0, 0, "-20+math.cos((query.anim_time-0.3)*180)*7"]
				},
				"back_flap": {
					"rotation": ["72.4736+math.cos((query.anim_time-0.3)*180)*7", 0, 0]
				},
				"right_arm": {
					"rotation": [0.32854, "10.0214+math.sin(query.anim_time*90*2-30)*10", "-57.45+math.sin(query.anim_time*90*2-30)*4"]
				},
				"right_arm2": {
					"rotation": [-0.54545, "-4.9149+math.sin(query.anim_time*90*2-60)*-10", "17.5802+math.sin(query.anim_time*90*2-60)*5"]
				},
				"torso": {
					"rotation": ["0+math.sin(query.anim_time*90*2-30)*1", 0, "0+math.sin(query.anim_time*90*2-30)*1"]
				},
				"torso2": {
					"rotation": ["0+math.sin(query.anim_time*90*2-60)*2", 0, "0+math.sin(query.anim_time*90*2-60)*2"]
				},
				"closed_mouth": {
					"rotation": [0, 0, 0]
				},
				"right_leg": {
					"rotation": ["22.5-math.sin(q.anim_time*90*8)*30", 0, 0],
					"position": [0, "math.clamp(math.cos(q.anim_time*90*7-45)*1,0,1)", "-math.sin(q.anim_time*90*8-45)*1"]
				},
				"body": {
					"rotation": ["math.sin(q.anim_time*90*16-45)*2", 0, 0],
					"position": [0, "math.abs(math.sin(q.anim_time*90*8-45)*1)", "-1+math.sin(q.anim_time*90*16-45)*0.1"]
				}
			}
		},
		"animation.wynaut.blink": {
			"animation_length": 0.08333,
			"bones": {
				"eye": {
					"position": [0, -1, 0]
				}
			}
		},
		"animation.wynaut.cry": {
			"animation_length": 2.5,
			"bones": {
				"flap": {
					"rotation": {
						"0.625": [0, 0, 0],
						"0.875": [20, 0, 0],
						"2.0": [0, 0, 0]
					}
				},
				"tail3": {
					"rotation": {
						"0.0": {
							"post": [0, 0, 0],
							"lerp_mode": "catmullrom"
						},
						"0.2917": {
							"post": [12.5, 0, 0],
							"lerp_mode": "catmullrom"
						},
						"0.7917": {
							"post": [7.5, 0, 0],
							"lerp_mode": "catmullrom"
						},
						"2.5": {
							"post": [0, 0, 0],
							"lerp_mode": "catmullrom"
						}
					}
				},
				"left_eye2": {
					"rotation": {
						"0.5833": [0, 0, 0],
						"0.7917": [0, -10, 0],
						"2.0": [0, 0, 0]
					}
				},
				"left_puple": {
					"rotation": {
						"0.5833": [0, 0, 0],
						"0.7917": [0, 12.5, 0],
						"2.0": [0, 0, 0]
					}
				},
				"right_eye2": {
					"rotation": {
						"0.5833": [0, 0, 0],
						"0.7917": [0, 10, 0],
						"2.0": [0, 0, 0]
					}
				},
				"right_puple": {
					"rotation": {
						"0.5833": [0, 0, 0],
						"0.7917": [0, -12.5, 0],
						"2.0": [0, 0, 0]
					}
				},
				"torso": {
					"rotation": {
						"0.0": {
							"post": [0, 0, 0],
							"lerp_mode": "catmullrom"
						},
						"0.25": {
							"post": [7.5, 0, 0],
							"lerp_mode": "catmullrom"
						},
						"0.7917": {
							"post": [0, 0, 0],
							"lerp_mode": "catmullrom"
						},
						"2.5": {
							"post": [0, 0, 0],
							"lerp_mode": "catmullrom"
						}
					}
				},
				"torso2": {
					"rotation": {
						"0.0": {
							"post": [0, 0, 0],
							"lerp_mode": "catmullrom"
						},
						"0.2917": {
							"post": [5, 0, 0],
							"lerp_mode": "catmullrom"
						},
						"0.8333": {
							"post": [-7.47178, -0.65182, -4.95744],
							"lerp_mode": "catmullrom"
						},
						"1.4583": {
							"post": [-5.81451, 0.28586, 3.85472],
							"lerp_mode": "catmullrom"
						},
						"2.5": {
							"post": [0, 0, 0],
							"lerp_mode": "catmullrom"
						}
					}
				},
				"head": {
					"rotation": {
						"0.0": {
							"post": [0, 0, 0],
							"lerp_mode": "catmullrom"
						},
						"0.2917": {
							"post": [7.5, 0, 0],
							"lerp_mode": "catmullrom"
						},
						"0.7917": {
							"post": [-2.09263, 0, 0],
							"lerp_mode": "catmullrom"
						},
						"1.4167": {
							"post": [-2.15598, -0.01221, -0.80535],
							"lerp_mode": "catmullrom"
						},
						"2.5": {
							"post": [0, 0, 0],
							"lerp_mode": "catmullrom"
						}
					}
				},
				"mouth": {
					"position": {
						"0.5": [0, 0, 0],
						"0.5417": [0, 0, -1],
						"2.0": [0, 0, -1],
						"2.0417": [0, 0, 0]
					}
				},
				"hair": {
					"rotation": {
						"0.0": {
							"post": [0, 0, 0],
							"lerp_mode": "catmullrom"
						},
						"0.4167": {
							"post": [27.5, 0, 0],
							"lerp_mode": "catmullrom"
						},
						"0.6667": {
							"post": [27.5, 0, 0],
							"lerp_mode": "catmullrom"
						},
						"0.9167": {
							"post": [-21.64, 0, 0],
							"lerp_mode": "catmullrom"
						},
						"2.5": {
							"post": [0, 0, 0],
							"lerp_mode": "catmullrom"
						}
					}
				},
				"left_arm": {
					"rotation": {
						"0.0": {
							"post": [0, 0, 0],
							"lerp_mode": "catmullrom"
						},
						"0.75": {
							"post": [0, 0, -22.5],
							"lerp_mode": "catmullrom"
						},
						"2.5": {
							"post": [0, 0, 0],
							"lerp_mode": "catmullrom"
						}
					}
				},
				"left_arm2": {
					"rotation": {
						"0.0": {
							"post": [0, 0, 0],
							"lerp_mode": "catmullrom"
						},
						"0.7917": {
							"post": [0, 0, -15],
							"lerp_mode": "catmullrom"
						},
						"2.5": {
							"post": [0, 0, 0],
							"lerp_mode": "catmullrom"
						}
					}
				},
				"right_arm": {
					"rotation": {
						"0.0": {
							"post": [0, 0, 0],
							"lerp_mode": "catmullrom"
						},
						"0.75": {
							"post": [0, 0, 22.5],
							"lerp_mode": "catmullrom"
						},
						"2.5": {
							"post": [0, 0, 0],
							"lerp_mode": "catmullrom"
						}
					}
				},
				"right_arm2": {
					"rotation": {
						"0.0": {
							"post": [0, 0, 0],
							"lerp_mode": "catmullrom"
						},
						"0.7917": {
							"post": [0, 0, 10],
							"lerp_mode": "catmullrom"
						},
						"2.5": {
							"post": [0, 0, 0],
							"lerp_mode": "catmullrom"
						}
					}
				},
				"tail": {
					"rotation": {
						"0.0": {
							"post": [0, 0, 0],
							"lerp_mode": "catmullrom"
						},
						"0.2917": {
							"post": [12.5, 0, 0],
							"lerp_mode": "catmullrom"
						},
						"0.7917": {
							"post": [-15, 0, 0],
							"lerp_mode": "catmullrom"
						},
						"2.5": {
							"post": [0, 0, 0],
							"lerp_mode": "catmullrom"
						}
					}
				},
				"tail2": {
					"rotation": {
						"0.0": {
							"post": [0, 0, 0],
							"lerp_mode": "catmullrom"
						},
						"0.2917": {
							"post": [12.5, 0, 0],
							"lerp_mode": "catmullrom"
						},
						"0.7917": {
							"post": [-7.5, 0, 0],
							"lerp_mode": "catmullrom"
						},
						"2.5": {
							"post": [0, 0, 0],
							"lerp_mode": "catmullrom"
						}
					}
				},
				"frount_flap": {
					"rotation": {
						"0.0": {
							"post": [0, 0, 0],
							"lerp_mode": "catmullrom"
						},
						"0.4167": {
							"post": [7.5, 0, 0],
							"lerp_mode": "catmullrom"
						},
						"0.8333": {
							"post": [-41.64, 0, 0],
							"lerp_mode": "catmullrom"
						},
						"2.5": {
							"post": [0, 0, 0],
							"lerp_mode": "catmullrom"
						}
					}
				},
				"right_flap": {
					"rotation": {
						"0.0": {
							"post": [0, 0, 0],
							"lerp_mode": "catmullrom"
						},
						"0.25": {
							"post": [0, 0, 7.5],
							"lerp_mode": "catmullrom"
						},
						"0.7917": {
							"post": [0, 0, 32.5],
							"lerp_mode": "catmullrom"
						},
						"2.5": {
							"post": [0, 0, 0],
							"lerp_mode": "catmullrom"
						}
					}
				},
				"left_flap": {
					"rotation": {
						"0.0": {
							"post": [0, 0, 0],
							"lerp_mode": "catmullrom"
						},
						"0.25": {
							"post": [0, 0, -7.5],
							"lerp_mode": "catmullrom"
						},
						"0.7917": {
							"post": [0, 0, -32.5],
							"lerp_mode": "catmullrom"
						},
						"2.5": {
							"post": [0, 0, 0],
							"lerp_mode": "catmullrom"
						}
					}
				},
				"left_leg": {
					"rotation": {
						"0.0": [0, 0, 0],
						"0.4583": [0, 0, 0]
					}
				}
			}
		},
		"animation.wynaut.quirk": {
			"animation_length": 5,
			"bones": {
				"tail2": {
					"rotation": {
						"0.0": {
							"post": [0, 0, 0],
							"lerp_mode": "catmullrom"
						},
						"0.9583": {
							"post": [0, 0, -12.5],
							"lerp_mode": "catmullrom"
						},
						"1.6667": {
							"post": [0, 0, -12.5],
							"lerp_mode": "catmullrom"
						},
						"2.4167": {
							"post": [0, 0, 0],
							"lerp_mode": "catmullrom"
						},
						"3.2083": {
							"post": [0, 0, 5],
							"lerp_mode": "catmullrom"
						},
						"4.0417": {
							"post": [0, 0, 2.65],
							"lerp_mode": "catmullrom"
						}
					}
				},
				"eye": {
					"position": {
						"0.0": {
							"post": [0, 0, 0],
							"lerp_mode": "catmullrom"
						},
						"0.875": {
							"post": [-0.25, 0, 0],
							"lerp_mode": "catmullrom"
						},
						"2.4167": {
							"post": [0.25, 0, 0],
							"lerp_mode": "catmullrom"
						},
						"3.25": {
							"post": [0.25, 0, 0],
							"lerp_mode": "catmullrom"
						},
						"3.875": {
							"post": [0, 0, 0],
							"lerp_mode": "catmullrom"
						}
					}
				},
				"puple": {
					"position": {
						"0.0": {
							"post": [0, 0, 0],
							"lerp_mode": "catmullrom"
						},
						"0.875": {
							"post": [-0.15, 0, 0],
							"lerp_mode": "catmullrom"
						},
						"2.4167": {
							"post": [0, 0, 0],
							"lerp_mode": "catmullrom"
						},
						"3.25": {
							"post": [0.15, 0, 0],
							"lerp_mode": "catmullrom"
						},
						"3.875": {
							"post": [0, 0, 0],
							"lerp_mode": "catmullrom"
						}
					}
				}
			}
		}
	}
}