{
	"format_version": "1.8.0",
	"animations": {
		"animation.zacian.ground_idle": {
			"loop": true,
			"bones": {
				"front_left_leg": {
					"rotation": [15, 0, 0]
				},
				"front_right_leg": {
					"rotation": [15, 0, 0]
				},
				"front_left_leg2": {
					"rotation": [-12.5, 0, 0]
				},
				"front_right_leg2": {
					"rotation": [-12.5, 0, 0]
				},
				"front_right_leg3": {
					"rotation": [-12.5, 0, 0]
				},
				"front_left_leg3": {
					"rotation": [-12.5, 0, 0]
				},
				"front_right_foot": {
					"rotation": [10, 0, 0]
				},
				"front_left_foot": {
					"rotation": [10, 0, 0]
				},
				"back_right_foot": {
					"rotation": [-2.5, 0, 0]
				},
				"back_right_leg3": {
					"rotation": [-22.5, 0, 0]
				},
				"back_right_leg2": {
					"rotation": [10, 0, 0]
				},
				"back_right_leg": {
					"rotation": [15, 0, 0]
				},
				"back_left_leg": {
					"rotation": [15, 0, 0]
				},
				"back_left_leg2": {
					"rotation": [10, 0, 0]
				},
				"back_left_leg3": {
					"rotation": [-22.5, 0, 0]
				},
				"back_left_foot": {
					"rotation": [-2.5, 0, 0]
				},
				"front_left_overcoat": {
					"rotation": [0, 0, 2.5]
				},
				"front_right_overcoat": {
					"rotation": [0, 0, -2.5]
				},
				"back_left_overcoat": {
					"rotation": [7.43656, -0.9762, 7.43656]
				},
				"back_left_overcoat3": {
					"rotation": [15, 0, 0]
				},
				"back_left_overcoat2": {
					"rotation": [12.39638, -1.61888, 7.32417]
				},
				"back_right_overcoat3": {
					"rotation": [15, 0, 0]
				},
				"neck": {
					"rotation": [45, 0, 0]
				},
				"head": {
					"rotation": [-45, 0, 0]
				},
				"left_ear": {
					"rotation": [0, -7.5, 0]
				},
				"right_ear": {
					"rotation": [0, 7.5, 0]
				},
				"left_braid": {
					"rotation": [0, 15, 0]
				},
				"left_braid3": {
					"rotation": [12.5, 10, 0]
				},
				"left_braid4": {
					"rotation": [17.5, 7.5, 0]
				},
				"left_braid5": {
					"rotation": [15, 0, 0]
				},
				"left_braid6": {
					"rotation": [10.00933, -2.462, -0.43439]
				},
				"left_braid7": {
					"rotation": [10, 0, 0]
				},
				"left_braid8": {
					"rotation": [12.5, 0, 0]
				},
				"left_braid10": {
					"rotation": [10, 0, 0]
				},
				"left_braid11": {
					"rotation": [7.5, 0, 0]
				},
				"left_braid12": {
					"rotation": [7.5, 0, 0]
				},
				"right_braid": {
					"rotation": [0, -15, 0]
				},
				"right_braid3": {
					"rotation": [12.5, -10, 0]
				},
				"right_braid4": {
					"rotation": [17.5, -7.5, 0]
				},
				"right_braid5": {
					"rotation": [15, 0, 0]
				},
				"right_braid6": {
					"rotation": [10.00933, 2.462, 0.43439]
				},
				"right_braid7": {
					"rotation": [10, 0, 0]
				},
				"right_braid8": {
					"rotation": [12.5, 0, 0]
				},
				"right_braid9": {
					"rotation": [0, 0, 0]
				},
				"right_braid10": {
					"rotation": [10, 0, 0]
				},
				"right_braid11": {
					"rotation": [7.5, 0, 0]
				},
				"right_braid12": {
					"rotation": [7.5, 0, 0]
				},
				"neck_fluff": {
					"rotation": [35, 0, 0],
					"position": [0, -2.3, -5.5]
				},
				"neck_fluff2": {
					"rotation": [40, 0, 0],
					"position": [0, 1, -7]
				},
				"neck_fluff3": {
					"rotation": [37.5, 0, 0],
					"position": [0, 0, -7]
				},
				"back_right_overcoat": {
					"rotation": [7.43656, 0.9762, -7.43656]
				},
				"back_right_overcoat2": {
					"rotation": [12.39638, 1.61888, -7.32417]
				},
				"wing_overcoat_right": {
					"rotation": [12.39638, 1.61888, -12.32417],
					"position": [0.4, 0, 0]
				},
				"wing_overcoat_right2": {
					"rotation": [-24.81197, -3.1622, -6.80423]
				},
				"wing_overcoat_left2": {
					"rotation": [-24.81197, 3.1622, 6.80423]
				},
				"tail": {
					"rotation": [-15, 0, 0]
				},
				"tail11": {
					"rotation": [-25, 30, 0]
				},
				"tail2": {
					"rotation": [-10, 0, 0]
				},
				"tail3": {
					"rotation": [-25, 0, 0]
				},
				"tail4": {
					"rotation": [-22.5, 0, 0]
				},
				"tail5": {
					"rotation": [-25, 10, 0]
				},
				"tail6": {
					"rotation": [-22.5, 0, 0]
				},
				"tail7": {
					"rotation": [-25, -10, 0]
				},
				"tail8": {
					"rotation": [-22.5, 0, 0]
				},
				"tail9": {
					"rotation": [-25, -30, 0]
				},
				"tail10": {
					"rotation": [-22.5, 0, 0]
				},
				"tail12": {
					"rotation": [-22.5, 0, 0]
				},
				"wing_overcoat_right3": {
					"rotation": [12.39638, -1.61888, 12.32417],
					"position": [-0.4, 0, 0]
				},
				"jaw": {
					"rotation": [10, 0, 0]
				}
			}
		},
		"animation.zacian.ground_walk": {
			"loop": true,
			"bones": {
				"front_left_leg": {
					"rotation": [15, 0, 0]
				},
				"front_right_leg": {
					"rotation": [15, 0, 0]
				},
				"front_left_leg2": {
					"rotation": [-12.5, 0, 0]
				},
				"front_right_leg2": {
					"rotation": [-12.5, 0, 0]
				},
				"front_right_leg3": {
					"rotation": [-12.5, 0, 0]
				},
				"front_left_leg3": {
					"rotation": [-12.5, 0, 0]
				},
				"front_right_foot": {
					"rotation": [10, 0, 0]
				},
				"front_left_foot": {
					"rotation": [10, 0, 0]
				},
				"back_right_foot": {
					"rotation": [-2.5, 0, 0]
				},
				"back_right_leg3": {
					"rotation": [-22.5, 0, 0]
				},
				"back_right_leg2": {
					"rotation": [10, 0, 0]
				},
				"back_right_leg": {
					"rotation": [15, 0, 0]
				},
				"back_left_leg": {
					"rotation": [15, 0, 0]
				},
				"back_left_leg2": {
					"rotation": [10, 0, 0]
				},
				"back_left_leg3": {
					"rotation": [-22.5, 0, 0]
				},
				"back_left_foot": {
					"rotation": [-2.5, 0, 0]
				},
				"front_left_overcoat": {
					"rotation": [0, 0, 2.5]
				},
				"front_right_overcoat": {
					"rotation": [0, 0, -2.5]
				},
				"back_left_overcoat": {
					"rotation": [7.43656, -0.9762, 7.43656]
				},
				"back_left_overcoat3": {
					"rotation": [15, 0, 0]
				},
				"back_left_overcoat2": {
					"rotation": [12.39638, -1.61888, 7.32417]
				},
				"back_right_overcoat3": {
					"rotation": [15, 0, 0]
				},
				"neck": {
					"rotation": [45, 0, 0]
				},
				"head": {
					"rotation": [-45, 0, 0]
				},
				"left_ear": {
					"rotation": [0, -7.5, 0]
				},
				"right_ear": {
					"rotation": [0, 7.5, 0]
				},
				"left_braid": {
					"rotation": [0, 15, 0]
				},
				"left_braid3": {
					"rotation": [12.5, 10, 0]
				},
				"left_braid4": {
					"rotation": [17.5, 7.5, 0]
				},
				"left_braid5": {
					"rotation": [15, 0, 0]
				},
				"left_braid6": {
					"rotation": [10.00933, -2.462, -0.43439]
				},
				"left_braid7": {
					"rotation": [10, 0, 0]
				},
				"left_braid8": {
					"rotation": [12.5, 0, 0]
				},
				"left_braid10": {
					"rotation": [10, 0, 0]
				},
				"left_braid11": {
					"rotation": [7.5, 0, 0]
				},
				"left_braid12": {
					"rotation": [7.5, 0, 0]
				},
				"right_braid": {
					"rotation": [0, -15, 0]
				},
				"right_braid3": {
					"rotation": [12.5, -10, 0]
				},
				"right_braid4": {
					"rotation": [17.5, -7.5, 0]
				},
				"right_braid5": {
					"rotation": [15, 0, 0]
				},
				"right_braid6": {
					"rotation": [10.00933, 2.462, 0.43439]
				},
				"right_braid7": {
					"rotation": [10, 0, 0]
				},
				"right_braid8": {
					"rotation": [12.5, 0, 0]
				},
				"right_braid9": {
					"rotation": [0, 0, 0]
				},
				"right_braid10": {
					"rotation": [10, 0, 0]
				},
				"right_braid11": {
					"rotation": [7.5, 0, 0]
				},
				"right_braid12": {
					"rotation": [7.5, 0, 0]
				},
				"neck_fluff": {
					"rotation": [35, 0, 0],
					"position": [0, -2.3, -5.5]
				},
				"neck_fluff2": {
					"rotation": [40, 0, 0],
					"position": [0, 1, -7]
				},
				"neck_fluff3": {
					"rotation": [37.5, 0, 0],
					"position": [0, 0, -7]
				},
				"back_right_overcoat": {
					"rotation": [7.43656, 0.9762, -7.43656]
				},
				"back_right_overcoat2": {
					"rotation": [12.39638, 1.61888, -7.32417]
				},
				"wing_overcoat_right": {
					"rotation": [12.39638, 1.61888, -12.32417],
					"position": [0.4, 0, 0]
				},
				"wing_overcoat_right2": {
					"rotation": [-24.81197, -3.1622, -6.80423]
				},
				"wing_overcoat_left2": {
					"rotation": [-24.81197, 3.1622, 6.80423]
				},
				"tail": {
					"rotation": [-15, 0, 0]
				},
				"tail11": {
					"rotation": [-25, 30, 0]
				},
				"tail2": {
					"rotation": [-10, 0, 0]
				},
				"tail3": {
					"rotation": [-25, 0, 0]
				},
				"tail4": {
					"rotation": [-22.5, 0, 0]
				},
				"tail5": {
					"rotation": [-25, 10, 0]
				},
				"tail6": {
					"rotation": [-22.5, 0, 0]
				},
				"tail7": {
					"rotation": [-25, -10, 0]
				},
				"tail8": {
					"rotation": [-22.5, 0, 0]
				},
				"tail9": {
					"rotation": [-25, -30, 0]
				},
				"tail10": {
					"rotation": [-22.5, 0, 0]
				},
				"tail12": {
					"rotation": [-22.5, 0, 0]
				},
				"wing_overcoat_right3": {
					"rotation": [12.39638, -1.61888, 12.32417],
					"position": [-0.4, 0, 0]
				},
				"jaw": {
					"rotation": [10, 0, 0]
				}
			}
		}
	}
}