{
	"format_version": "1.8.0",
	"animations": {
		"animation.pridedragonair.ground_idle": {
			"loop": true,
			"bones": {
				"tail1": {
					"rotation": [-15, 0, 0]
				},
				"tail2": {
					"rotation": [-12.5, 0, 0]
				},
				"tail3": {
					"rotation": [32.5, 0, 0]
				},
				"tail_mid": {
					"rotation": [42.5, 0, 0]
				},
				"tail4": {
					"rotation": [42.5, 0, 0]
				},
				"tail6": {
					"rotation": [-2.5, 0, 0]
				},
				"tail7": {
					"rotation": [-2.5, 0, 0]
				},
				"tail8": {
					"rotation": [5, 0, 0]
				},
				"tail9": {
					"rotation": [5, 0, 0]
				},
				"tail10": {
					"rotation": [5, 0, 0]
				}
			}
		},
		"animation.pridedragonair.water_idle": {
			"loop": true,
			"bones": {
				"tail1": {
					"rotation": [5, 0, 0]
				},
				"tail2": {
					"rotation": [25, 0, 0]
				},
				"tail3": {
					"rotation": [25, 0, 0]
				},
				"tail_mid": {
					"rotation": [25, 0, 0]
				},
				"tail4": {
					"rotation": [25, 0, 0]
				},
				"tail6": {
					"rotation": [-25, 0, 0]
				},
				"tail7": {
					"rotation": [-25, 0, 0]
				},
				"tail8": {
					"rotation": [-25, 0, 0]
				},
				"tail9": {
					"rotation": [25, 0, 0]
				},
				"tail10": {
					"rotation": [25, 0, 0]
				},
				"tail5": {
					"rotation": [25, 0, 0]
				},
				"body": {
					"position": [0, -5, -5]
				}
			}
		},
		"animation.pridedragonair.water_swim": {
			"loop": true,
			"bones": {
				"tail1": {
					"rotation": [30, 0, 0]
				},
				"tail2": {
					"rotation": [20, 0, 0]
				},
				"tail3": {
					"rotation": [20, 0, 0]
				},
				"tail_mid": {
					"rotation": [20, 0, 0]
				},
				"tail4": {
					"rotation": [20, 0, 0]
				},
				"tail6": {
					"rotation": [-20, 0, 0]
				},
				"tail7": {
					"rotation": [-20, 0, 0]
				},
				"tail8": {
					"rotation": [-20, 0, 0]
				},
				"tail9": {
					"rotation": [20, 0, 0]
				},
				"tail10": {
					"rotation": [20, 0, 0]
				},
				"tail5": {
					"rotation": [20, 0, 0]
				},
				"body": {
					"position": [0, -5, -5]
				}
			}
		},
		"animation.pridedragonair.ground_walk": {
			"loop": true,
			"bones": {
				"tail1": {
					"rotation": [-15, 0, 0]
				},
				"tail2": {
					"rotation": [-12.5, 0, 0]
				},
				"tail3": {
					"rotation": [32.5, 0, 0]
				},
				"tail_mid": {
					"rotation": [42.5, 0, 0]
				},
				"tail4": {
					"rotation": [30, 0, 0]
				},
				"tail6": {
					"rotation": [-15, 0, 0]
				},
				"tail7": {
					"rotation": [-15, 0, 0]
				},
				"tail8": {
					"rotation": [15, 0, 0]
				},
				"tail9": {
					"rotation": [15, 0, 0]
				},
				"tail10": {
					"rotation": [15, 0, 0]
				},
				"tail5": {
					"rotation": [30, 0, 0]
				}
			}
		},
		"animation.pridedragonair.surface_swim": {
			"loop": true,
			"bones": {
				"tail1": {
					"rotation": [5, 0, 0]
				},
				"tail2": {
					"rotation": [15, 0, 0]
				},
				"tail3": {
					"rotation": [15, 0, 0]
				},
				"tail_mid": {
					"rotation": [30, 0, 0]
				},
				"tail4": {
					"rotation": [30, 0, 0]
				},
				"tail6": {
					"rotation": [-15, 0, 0]
				},
				"tail7": {
					"rotation": [-15, 0, 0]
				},
				"tail8": {
					"rotation": [15, 0, 0]
				},
				"tail9": {
					"rotation": [15, 0, 0]
				},
				"tail10": {
					"rotation": [15, 0, 0]
				},
				"tail5": {
					"rotation": [15, 0, 0]
				},
				"body": {
					"position": [0, 0, -5]
				}
			}
		},
		"animation.pridedragonair.blink": {
			"animation_length": 0.16667,
			"bones": {
				"eyelid_left": {
					"position": {
						"0.0": [0.1, 0, 0],
						"0.125": [0.1, 0, 0],
						"0.1667": [0, 0, 0]
					}
				},
				"eyelid_right": {
					"position": {
						"0.0": [-0.1, 0, 0],
						"0.125": [-0.1, 0, 0],
						"0.1667": [0, 0, 0]
					}
				}
			}
		},
		"animation.pridedragonair.faint": {
			"animation_length": 0.16667,
			"bones": {
				"eyelid_left": {
					"position": {
						"0.0": [0.1, 0, 0],
						"0.125": [0.1, 0, 0],
						"0.1667": [0, 0, 0]
					}
				},
				"eyelid_right": {
					"position": {
						"0.0": [-0.1, 0, 0],
						"0.125": [-0.1, 0, 0],
						"0.1667": [0, 0, 0]
					}
				}
			}
		}
	}
}