{
	"format_version": "1.12.0",
	"minecraft:geometry": [
		{
			"description": {
				"identifier": "geometry.zygaregg",
				"texture_width": 128,
				"texture_height": 128,
				"visible_bounds_width": 4,
				"visible_bounds_height": 3.5,
				"visible_bounds_offset": [0, 1.25, 0]
			},
			"bones": [
				{
					"name": "zygaregg",
					"pivot": [0, 0, 0]
				},
				{
					"name": "body",
					"parent": "zygaregg",
					"pivot": [0, 0, 0],
					"cubes": [
						{"origin": [-7, 0, -7], "size": [14, 14, 14], "uv": [0, 0]},
						{"origin": [-6, 14, -6], "size": [12, 3, 12], "uv": [0, 28]},
						{"origin": [-5, 17, -5], "size": [10, 1, 10], "uv": [36, 28]}
					]
				},
				{
					"name": "head",
					"parent": "body",
					"pivot": [0, 0, 0],
					"cubes": [
						{"origin": [-1, 12, -1], "size": [2, 2, 2], "uv": [120, 0]}
					]
				},
				{
					"name": "ekor",
					"parent": "body",
					"pivot": [0, 0, 0]
				},
				{
					"name": "ekor1",
					"parent": "ekor",
					"pivot": [0, 5, 5],
					"cubes": [
						{"origin": [-2.5, 31, 4], "size": [5, 6, 0], "uv": [53, 112]},
						{"origin": [-4, 15, 3.999], "size": [8, 16, 0], "uv": [112, 112]}
					]
				},
				{
					"name": "ekor2",
					"parent": "ekor",
					"pivot": [0, 5, 5],
					"rotation": [0, 0, 22.5],
					"cubes": [
						{"origin": [-2.5, 30, 4], "size": [5, 6, 0], "uv": [53, 112]},
						{"origin": [-4, 14, 3.999], "size": [8, 16, 0], "uv": [112, 112]}
					]
				},
				{
					"name": "ekor3",
					"parent": "ekor",
					"pivot": [0, 5, 5],
					"rotation": [0, 0, -22.5],
					"cubes": [
						{"origin": [-2.5, 30, 4], "size": [5, 6, 0], "uv": [53, 112]},
						{"origin": [-4, 14, 3.999], "size": [8, 16, 0], "uv": [112, 112]}
					]
				},
				{
					"name": "sisik",
					"parent": "body",
					"pivot": [1, 2, 4]
				},
				{
					"name": "sisik1",
					"parent": "sisik",
					"pivot": [1, 2, 4],
					"cubes": [
						{"origin": [-19, 9, -1], "size": [12, 4, 0], "pivot": [-8, 11, -1], "rotation": [0, 0, 10], "uv": [0, 116]},
						{"origin": [-18, 4.5, -1], "size": [11, 4, 0], "pivot": [-7.5, 6.5, -1], "rotation": [0, 0, -5], "uv": [1, 121]},
						{"origin": [-12, 1.75, -1], "size": [5, 3, 0], "pivot": [-7.5, 3.25, -1], "rotation": [0, 0, -25], "uv": [6, 125]}
					]
				},
				{
					"name": "sisik2",
					"parent": "sisik",
					"pivot": [0, 14, 0],
					"cubes": [
						{"origin": [6, 9, -2], "size": [13, 4, 0], "pivot": [7, 11, -2], "rotation": [0, 0, -10], "uv": [70, 115]},
						{"origin": [6, 4.5, -2], "size": [11, 4, 0], "pivot": [7, 7, -2], "rotation": [0, 0, 5], "uv": [70, 121]},
						{"origin": [7, 1.75, -2], "size": [5, 3, 0], "pivot": [7.5, 3.75, -2], "rotation": [0, 0, 25], "uv": [72, 125]}
					]
				}
			]
		}
	]
}