{
	"format_version": "1.12.0",
	"minecraft:geometry": [
		{
			"description": {
				"identifier": "geometry.eteregg",
				"texture_width": 128,
				"texture_height": 128,
				"visible_bounds_width": 2,
				"visible_bounds_height": 2.5,
				"visible_bounds_offset": [0, 0.75, 0]
			},
			"bones": [
				{
					"name": "eteregg",
					"pivot": [0, 0, 0]
				},
				{
					"name": "body",
					"parent": "eteregg",
					"pivot": [0, 0, 0],
					"cubes": [
						{"origin": [-7, 0, -7], "size": [14, 13, 14], "uv": [0, 0]},
						{"origin": [-6, 13, -6], "size": [12, 3, 12], "uv": [0, 27]},
						{"origin": [-5, 16, -5], "size": [10, 1, 10], "uv": [36, 27]}
					]
				},
				{
					"name": "head",
					"parent": "body",
					"pivot": [0, 0, 0],
					"cubes": [
						{"origin": [-1, 10, -1], "size": [2, 2, 2], "uv": [0, 0]}
					]
				},
				{
					"name": "core",
					"parent": "body",
					"pivot": [-1.1, 16.5, 1.1],
					"cubes": [
						{"origin": [-1.3, 16.6, -1.6], "size": [3, 3, 3], "uv": [0, 0]},
						{"origin": [-2.3, 16.6, -2.6], "size": [5, 4, 5], "uv": [0, 119]}
					]
				},
				{
					"name": "beam",
					"parent": "core",
					"pivot": [-1, -2, 1],
					"cubes": [
						{"origin": [-3.2, -15.7, -0.6], "size": [8, 0, 8], "pivot": [0.6, 0.8, 1], "rotation": [0, 0, -180], "uv": [40, 38]},
						{"origin": [-1.7, 20.2, 0.9], "size": [7, 0, 7], "pivot": [0.8, 19.3, 1.1], "rotation": [0, 65, -180], "uv": [14, 42]},
						{"origin": [-0.8, 18, -6.6], "size": [8, 0, 8], "uv": [34, 0]},
						{"origin": [-3.3, 17.4, -5.1], "size": [7, 0, 7], "pivot": [-0.8, 16.5, 1.1], "rotation": [0, 32.5, 0], "uv": [0, 42]}
					]
				}
			]
		}
	]
}