{
	"format_version": "1.12.0",
	"minecraft:geometry": [
		{
			"description": {
				"identifier": "geometry.ukulele_pichu",
				"texture_width": 64,
				"texture_height": 64,
				"visible_bounds_width": 3,
				"visible_bounds_height": 2.5,
				"visible_bounds_offset": [0, 0.75, 0]
			},
			"bones": [
				{
					"name": "ukulele_pichu",
					"pivot": [0, 0, 0]
				},
				{
					"name": "body",
					"parent": "ukulele_pichu",
					"pivot": [0, 0, 0]
				},
				{
					"name": "torso",
					"parent": "body",
					"pivot": [0, 4.25, 0.25],
					"cubes": [
						{"origin": [-3, 1.25, -2.25], "size": [6, 6, 5], "uv": [0, 15]},
						{"origin": [-0.5, 5.3, -2.26], "size": [1, 1, 0], "uv": [5, 20]},
						{"origin": [-2.5, 6.3, -2.26], "size": [5, 1, 0], "uv": [0, 38]}
					]
				},
				{
					"name": "ukulele",
					"parent": "torso",
					"pivot": [0, 0, 0],
					"rotation": [0, 0, 7.5],
					"cubes": [
						{"origin": [-7, 1, 4], "size": [5, 4, 2], "pivot": [0, 0, 0], "rotation": [0, 0, 55], "uv": [10, 40]},
						{"origin": [-6.5, 0, 4], "size": [4, 1, 2], "pivot": [0, 0, 0], "rotation": [0, 0, 55], "uv": [9, 37]},
						{"origin": [-6.5, 5, 4], "size": [4, 1, 2], "pivot": [0, 0, 0], "rotation": [0, 0, 55], "uv": [9, 34]},
						{"origin": [-5.5, 6, 4], "size": [2, 5, 2], "pivot": [0, 0, 0], "rotation": [0, 0, 55], "uv": [2, 39]},
						{"origin": [-6, 8.5, 3.9], "size": [3, 2, 2], "pivot": [0, 0, 0], "rotation": [0, 0, 55], "uv": [2, 39]},
						{"origin": [-5.5, 5, 6.2], "size": [2, 6, 0], "pivot": [0, 0, 0], "rotation": [0, 0, 55], "uv": [34, 14]}
					]
				},
				{
					"name": "head",
					"parent": "torso",
					"pivot": [0, 7, 0.25],
					"cubes": [
						{"origin": [-4.5, 7, -3.75], "size": [9, 7, 8], "uv": [0, 0]},
						{"origin": [-0.5, 9, -3.775], "size": [1, 1, 0], "uv": [4, 30]},
						{"origin": [-1.5, 7.75, -3.76], "size": [3, 1, 0], "uv": [8, 31]},
						{"origin": [-0.5, 7.25, -3.76], "size": [1, 1, 0], "uv": [8, 32]}
					]
				},
				{
					"name": "openmouth",
					"parent": "head",
					"pivot": [0, 8.5, -3.775],
					"cubes": [
						{"origin": [-1.5, 7.75, -3.67], "size": [3, 1, 0], "uv": [12, 30]},
						{"origin": [-1, 7.25, -3.68], "size": [2, 1, 0], "uv": [8, 30]}
					]
				},
				{
					"name": "eyes",
					"parent": "head",
					"pivot": [0, 10, -3.775],
					"cubes": [
						{"origin": [-3.5, 9, -3.775], "size": [2, 2, 0], "uv": [0, 30], "mirror": true},
						{"origin": [-2.75, 9.75, -3.785], "size": [1, 1, 0], "uv": [4, 31], "mirror": true},
						{"origin": [1.75, 9.75, -3.785], "size": [1, 1, 0], "uv": [4, 31]},
						{"origin": [1.5, 9, -3.775], "size": [2, 2, 0], "uv": [0, 30]}
					]
				},
				{
					"name": "eyelid_right",
					"parent": "eyes",
					"pivot": [-2.5, 10, -3.175],
					"cubes": [
						{"origin": [-3.5, 9, -3.675], "size": [2, 2, 1], "inflate": 0.02, "uv": [0, 33], "mirror": true}
					]
				},
				{
					"name": "eyelid_left",
					"parent": "eyes",
					"pivot": [2.5, 10, -3.175],
					"cubes": [
						{"origin": [1.5, 9, -3.675], "size": [2, 2, 1], "inflate": 0.02, "uv": [0, 33]}
					]
				},
				{
					"name": "ear_right",
					"parent": "head",
					"pivot": [-3.25, 13, 0.25],
					"rotation": [0, 15, -30],
					"cubes": [
						{"origin": [-6.75, 13, 0.25], "size": [7, 4, 0], "uv": [24, 20]}
					]
				},
				{
					"name": "ear_right2",
					"parent": "ear_right",
					"pivot": [-3.25, 17, 0.25],
					"cubes": [
						{"origin": [-6.75, 17, 0.25], "size": [7, 6, 0], "uv": [24, 24]}
					]
				},
				{
					"name": "ear_left",
					"parent": "head",
					"pivot": [3.25, 13, 0.25],
					"rotation": [0, -15, 30],
					"cubes": [
						{"origin": [-0.25, 13, 0.25], "size": [7, 4, 0], "uv": [24, 30], "mirror": true}
					]
				},
				{
					"name": "ear_left2",
					"parent": "ear_left",
					"pivot": [3.25, 17, 0.25],
					"cubes": [
						{"origin": [-0.25, 17, 0.25], "size": [7, 6, 0], "uv": [24, 34], "mirror": true}
					]
				},
				{
					"name": "arm_right",
					"parent": "torso",
					"pivot": [-3, 7, 0],
					"cubes": [
						{"origin": [-7, 5, -1], "size": [4, 2, 2], "uv": [0, 26]},
						{"origin": [-6.5, 6.5, -0.5], "size": [1, 1, 0], "pivot": [-6, 7, -0.5], "rotation": [20, 0, -10], "uv": [0, 1]}
					]
				},
				{
					"name": "arm_left",
					"parent": "torso",
					"pivot": [3, 7, 0],
					"cubes": [
						{"origin": [3, 5, -1], "size": [4, 2, 2], "uv": [0, 26], "mirror": true},
						{"origin": [5.5, 6.5, -0.5], "size": [1, 1, 0], "pivot": [6, 7, -0.5], "rotation": [20, 0, 10], "uv": [0, 1], "mirror": true}
					]
				},
				{
					"name": "tail0",
					"parent": "torso",
					"pivot": [0, 2.25, 2.75]
				},
				{
					"name": "tail1",
					"parent": "tail0",
					"pivot": [0, 2.25, 2.75],
					"rotation": [25, 0, 0],
					"cubes": [
						{"origin": [0, 1.75, 1.75], "size": [0, 1, 4], "pivot": [0, 0, 0], "rotation": [-7.5, 0, 0], "uv": [26, 3]}
					]
				},
				{
					"name": "tail2",
					"parent": "tail1",
					"pivot": [0, 1.75, 5.75],
					"cubes": [
						{"origin": [0, -3, 5], "size": [0, 4, 5], "pivot": [0, 0, 8], "rotation": [-65, 0, 0], "uv": [19, 10]}
					]
				},
				{
					"name": "leg_right",
					"parent": "body",
					"pivot": [-1.75, 1.5, 0.5],
					"rotation": [0, 10, 0],
					"cubes": [
						{"origin": [-2.75, 1, -0.5], "size": [2, 1, 2], "inflate": 0.02, "uv": [13, 27]},
						{"origin": [-2.7424, 0, -1.08682], "size": [2, 1, 3], "inflate": 0.02, "uv": [12, 26]}
					]
				},
				{
					"name": "foot_right2",
					"parent": "leg_right",
					"pivot": [-1.75, 0, -1],
					"cubes": [
						{"origin": [-2.7424, 0, -2.08682], "size": [2, 1, 1], "uv": [28, 2]}
					]
				},
				{
					"name": "leg_left",
					"parent": "body",
					"pivot": [1.75, 1.5, 0.5],
					"rotation": [0, -10, 0],
					"cubes": [
						{"origin": [0.75, 1, -0.5], "size": [2, 1, 2], "inflate": 0.02, "uv": [13, 27], "mirror": true},
						{"origin": [0.7576, 0, -0.91318], "size": [2, 1, 3], "inflate": 0.02, "uv": [12, 26], "mirror": true}
					]
				},
				{
					"name": "foot_left2",
					"parent": "leg_left",
					"pivot": [1.75, 0, -1],
					"cubes": [
						{"origin": [0.7576, 0, -1.91318], "size": [2, 1, 1], "uv": [28, 2], "mirror": true}
					]
				}
			]
		}
	]
}