{
	"format_version": "1.12.0",
	"minecraft:geometry": [
		{
			"description": {
				"identifier": "geometry.abomasnow",
				"texture_width": 128,
				"texture_height": 128,
				"visible_bounds_width": 6,
				"visible_bounds_height": 4.5,
				"visible_bounds_offset": [0, 1.75, 0]
			},
			"bones": [
				{
					"name": "abomasnow",
					"pivot": [0, -1, 0]
				},
				{
					"name": "body",
					"parent": "abomasnow",
					"pivot": [0, -1, 0],
					"cubes": [
						{"origin": [-11, 13, -10], "size": [20, 14, 14], "uv": [0, 33]}
					]
				},
				{
					"name": "horns",
					"parent": "body",
					"pivot": [0, -1, 0],
					"cubes": [
						{"origin": [1, 22, 2], "size": [5, 5, 7], "pivot": [3.5, 24.5, 3.5], "rotation": [17.5, 0, 0], "uv": [100, 42]},
						{"origin": [1.5, 22.5, 8], "size": [4, 4, 3], "pivot": [3.5, 24.5, 3.5], "rotation": [17.5, 0, 0], "uv": [61, 110]},
						{"origin": [1, 15, 2], "size": [5, 5, 7], "pivot": [3.5, 17.5, 3.5], "rotation": [10, 0, 0], "uv": [0, 95]},
						{"origin": [1.5, 15.5, 8], "size": [4, 4, 3], "pivot": [3.5, 17.5, 3.5], "rotation": [10, 0, 0], "uv": [0, 107]},
						{"origin": [-7.5, 15.5, 8], "size": [4, 4, 3], "pivot": [-5.5, 17.5, 3.5], "rotation": [10, 0, 0], "uv": [0, 107]},
						{"origin": [-8, 15, 2], "size": [5, 5, 7], "pivot": [-5.5, 17.5, 3.5], "rotation": [10, 0, 0], "uv": [0, 95]},
						{"origin": [-8, 22, 2], "size": [5, 5, 7], "pivot": [-5.5, 24.5, 3.5], "rotation": [17.5, 0, 0], "uv": [100, 42]},
						{"origin": [-7.5, 22.5, 8], "size": [4, 4, 3], "pivot": [-5.5, 24.5, 3.5], "rotation": [17.5, 0, 0], "uv": [61, 110]}
					]
				},
				{
					"name": "left_arm",
					"parent": "body",
					"pivot": [9, 27, -2],
					"rotation": [0, 0, 12.5],
					"cubes": [
						{"origin": [9, 21, -5.5], "size": [12, 6, 6], "pivot": [9, 27, 0], "rotation": [0, 0, 20], "uv": [76, 86]},
						{"origin": [19, 20, -6.5], "size": [11, 8, 8], "pivot": [9, 27, 0], "rotation": [0, 0, 20], "uv": [82, 70]},
						{"origin": [30, 23.5, -4], "size": [5, 3, 3], "pivot": [9, 27, 0], "rotation": [0, 0, 20], "uv": [104, 19]},
						{"origin": [25.61702, 14.98547, -7.9], "size": [5, 3, 3], "pivot": [29.11702, 16.48547, -6.5], "rotation": [0, 22.5, 20], "uv": [104, 19]},
						{"origin": [25.61702, 14.98547, 0], "size": [5, 3, 3], "pivot": [29.11702, 16.48547, 1.5], "rotation": [0, -25, 20], "uv": [104, 19]}
					]
				},
				{
					"name": "right_arm",
					"parent": "body",
					"pivot": [-13, 27, -2],
					"rotation": [0, 0, -12.5],
					"cubes": [
						{"origin": [-23.04741, 20.56712, -5.5], "size": [12, 6, 6], "pivot": [-11.04741, 26.56712, 0], "rotation": [0, 0, -20], "uv": [76, 86], "mirror": true},
						{"origin": [-32.04741, 19.56712, -6.5], "size": [11, 8, 8], "pivot": [-11.04741, 26.56712, 0], "rotation": [0, 0, -20], "uv": [82, 70], "mirror": true},
						{"origin": [-37.04741, 23.06712, -4], "size": [5, 3, 3], "pivot": [-11.04741, 26.56712, 0], "rotation": [0, 0, -20], "uv": [104, 19], "mirror": true},
						{"origin": [-32.66443, 14.55259, -7.9], "size": [5, 3, 3], "pivot": [-31.16443, 16.05259, -6.5], "rotation": [0, -22.5, -20], "uv": [104, 19], "mirror": true},
						{"origin": [-32.66443, 14.55259, 0], "size": [5, 3, 3], "pivot": [-31.16443, 16.05259, 1.5], "rotation": [0, 25, -20], "uv": [104, 19], "mirror": true}
					]
				},
				{
					"name": "head",
					"parent": "body",
					"pivot": [2, 31, -6],
					"cubes": [
						{"origin": [-9, 27, -9], "size": [16, 9, 13], "uv": [55, 48]},
						{"origin": [-4, 33, -9.2], "size": [1, 1, 0], "uv": [53, 61]},
						{"origin": [1, 33, -9.2], "size": [1, 1, 0], "uv": [53, 61]},
						{"origin": [-7, 32, -9.1], "size": [6, 10, 0], "pivot": [-4, 33, -6], "rotation": [0, 0, -40], "uv": [0, 0]},
						{"origin": [-5.75977, 32.08744, -9.15], "size": [2.7, 3.5, 0], "pivot": [-4.25977, 34.08744, -9.1], "rotation": [0, 0, -60], "uv": [12, 0]},
						{"origin": [-1, 32, -9.1], "size": [6, 10, 0], "pivot": [2, 33, -6], "rotation": [0, 0, 40], "uv": [0, 33]},
						{"origin": [-2, 36, -9.075], "size": [6, 6, 0], "pivot": [2, 33, -6], "rotation": [0, 0, 67.5], "uv": [43, 122]},
						{"origin": [-5, 38, -9.075], "size": [6, 6, 0], "pivot": [-2, 33, -6], "rotation": [0, 0, -67.5], "uv": [43, 122], "mirror": true},
						{"origin": [1.05977, 32.08744, -9.15], "size": [2.7, 3.5, 0], "pivot": [2.25977, 34.08744, -9.1], "rotation": [0, 0, 60], "uv": [12, 3]},
						{"origin": [-8.11636, 22.78484, -9.1], "size": [4, 8, 0], "pivot": [-4.34053, 30.93917, -9.1], "rotation": [-13.73725, 7.81902, 32.9645], "uv": [113, 94]},
						{"origin": [-6.11636, 23.78484, -9.1], "size": [4, 8, 0], "pivot": [-4.34053, 30.93917, -9.1], "rotation": [-19.98247, 0.85481, 24.84941], "uv": [113, 94]},
						{"origin": [-4.11636, 24.78484, -9.1], "size": [4, 8, 0], "pivot": [-4.34053, 30.93917, -9.1], "rotation": [-22.57734, 4.61854, 20.58243], "uv": [113, 94]},
						{"origin": [-0.91559, 24.04812, -9.1], "size": [5, 8, 0], "pivot": [2.35185, 30.90634, -9.1], "rotation": [-22.01816, -4.75113, -34.07518], "uv": [113, 86]},
						{"origin": [-2.91559, 25.04812, -9.1], "size": [5, 8, 0], "pivot": [2.35185, 30.90634, -9.1], "rotation": [-25.08377, -4.53051, -20.38249], "uv": [113, 94]},
						{"origin": [1.08441, 23.04812, -9.1], "size": [5, 8, 0], "pivot": [2.35185, 30.90634, -9.1], "rotation": [-16.22147, -8.26569, -32.61689], "uv": [112, 86]},
						{"origin": [3.08441, 15.04812, -11.1], "size": [5, 8, 0], "pivot": [6.35185, 21.90634, -11.1], "rotation": [-17.48072, -0.95645, -24.80991], "uv": [99, 110]},
						{"origin": [5.08441, 14.04812, -11.1], "size": [5, 8, 0], "pivot": [6.35185, 21.90634, -11.1], "rotation": [-13.82085, -10.69385, -32.01358], "uv": [109, 110]},
						{"origin": [-0.2002, 15.47488, -11.74619], "size": [5, 8, 0], "pivot": [2.2998, 19.47488, -11.74619], "rotation": [-13.31764, -7.89595, -6.32244], "uv": [89, 110]},
						{"origin": [-5.19551, 15.54747, -11.54219], "size": [5, 8, 0], "pivot": [-2.69551, 19.54747, -11.54219], "rotation": [-12.90361, 11.77737, 5.67943], "uv": [0, 61]},
						{"origin": [1.01886, 15.69373, -11.06537], "size": [5, 8, 0], "pivot": [5.35185, 21.90634, -11.1], "rotation": [-17.89763, -3.00608, -15.61008], "uv": [43, 112]},
						{"origin": [-7.11636, 15.78484, -11.1], "size": [4, 8, 0], "pivot": [-7.34053, 21.93917, -11.1], "rotation": [-17.57734, 4.61854, 20.58243], "uv": [64, 0]},
						{"origin": [-9.11636, 14.78484, -11.1], "size": [4, 8, 0], "pivot": [-7.34053, 21.93917, -11.1], "rotation": [-12.48247, 0.85481, 24.84941], "uv": [117, 31]},
						{"origin": [-11.11636, 13.78484, -11.1], "size": [4, 8, 0], "pivot": [-7.34053, 21.93917, -11.1], "rotation": [-11.31508, 10.27077, 32.46954], "uv": [117, 39]}
					]
				},
				{
					"name": "lower_body",
					"parent": "abomasnow",
					"pivot": [0, -1, 0],
					"cubes": [
						{"origin": [-13, 5, -11], "size": [24, 17, 16], "uv": [0, 0]},
						{"origin": [-7.5, 13, 6], "size": [4, 9, 0], "pivot": [-4.5, 20.5, 6], "rotation": [4.94968, -5.84865, 9.5318], "uv": [53, 112]},
						{"origin": [-11, 13, 6], "size": [4, 9, 0], "pivot": [-9, 20.5, 6], "rotation": [4.9766, -8.33927, 9.31386], "uv": [113, 60]},
						{"origin": [-13.60819, 12.7759, 5.34699], "size": [4, 9, 0], "pivot": [-12.70819, 18.2759, 5.34699], "rotation": [5.43161, -25.98314, 10.16084], "uv": [0, 114]},
						{"origin": [-15.73655, 11.78706, 3.87868], "size": [4, 9, 0], "pivot": [-13.73655, 17.28706, 3.87868], "rotation": [0, -77.5, 15], "uv": [114, 7]}
					]
				},
				{
					"name": "bone2",
					"parent": "lower_body",
					"pivot": [5.5, 20.5, 6],
					"cubes": [
						{"origin": [9.64048, 12.15355, 4.15097], "size": [4, 9, 0], "pivot": [11.64048, 17.65355, 4.15097], "rotation": [-0.93565, 77.80122, -16.11546], "uv": [32, 114]},
						{"origin": [7.76211, 12.87223, 5.4006], "size": [4, 9, 0], "pivot": [9.76211, 17.37223, 5.4006], "rotation": [5.27995, 13.85079, -11.52578], "uv": [24, 114]},
						{"origin": [1, 13, 6], "size": [4, 9, 0], "pivot": [1, 20.5, 6], "rotation": [7.4726, 8.73596, -8.94325], "uv": [8, 114]},
						{"origin": [4.5, 13, 6], "size": [4, 9, 0], "pivot": [5.5, 20.5, 6], "rotation": [7.42993, 6.25707, -9.27023], "uv": [16, 114]}
					]
				},
				{
					"name": "tail",
					"parent": "lower_body",
					"pivot": [-1, 7.5, 3]
				},
				{
					"name": "bone",
					"parent": "tail",
					"pivot": [-1, 9, 1.47886],
					"rotation": [-10, 0, 0],
					"cubes": [
						{"origin": [-5.5, 5, 1], "size": [9, 8, 9], "pivot": [-1, 9.5, 0], "rotation": [0, 0, 0], "uv": [41, 75]},
						{"origin": [-4.5, 5.5, 10], "size": [7, 7, 5], "pivot": [-1, 9.5, 0], "rotation": [0, 0, 0], "uv": [53, 93]},
						{"origin": [-3, 7, 14], "size": [4, 4, 7], "pivot": [-1, 9.5, 0], "rotation": [0, 0, 0], "uv": [29, 92]},
						{"origin": [2.5, 5.5, 14], "size": [7, 7, 0], "pivot": [2.5, 9, 14], "rotation": [0, -72.5, 0], "uv": [50, 105]},
						{"origin": [-4.5, 12.5, 14], "size": [7, 7, 0], "pivot": [-1, 12.5, 14], "rotation": [-72.5, 0, 0], "uv": [36, 104]},
						{"origin": [-11.5, 5.5, 14], "size": [7, 7, 0], "pivot": [-4.5, 9, 14], "rotation": [0, 72.5, 0], "uv": [87, 98]},
						{"origin": [-4.5, -1.5, 14], "size": [7, 7, 0], "pivot": [-1, 5.5, 14], "rotation": [72.5, 0, 0], "uv": [68, 77]}
					]
				},
				{
					"name": "left_leg",
					"parent": "lower_body",
					"pivot": [4.5, 1, -2.5],
					"cubes": [
						{"origin": [0.5, 3, -9], "size": [12, 9, 13], "uv": [0, 61]},
						{"origin": [4.5, 0, -6], "size": [6, 3, 7], "uv": [95, 9]},
						{"origin": [4.5, 1, -11], "size": [6, 0, 5], "pivot": [7.5, 1, -6], "rotation": [17.5, 0, 0], "uv": [73, 70]},
						{"origin": [4.5, 1, 1], "size": [6, 0, 5], "pivot": [7.5, 1, 1], "rotation": [-20, 0, 0], "uv": [71, 42]},
						{"origin": [-12.5, 1, 1], "size": [6, 0, 5], "pivot": [7.5, 1, 1], "rotation": [-20, 0, 0], "uv": [71, 42]},
						{"origin": [10.5, 1, -6], "size": [5, 0, 7], "pivot": [10.5, 1, -2.5], "rotation": [0, 0, 20], "uv": [61, 70]},
						{"origin": [-0.5, 1, -6], "size": [5, 0, 7], "pivot": [4.5, 1, -2.5], "rotation": [0, 0, -20], "uv": [30, 61]}
					]
				},
				{
					"name": "right_leg",
					"parent": "lower_body",
					"pivot": [-12.5, 1, -2.5],
					"cubes": [
						{"origin": [-14.5, 3, -9], "size": [12, 9, 13], "uv": [67, 20]},
						{"origin": [-12.5, 0, -6], "size": [6, 3, 7], "uv": [95, 9]},
						{"origin": [-12.5, 1, -11], "size": [6, 0, 5], "pivot": [-9.5, 1, -6], "rotation": [20, 0, 0], "uv": [73, 70]},
						{"origin": [-6.5, 1, -6], "size": [5, 0, 7], "pivot": [-6.5, 1, -2.5], "rotation": [0, 0, 20], "uv": [61, 70]},
						{"origin": [-17.5, 1, -6], "size": [5, 0, 7], "pivot": [-12.5, 1, -2.5], "rotation": [0, 0, -20], "uv": [30, 61]}
					]
				}
			]
		}
	]
}