{
	"format_version": "1.12.0",
	"minecraft:geometry": [
		{
			"description": {
				"identifier": "geometry.audino",
				"texture_width": 128,
				"texture_height": 128,
				"visible_bounds_width": 3,
				"visible_bounds_height": 3.5,
				"visible_bounds_offset": [0, 1.25, 0]
			},
			"bones": [
				{
					"name": "audino",
					"pivot": [0, 0, 0]
				},
				{
					"name": "body",
					"parent": "audino",
					"pivot": [0, 13.3, 0]
				},
				{
					"name": "hips",
					"parent": "body",
					"pivot": [0.5, 7.3, 0.5],
					"cubes": [
						{"origin": [-5.5, 4.8, -4.75], "size": [11, 9, 10], "pivot": [0.5, 13.8, -4.25], "rotation": [2.5, 0, 0], "uv": [73, 1]}
					]
				},
				{
					"name": "tail",
					"parent": "hips",
					"pivot": [0, 8.8, 5.25],
					"cubes": [
						{"origin": [-2.5, 6.8, 4.25], "size": [5, 4, 5], "uv": [15, 42]}
					]
				},
				{
					"name": "tail2",
					"parent": "tail",
					"pivot": [2.5, 10.3, 7.25],
					"rotation": [0, 0, 25],
					"cubes": [
						{"origin": [-0.5, 9.3, 5.75], "size": [3, 2, 3], "uv": [27, 21]}
					]
				},
				{
					"name": "tail3",
					"parent": "tail2",
					"pivot": [-0.5, 9.3, 7.25],
					"rotation": [0, 0, 35],
					"cubes": [
						{"origin": [-2.5, 9.3, 6.25], "size": [2, 2, 2], "uv": [0, 6]}
					]
				},
				{
					"name": "waist",
					"parent": "hips",
					"pivot": [0, 13.8, 0.25],
					"cubes": [
						{"origin": [-4.5, 12.8, -4.25], "size": [9, 4, 9], "uv": [0, 18]}
					]
				},
				{
					"name": "torso",
					"parent": "waist",
					"pivot": [0, 16.8, 0.25],
					"cubes": [
						{"origin": [-4, 15.8, -3.25], "size": [8, 3, 7], "uv": [8, 5]}
					]
				},
				{
					"name": "head",
					"parent": "torso",
					"pivot": [0, 18.8, 0.25],
					"cubes": [
						{"origin": [-4.5, 18.8, -4], "size": [9, 8, 8], "inflate": 0.01, "uv": [71, 42]}
					]
				},
				{
					"name": "ear_left",
					"parent": "head",
					"pivot": [4.5, 26.8, 0],
					"rotation": [0, 0, -22.5],
					"cubes": [
						{"origin": [2.9916, 21.85482, -1], "size": [4, 6, 2], "inflate": 0.02, "uv": [56, 32]},
						{"origin": [3.4916, 19.85482, -1], "size": [2, 2, 2], "inflate": 0.01, "pivot": [3.4916, 22.85482, 0], "rotation": [0, 0, -17.5], "uv": [30, 42]}
					]
				},
				{
					"name": "earlobe_left",
					"parent": "ear_left",
					"pivot": [2.9916, 21.85482, 0],
					"rotation": [0, 0, 2.5],
					"cubes": [
						{"origin": [2.9666, 18.82982, -0.5], "size": [1, 3, 1], "inflate": 0.02, "uv": [32, 0]}
					]
				},
				{
					"name": "earlobe_left2",
					"parent": "earlobe_left",
					"pivot": [2.9916, 18.85482, 0],
					"rotation": [0, 0, -2.5],
					"cubes": [
						{"origin": [2.9666, 16.82982, -0.5], "size": [1, 2, 1], "inflate": 0.01, "uv": [0, 62]}
					]
				},
				{
					"name": "earlobe_left3",
					"parent": "earlobe_left2",
					"pivot": [3.9666, 16.85482, 0],
					"rotation": [0, 0, -180],
					"cubes": [
						{"origin": [3.9666, 16.82982, -0.5], "size": [1, 2, 1], "uv": [9, 64]}
					]
				},
				{
					"name": "earlobeouter_left",
					"parent": "ear_left",
					"pivot": [4.9916, 21.85482, 0],
					"cubes": [
						{"origin": [4.9916, 17.85482, -1], "size": [2, 4, 2], "pivot": [4.9916, 21.85482, 0], "rotation": [0, 0, -57.5], "uv": [0, 0]}
					]
				},
				{
					"name": "ear_right",
					"parent": "head",
					"pivot": [-4.5, 26.8, 0],
					"rotation": [0, 0, 22.5],
					"cubes": [
						{"origin": [-6.9916, 21.85482, -1], "size": [4, 6, 2], "inflate": 0.02, "uv": [56, 32], "mirror": true},
						{"origin": [-5.4916, 19.85482, -1], "size": [2, 2, 2], "inflate": 0.01, "pivot": [-3.4916, 22.85482, 0], "rotation": [0, 0, 17.5], "uv": [30, 42], "mirror": true}
					]
				},
				{
					"name": "earlobe_right",
					"parent": "ear_right",
					"pivot": [-2.9916, 21.85482, 0],
					"rotation": [0, 0, -2.5],
					"cubes": [
						{"origin": [-3.9666, 18.82982, -0.5], "size": [1, 3, 1], "inflate": 0.02, "uv": [32, 0], "mirror": true}
					]
				},
				{
					"name": "earlobe_right2",
					"parent": "earlobe_right",
					"pivot": [-2.9916, 18.85482, 0],
					"rotation": [0, 0, 2.5],
					"cubes": [
						{"origin": [-3.9666, 16.82982, -0.5], "size": [1, 2, 1], "inflate": 0.01, "uv": [0, 62], "mirror": true}
					]
				},
				{
					"name": "earlobe_right3",
					"parent": "earlobe_right2",
					"pivot": [-3.9666, 16.85482, 0],
					"rotation": [0, 0, 180],
					"cubes": [
						{"origin": [-4.9666, 16.82982, -0.5], "size": [1, 2, 1], "uv": [9, 64], "mirror": true}
					]
				},
				{
					"name": "earlobeouter_right",
					"parent": "ear_right",
					"pivot": [-4.9916, 21.85482, 0],
					"cubes": [
						{"origin": [-6.9916, 17.85482, -1], "size": [2, 4, 2], "pivot": [-4.9916, 21.85482, 0], "rotation": [0, 0, 57.5], "uv": [0, 0], "mirror": true}
					]
				},
				{
					"name": "eyes",
					"parent": "head",
					"pivot": [-2.7, 22.55, -4.02]
				},
				{
					"name": "eye_left",
					"parent": "eyes",
					"pivot": [2.7, 22.55, -4.02],
					"cubes": [
						{"origin": [2.1, 21.05, -4.02], "size": [2, 3, 0], "pivot": [2.7, 22.55, -4.02], "rotation": [0, 0, -2.5], "uv": [14, 35]}
					]
				},
				{
					"name": "eye_angry",
					"parent": "eye_left",
					"pivot": [2.79533, 23.80535, -3.94],
					"cubes": [
						{"origin": [1.44533, 23.70535, -3.94], "size": [3, 1, 0], "pivot": [2.79533, 23.80535, -3.94], "rotation": [0, 0, -12.5], "uv": [34, 34]},
						{"origin": [-4.44533, 23.70535, -3.94], "size": [3, 1, 0], "pivot": [-2.79533, 23.80535, -3.94], "rotation": [0, 0, 12.5], "uv": [34, 34], "mirror": true}
					]
				},
				{
					"name": "pupil_left",
					"parent": "eye_left",
					"pivot": [2.7, 22.55, -4.02],
					"cubes": [
						{"origin": [2.35, 22.8, -4.03], "size": [1, 1, 0], "pivot": [2.7, 22.55, -4.02], "rotation": [0, 0, -2.5], "uv": [0, 1]}
					]
				},
				{
					"name": "eye_right",
					"parent": "eyes",
					"pivot": [-2.7, 22.55, -4.02],
					"cubes": [
						{"origin": [-4.1, 21.05, -4.02], "size": [2, 3, 0], "pivot": [-2.7, 22.55, -4.02], "rotation": [0, 0, 2.5], "uv": [32, 4]}
					]
				},
				{
					"name": "pupil_right",
					"parent": "eye_right",
					"pivot": [-2.7, 22.55, -4.02],
					"cubes": [
						{"origin": [-3.35, 22.8, -4.03], "size": [1, 1, 0], "pivot": [-2.7, 22.55, -4.02], "rotation": [0, 0, 2.5], "uv": [0, 0]}
					]
				},
				{
					"name": "mouth",
					"parent": "head",
					"pivot": [0, 19.55, -4],
					"cubes": [
						{"origin": [-1.5, 20.2, -4.02], "size": [3, 1, 0], "uv": [27, 26]},
						{"origin": [-0.5, 19.8, -4.02], "size": [1, 1, 0], "uv": [0, 6]}
					]
				},
				{
					"name": "mouth_angry",
					"parent": "head",
					"pivot": [0, 20.05, -3.9],
					"cubes": [
						{"origin": [-0.5, 20.3, -3.92], "size": [1, 1, 0], "uv": [0, 6]},
						{"origin": [-1.5, 19.95, -3.92], "size": [3, 1, 0], "uv": [27, 26]}
					]
				},
				{
					"name": "mouth_open",
					"parent": "head",
					"pivot": [0, 19.55, -3.9],
					"cubes": [
						{"origin": [-1, 19.7, -3.93], "size": [2, 1, 0], "uv": [47, 36]},
						{"origin": [-0.5, 20.2, -3.92], "size": [1, 1, 0], "pivot": [0, 20.7, -3.92], "rotation": [0, 0, 45], "uv": [42, 29]}
					]
				},
				{
					"name": "eyelids",
					"parent": "head",
					"pivot": [2.7, 22.55, -3.92]
				},
				{
					"name": "eyelid_left",
					"parent": "eyelids",
					"pivot": [2.7, 22.55, -3.92],
					"cubes": [
						{"origin": [2.1, 21.05, -3.92], "size": [2, 3, 0], "pivot": [2.7, 22.55, -3.92], "rotation": [0, 0, -2.5], "uv": [20, 65]}
					]
				},
				{
					"name": "eyelid_right",
					"parent": "eyelids",
					"pivot": [-2.7, 22.55, -3.92],
					"cubes": [
						{"origin": [-4.1, 21.05, -3.92], "size": [2, 3, 0], "pivot": [-2.7, 22.55, -3.92], "rotation": [0, 0, 2.5], "uv": [20, 65], "mirror": true}
					]
				},
				{
					"name": "arm_right",
					"parent": "waist",
					"pivot": [-4.5, 16.3, 0.5],
					"cubes": [
						{"origin": [-7.5, 14.3, -1], "size": [4, 2, 3], "uv": [53, 21]}
					]
				},
				{
					"name": "arm_right2",
					"parent": "arm_right",
					"pivot": [-7.5, 15.3, 2],
					"cubes": [
						{"origin": [-11.5, 14.3, -1], "size": [4, 2, 3], "inflate": 0.01, "uv": [0, 53]}
					]
				},
				{
					"name": "hand_right",
					"parent": "arm_right2",
					"pivot": [-11.5, 15.3, 0.5]
				},
				{
					"name": "pinky_right",
					"parent": "hand_right",
					"pivot": [-11.5, 16.3, 1],
					"rotation": [0, 10, 0],
					"cubes": [
						{"origin": [-12.5, 15.3, 1], "size": [1, 1, 1], "uv": [0, 39]}
					]
				},
				{
					"name": "finger_right",
					"parent": "hand_right",
					"pivot": [-11.5, 16.3, 0.5],
					"cubes": [
						{"origin": [-12.5, 15.3, 0], "size": [1, 1, 1], "uv": [38, 25]}
					]
				},
				{
					"name": "pointer_right",
					"parent": "hand_right",
					"pivot": [-11.5, 16.3, 0],
					"rotation": [0, -10, 0],
					"cubes": [
						{"origin": [-12.5, 15.3, -1], "size": [1, 1, 1], "uv": [24, 37]}
					]
				},
				{
					"name": "arm_left",
					"parent": "waist",
					"pivot": [4.5, 16.3, 0.5],
					"cubes": [
						{"origin": [3.5, 14.3, -1], "size": [4, 2, 3], "uv": [53, 21], "mirror": true}
					]
				},
				{
					"name": "arm_left2",
					"parent": "arm_left",
					"pivot": [7.5, 15.3, 2],
					"cubes": [
						{"origin": [7.5, 14.3, -1], "size": [4, 2, 3], "inflate": 0.01, "uv": [0, 53], "mirror": true}
					]
				},
				{
					"name": "hand_left",
					"parent": "arm_left2",
					"pivot": [11.5, 15.3, 0.5]
				},
				{
					"name": "pinky_left",
					"parent": "hand_left",
					"pivot": [11.5, 16.3, 1],
					"rotation": [0, -10, 0],
					"cubes": [
						{"origin": [11.5, 15.3, 1], "size": [1, 1, 1], "uv": [0, 39], "mirror": true}
					]
				},
				{
					"name": "finger_left",
					"parent": "hand_left",
					"pivot": [11.5, 16.3, 0.5],
					"cubes": [
						{"origin": [11.5, 15.3, 0], "size": [1, 1, 1], "uv": [38, 25], "mirror": true}
					]
				},
				{
					"name": "pointer_left",
					"parent": "hand_left",
					"pivot": [11.5, 16.3, 0],
					"rotation": [0, 10, 0],
					"cubes": [
						{"origin": [11.5, 15.3, -1], "size": [1, 1, 1], "uv": [24, 37], "mirror": true}
					]
				},
				{
					"name": "leg_left",
					"parent": "body",
					"pivot": [5, 6.55, 0.25],
					"cubes": [
						{"origin": [3, 4.3, -2.75], "size": [4, 6, 6], "uv": [0, 35]}
					]
				},
				{
					"name": "leg_left2",
					"parent": "leg_left",
					"pivot": [5, 4.3, -1.75],
					"cubes": [
						{"origin": [3.5, 1.8, -1.75], "size": [3, 3, 4], "inflate": 0.01, "uv": [35, 42]}
					]
				},
				{
					"name": "foot_left",
					"parent": "leg_left2",
					"pivot": [5, 1.8, 2.25],
					"rotation": [-27.5, 0, 0],
					"cubes": [
						{"origin": [3.5, -0.2, -1.75], "size": [3, 2, 4], "uv": [0, 47]}
					]
				},
				{
					"name": "foot_left2",
					"parent": "foot_left",
					"pivot": [5, -0.2, 2.25],
					"rotation": [27.5, 0, 0],
					"cubes": [
						{"origin": [3.5, -0.21157, 0.25466], "size": [3, 2, 2], "inflate": 0.02, "uv": [46, 82]}
					]
				},
				{
					"name": "foot_left3",
					"parent": "foot_left2",
					"pivot": [5, -0.21157, 0.25466],
					"cubes": [
						{"origin": [3.5, -0.21157, -1.74534], "size": [3, 2, 2], "inflate": 0.03, "uv": [46, 78]}
					]
				},
				{
					"name": "leg_right",
					"parent": "body",
					"pivot": [-5, 6.55, 0.25],
					"cubes": [
						{"origin": [-7, 4.3, -2.75], "size": [4, 6, 6], "uv": [0, 35], "mirror": true}
					]
				},
				{
					"name": "leg_right2",
					"parent": "leg_right",
					"pivot": [-5, 4.3, -1.75],
					"cubes": [
						{"origin": [-6.5, 1.8, -1.75], "size": [3, 3, 4], "inflate": 0.01, "uv": [35, 42], "mirror": true}
					]
				},
				{
					"name": "foot_right",
					"parent": "leg_right2",
					"pivot": [-5, 1.8, 2.25],
					"rotation": [-27.5, 0, 0],
					"cubes": [
						{"origin": [-6.5, -0.2, -1.75], "size": [3, 2, 4], "uv": [0, 47], "mirror": true}
					]
				},
				{
					"name": "foot_right2",
					"parent": "foot_right",
					"pivot": [-5, -0.2, 2.25],
					"rotation": [27.5, 0, 0],
					"cubes": [
						{"origin": [-6.5, -0.21157, 0.25466], "size": [3, 2, 2], "inflate": 0.02, "uv": [46, 82], "mirror": true}
					]
				},
				{
					"name": "foot_right3",
					"parent": "foot_right2",
					"pivot": [-5, -0.21157, 0.25466],
					"cubes": [
						{"origin": [-6.5, -0.21157, -1.74534], "size": [3, 2, 2], "inflate": 0.03, "uv": [46, 78], "mirror": true}
					]
				}
			]
		}
	]
}