{
	"format_version": "1.12.0",
	"minecraft:geometry": [
		{
			"description": {
				"identifier": "geometry.avalugg",
				"texture_width": 512,
				"texture_height": 512,
				"visible_bounds_width": 9,
				"visible_bounds_height": 5.5,
				"visible_bounds_offset": [0, 2.25, 0]
			},
			"bones": [
				{
					"name": "avalugg",
					"pivot": [0, 0, 0]
				},
				{
					"name": "body",
					"parent": "avalugg",
					"pivot": [0, 24, 0]
				},
				{
					"name": "torso",
					"parent": "body",
					"pivot": [0, 24, 0],
					"cubes": [
						{"origin": [-21, 31, -29], "size": [42, 12, 18], "inflate": 0.01, "uv": [133, 0]},
						{"origin": [2.425, 31, 7.85], "size": [23, 12, 10], "pivot": [15.95, 37, 6.4], "rotation": [0, -11.25, 0], "uv": [0, 167]},
						{"origin": [1.89309, 31, 0.21012], "size": [23, 12, 10], "inflate": -0.01, "pivot": [15.41809, 37, 8.76012], "rotation": [0, 3.25, 0], "uv": [0, 167]},
						{"origin": [-24.89309, 31, 0.21012], "size": [23, 12, 10], "inflate": -0.01, "pivot": [-15.41809, 37, 8.76012], "rotation": [0, -3.25, 0], "uv": [0, 167], "mirror": true},
						{"origin": [-25.425, 31, 7.85], "size": [23, 12, 10], "pivot": [-15.95, 37, 6.4], "rotation": [0, 11.25, 0], "uv": [0, 167], "mirror": true},
						{"origin": [-20, 24, -26], "size": [40, 7, 24], "uv": [109, 123]},
						{"origin": [-27.25, 29, -27.25], "size": [44, 14, 44], "inflate": 0.02, "pivot": [0, 37, 0], "rotation": [0, -45, 0], "uv": [0, 0]},
						{"origin": [-18, 22, -18], "size": [36, 7, 36], "pivot": [0, 37, 0], "rotation": [0, -45, 0], "uv": [0, 123]},
						{"origin": [-18.29289, 32, 0], "size": [36, 11, 36], "inflate": 0.01, "pivot": [0.70711, 37, 18], "rotation": [0, -45, 0], "uv": [107, 75]},
						{"origin": [-9, 22, 18], "size": [18, 10, 13], "uv": [67, 171]},
						{"origin": [-15, 19, -22.1], "size": [30, 10, 41], "pivot": [0, 29, -3], "rotation": [5, 0, 0], "uv": [0, 59]},
						{"origin": [-6, 14.5, -5], "size": [12, 5, 12], "pivot": [0, 19, 1], "rotation": [7.5, -45, -5], "uv": [230, 182]},
						{"origin": [-8.5, 14.325, -2.5], "size": [7, 5, 7], "pivot": [0, 19, 1], "rotation": [7.5, -45, -5], "uv": [133, 31]},
						{"origin": [1.625, 14, -16.55], "size": [6, 5, 6], "pivot": [0, 19, -18], "rotation": [-15, -45, 10], "uv": [27, 111]},
						{"origin": [7, 17.5, -6], "size": [6, 7, 6], "pivot": [10, 19, -9], "rotation": [-5, -45, -5], "uv": [146, 235]},
						{"origin": [-1.875, 18.65, 15.2], "size": [6, 8, 6], "pivot": [4.525, 26.15, 14.725], "rotation": [15, -45, -10], "uv": [78, 222]},
						{"origin": [2, 16.5, 8], "size": [6, 7, 6], "pivot": [10, 20, 11], "rotation": [5, -45, -5], "uv": [235, 49]},
						{"origin": [-8.475, 17.65, 2.725], "size": [6, 7, 6], "pivot": [-5.475, 24.15, 5.725], "rotation": [5, -45, 5], "uv": [127, 223]},
						{"origin": [-12.20711, 35, 24], "size": [20, 8, 20], "pivot": [-0.70711, 37, 36.5], "rotation": [0, -45, 0], "uv": [125, 155]},
						{"origin": [-6, 27, 31], "size": [12, 5, 6], "uv": [0, 59]}
					]
				},
				{
					"name": "neck",
					"parent": "torso",
					"pivot": [0, 37, -29],
					"cubes": [
						{"origin": [-7, 32, -35], "size": [14, 10, 8], "uv": [0, 236]}
					]
				},
				{
					"name": "head",
					"parent": "neck",
					"pivot": [0, 37, -34],
					"cubes": [
						{"origin": [-13.5, 35, -40], "size": [27, 8, 7], "inflate": 0.01, "uv": [130, 184]},
						{"origin": [-63.6, 36, -27.1], "size": [19, 7, 19], "pivot": [0, 37, 36.5], "rotation": [0, -45, 0], "uv": [158, 40]},
						{"origin": [-16.48588, 33.17754, -40.50526], "size": [9, 6, 6], "inflate": 0.3, "pivot": [-11.98588, 35.32754, -37.95526], "rotation": [-33.41009, 1.97273, -56.21236], "uv": [266, 40]},
						{"origin": [7.48588, 33.17754, -40.50526], "size": [9, 6, 6], "inflate": 0.3, "pivot": [11.98588, 35.32754, -37.95526], "rotation": [-33.41009, -1.97273, 56.21236], "uv": [266, 40], "mirror": true}
					]
				},
				{
					"name": "eyes",
					"parent": "head",
					"pivot": [0, 39.5, -44.5]
				},
				{
					"name": "eye_left",
					"parent": "eyes",
					"pivot": [8.9, 39.5, -44.6],
					"rotation": [0, -45, 0],
					"cubes": [
						{"origin": [4.5, 37, -44.6], "size": [9, 5, 0], "uv": [102, 92]}
					]
				},
				{
					"name": "pupil_left",
					"parent": "eye_left",
					"pivot": [8.1, 39.4, -44.61],
					"cubes": [
						{"origin": [7.1, 38.4, -44.61], "size": [2, 2, 0], "uv": [38, 13]}
					]
				},
				{
					"name": "eyelid_left",
					"parent": "eye_left",
					"pivot": [9, 39.5, -44.01],
					"cubes": [
						{"origin": [4.5, 37, -44.51], "size": [9, 5, 1], "inflate": 0.01, "uv": [0, 90]}
					]
				},
				{
					"name": "eye_right",
					"parent": "eyes",
					"pivot": [-8.9, 39.5, -44.6],
					"rotation": [0, 45, 0],
					"cubes": [
						{"origin": [-13.5, 37, -44.6], "size": [9, 5, 0], "uv": [21, 90]}
					]
				},
				{
					"name": "pupil_right",
					"parent": "eye_right",
					"pivot": [-8.1, 39.4, -44.61],
					"cubes": [
						{"origin": [-9.1, 38.4, -44.61], "size": [2, 2, 0], "uv": [38, 10]}
					]
				},
				{
					"name": "eyelid_right",
					"parent": "eye_right",
					"pivot": [-9, 39.5, -44.01],
					"cubes": [
						{"origin": [-13.5, 37, -44.51], "size": [9, 5, 1], "inflate": 0.01, "uv": [18, 71]}
					]
				},
				{
					"name": "fang_right",
					"parent": "head",
					"pivot": [-14.325, 32.825, -33.75],
					"rotation": [17.96083, 7.33247, -20.279],
					"cubes": [
						{"origin": [-22.86106, 34.91443, -39.80833], "size": [15, 2, 10], "pivot": [-14.38606, 36.56443, -36.15833], "rotation": [22.26791, 16.97001, 6.81533], "uv": [261, 0]}
					]
				},
				{
					"name": "fang_right2",
					"parent": "fang_right",
					"pivot": [-28.3554, 35.69459, -37.5438],
					"rotation": [0, -7.75, 0],
					"cubes": [
						{"origin": [-23.90761, 35.71959, -76.4596], "size": [19, 0, 18], "pivot": [-15.92866, 34.41786, -45.37166], "rotation": [0, -40.5, 0], "uv": [310, 16]},
						{"origin": [-23.90761, 35.21959, -58.4596], "size": [19, 1, 15], "pivot": [-15.92866, 34.41786, -45.37166], "rotation": [0, -40.5, 0], "uv": [313, 0]},
						{"origin": [-23.23768, 34.69459, -49.09963], "size": [15, 2, 12], "pivot": [-18.30221, 35.69459, -45.51675], "rotation": [0, 0, 0], "uv": [258, 25]}
					]
				},
				{
					"name": "fang_left",
					"parent": "head",
					"pivot": [14.325, 32.825, -33.75],
					"rotation": [17.96083, -7.33247, 20.279],
					"cubes": [
						{"origin": [7.86106, 34.91443, -39.80833], "size": [15, 2, 10], "pivot": [14.38606, 36.56443, -36.15833], "rotation": [22.26791, -16.97001, -6.81533], "uv": [261, 0], "mirror": true}
					]
				},
				{
					"name": "fang_left2",
					"parent": "fang_left",
					"pivot": [28.3554, 35.69459, -37.5438],
					"rotation": [0, 7.75, 0],
					"cubes": [
						{"origin": [4.90761, 35.71959, -76.4596], "size": [19, 0, 18], "pivot": [15.92866, 34.41786, -45.37166], "rotation": [0, 40.5, 0], "uv": [310, 16], "mirror": true},
						{"origin": [4.90761, 35.21959, -58.4596], "size": [19, 1, 15], "pivot": [15.92866, 34.41786, -45.37166], "rotation": [0, 40.5, 0], "uv": [313, 0], "mirror": true},
						{"origin": [8.23768, 34.69459, -49.09963], "size": [15, 2, 12], "pivot": [18.30221, 35.69459, -45.51675], "rotation": [0, 0, 0], "uv": [258, 25], "mirror": true}
					]
				},
				{
					"name": "jaw",
					"parent": "head",
					"pivot": [0, 36, -36],
					"rotation": [-12.5, 0, 0],
					"cubes": [
						{"origin": [-10.5, 31, -40], "size": [21, 5, 7], "uv": [102, 60]}
					]
				},
				{
					"name": "jaw_spike",
					"parent": "jaw",
					"pivot": [0, 31, -35.5],
					"rotation": [10, 0, 0],
					"cubes": [
						{"origin": [0, 27.625, -38.9], "size": [0, 4, 4], "uv": [0, 10]}
					]
				},
				{
					"name": "jaw2",
					"parent": "jaw",
					"pivot": [0, 31, -40.05],
					"rotation": [-7.5, 0, 0],
					"cubes": [
						{"origin": [-8.5, 31.03916, -44.00257], "size": [17, 5, 4], "inflate": 0.01, "uv": [0, 0]}
					]
				},
				{
					"name": "jaw_spike2",
					"parent": "jaw2",
					"pivot": [0, 31.03916, -41.50257],
					"rotation": [20, 0, 0],
					"cubes": [
						{"origin": [0, 25.03916, -44.00257], "size": [0, 7, 5], "uv": [109, 123]}
					]
				},
				{
					"name": "jaw3",
					"parent": "jaw2",
					"pivot": [0, 31.03916, -44.00257],
					"cubes": [
						{"origin": [-6.7, 31.03916, -49.70257], "size": [12, 5, 12], "pivot": [0, 33.03916, -43.00257], "rotation": [0, -45, 0], "uv": [216, 31]}
					]
				},
				{
					"name": "jaw_spike3",
					"parent": "jaw3",
					"pivot": [0, 31.03916, -47.50257],
					"rotation": [25, 0, 0],
					"cubes": [
						{"origin": [0, 26.53916, -48.57757], "size": [0, 6, 4], "uv": [27, 78]}
					]
				},
				{
					"name": "legs",
					"parent": "body",
					"pivot": [0, 37, 0]
				},
				{
					"name": "leg_front_left",
					"parent": "legs",
					"pivot": [18, 29, -14.5]
				},
				{
					"name": "leg_front_left1",
					"parent": "leg_front_left",
					"pivot": [16.5, 29, -14.5],
					"cubes": [
						{"origin": [13.5, 23.5, -20], "size": [19, 11, 11], "pivot": [16.5, 29, -14.5], "rotation": [45, 0, 0], "uv": [214, 123]}
					]
				},
				{
					"name": "leg_front_left2",
					"parent": "leg_front_left1",
					"pivot": [32.5, 35.35, -14.5],
					"cubes": [
						{"origin": [32.5, 24.5, -19], "size": [4, 9, 9], "pivot": [34.5, 29, -14.5], "rotation": [45, 0, 0], "uv": [0, 130]}
					]
				},
				{
					"name": "leg_front_left3",
					"parent": "leg_front_left2",
					"pivot": [37.5, 35.35, -14.5],
					"cubes": [
						{"origin": [36.5, 22.5, -21], "size": [15, 13, 13], "pivot": [43.5, 29, -14.5], "rotation": [45, 0, 0], "uv": [166, 214]}
					]
				},
				{
					"name": "leg_front_left4",
					"parent": "leg_front_left3",
					"pivot": [49, 29, -14.5],
					"cubes": [
						{"origin": [47, 21, -22.5], "size": [8, 16, 16], "pivot": [47, 29, -14.5], "rotation": [45, 0, 0], "uv": [223, 214]}
					]
				},
				{
					"name": "claw_front_left",
					"parent": "leg_front_left4",
					"pivot": [55, 29, -14.5]
				},
				{
					"name": "claw_front1_left",
					"parent": "claw_front_left",
					"pivot": [55, 29, -22],
					"cubes": [
						{"origin": [55, 27.5, -22], "size": [4, 3, 0], "uv": [30, 96]}
					]
				},
				{
					"name": "claw_front_left2",
					"parent": "leg_front_left4",
					"pivot": [55, 29, -14.5],
					"rotation": [-60, 0, 0]
				},
				{
					"name": "claw_front1_left2",
					"parent": "claw_front_left2",
					"pivot": [55, 29, -22],
					"cubes": [
						{"origin": [55, 27.5, -22], "size": [4, 3, 0], "uv": [21, 96]}
					]
				},
				{
					"name": "claw_front_left3",
					"parent": "leg_front_left4",
					"pivot": [55, 29, -14.5],
					"rotation": [60, 0, 0]
				},
				{
					"name": "claw_front1_left3",
					"parent": "claw_front_left3",
					"pivot": [55, 29, -22],
					"cubes": [
						{"origin": [55, 27.5, -22], "size": [4, 3, 0], "uv": [32, 78]}
					]
				},
				{
					"name": "claw_front_left4",
					"parent": "leg_front_left4",
					"pivot": [55, 29, -14.5]
				},
				{
					"name": "claw_front1_left4",
					"parent": "claw_front_left4",
					"pivot": [55, 29, -7],
					"cubes": [
						{"origin": [55, 27.5, -7], "size": [4, 3, 0], "uv": [0, 75]}
					]
				},
				{
					"name": "leg_front_right",
					"parent": "legs",
					"pivot": [-18, 29, -14.5]
				},
				{
					"name": "leg_front_right1",
					"parent": "leg_front_right",
					"pivot": [-16.5, 29, -14.5],
					"cubes": [
						{"origin": [-32.5, 23.5, -20], "size": [19, 11, 11], "pivot": [-16.5, 29, -14.5], "rotation": [45, 0, 0], "uv": [118, 200]}
					]
				},
				{
					"name": "leg_front_right2",
					"parent": "leg_front_right1",
					"pivot": [-32.5, 35.35, -14.5],
					"cubes": [
						{"origin": [-36.5, 24.5, -19], "size": [4, 9, 9], "pivot": [-34.5, 29, -14.5], "rotation": [45, 0, 0], "uv": [102, 73]}
					]
				},
				{
					"name": "leg_front_right3",
					"parent": "leg_front_right2",
					"pivot": [-37.5, 35.35, -14.5],
					"cubes": [
						{"origin": [-51.5, 22.5, -21], "size": [15, 13, 13], "pivot": [-43.5, 29, -14.5], "rotation": [45, 0, 0], "uv": [61, 195]}
					]
				},
				{
					"name": "leg_front_right4",
					"parent": "leg_front_right3",
					"pivot": [-49, 29, -14.5],
					"cubes": [
						{"origin": [-55, 21, -22.5], "size": [8, 16, 16], "pivot": [-47, 29, -14.5], "rotation": [45, 0, 0], "uv": [45, 222]}
					]
				},
				{
					"name": "claw_front_right",
					"parent": "leg_front_right4",
					"pivot": [-55, 29, -14.5]
				},
				{
					"name": "claw_front1_right",
					"parent": "claw_front_right",
					"pivot": [-55, 29, -22],
					"cubes": [
						{"origin": [-59, 27.5, -22], "size": [4, 3, 0], "uv": [9, 40]}
					]
				},
				{
					"name": "claw_front_right2",
					"parent": "leg_front_right4",
					"pivot": [-55, 29, -14.5],
					"rotation": [-60, 0, 0]
				},
				{
					"name": "claw_front1_right2",
					"parent": "claw_front_right2",
					"pivot": [-55, 29, -22],
					"cubes": [
						{"origin": [-59, 27.5, -22], "size": [4, 3, 0], "uv": [0, 40]}
					]
				},
				{
					"name": "claw_front_right3",
					"parent": "leg_front_right4",
					"pivot": [-55, 29, -14.5],
					"rotation": [60, 0, 0]
				},
				{
					"name": "claw_front1_right3",
					"parent": "claw_front_right3",
					"pivot": [-55, 29, -22],
					"cubes": [
						{"origin": [-59, 27.5, -22], "size": [4, 3, 0], "uv": [29, 10]}
					]
				},
				{
					"name": "claw_front_right4",
					"parent": "leg_front_right4",
					"pivot": [-55, 29, -14.5]
				},
				{
					"name": "claw_front1_right4",
					"parent": "claw_front_right4",
					"pivot": [-55, 29, -7],
					"cubes": [
						{"origin": [-59, 27.5, -7], "size": [4, 3, 0], "uv": [29, 14]}
					]
				},
				{
					"name": "leg_back_left",
					"parent": "legs",
					"pivot": [12.5, 29, 21.5]
				},
				{
					"name": "leg_back_left1",
					"parent": "leg_back_left",
					"pivot": [11, 29, 21.5],
					"cubes": [
						{"origin": [8, 23.5, 16], "size": [19, 11, 11], "pivot": [11, 29, 21.5], "rotation": [45, 0, 0], "uv": [0, 213]}
					]
				},
				{
					"name": "leg_back_left2",
					"parent": "leg_back_left1",
					"pivot": [27, 35.35, 21.5],
					"cubes": [
						{"origin": [27, 24.5, 17], "size": [4, 9, 9], "pivot": [29, 29, 21.5], "rotation": [45, 0, 0], "uv": [0, 111]}
					]
				},
				{
					"name": "leg_back_left3",
					"parent": "leg_back_left2",
					"pivot": [32, 35.35, 21.5],
					"cubes": [
						{"origin": [31, 22.5, 15], "size": [15, 13, 13], "pivot": [38, 29, 21.5], "rotation": [45, 0, 0], "uv": [206, 155]}
					]
				},
				{
					"name": "leg_back_left4",
					"parent": "leg_back_left3",
					"pivot": [43.5, 29, 21.5],
					"cubes": [
						{"origin": [41.5, 21, 13.5], "size": [8, 16, 16], "pivot": [41.5, 29, 21.5], "rotation": [45, 0, 0], "uv": [94, 223]}
					]
				},
				{
					"name": "claw_back_left",
					"parent": "leg_back_left4",
					"pivot": [49.5, 29, 21.5]
				},
				{
					"name": "claw_back1_left",
					"parent": "claw_back_left",
					"pivot": [49.5, 29, 14],
					"cubes": [
						{"origin": [49.5, 27.5, 14], "size": [4, 3, 0], "uv": [0, 71]}
					]
				},
				{
					"name": "claw_back_left2",
					"parent": "leg_back_left4",
					"pivot": [49.5, 29, 21.5],
					"rotation": [-60, 0, 0]
				},
				{
					"name": "claw_back1_left2",
					"parent": "claw_back_left2",
					"pivot": [49.5, 29, 14],
					"cubes": [
						{"origin": [49.5, 27.5, 14], "size": [4, 3, 0], "uv": [31, 59]}
					]
				},
				{
					"name": "claw_back_left3",
					"parent": "leg_back_left4",
					"pivot": [49.5, 29, 21.5],
					"rotation": [60, 0, 0]
				},
				{
					"name": "claw_back1_left3",
					"parent": "claw_back_left3",
					"pivot": [49.5, 29, 14],
					"cubes": [
						{"origin": [49.5, 27.5, 14], "size": [4, 3, 0], "uv": [18, 40]}
					]
				},
				{
					"name": "claw_back_left4",
					"parent": "leg_back_left4",
					"pivot": [49.5, 29, 21.5]
				},
				{
					"name": "claw_back1_left4",
					"parent": "claw_back_left4",
					"pivot": [49.5, 29, 29],
					"cubes": [
						{"origin": [49.5, 27.5, 29], "size": [4, 3, 0], "uv": [27, 40]}
					]
				},
				{
					"name": "leg_back_right",
					"parent": "legs",
					"pivot": [-12.5, 29, 21.5]
				},
				{
					"name": "leg_back_right1",
					"parent": "leg_back_right",
					"pivot": [-11, 29, 21.5],
					"cubes": [
						{"origin": [-27, 23.5, 16], "size": [19, 11, 11], "pivot": [-11, 29, 21.5], "rotation": [45, 0, 0], "uv": [0, 190]}
					]
				},
				{
					"name": "leg_back_right2",
					"parent": "leg_back_right1",
					"pivot": [-27, 35.35, 21.5],
					"cubes": [
						{"origin": [-31, 24.5, 17], "size": [4, 9, 9], "pivot": [-29, 29, 21.5], "rotation": [45, 0, 0], "uv": [0, 71]}
					]
				},
				{
					"name": "leg_back_right3",
					"parent": "leg_back_right2",
					"pivot": [-32, 35.35, 21.5],
					"cubes": [
						{"origin": [-46, 22.5, 15], "size": [15, 13, 13], "pivot": [-38, 29, 21.5], "rotation": [45, 0, 0], "uv": [186, 187]}
					]
				},
				{
					"name": "leg_back_right4",
					"parent": "leg_back_right3",
					"pivot": [-43.5, 29, 21.5],
					"cubes": [
						{"origin": [-49.5, 21, 13.5], "size": [8, 16, 16], "pivot": [-41.5, 29, 21.5], "rotation": [45, 0, 0], "uv": [216, 67]}
					]
				},
				{
					"name": "claw_back_right",
					"parent": "leg_back_right4",
					"pivot": [-49.5, 29, 21.5]
				},
				{
					"name": "claw_back1_right",
					"parent": "claw_back_right",
					"pivot": [-49.5, 29, 14],
					"cubes": [
						{"origin": [-53.5, 27.5, 14], "size": [4, 3, 0], "uv": [19, 14]}
					]
				},
				{
					"name": "claw_back_right2",
					"parent": "leg_back_right4",
					"pivot": [-49.5, 29, 21.5],
					"rotation": [-60, 0, 0]
				},
				{
					"name": "claw_back1_right2",
					"parent": "claw_back_right2",
					"pivot": [-49.5, 29, 14],
					"cubes": [
						{"origin": [-53.5, 27.5, 14], "size": [4, 3, 0], "uv": [19, 10]}
					]
				},
				{
					"name": "claw_back_right3",
					"parent": "leg_back_right4",
					"pivot": [-49.5, 29, 21.5],
					"rotation": [60, 0, 0]
				},
				{
					"name": "claw_back1_right3",
					"parent": "claw_back_right3",
					"pivot": [-49.5, 29, 14],
					"cubes": [
						{"origin": [-53.5, 27.5, 14], "size": [4, 3, 0], "uv": [10, 10]}
					]
				},
				{
					"name": "claw_back_right4",
					"parent": "leg_back_right4",
					"pivot": [-49.5, 29, 21.5]
				},
				{
					"name": "claw_back1_right4",
					"parent": "claw_back_right4",
					"pivot": [-49.5, 29, 29],
					"cubes": [
						{"origin": [-53.5, 27.5, 29], "size": [4, 3, 0], "uv": [10, 14]}
					]
				}
			]
		}
	]
}