{
	"format_version": "1.12.0",
	"minecraft:geometry": [
		{
			"description": {
				"identifier": "geometry.unknown",
				"texture_width": 64,
				"texture_height": 64,
				"visible_bounds_width": 5,
				"visible_bounds_height": 3.5,
				"visible_bounds_offset": [0, 1.25, 0]
			},
			"bones": [
				{
					"name": "beautifly",
					"pivot": [0, 0, 0]
				},
				{
					"name": "body",
					"parent": "beautifly",
					"pivot": [0, 10, -2]
				},
				{
					"name": "leg_left",
					"parent": "body",
					"pivot": [0.7, 7.5745, -1.32237],
					"rotation": [10.14368, 67.12263, 10.98943],
					"cubes": [
						{"origin": [-0.04574, 7.32977, -1.76265], "size": [3, 1, 1], "uv": [20, 16]}
					]
				},
				{
					"name": "leg_right",
					"parent": "body",
					"pivot": [-0.7, 7.5745, -1.32237],
					"rotation": [10.14368, -67.12263, -10.98943],
					"cubes": [
						{"origin": [-2.95426, 7.32977, -1.76265], "size": [3, 1, 1], "uv": [19, 6]}
					]
				},
				{
					"name": "torso",
					"parent": "body",
					"pivot": [0, -0.1755, -1.32237],
					"cubes": [
						{"origin": [-1.5, 7.2745, -2.82237], "size": [3, 4, 3], "inflate": -0.01, "uv": [0, 10]}
					]
				},
				{
					"name": "arm_left",
					"parent": "torso",
					"pivot": [1.5, 10.0745, -1.82237],
					"cubes": [
						{"origin": [0.5, 9.5745, -2.32237], "size": [3, 1, 1], "uv": [20, 19]}
					]
				},
				{
					"name": "arm_right",
					"parent": "torso",
					"pivot": [-1.5, 10.0745, -1.82237],
					"cubes": [
						{"origin": [-3.5, 9.5745, -2.32237], "size": [3, 1, 1], "uv": [20, 9]}
					]
				},
				{
					"name": "head",
					"parent": "torso",
					"pivot": [0, -0.1755, -1.32237],
					"cubes": [
						{"origin": [-2.5, 10.8245, -3.82237], "size": [5, 5, 4], "uv": [0, 0]}
					]
				},
				{
					"name": "eye_left",
					"parent": "head",
					"pivot": [-1.425, 8.8245, -0.89737],
					"cubes": [
						{"origin": [1.125, 11.8245, -3.84737], "size": [1, 3, 0], "uv": [15, 0]},
						{"origin": [1.55, 11.8245, -3.87237], "size": [1, 3, 2], "uv": [19, 0]},
						{"origin": [1.375, 13.5245, -3.94737], "size": [1, 1, 0], "uv": [18, 26]},
						{"origin": [1.575, 12.3245, -3.89737], "size": [1, 2, 1], "uv": [13, 25]}
					]
				},
				{
					"name": "eyebrow_left",
					"parent": "eye_left",
					"pivot": [-1.45, 8.8245, -0.87237],
					"cubes": [
						{"origin": [0.425, 11.8245, -3.77237], "size": [2, 3, 2], "uv": [11, 16]}
					]
				},
				{
					"name": "eye_right",
					"parent": "head",
					"pivot": [1.425, 8.8245, -0.89737],
					"cubes": [
						{"origin": [-2.125, 11.8245, -3.84737], "size": [1, 3, 0], "uv": [15, 0], "mirror": true},
						{"origin": [-2.55, 11.8245, -3.87237], "size": [1, 3, 2], "uv": [19, 0], "mirror": true},
						{"origin": [-2.375, 13.5245, -3.94737], "size": [1, 1, 0], "uv": [18, 26], "mirror": true},
						{"origin": [-2.575, 12.3245, -3.89737], "size": [1, 2, 1], "uv": [13, 25], "mirror": true}
					]
				},
				{
					"name": "eyebrow_right",
					"parent": "eye_right",
					"pivot": [1.45, 8.8245, -0.87237],
					"cubes": [
						{"origin": [-2.425, 11.8245, -3.77237], "size": [2, 3, 2], "uv": [11, 16], "mirror": true}
					]
				},
				{
					"name": "antena_left",
					"parent": "head",
					"pivot": [0.5, 15.8245, -1.82237],
					"rotation": [-28.96331, 15.84273, 5.1615],
					"cubes": [
						{"origin": [0.5, 14.8245, -2.32237], "size": [0, 4, 1], "uv": [10, 21]}
					]
				},
				{
					"name": "antena_left2",
					"parent": "antena_left",
					"pivot": [0.5, 18.8245, -1.82237],
					"rotation": [0, 0, 12],
					"cubes": [
						{"origin": [0.5, 18.8245, -2.32237], "size": [0, 2, 1], "uv": [10, 21]}
					]
				},
				{
					"name": "antena_left3",
					"parent": "antena_left2",
					"pivot": [0.5, 18.8245, -1.82237],
					"cubes": [
						{"origin": [0, 20.8245, -2.32237], "size": [1, 2, 1], "uv": [0, 24]}
					]
				},
				{
					"name": "antena_right",
					"parent": "head",
					"pivot": [-0.5, 15.8245, -1.82237],
					"rotation": [-28.96331, -15.84273, -5.1615],
					"cubes": [
						{"origin": [-0.5, 14.8245, -2.32237], "size": [0, 4, 1], "uv": [10, 21], "mirror": true}
					]
				},
				{
					"name": "antena_right2",
					"parent": "antena_right",
					"pivot": [-0.5, 18.8245, -1.82237],
					"rotation": [0, 0, -12],
					"cubes": [
						{"origin": [-0.5, 18.8245, -2.32237], "size": [0, 2, 1], "uv": [10, 21], "mirror": true}
					]
				},
				{
					"name": "antena_right3",
					"parent": "antena_right2",
					"pivot": [-0.5, 18.8245, -1.82237],
					"cubes": [
						{"origin": [-1, 20.8245, -2.32237], "size": [1, 2, 1], "uv": [0, 24], "mirror": true}
					]
				},
				{
					"name": "nose",
					"parent": "head",
					"pivot": [0, 12.5745, -3.82237],
					"rotation": [17.5, 0, 0],
					"cubes": [
						{"origin": [-0.5, 12.5745, -5.82237], "size": [1, 0, 2], "uv": [13, 22]}
					]
				},
				{
					"name": "nose2",
					"parent": "nose",
					"pivot": [0, 12.5745, -5.82237],
					"rotation": [5.5, 0, 0],
					"cubes": [
						{"origin": [-0.5, 12.5745, -7.82237], "size": [1, 0, 2], "uv": [22, 12]}
					]
				},
				{
					"name": "nose3",
					"parent": "nose2",
					"pivot": [0, 12.5745, -7.82237],
					"rotation": [31.25, 0, 0],
					"cubes": [
						{"origin": [-0.5, 12.5745, -8.82237], "size": [1, 0, 1], "uv": [26, 4]}
					]
				},
				{
					"name": "nose4",
					"parent": "nose3",
					"pivot": [0, 12.5745, -8.82237],
					"rotation": [51, 0, 0],
					"cubes": [
						{"origin": [-0.5, 12.5745, -9.82237], "size": [1, 0, 1], "uv": [26, 2]}
					]
				},
				{
					"name": "nose5",
					"parent": "nose4",
					"pivot": [0, 12.5745, -9.82237],
					"rotation": [60.5, 0, 0],
					"cubes": [
						{"origin": [-0.5, 12.5745, -10.82237], "size": [1, 0, 1], "uv": [24, 25]}
					]
				},
				{
					"name": "nose6",
					"parent": "nose5",
					"pivot": [0, 12.5745, -10.82237],
					"rotation": [56, 0, 0],
					"cubes": [
						{"origin": [-0.5, 12.5745, -11.82237], "size": [1, 0, 1], "uv": [25, 22]}
					]
				},
				{
					"name": "nose7",
					"parent": "nose6",
					"pivot": [0, 12.5745, -11.82237],
					"rotation": [74.5, 0, 0],
					"cubes": [
						{"origin": [-0.5, 12.5745, -12.82237], "size": [1, 0, 1], "uv": [24, 0]}
					]
				},
				{
					"name": "nose8",
					"parent": "nose7",
					"pivot": [0, 12.5745, -12.82237],
					"rotation": [91.5, 0, 0],
					"cubes": [
						{"origin": [-0.5, 12.5745, -13.82237], "size": [1, 0, 1], "uv": [10, 10]}
					]
				},
				{
					"name": "wing_right",
					"parent": "torso",
					"pivot": [-1.43858, 12.36359, 0.23763],
					"rotation": [0, 0, -8.75],
					"cubes": [
						{"origin": [-28.24321, 6.95258, 0.23763], "size": [27, 22, 0], "uv": [6, 42]}
					]
				},
				{
					"name": "wing_left2",
					"parent": "wing_right",
					"pivot": [-1.95463, 11.81349, 0.22763],
					"rotation": [0, 1, 0],
					"cubes": [
						{"origin": [-14.19727, 1.26006, 0.23763], "size": [13, 10, 0], "pivot": [-9.19727, 6.26006, 0.23763], "rotation": [0, 0, -22.5], "uv": [28, 29]}
					]
				},
				{
					"name": "antena_left4",
					"parent": "wing_left2",
					"pivot": [-9.86289, 2.96781, 0.31329],
					"rotation": [110.67132, -88.01656, 135.28119],
					"cubes": [
						{"origin": [-9.94001, 3.35702, 0.46008], "size": [0, 4, 1], "uv": [13, 30]}
					]
				},
				{
					"name": "antena_left5",
					"parent": "antena_left4",
					"pivot": [-9.86289, 5.96781, 0.31329],
					"rotation": [0, 0, 12],
					"cubes": [
						{"origin": [-10.22716, 7.31063, 0.46008], "size": [0, 2, 1], "uv": [13, 30]}
					]
				},
				{
					"name": "antena_left6",
					"parent": "antena_left5",
					"pivot": [-9.86289, 5.96781, 0.31329],
					"cubes": [
						{"origin": [-10.72716, 9.31063, 0.46008], "size": [1, 2, 1], "uv": [3, 33]}
					]
				},
				{
					"name": "wing_left",
					"parent": "torso",
					"pivot": [1.43858, 12.36359, 0.23763],
					"rotation": [0, 0, 8.75],
					"cubes": [
						{"origin": [1.24321, 6.95258, 0.23763], "size": [27, 22, 0], "uv": [6, 42], "mirror": true}
					]
				},
				{
					"name": "wing_right2",
					"parent": "wing_left",
					"pivot": [1.95463, 11.81349, 0.22763],
					"rotation": [0, -1, 0],
					"cubes": [
						{"origin": [1.19727, 1.26006, 0.23763], "size": [13, 10, 0], "pivot": [9.19727, 6.26006, 0.23763], "rotation": [0, 0, 22.5], "uv": [28, 29], "mirror": true}
					]
				},
				{
					"name": "antena_right4",
					"parent": "wing_right2",
					"pivot": [9.86289, 2.96781, 0.31329],
					"rotation": [110.67132, 88.01656, -135.28119],
					"cubes": [
						{"origin": [9.94001, 3.35702, 0.46008], "size": [0, 4, 1], "uv": [13, 30], "mirror": true}
					]
				},
				{
					"name": "antena_right5",
					"parent": "antena_right4",
					"pivot": [9.86289, 5.96781, 0.31329],
					"rotation": [0, 0, -12],
					"cubes": [
						{"origin": [10.22716, 7.31063, 0.46008], "size": [0, 2, 1], "uv": [13, 30], "mirror": true}
					]
				},
				{
					"name": "antena_right6",
					"parent": "antena_right5",
					"pivot": [9.86289, 5.96781, 0.31329],
					"cubes": [
						{"origin": [9.72716, 9.31063, 0.46008], "size": [1, 2, 1], "uv": [3, 33], "mirror": true}
					]
				}
			]
		}
	]
}