{
	"format_version": "1.12.0",
	"minecraft:geometry": [
		{
			"description": {
				"identifier": "geometry.unknown",
				"texture_width": 64,
				"texture_height": 64,
				"visible_bounds_width": 3,
				"visible_bounds_height": 2.5,
				"visible_bounds_offset": [0, 0.75, 0]
			},
			"bones": [
				{
					"name": "cascoon",
					"pivot": [0, 0, 0],
					"cubes": [
						{"origin": [-4.5, 0, -6], "size": [9, 7, 12], "uv": [0, 0]}
					]
				},
				{
					"name": "eye_left",
					"parent": "cascoon",
					"pivot": [-0.475, -1.875, -1],
					"cubes": [
						{"origin": [4.55, 3.125, -5], "size": [0, 2, 2], "uv": [20, 37]},
						{"origin": [4.525, 3.3, -4.775], "size": [0, 2, 2], "uv": [15, 35]},
						{"origin": [3.675, 3.625, -4.5], "size": [1, 1, 1], "inflate": -0.1, "uv": [31, 8]}
					]
				},
				{
					"name": "eyebrow",
					"parent": "eye_left",
					"pivot": [4.35, 6.175, -4],
					"rotation": [0, 0, 6.25],
					"cubes": [
						{"origin": [3.80794, 4.52873, -5.66708], "size": [1, 1, 3], "inflate": -0.01, "pivot": [4.20794, 4.97873, -4.16708], "rotation": [26.16734, 6.37531, -17.11667], "uv": [27, 20]}
					]
				},
				{
					"name": "eyelid_left",
					"parent": "eye_left",
					"pivot": [-0.475, -1.875, -1],
					"cubes": [
						{"origin": [4.475, 3.125, -5], "size": [0, 2, 2], "uv": [25, 37]}
					]
				},
				{
					"name": "eye_right",
					"parent": "cascoon",
					"pivot": [0.475, -1.875, -1],
					"cubes": [
						{"origin": [-4.55, 3.125, -5], "size": [0, 2, 2], "uv": [20, 37], "mirror": true},
						{"origin": [-4.525, 3.3, -4.775], "size": [0, 2, 2], "uv": [15, 35], "mirror": true},
						{"origin": [-4.675, 3.625, -4.5], "size": [1, 1, 1], "inflate": -0.1, "uv": [31, 8], "mirror": true}
					]
				},
				{
					"name": "eyebrow2",
					"parent": "eye_right",
					"pivot": [-4.35, 6.175, -4],
					"rotation": [0, 0, -6.25],
					"cubes": [
						{"origin": [-4.80794, 4.52873, -5.66708], "size": [1, 1, 3], "inflate": -0.01, "pivot": [-4.20794, 4.97873, -4.16708], "rotation": [26.16734, -6.37531, 17.11667], "uv": [27, 20], "mirror": true}
					]
				},
				{
					"name": "eyelid_right",
					"parent": "eye_right",
					"pivot": [0.475, -1.875, -1],
					"cubes": [
						{"origin": [-4.475, 3.125, -5], "size": [0, 2, 2], "uv": [25, 37], "mirror": true}
					]
				},
				{
					"name": "spikes",
					"parent": "cascoon",
					"pivot": [0, 0, 0]
				},
				{
					"name": "spike1",
					"parent": "spikes",
					"pivot": [0, 6.48828, -5.17533],
					"cubes": [
						{"origin": [-0.5, 7.975, -5.925], "size": [1, 3, 1], "pivot": [0, 7.225, -4.1], "rotation": [22.5, 0, 0], "uv": [37, 30]},
						{"origin": [-0.025, 8.70749, -7.4092], "size": [0, 3, 1], "pivot": [-0.025, 10.70749, -6.9092], "rotation": [30.36119, 40.78947, 20.94102], "uv": [18, 41]},
						{"origin": [-0.025, 8.70749, -7.4092], "size": [0, 3, 1], "pivot": [-0.025, 10.70749, -6.9092], "rotation": [30.36119, -40.78947, -20.94102], "uv": [41, 0]},
						{"origin": [-1, 5.225, -6.425], "size": [2, 4, 2], "inflate": -0.3, "pivot": [0, 7.225, -4.1], "rotation": [22.5, 0, 0], "uv": [18, 30]}
					]
				},
				{
					"name": "spike2",
					"parent": "spikes",
					"pivot": [-3.7, 0.56328, -5.17533],
					"rotation": [128.15812, 25.18525, 8.52664],
					"cubes": [
						{"origin": [-4.2, 2.05, -5.925], "size": [1, 3, 1], "pivot": [-3.7, 1.3, -4.1], "rotation": [22.5, 0, 0], "uv": [37, 7]},
						{"origin": [-3.725, 2.78249, -7.4092], "size": [0, 3, 1], "pivot": [-3.725, 4.78249, -6.9092], "rotation": [30.36119, 40.78947, 20.94102], "uv": [36, 40]},
						{"origin": [-3.725, 2.78249, -7.4092], "size": [0, 3, 1], "pivot": [-3.725, 4.78249, -6.9092], "rotation": [30.36119, -40.78947, -20.94102], "uv": [33, 40]},
						{"origin": [-4.7, -0.7, -6.425], "size": [2, 4, 2], "inflate": -0.3, "pivot": [-3.7, 1.3, -4.1], "rotation": [22.5, 0, 0], "uv": [9, 27]}
					]
				},
				{
					"name": "spike8",
					"parent": "spikes",
					"pivot": [-1.075, 0.86328, 5.37467],
					"rotation": [-54.06019, 22.03256, -166.85554],
					"cubes": [
						{"origin": [-1.575, 2.35, 4.625], "size": [1, 3, 1], "pivot": [-1.075, 1.6, 6.45], "rotation": [22.5, 0, 0], "uv": [0, 34]},
						{"origin": [-1.1, 3.08249, 3.1408], "size": [0, 3, 1], "pivot": [-1.1, 5.08249, 3.6408], "rotation": [30.36119, 40.78947, 20.94102], "uv": [37, 35]},
						{"origin": [-1.1, 3.08249, 3.1408], "size": [0, 3, 1], "pivot": [-1.1, 5.08249, 3.6408], "rotation": [30.36119, -40.78947, -20.94102], "uv": [9, 0]},
						{"origin": [-2.075, -0.4, 4.125], "size": [2, 4, 2], "inflate": -0.3, "pivot": [-1.075, 1.6, 6.45], "rotation": [22.5, 0, 0], "uv": [0, 0]}
					]
				},
				{
					"name": "spike3",
					"parent": "spikes",
					"pivot": [3.55, 0.96328, -4.70033],
					"rotation": [122.65812, -25.18525, -8.52664],
					"cubes": [
						{"origin": [3.05, 2.45, -5.45], "size": [1, 3, 1], "pivot": [3.55, 1.7, -3.625], "rotation": [22.5, 0, 0], "uv": [36, 20]},
						{"origin": [3.575, 3.18249, -6.9342], "size": [0, 3, 1], "pivot": [3.575, 5.18249, -6.4342], "rotation": [30.36119, -40.78947, -20.94102], "uv": [15, 40]},
						{"origin": [3.575, 3.18249, -6.9342], "size": [0, 3, 1], "pivot": [3.575, 5.18249, -6.4342], "rotation": [30.36119, 40.78947, 20.94102], "uv": [39, 39]},
						{"origin": [2.55, -0.3, -5.95], "size": [2, 4, 2], "inflate": -0.3, "pivot": [3.55, 1.7, -3.625], "rotation": [22.5, 0, 0], "uv": [0, 27]}
					]
				},
				{
					"name": "spike4",
					"parent": "spikes",
					"pivot": [3.95, 0.86328, 0.44967],
					"rotation": [159.77487, -72.06263, -76.90897],
					"cubes": [
						{"origin": [3.45, 2.35, -0.3], "size": [1, 3, 1], "pivot": [3.95, 1.6, 1.525], "rotation": [22.5, 0, 0], "uv": [32, 35]},
						{"origin": [3.975, 3.08249, -1.7842], "size": [0, 3, 1], "pivot": [3.975, 5.08249, -1.2842], "rotation": [30.36119, -40.78947, -20.94102], "uv": [30, 39]},
						{"origin": [3.975, 3.08249, -1.7842], "size": [0, 3, 1], "pivot": [3.975, 5.08249, -1.2842], "rotation": [30.36119, 40.78947, 20.94102], "uv": [39, 25]},
						{"origin": [2.95, -0.4, -0.8], "size": [2, 4, 2], "inflate": -0.3, "pivot": [3.95, 1.6, 1.525], "rotation": [22.5, 0, 0], "uv": [25, 25]}
					]
				},
				{
					"name": "spike5",
					"parent": "spikes",
					"pivot": [2.95, 6.16328, 5.47467],
					"rotation": [-104.96635, -61.25225, 148.07458],
					"cubes": [
						{"origin": [2.45, 7.65, 4.725], "size": [1, 3, 1], "pivot": [2.95, 6.9, 6.55], "rotation": [22.5, 0, 0], "uv": [34, 25]},
						{"origin": [2.975, 8.38249, 3.2408], "size": [0, 3, 1], "pivot": [2.975, 10.38249, 3.7408], "rotation": [30.36119, -40.78947, -20.94102], "uv": [12, 39]},
						{"origin": [2.975, 8.38249, 3.2408], "size": [0, 3, 1], "pivot": [2.975, 10.38249, 3.7408], "rotation": [30.36119, 40.78947, 20.94102], "uv": [9, 39]},
						{"origin": [1.95, 4.9, 4.225], "size": [2, 4, 2], "inflate": -0.3, "pivot": [2.95, 6.9, 6.55], "rotation": [22.5, 0, 0], "uv": [18, 20]}
					]
				},
				{
					"name": "spike6",
					"parent": "spikes",
					"pivot": [-3.8, 6.23828, 5.47467],
					"rotation": [-126.71635, 61.25225, -148.07458],
					"cubes": [
						{"origin": [-4.3, 7.725, 4.725], "size": [1, 3, 1], "pivot": [-3.8, 6.975, 6.55], "rotation": [22.5, 0, 0], "uv": [10, 34]},
						{"origin": [-3.825, 8.45749, 3.2408], "size": [0, 3, 1], "pivot": [-3.825, 10.45749, 3.7408], "rotation": [30.36119, 40.78947, 20.94102], "uv": [6, 39]},
						{"origin": [-3.825, 8.45749, 3.2408], "size": [0, 3, 1], "pivot": [-3.825, 10.45749, 3.7408], "rotation": [30.36119, -40.78947, -20.94102], "uv": [3, 39]},
						{"origin": [-4.8, 4.975, 4.225], "size": [2, 4, 2], "inflate": -0.3, "pivot": [-3.8, 6.975, 6.55], "rotation": [22.5, 0, 0], "uv": [9, 20]}
					]
				},
				{
					"name": "spike7",
					"parent": "spikes",
					"pivot": [-3.95, 0.71328, 0.49967],
					"rotation": [152.27487, 72.06263, 76.90897],
					"cubes": [
						{"origin": [-4.45, 2.2, -0.25], "size": [1, 3, 1], "pivot": [-3.95, 1.45, 1.575], "rotation": [22.5, 0, 0], "uv": [5, 34]},
						{"origin": [-3.975, 2.93249, -1.7342], "size": [0, 3, 1], "pivot": [-3.975, 4.93249, -1.2342], "rotation": [30.36119, 40.78947, 20.94102], "uv": [0, 39]},
						{"origin": [-3.975, 2.93249, -1.7342], "size": [0, 3, 1], "pivot": [-3.975, 4.93249, -1.2342], "rotation": [30.36119, -40.78947, -20.94102], "uv": [38, 0]},
						{"origin": [-4.95, -0.55, -0.75], "size": [2, 4, 2], "inflate": -0.3, "pivot": [-3.95, 1.45, 1.575], "rotation": [22.5, 0, 0], "uv": [0, 20]}
					]
				}
			]
		}
	]
}