{
	"format_version": "1.12.0",
	"minecraft:geometry": [
		{
			"description": {
				"identifier": "geometry.ceruledge",
				"texture_width": 64,
				"texture_height": 128,
				"visible_bounds_width": 7,
				"visible_bounds_height": 4.5,
				"visible_bounds_offset": [0, 1.75, 0]
			},
			"bones": [
				{
					"name": "ceruledge",
					"pivot": [0, 0, 0]
				},
				{
					"name": "body",
					"parent": "ceruledge",
					"pivot": [0, 23.2, 0]
				},
				{
					"name": "torso",
					"parent": "body",
					"pivot": [0, 20.2, -1],
					"cubes": [
						{"origin": [-2, 20.2, -3], "size": [4, 4, 4], "inflate": 0.01, "uv": [1, 39]}
					]
				},
				{
					"name": "hips_armor_front",
					"parent": "torso",
					"pivot": [0, 24.2, -2.7],
					"rotation": [-27.5, 0, 0],
					"cubes": [
						{"origin": [-2, 17.2, -2.7], "size": [4, 7, 0], "uv": [21, 47]}
					]
				},
				{
					"name": "hips_armor_back",
					"parent": "torso",
					"pivot": [0, 23.8, 0.95],
					"rotation": [25, 0, 0],
					"cubes": [
						{"origin": [-2, 17.8, 0.94], "size": [4, 6, 0], "uv": [21, 48]}
					]
				},
				{
					"name": "waist",
					"parent": "torso",
					"pivot": [0, 24.2, 0.1],
					"cubes": [
						{"origin": [-2, 23.9, -2.9], "size": [4, 2, 3], "uv": [0, 30]}
					]
				},
				{
					"name": "chest",
					"parent": "waist",
					"pivot": [0, 25.65, 0.05],
					"rotation": [-5, 0, 0],
					"cubes": [
						{"origin": [-3, 25.6, -3], "size": [6, 4, 5], "inflate": 0.01, "uv": [0, 21]}
					]
				},
				{
					"name": "torso_armor",
					"parent": "chest",
					"pivot": [0, 29, 1],
					"cubes": [
						{"origin": [-2, 25.2, -2.8], "size": [4, 3, 2], "pivot": [0, 25.42505, -4], "rotation": [35, 0, 0], "uv": [34, 18]}
					]
				},
				{
					"name": "neck_armor_left",
					"parent": "torso_armor",
					"pivot": [1.1, 29.6, -2.825],
					"rotation": [25, 15, 0],
					"cubes": [
						{"origin": [0.6, 27.6, -2.825], "size": [1, 2, 4], "inflate": 0.01, "uv": [28, 19]},
						{"origin": [0.6, 27.6, 1.1], "size": [1, 1, 2], "uv": [18, 21]}
					]
				},
				{
					"name": "neck_armor_right",
					"parent": "torso_armor",
					"pivot": [-1.1, 29.6, -2.825],
					"rotation": [25, -15, 0],
					"cubes": [
						{"origin": [-1.6, 27.6, -2.825], "size": [1, 2, 4], "inflate": 0.01, "uv": [22, 17], "mirror": true},
						{"origin": [-1.6, 27.6, 1.1], "size": [1, 1, 2], "uv": [24, 23], "mirror": true}
					]
				},
				{
					"name": "arms",
					"parent": "chest",
					"pivot": [0, 28.9, 0],
					"rotation": [5, 0, 0]
				},
				{
					"name": "arm_left",
					"parent": "arms",
					"pivot": [3, 29.6, -0.3],
					"cubes": [
						{"origin": [3, 27.6, -1.3], "size": [6, 2, 2], "uv": [0, 35]}
					]
				},
				{
					"name": "shoulder_left",
					"parent": "arm_left",
					"pivot": [3, 29.4, -0.3],
					"cubes": [
						{"origin": [3, 28.4, -2.3], "size": [2, 3, 4], "inflate": 0.01, "uv": [44, 22]},
						{"origin": [5, 27.4, -2.3], "size": [2, 4, 4], "inflate": 0.01, "uv": [52, 25]},
						{"origin": [5, 27.4, -1.31], "size": [2, 2, 0], "inflate": 0.009, "uv": [39, 37]},
						{"origin": [5, 27.4, 0.71], "size": [2, 2, 0], "inflate": 0.009, "uv": [39, 39]},
						{"origin": [5, 28.41, -1.3], "size": [2, 0, 2], "inflate": 0.009, "uv": [28, 46]},
						{"origin": [6.7, 30, -3.1], "size": [2, 0, 3], "pivot": [6.7, 30.2, -1.3], "rotation": [45, 0, -10], "uv": [53, 22]},
						{"origin": [6.7, 30, -0.52], "size": [2, 0, 3], "pivot": [6.7, 30.2, 0.7], "rotation": [-45, 0, -10], "uv": [49, 22]}
					]
				},
				{
					"name": "arm_left2",
					"parent": "arm_left",
					"pivot": [9, 28.6, 0.7],
					"cubes": [
						{"origin": [9, 27.6, -1.3], "size": [1, 2, 2], "inflate": 0.01, "uv": [55, 0]}
					]
				},
				{
					"name": "arm_left3",
					"parent": "arm_left2",
					"pivot": [10, 28.6, -0.3],
					"cubes": [
						{"origin": [10, 27.1, -2.2], "size": [4, 3, 4], "uv": [32, 25]},
						{"origin": [14, 27.7, -1.8], "size": [5, 2, 3], "uv": [32, 32]}
					]
				},
				{
					"name": "blade_left",
					"parent": "arm_left3",
					"pivot": [12, 28.6, -0.2],
					"cubes": [
						{"origin": [10, 28.6, -8.7], "size": [32, 0, 17], "uv": [-17, 111]}
					]
				},
				{
					"name": "arm_right",
					"parent": "arms",
					"pivot": [-3, 29.6, -0.3],
					"cubes": [
						{"origin": [-9, 27.6, -1.3], "size": [6, 2, 2], "uv": [0, 35], "mirror": true}
					]
				},
				{
					"name": "shoulder_right",
					"parent": "arm_right",
					"pivot": [-3, 29.4, -0.3],
					"cubes": [
						{"origin": [-5, 28.4, -2.3], "size": [2, 3, 4], "inflate": 0.01, "uv": [44, 22], "mirror": true},
						{"origin": [-7, 27.4, -2.3], "size": [2, 4, 4], "inflate": 0.01, "uv": [52, 25], "mirror": true},
						{"origin": [-7, 27.4, -1.31], "size": [2, 2, 0], "inflate": 0.009, "uv": [35, 37], "mirror": true},
						{"origin": [-7, 27.4, 0.71], "size": [2, 2, 0], "inflate": 0.009, "uv": [35, 39], "mirror": true},
						{"origin": [-7, 28.41, -1.3], "size": [2, 0, 2], "inflate": 0.009, "uv": [28, 44], "mirror": true},
						{"origin": [-8.7, 30, -3.1], "size": [2, 0, 3], "pivot": [-6.7, 30.2, -1.3], "rotation": [45, 0, 10], "uv": [53, 22], "mirror": true},
						{"origin": [-8.7, 30, -0.52], "size": [2, 0, 3], "pivot": [-6.7, 30.2, 0.7], "rotation": [-45, 0, 10], "uv": [52, 33], "mirror": true}
					]
				},
				{
					"name": "arm_right2",
					"parent": "arm_right",
					"pivot": [-9, 28.6, 0.7],
					"cubes": [
						{"origin": [-10, 27.6, -1.3], "size": [1, 2, 2], "inflate": 0.01, "uv": [55, 0], "mirror": true}
					]
				},
				{
					"name": "arm_right3",
					"parent": "arm_right2",
					"pivot": [-10, 28.6, -0.3],
					"cubes": [
						{"origin": [-14, 27.1, -2.2], "size": [4, 3, 4], "uv": [32, 25], "mirror": true},
						{"origin": [-19, 27.7, -1.8], "size": [5, 2, 3], "uv": [32, 32], "mirror": true}
					]
				},
				{
					"name": "blade_right",
					"parent": "arm_right3",
					"pivot": [-12, 28.6, -0.2],
					"cubes": [
						{"origin": [-42, 28.6, -7.7], "size": [32, 0, 15], "uv": [-15, 112], "mirror": true}
					]
				},
				{
					"name": "neck",
					"parent": "chest",
					"pivot": [0, 29.6, 0],
					"rotation": [5, 0, 0],
					"cubes": [
						{"origin": [-1, 29, -1], "size": [2, 3, 2], "uv": [42, 13]}
					]
				},
				{
					"name": "head",
					"parent": "neck",
					"pivot": [0, 31.3, 0],
					"cubes": [
						{"origin": [-3.5, 31.3, -3.9], "size": [7, 7, 7], "uv": [0, 0]},
						{"origin": [-3, 32.3, -3.75], "size": [6, 5, 4], "uv": [24, 100]}
					]
				},
				{
					"name": "legs",
					"parent": "body",
					"pivot": [0, 22.2, -1.1]
				},
				{
					"name": "leg_left",
					"parent": "legs",
					"pivot": [2, 22.1, -1],
					"cubes": [
						{"origin": [0.35, 20.55, -3], "size": [3, 3, 4], "pivot": [1.85, 22.05, -1], "rotation": [0, 0, 45], "uv": [36, 53]}
					]
				},
				{
					"name": "leg_left2",
					"parent": "leg_left",
					"pivot": [3.6, 22, -1],
					"cubes": [
						{"origin": [0.6, 13, -2.5], "size": [3, 9, 3], "uv": [52, 61]}
					]
				},
				{
					"name": "leg_left3",
					"parent": "leg_left2",
					"pivot": [2.1, 15, -2.5]
				},
				{
					"name": "leg_left3_rotation",
					"parent": "leg_left3",
					"pivot": [2.1, 15, -2.5],
					"rotation": [0, 45, 0],
					"cubes": [
						{"origin": [-2.25, 7.8, -5.1], "size": [7, 6, 7], "inflate": 0.02, "pivot": [-2.25, 13.8, 1.9], "rotation": [-7.5, 0, -7.5], "uv": [0, 60]},
						{"origin": [-1.4, 5.3, -3.95], "size": [5, 4, 5], "inflate": 0.01, "pivot": [3.6, 9.3, -3.95], "rotation": [-5, 0, -5], "uv": [32, 60]},
						{"origin": [-0.95, 1, -2.3], "size": [3, 4, 3], "uv": [25, 58]}
					]
				},
				{
					"name": "foot_left",
					"parent": "leg_left3_rotation",
					"pivot": [0.9, 0.5, -1.15],
					"rotation": [0, 45, 0]
				},
				{
					"name": "foot_left_rotation",
					"parent": "foot_left",
					"pivot": [2.5, 1, -1.15]
				},
				{
					"name": "foot_left_pivot",
					"parent": "foot_left_rotation",
					"pivot": [-1.25, 1, -1.15],
					"cubes": [
						{"origin": [-0.6, 0, -2.65], "size": [3, 1, 3], "inflate": 0.01, "pivot": [0.9, 0.5, -1.15], "rotation": [0, -45, 0], "uv": [28, 69]}
					]
				},
				{
					"name": "leg_right",
					"parent": "legs",
					"pivot": [-2, 22.1, -1],
					"cubes": [
						{"origin": [-3.35, 20.55, -3], "size": [3, 3, 4], "pivot": [-1.85, 22.05, -1], "rotation": [0, 0, -45], "uv": [25, 37], "mirror": true}
					]
				},
				{
					"name": "leg_right2",
					"parent": "leg_right",
					"pivot": [-3.6, 22, -1],
					"cubes": [
						{"origin": [-3.6, 13, -2.5], "size": [3, 9, 3], "uv": [52, 61], "mirror": true}
					]
				},
				{
					"name": "leg_right3",
					"parent": "leg_right2",
					"pivot": [-2.1, 14, -2.5]
				},
				{
					"name": "leg_right3_rotation",
					"parent": "leg_right3",
					"pivot": [-2.1, 14, -2.5],
					"rotation": [0, -45, 0],
					"cubes": [
						{"origin": [-4.75, 7.8, -5.1], "size": [7, 6, 7], "inflate": 0.02, "pivot": [2.25, 13.8, 1.9], "rotation": [-7.5, 0, 7.5], "uv": [0, 47], "mirror": true},
						{"origin": [-3.6, 5.3, -3.95], "size": [5, 4, 5], "inflate": 0.01, "pivot": [-3.6, 9.3, -3.95], "rotation": [-5, 0, 5], "uv": [29, 44], "mirror": true},
						{"origin": [-2.05, 1, -2.3], "size": [3, 4, 3], "uv": [52, 54], "mirror": true}
					]
				},
				{
					"name": "foot_right",
					"parent": "leg_right3_rotation",
					"pivot": [-0.9, 0.5, -1.15],
					"rotation": [0, -45, 0]
				},
				{
					"name": "foot_right_rotation",
					"parent": "foot_right",
					"pivot": [-2.5, 1, -1.15]
				},
				{
					"name": "foot_right_pivot",
					"parent": "foot_right_rotation",
					"pivot": [1.25, 1, -1.15],
					"cubes": [
						{"origin": [-2.4, 0, -2.65], "size": [3, 1, 3], "inflate": 0.01, "pivot": [-0.9, 0.5, -1.15], "rotation": [0, 45, 0], "uv": [40, 69], "mirror": true}
					]
				}
			]
		}
	]
}