{
	"format_version": "1.12.0",
	"minecraft:geometry": [
		{
			"description": {
				"identifier": "geometry.Chewtle",
				"texture_width": 64,
				"texture_height": 64,
				"visible_bounds_width": 3,
				"visible_bounds_height": 2.5,
				"visible_bounds_offset": [0, 0.75, 0]
			},
			"bones": [
				{
					"name": "chewtle",
					"pivot": [0, -0.25, 0]
				},
				{
					"name": "body",
					"parent": "chewtle",
					"pivot": [0, -0.25, 0]
				},
				{
					"name": "torso",
					"parent": "body",
					"pivot": [0, 4.57552, 2.3775],
					"cubes": [
						{"origin": [-3, 1.75, 0.25], "size": [6, 3, 6], "uv": [22, 21]},
						{"origin": [-3.5, 4, 0], "size": [7, 3, 7], "inflate": -0.1, "pivot": [0, 5.75, 3.25], "rotation": [-5, 0, 0], "uv": [0, 17]},
						{"origin": [-3, 3.45, 6.26], "size": [6, 1, 1], "uv": [21, 18]},
						{"origin": [-2, 5.7, -0.75], "size": [4, 1, 1], "uv": [34, 19]},
						{"origin": [-3.05, 2.9, -0.74], "size": [3, 1, 1], "pivot": [-3, 3.95, -0.25], "rotation": [0, 0, -72.5], "uv": [0, 32]},
						{"origin": [0.05, 2.9, -0.74], "size": [3, 1, 1], "pivot": [3, 3.95, -0.25], "rotation": [0, 0, 72.5], "uv": [0, 5]},
						{"origin": [2, 3.45, -0.75], "size": [2, 1, 8], "uv": [0, 27]},
						{"origin": [-4, 3.45, -0.75], "size": [2, 1, 8], "uv": [26, 9]}
					]
				},
				{
					"name": "tail",
					"parent": "torso",
					"pivot": [0, 3.25, 6.25],
					"cubes": [
						{"origin": [-1, 1.75, 6.25], "size": [2, 2, 2], "uv": [38, 5]}
					]
				},
				{
					"name": "tail2",
					"parent": "tail",
					"pivot": [0, 2.75, 8.25],
					"cubes": [
						{"origin": [-0.5, 2.25, 7.75], "size": [1, 1, 2], "inflate": 0.1, "uv": [0, 17]}
					]
				},
				{
					"name": "neck",
					"parent": "torso",
					"pivot": [0, 3.75, 0.05],
					"rotation": [-17.5, 0, 0],
					"cubes": [
						{"origin": [-1, 3.56317, -3.53668], "size": [2, 2, 5], "inflate": 0.1, "uv": [15, 40]}
					]
				},
				{
					"name": "neck2",
					"parent": "neck",
					"pivot": [0, 4.56317, -2.88668],
					"cubes": [
						{"origin": [-2.5, 2.06317, -6.63668], "size": [5, 5, 4], "inflate": -0.1, "uv": [20, 30]}
					]
				},
				{
					"name": "head",
					"parent": "neck2",
					"pivot": [0, 4.61317, -3.43668],
					"cubes": [
						{"origin": [-4.5, -0.08683, -11.43668], "size": [9, 9, 8], "uv": [0, 0]},
						{"origin": [-1.5, -0.09128, -6.03668], "size": [3, 0, 1], "uv": [44, 3]},
						{"origin": [-3.5, -0.09128, -8.03668], "size": [2, 0, 1], "uv": [30, 3]},
						{"origin": [1.5, -0.09128, -8.03668], "size": [2, 0, 1], "uv": [30, 3], "mirror": true},
						{"origin": [-4.8, -0.18683, -7.33668], "size": [1, 3, 3], "inflate": 0.1, "uv": [10, 36], "mirror": true},
						{"origin": [3.8, -0.18683, -7.33668], "size": [1, 3, 3], "inflate": 0.1, "uv": [10, 36]},
						{"origin": [-2, 2.41317, -13.43668], "size": [4, 4, 2], "uv": [12, 28]},
						{"origin": [-1, 3.41317, -15.43668], "size": [2, 2, 2], "uv": [34, 30]}
					]
				},
				{
					"name": "eyes",
					"parent": "head",
					"pivot": [0, -0.21368, -10.57198],
					"cubes": [
						{"origin": [-0.1, -0.20593, -10.73668], "size": [3, 0, 1], "pivot": [0, -0.19593, -10.43668], "rotation": [0, 7.5, 0], "uv": [-1, 48], "mirror": true},
						{"origin": [-2.9, -0.20593, -10.73668], "size": [3, 0, 1], "pivot": [0, -0.19593, -10.43668], "rotation": [0, -7.5, 0], "uv": [-1, 48]},
						{"origin": [-0.09, -0.22193, -11.06168], "size": [3, 0, 1], "pivot": [0.2, -0.22093, -10.93668], "rotation": [0, 7.5, 0], "uv": [47, 1], "mirror": true},
						{"origin": [-2.91, -0.22093, -11.06168], "size": [3, 0, 1], "pivot": [-0.2, -0.22093, -10.93668], "rotation": [0, -7.5, 0], "uv": [47, 1]}
					]
				},
				{
					"name": "left_eye",
					"parent": "eyes",
					"pivot": [1.80713, 0.34675, -9.7483],
					"rotation": [-0.64509, 2.35827, -1.72388],
					"cubes": [
						{"origin": [1.30713, -0.25825, -10.7483], "size": [1, 1, 2], "inflate": -0.1, "uv": [32, 43], "mirror": true},
						{"origin": [1.30713, -0.04825, -10.7483], "size": [1, 1, 2], "inflate": 0.1, "uv": [25, 40], "mirror": true}
					]
				},
				{
					"name": "right_eye",
					"parent": "eyes",
					"pivot": [-1.80713, 0.34675, -9.7483],
					"rotation": [-0.64509, -2.35827, 1.72388],
					"cubes": [
						{"origin": [-2.30713, -0.25825, -10.7483], "size": [1, 1, 2], "inflate": -0.1, "uv": [32, 43]},
						{"origin": [-2.30713, -0.04825, -10.7483], "size": [1, 1, 2], "inflate": 0.1, "uv": [25, 40]}
					]
				},
				{
					"name": "mouth",
					"parent": "head",
					"pivot": [0, 0.89407, -6.08668],
					"cubes": [
						{"origin": [-4.5, 0.90407, -7.73668], "size": [9, 0, 5], "uv": [33, 11]},
						{"origin": [-1, 0.88407, -7.43668], "size": [2, 0, 1], "uv": [-1, 51]}
					]
				},
				{
					"name": "legg",
					"parent": "body",
					"pivot": [-3, 3, 5.5],
					"cubes": [
						{"origin": [-4, 0, 4.5], "size": [2, 3, 2], "uv": [0, 0]},
						{"origin": [-4, 0, 4], "size": [2, 1, 1], "inflate": -0.1, "uv": [21, 22]}
					]
				},
				{
					"name": "legg2",
					"parent": "body",
					"pivot": [3, 3, 5.5],
					"cubes": [
						{"origin": [2, 0, 4.5], "size": [2, 3, 2], "uv": [0, 0]},
						{"origin": [2, 0, 4], "size": [2, 1, 1], "inflate": -0.1, "uv": [0, 22]}
					]
				},
				{
					"name": "legg3",
					"parent": "body",
					"pivot": [3, 3, 1.5],
					"cubes": [
						{"origin": [2, 0, 0.5], "size": [2, 3, 2], "uv": [0, 0]},
						{"origin": [2, 0, 0], "size": [2, 1, 1], "inflate": -0.1, "uv": [21, 20]}
					]
				},
				{
					"name": "legg4",
					"parent": "body",
					"pivot": [-3, 3, 1.5],
					"cubes": [
						{"origin": [-4, 0, 0.5], "size": [2, 3, 2], "uv": [0, 0]},
						{"origin": [-4, 0, 0], "size": [2, 1, 1], "inflate": -0.1, "uv": [0, 20]}
					]
				}
			]
		}
	]
}