{
	"format_version": "1.12.0",
	"minecraft:geometry": [
		{
			"description": {
				"identifier": "geometry.crawdaunt",
				"texture_width": 128,
				"texture_height": 128,
				"visible_bounds_width": 5,
				"visible_bounds_height": 3.5,
				"visible_bounds_offset": [0, 1.25, 0]
			},
			"bones": [
				{
					"name": "crawdaunt",
					"pivot": [0, 0, 0]
				},
				{
					"name": "body",
					"parent": "crawdaunt",
					"pivot": [0, 3.5, -2]
				},
				{
					"name": "torso",
					"parent": "body",
					"pivot": [0, 3.5, -2],
					"cubes": [
						{"origin": [-7, 3.5, -7], "size": [14, 9, 10], "inflate": -0.01, "uv": [0, 22]}
					]
				},
				{
					"name": "torso2",
					"parent": "torso",
					"pivot": [0, 3.5, -7],
					"rotation": [22.5, 0, 0],
					"cubes": [
						{"origin": [-7, 3.5, -7], "size": [14, 12, 10], "uv": [0, 0]},
						{"origin": [-6, 15.5, -7], "size": [12, 8, 10], "uv": [48, 0]},
						{"origin": [-5, 22.80836, -10.25389], "size": [10, 4, 9], "pivot": [0, 15.5, -7], "rotation": [-24, 0, 0], "uv": [39, 18]},
						{"origin": [1.5, 27.15, -13.75], "size": [0, 4, 8], "pivot": [1.5, 27.15, -5.75], "rotation": [137.5, 67.5, -90], "uv": [112, 24]},
						{"origin": [-1.5, 27.15, -13.5], "size": [0, 4, 8], "pivot": [-1.5, 27.15, -5.5], "rotation": [137.5, -67.5, 90], "uv": [112, 24]},
						{"origin": [0, 26.15, -14.5], "size": [0, 4, 11], "pivot": [0, 26.15, -3.5], "rotation": [-131.89383, -55.03389, 36.32065], "uv": [106, 27]},
						{"origin": [0, 26.15, -14.5], "size": [0, 4, 11], "pivot": [0, 26.15, -3.5], "rotation": [-129.63927, 53.13995, -33.5375], "uv": [106, 27]}
					]
				},
				{
					"name": "arms",
					"parent": "torso2",
					"pivot": [0, 15.5, -2]
				},
				{
					"name": "shoulder_left",
					"parent": "arms",
					"pivot": [6, 15.5, -2],
					"cubes": [
						{"origin": [3.5, 13, -4.5], "size": [5, 5, 5], "uv": [82, 0]}
					]
				},
				{
					"name": "arm_left",
					"parent": "shoulder_left",
					"pivot": [8.5, 15, -2],
					"cubes": [
						{"origin": [7.5, 14, -3], "size": [5, 2, 2], "inflate": 0.01, "uv": [22, 41]}
					]
				},
				{
					"name": "arm_left2",
					"parent": "arm_left",
					"pivot": [12.5, 15, -2],
					"cubes": [
						{"origin": [12.5, 14, -3], "size": [5, 2, 2], "uv": [36, 41]}
					]
				},
				{
					"name": "claw_left",
					"parent": "arm_left2",
					"pivot": [16.5, 15, -2],
					"cubes": [
						{"origin": [16.5, 11, -5.5], "size": [4, 8, 7], "uv": [0, 52]},
						{"origin": [20.5, 14.5, -5.5], "size": [5, 5, 7], "inflate": 0.01, "uv": [0, 87]},
						{"origin": [23.5, 15, -7], "size": [2, 2, 3], "pivot": [24.5, 16, -5.5], "rotation": [22.5, 0, 0], "uv": [10, 67]},
						{"origin": [24, 15.5, -8.5], "size": [1, 1, 2], "pivot": [24.5, 16, -5.5], "rotation": [22.5, 0, 0], "uv": [17, 67]},
						{"origin": [21, 15.5, -8.5], "size": [1, 1, 2], "pivot": [21.5, 16, -5.5], "rotation": [22.5, 0, 0], "uv": [7, 67]},
						{"origin": [20.5, 15, -7], "size": [2, 2, 3], "pivot": [21.5, 16, -5.5], "rotation": [22.5, 0, 0], "uv": [0, 67]},
						{"origin": [23.5, 15, 0], "size": [2, 2, 3], "pivot": [24.5, 16, 1.5], "rotation": [-22.5, 0, 0], "uv": [10, 72]},
						{"origin": [24, 15.5, 2.5], "size": [1, 1, 2], "pivot": [24.5, 16, 1.5], "rotation": [-22.5, 0, 0], "uv": [17, 72]},
						{"origin": [21, 15.5, 2.5], "size": [1, 1, 2], "pivot": [21.5, 16, 1.5], "rotation": [-22.5, 0, 0], "uv": [7, 72]},
						{"origin": [20.5, 15, 0], "size": [2, 2, 3], "pivot": [21.5, 16, 1.5], "rotation": [-22.5, 0, 0], "uv": [0, 72]},
						{"origin": [23, 14.5, -4.5], "size": [5, 5, 5], "pivot": [25.5, 17, -2], "rotation": [0, 45, 0], "uv": [0, 77]},
						{"origin": [28, 11.5, -4.5], "size": [0, 3, 5], "pivot": [25.5, 17, -2], "rotation": [0, 45, 0], "uv": [15, 48]},
						{"origin": [23, 11.5, 0.5], "size": [5, 3, 0], "pivot": [25.5, 17, -2], "rotation": [0, 45, 0], "uv": [15, 56]}
					]
				},
				{
					"name": "claw_jaw_left",
					"parent": "claw_left",
					"pivot": [20.5, 14.5, -2],
					"cubes": [
						{"origin": [20.5, 11.5, -5], "size": [5, 3, 6], "inflate": -0.01, "uv": [40, 69]},
						{"origin": [23.5, 11.5, -4], "size": [4, 3, 4], "pivot": [25.5, 13, -2], "rotation": [0, -45, 0], "uv": [40, 78]},
						{"origin": [25.5, 14.5, -4], "size": [2, 1, 0], "pivot": [25.5, 13, -2], "rotation": [0, -45, 0], "uv": [50, 85]},
						{"origin": [27.5, 14.5, -4], "size": [0, 1, 2], "pivot": [25.5, 13, -2], "rotation": [0, -45, 0], "uv": [50, 84]},
						{"origin": [24, 11, -3.5], "size": [3, 1, 3], "pivot": [25.5, 13, -2], "rotation": [0, -45, 0], "uv": [41, 85]}
					]
				},
				{
					"name": "shoulder_right",
					"parent": "arms",
					"pivot": [-6, 15.5, -2],
					"cubes": [
						{"origin": [-8.5, 13, -4.5], "size": [5, 5, 5], "uv": [97, 8], "mirror": true}
					]
				},
				{
					"name": "arm_right",
					"parent": "shoulder_right",
					"pivot": [-8.5, 15, -2],
					"cubes": [
						{"origin": [-12.5, 14, -3], "size": [5, 2, 2], "inflate": 0.01, "uv": [22, 45], "mirror": true}
					]
				},
				{
					"name": "arm_right2",
					"parent": "arm_right",
					"pivot": [-12.5, 15, -2],
					"cubes": [
						{"origin": [-17.5, 14, -3], "size": [5, 2, 2], "uv": [36, 45], "mirror": true}
					]
				},
				{
					"name": "claw_right",
					"parent": "arm_right2",
					"pivot": [-16.5, 15, -2],
					"cubes": [
						{"origin": [-20.5, 11, -5.5], "size": [4, 8, 7], "uv": [22, 52], "mirror": true},
						{"origin": [-25.5, 14.5, -5.5], "size": [5, 5, 7], "inflate": 0.01, "uv": [24, 87], "mirror": true},
						{"origin": [-25.5, 15, -7], "size": [2, 2, 3], "pivot": [-24.5, 16, -5.5], "rotation": [22.5, 0, 0], "uv": [30, 67], "mirror": true},
						{"origin": [-25, 15.5, -8.5], "size": [1, 1, 2], "pivot": [-24.5, 16, -5.5], "rotation": [22.5, 0, 0], "uv": [37, 67], "mirror": true},
						{"origin": [-22, 15.5, -8.5], "size": [1, 1, 2], "pivot": [-21.5, 16, -5.5], "rotation": [22.5, 0, 0], "uv": [27, 67], "mirror": true},
						{"origin": [-22.5, 15, -7], "size": [2, 2, 3], "pivot": [-21.5, 16, -5.5], "rotation": [22.5, 0, 0], "uv": [20, 67], "mirror": true},
						{"origin": [-25.5, 15, 0], "size": [2, 2, 3], "pivot": [-24.5, 16, 1.5], "rotation": [-22.5, 0, 0], "uv": [30, 72], "mirror": true},
						{"origin": [-25, 15.5, 2.5], "size": [1, 1, 2], "pivot": [-24.5, 16, 1.5], "rotation": [-22.5, 0, 0], "uv": [37, 72], "mirror": true},
						{"origin": [-22, 15.5, 2.5], "size": [1, 1, 2], "pivot": [-21.5, 16, 1.5], "rotation": [-22.5, 0, 0], "uv": [27, 72], "mirror": true},
						{"origin": [-22.5, 15, 0], "size": [2, 2, 3], "pivot": [-21.5, 16, 1.5], "rotation": [-22.5, 0, 0], "uv": [20, 72], "mirror": true},
						{"origin": [-28, 14.5, -4.5], "size": [5, 5, 5], "pivot": [-25.5, 17, -2], "rotation": [0, -45, 0], "uv": [20, 77], "mirror": true},
						{"origin": [-28, 11.5, -4.5], "size": [0, 3, 5], "pivot": [-25.5, 17, -2], "rotation": [0, -45, 0], "uv": [37, 48], "mirror": true},
						{"origin": [-28, 11.5, 0.5], "size": [5, 3, 0], "pivot": [-25.5, 17, -2], "rotation": [0, -45, 0], "uv": [37, 56], "mirror": true}
					]
				},
				{
					"name": "claw_jaw_right",
					"parent": "claw_right",
					"pivot": [-20.5, 14.5, -2],
					"cubes": [
						{"origin": [-25.5, 11.5, -5], "size": [5, 3, 6], "inflate": -0.01, "uv": [62, 69], "mirror": true},
						{"origin": [-27.5, 11.5, -4], "size": [4, 3, 4], "pivot": [-25.5, 13, -2], "rotation": [0, 45, 0], "uv": [56, 78], "mirror": true},
						{"origin": [-27.5, 14.5, -4], "size": [2, 1, 0], "pivot": [-25.5, 13, -2], "rotation": [0, 45, 0], "uv": [62, 85], "mirror": true},
						{"origin": [-27.5, 14.5, -4], "size": [0, 1, 2], "pivot": [-25.5, 13, -2], "rotation": [0, 45, 0], "uv": [62, 84], "mirror": true},
						{"origin": [-27, 11, -3.5], "size": [3, 1, 3], "pivot": [-25.5, 13, -2], "rotation": [0, 45, 0], "uv": [53, 85], "mirror": true}
					]
				},
				{
					"name": "small_arms",
					"parent": "torso2",
					"pivot": [0, 5.5, -7]
				},
				{
					"name": "small_arm_left",
					"parent": "small_arms",
					"pivot": [5, 5.5, -7],
					"cubes": [
						{"origin": [4.5, 5, -9], "size": [1, 1, 3], "uv": [0, 0]}
					]
				},
				{
					"name": "small_arm_left2",
					"parent": "small_arm_left",
					"pivot": [5, 5.5, -9],
					"cubes": [
						{"origin": [4, 4, -11.5], "size": [2, 3, 3], "uv": [102, 0]},
						{"origin": [4.5, 7, -11.5], "size": [1, 2, 2], "pivot": [5, 7, -11.5], "rotation": [-60, 0, 0], "uv": [112, 6]}
					]
				},
				{
					"name": "small_arm_left3",
					"parent": "small_arm_left2",
					"pivot": [5, 6.5, -11.5],
					"cubes": [
						{"origin": [4.5, 4.5, -13], "size": [1, 2, 3], "inflate": -0.01, "uv": [68, 18]},
						{"origin": [4.5, 4.51, -14.5], "size": [1, 2, 3], "pivot": [5, 6.5, -13], "rotation": [35, 0, 0], "uv": [73, 32]},
						{"origin": [5, 3.64783, -16.23446], "size": [0, 2, 2], "pivot": [5, 5.64783, -14.23446], "rotation": [50, 0, 0], "uv": [0, 6]}
					]
				},
				{
					"name": "small_arm_right",
					"parent": "small_arms",
					"pivot": [-5, 5.5, -7],
					"cubes": [
						{"origin": [-5.5, 5, -9], "size": [1, 1, 3], "uv": [0, 4], "mirror": true}
					]
				},
				{
					"name": "small_arm_right2",
					"parent": "small_arm_right",
					"pivot": [-5, 5.5, -9],
					"cubes": [
						{"origin": [-6, 4, -11.5], "size": [2, 3, 3], "uv": [112, 0], "mirror": true},
						{"origin": [-5.5, 7, -11.5], "size": [1, 2, 2], "pivot": [-5, 7, -11.5], "rotation": [-60, 0, 0], "uv": [118, 6], "mirror": true}
					]
				},
				{
					"name": "small_arm_right3",
					"parent": "small_arm_right2",
					"pivot": [-5, 6.5, -11.5],
					"cubes": [
						{"origin": [-5.5, 4.5, -13], "size": [1, 2, 3], "inflate": -0.01, "uv": [76, 18], "mirror": true},
						{"origin": [-5.5, 4.51, -14.5], "size": [1, 2, 3], "pivot": [-5, 6.5, -13], "rotation": [35, 0, 0], "uv": [81, 32], "mirror": true},
						{"origin": [-5, 3.64783, -16.23446], "size": [0, 2, 2], "pivot": [-5, 5.64783, -14.23446], "rotation": [50, 0, 0], "uv": [4, 6], "mirror": true}
					]
				},
				{
					"name": "eyes",
					"parent": "torso2",
					"pivot": [0, 20.5, -4],
					"rotation": [-22.5, 0, 0]
				},
				{
					"name": "eye_left",
					"parent": "eyes",
					"pivot": [6.01, 20.5, -4],
					"cubes": [
						{"origin": [6.01, 18.5, -6], "size": [0, 4, 4], "uv": [76, 54]},
						{"origin": [6.02, 19, -5.5], "size": [0, 3, 3], "uv": [84, 55]},
						{"origin": [6.095, 21, -6.5], "size": [0, 2, 5], "pivot": [6.095, 21.5, -4], "rotation": [22.5, 0, 0], "uv": [79, 44]},
						{"origin": [-6.105, 21, -6.5], "size": [0, 2, 5], "pivot": [-6.105, 21.5, -4], "rotation": [22.5, 0, 0], "uv": [79, 44]}
					]
				},
				{
					"name": "pupil_left",
					"parent": "eye_left",
					"pivot": [6.03, 20.5, -4],
					"cubes": [
						{"origin": [6.03, 20, -4.5], "size": [0, 1, 1], "uv": [84, 60]}
					]
				},
				{
					"name": "eye_closed_left",
					"parent": "eye_left",
					"pivot": [5.03, 20.5, -4],
					"cubes": [
						{"origin": [4.03, 19, -5.5], "size": [1, 3, 3], "inflate": 0.01, "uv": [76, 62]}
					]
				},
				{
					"name": "pupil_closed_left",
					"parent": "eye_closed_left",
					"pivot": [5.05, 20.25, -4],
					"cubes": [
						{"origin": [5.05, 19.75, -5], "size": [0, 1, 2], "uv": [86, 59]}
					]
				},
				{
					"name": "eye_hype_left",
					"parent": "eye_left",
					"pivot": [5.03, 20.5, -4],
					"cubes": [
						{"origin": [4.03, 19, -5.5], "size": [1, 3, 3], "inflate": 0.01, "uv": [76, 62]}
					]
				},
				{
					"name": "pupil_hype_left",
					"parent": "eye_hype_left",
					"pivot": [5.05, 20.5, -4],
					"cubes": [
						{"origin": [5.05, 19.75, -4.75], "size": [0, 2, 2], "pivot": [5.05, 20.5, -4], "rotation": [-45, 0, 0], "uv": [81, 60]}
					]
				},
				{
					"name": "eyelid_angry_left",
					"parent": "eye_left",
					"pivot": [5.04, 21.5, -5],
					"cubes": [
						{"origin": [5.045, 21.5, -6], "size": [0, 1, 2], "uv": [85, 60]},
						{"origin": [5.055, 21, -5.75], "size": [0, 1, 1], "uv": [85, 62]}
					]
				},
				{
					"name": "eye_right",
					"parent": "eyes",
					"pivot": [-6.01, 20.5, -4],
					"cubes": [
						{"origin": [-6.01, 18.5, -6], "size": [0, 4, 4], "uv": [90, 54], "mirror": true},
						{"origin": [-6.02, 19, -5.5], "size": [0, 3, 3], "uv": [98, 55], "mirror": true}
					]
				},
				{
					"name": "pupil_right",
					"parent": "eye_right",
					"pivot": [-6.03, 20.5, -4],
					"cubes": [
						{"origin": [-6.03, 20, -4.5], "size": [0, 1, 1], "uv": [98, 60], "mirror": true}
					]
				},
				{
					"name": "eye_closed_right",
					"parent": "eye_right",
					"pivot": [-5.03, 20.5, -4],
					"cubes": [
						{"origin": [-5.03, 19, -5.5], "size": [1, 3, 3], "inflate": 0.01, "uv": [90, 62], "mirror": true}
					]
				},
				{
					"name": "pupil_closed_right",
					"parent": "eye_closed_right",
					"pivot": [-5.05, 20.25, -4],
					"cubes": [
						{"origin": [-5.05, 19.75, -5], "size": [0, 1, 2], "uv": [100, 59], "mirror": true}
					]
				},
				{
					"name": "eye_hype_right",
					"parent": "eye_right",
					"pivot": [-5.03, 20.5, -4],
					"cubes": [
						{"origin": [-5.03, 19, -5.5], "size": [1, 3, 3], "inflate": 0.01, "uv": [90, 62], "mirror": true}
					]
				},
				{
					"name": "pupil_hype_right",
					"parent": "eye_hype_right",
					"pivot": [-5.05, 20.5, -4],
					"cubes": [
						{"origin": [-5.05, 19.75, -4.75], "size": [0, 2, 2], "pivot": [-5.05, 20.5, -4], "rotation": [-45, 0, 0], "uv": [95, 60], "mirror": true}
					]
				},
				{
					"name": "eyelid_angry_right",
					"parent": "eye_right",
					"pivot": [-5.04, 21.5, -5],
					"cubes": [
						{"origin": [-5.045, 21.5, -6], "size": [0, 1, 2], "uv": [99, 60], "mirror": true},
						{"origin": [-5.055, 21, -5.75], "size": [0, 1, 1], "uv": [99, 62], "mirror": true}
					]
				},
				{
					"name": "mouth_open",
					"parent": "torso2",
					"pivot": [0, 14.5, -6.01],
					"cubes": [
						{"origin": [-6, 15.5, -6.01], "size": [12, 6, 0], "uv": [1, 99]},
						{"origin": [-7, 10.5, -6.01], "size": [14, 5, 0], "uv": [0, 105]}
					]
				},
				{
					"name": "tail",
					"parent": "torso",
					"pivot": [0, 8, 3],
					"cubes": [
						{"origin": [-6, 4.5, 1], "size": [12, 7, 7], "uv": [77, 18]}
					]
				},
				{
					"name": "tail2",
					"parent": "tail",
					"pivot": [0, 8, 8],
					"cubes": [
						{"origin": [-4.5, 5.5, 6], "size": [9, 5, 7], "uv": [48, 31]},
						{"origin": [-3.5, 6.5, 13], "size": [7, 5, 7], "uv": [49, 31]}
					]
				},
				{
					"name": "tail_fin",
					"parent": "tail2",
					"pivot": [0, 8, 13]
				},
				{
					"name": "tail_fin_left",
					"parent": "tail_fin",
					"pivot": [0, 8, 13],
					"rotation": [0, 0, 10],
					"cubes": [
						{"origin": [-0.3473, 9.96962, 20], "size": [7, 0, 7], "uv": [82, 32]}
					]
				},
				{
					"name": "tail_fin_right",
					"parent": "tail_fin",
					"pivot": [0, 8, 13],
					"rotation": [0, 0, -10],
					"cubes": [
						{"origin": [-6.6527, 9.96962, 20], "size": [7, 0, 7], "uv": [82, 39], "mirror": true}
					]
				},
				{
					"name": "legs",
					"parent": "body",
					"pivot": [0, 6.5, 0]
				},
				{
					"name": "leg_left_rotation",
					"parent": "legs",
					"pivot": [7, 6.5, 0]
				},
				{
					"name": "leg_left",
					"parent": "leg_left_rotation",
					"pivot": [7, 6.5, 0],
					"cubes": [
						{"origin": [6, 5.5, -1], "size": [5, 2, 2], "uv": [38, 0]}
					]
				},
				{
					"name": "foot_left",
					"parent": "leg_left",
					"pivot": [10, 6.5, 0],
					"cubes": [
						{"origin": [9.5, 0, -3], "size": [6, 9, 6], "uv": [47, 43]},
						{"origin": [13, 3.5, -2.5], "size": [3, 6, 5], "uv": [44, 58]},
						{"origin": [14.5, 0, -2.75], "size": [2, 1, 2], "inflate": 0.01, "pivot": [15, 0, -2], "rotation": [0, 22.5, 0], "uv": [0, 22]},
						{"origin": [16.5, 0, -2.25], "size": [1, 1, 1], "pivot": [15, 0, -2], "rotation": [0, 22.5, 0], "uv": [6, 22]},
						{"origin": [14.5, 0, 0.75], "size": [2, 1, 2], "inflate": 0.01, "pivot": [15, 0, 2], "rotation": [0, -22.5, 0], "uv": [0, 25]},
						{"origin": [16.5, 0, 1.25], "size": [1, 1, 1], "pivot": [15, 0, 2], "rotation": [0, -22.5, 0], "uv": [6, 25]}
					]
				},
				{
					"name": "leg_right_rotation",
					"parent": "legs",
					"pivot": [-7, 6.5, 0]
				},
				{
					"name": "leg_right",
					"parent": "leg_right_rotation",
					"pivot": [-7, 6.5, 0],
					"cubes": [
						{"origin": [-11, 5.5, -1], "size": [5, 2, 2], "uv": [38, 4], "mirror": true}
					]
				},
				{
					"name": "foot_right",
					"parent": "leg_right",
					"pivot": [-10, 6.5, 0],
					"cubes": [
						{"origin": [-15.5, 0, -3], "size": [6, 9, 6], "uv": [71, 43], "mirror": true},
						{"origin": [-16, 3.5, -2.5], "size": [3, 6, 5], "uv": [60, 58], "mirror": true},
						{"origin": [-16.5, 0, -2.75], "size": [2, 1, 2], "inflate": 0.01, "pivot": [-15, 0, -2], "rotation": [0, -22.5, 0], "uv": [17, 87], "mirror": true},
						{"origin": [-17.5, 0, -2.25], "size": [1, 1, 1], "pivot": [-15, 0, -2], "rotation": [0, -22.5, 0], "uv": [23, 87], "mirror": true},
						{"origin": [-16.5, 0, 0.75], "size": [2, 1, 2], "inflate": 0.01, "pivot": [-15, 0, 2], "rotation": [0, 22.5, 0], "uv": [17, 90], "mirror": true},
						{"origin": [-17.5, 0, 1.25], "size": [1, 1, 1], "pivot": [-15, 0, 2], "rotation": [0, 22.5, 0], "uv": [23, 90], "mirror": true}
					]
				}
			]
		}
	]
}