{
	"format_version": "1.12.0",
	"minecraft:geometry": [
		{
			"description": {
				"identifier": "geometry.darmanitan_galar",
				"texture_width": 128,
				"texture_height": 128,
				"visible_bounds_width": 6,
				"visible_bounds_height": 3.5,
				"visible_bounds_offset": [0, 1.25, 0]
			},
			"bones": [
				{
					"name": "darmanitan_galar",
					"pivot": [0, 0, 0]
				},
				{
					"name": "body",
					"parent": "darmanitan_galar",
					"pivot": [0, 15, -2]
				},
				{
					"name": "torso",
					"parent": "body",
					"pivot": [0, 6.52291, 1.75983],
					"cubes": [
						{"origin": [-8, 5, -8], "size": [16, 16, 16], "uv": [0, 0]},
						{"origin": [-3.5, 5, 8], "size": [7, 7, 5], "pivot": [0, 5, 8], "rotation": [37.5, 0, 0], "uv": [23, 79]},
						{"origin": [-7.5, 20.075, -10.5], "size": [15, 15, 15], "pivot": [0, 26.57145, -7.5], "rotation": [5, 0, 0], "uv": [0, 32]},
						{"origin": [-4, 18.2, -8.03], "size": [2, 2, 0], "inflate": 0.01, "pivot": [-2.9, 18.6, -8.01], "rotation": [0, 0, 15], "uv": [4, 14]},
						{"origin": [-4.5, 17.7, -8.02], "size": [3, 3, 0], "inflate": 0.01, "pivot": [-2.9, 18.6, -8.01], "rotation": [0, 0, 15], "uv": [94, 46]},
						{"origin": [-1.1, 17.25, -8.01], "size": [1, 1, 0], "inflate": 0.01, "uv": [0, 1]},
						{"origin": [0.1, 17.25, -8.01], "size": [1, 1, 0], "inflate": 0.01, "uv": [0, 0]},
						{"origin": [1.125, 17.45, -8.02], "size": [4, 4, 0], "pivot": [2.9, 18.6, -8.51], "rotation": [0, 0, -15], "uv": [106, 26]},
						{"origin": [-5.125, 17.45, -8.02], "size": [4, 4, 0], "pivot": [-2.9, 18.6, -8.51], "rotation": [0, 0, 15], "uv": [106, 26], "mirror": true},
						{"origin": [1.5, 17.7, -8.02], "size": [3, 3, 0], "inflate": 0.01, "pivot": [2.9, 18.6, -8.01], "rotation": [0, 0, -15], "uv": [91, 92]},
						{"origin": [2, 18.2, -8.03], "size": [2, 2, 0], "inflate": 0.01, "pivot": [2.9, 18.6, -8.01], "rotation": [0, 0, -15], "uv": [0, 14]},
						{"origin": [-5.5, 16.05, -8], "size": [11, 4, 0], "inflate": 0.01, "uv": [82, 84]},
						{"origin": [0.35, 15.15, -10], "size": [4, 2, 2], "inflate": 0.01, "pivot": [0.35, 17.15, -8], "rotation": [0, 0, 20], "uv": [0, 87]},
						{"origin": [2.02377, 13.85939, -10], "size": [5, 3, 2], "inflate": 0.02, "pivot": [3.525, 14.85, -8], "rotation": [0, 0, -28.5], "uv": [64, 70]},
						{"origin": [-4.35, 15.15, -10], "size": [4, 2, 2], "pivot": [-0.35, 17.15, -8], "rotation": [0, 0, -20], "uv": [86, 66]},
						{"origin": [-7.02377, 13.85939, -10], "size": [5, 3, 2], "inflate": 0.01, "pivot": [-3.525, 14.85, -8], "rotation": [0, 0, 28.5], "uv": [0, 42]},
						{"origin": [-6.5, 10.4, -10.25], "size": [13, 5, 3], "pivot": [0, 15.4, -10.25], "rotation": [5, 0, 0], "uv": [72, 16]},
						{"origin": [-2.5, 5.5, -9], "size": [5, 3, 1], "uv": [86, 62]},
						{"origin": [-2.5, 4, -7.5], "size": [5, 1, 3], "uv": [0, 10]},
						{"origin": [-4.08613, 29.59618, -11.86001], "size": [2, 2, 1], "pivot": [0, 27.57145, -7.5], "rotation": [-3.90027, 11.01878, -44.42033], "uv": [86, 0]},
						{"origin": [-1.49749, 26.06893, -11.5], "size": [3, 3, 1], "pivot": [0, 27.57145, -7.5], "rotation": [3.54002, -3.53329, 44.89078], "uv": [90, 70]},
						{"origin": [2.08613, 29.59618, -11.86001], "size": [2, 2, 1], "pivot": [0, 27.57145, -7.5], "rotation": [-3.90027, -11.01878, 44.42033], "uv": [88, 13]}
					]
				},
				{
					"name": "arm_right",
					"parent": "torso",
					"pivot": [-8, 15.5, -2],
					"rotation": [0, 0, 0],
					"cubes": [
						{"origin": [-18, 13, -4], "size": [12, 5, 5], "uv": [60, 42], "mirror": true}
					]
				},
				{
					"name": "arm_right2",
					"parent": "arm_right",
					"pivot": [-17, 15.5, -1.5],
					"rotation": [0, 0, 0],
					"cubes": [
						{"origin": [-26, 11.5, -5.5], "size": [9, 7, 7], "uv": [49, 1], "mirror": true},
						{"origin": [-29, 10.5, -6.5], "size": [4, 9, 9], "uv": [55, 23], "mirror": true},
						{"origin": [-29.25, 10.5, -6.5], "size": [2, 9, 0], "pivot": [-27.25, 14.5, -6.5], "rotation": [0, -10, 0], "uv": [0, 91], "mirror": true},
						{"origin": [-27.25, 10.5, -6.5], "size": [2, 9, 0], "pivot": [-27.25, 14.5, -6.5], "rotation": [0, 10, 0], "uv": [87, 88], "mirror": true},
						{"origin": [-27.25, 10.5, 2.5], "size": [2, 9, 0], "pivot": [-27.25, 15.5, 2.5], "rotation": [0, -10, 0], "uv": [16, 87], "mirror": true},
						{"origin": [-29.25, 10.5, 2.5], "size": [2, 9, 0], "pivot": [-27.25, 15.5, 2.5], "rotation": [0, 10, 0], "uv": [12, 87], "mirror": true},
						{"origin": [-27.25, 19.5, -6.5], "size": [2, 0, 9], "pivot": [-27.25, 19.5, -1.5], "rotation": [0, 0, -10], "uv": [40, 33], "mirror": true},
						{"origin": [-29.25, 19.5, -6.5], "size": [2, 0, 9], "pivot": [-27.25, 19.5, -1.5], "rotation": [0, 0, 10], "uv": [36, 33], "mirror": true},
						{"origin": [-29.25, 10.5, -6.5], "size": [2, 0, 9], "pivot": [-27.25, 10.5, -1.5], "rotation": [0, 0, -10], "uv": [1, 33], "mirror": true},
						{"origin": [-27.25, 10.5, -6.5], "size": [2, 0, 9], "pivot": [-27.25, 10.5, -1.5], "rotation": [0, 0, 10], "uv": [1, 1], "mirror": true},
						{"origin": [-29, 15, -6.5], "size": [0, 5, 9], "pivot": [-29, 15, -2.5], "rotation": [0, 0, -5], "uv": [29, 63], "mirror": true},
						{"origin": [-29, 10, -6.5], "size": [0, 5, 9], "pivot": [-29, 15, -2.5], "rotation": [0, 0, 5], "uv": [46, 33], "mirror": true}
					]
				},
				{
					"name": "hand_right",
					"parent": "arm_right2",
					"pivot": [-28.5, 16.5, -2],
					"rotation": [0, 0, 0],
					"cubes": [
						{"origin": [-31.5, 14, -5.5], "size": [4, 3, 7], "uv": [82, 3], "mirror": true}
					]
				},
				{
					"name": "thumb_right",
					"parent": "hand_right",
					"pivot": [-29.5, 17, -5.5],
					"cubes": [
						{"origin": [-31.5, 15, -7.5], "size": [2, 2, 2], "inflate": 0.01, "uv": [64, 16], "mirror": true}
					]
				},
				{
					"name": "thumb_right2",
					"parent": "thumb_right",
					"pivot": [-29.5, 17, -7.5],
					"cubes": [
						{"origin": [-31.5, 15, -9.5], "size": [2, 2, 2], "uv": [48, 4], "mirror": true}
					]
				},
				{
					"name": "fingers_right",
					"parent": "hand_right",
					"pivot": [-31.5, 17, -1],
					"cubes": [
						{"origin": [-33.5, 15, -1.5], "size": [2, 2, 3], "inflate": 0.01, "uv": [0, 0], "mirror": true}
					]
				},
				{
					"name": "finger_right",
					"parent": "fingers_right",
					"pivot": [-33.5, 17, -1],
					"cubes": [
						{"origin": [-36.5, 15, -1.5], "size": [3, 2, 3], "uv": [86, 52], "mirror": true}
					]
				},
				{
					"name": "pointer_right",
					"parent": "hand_right",
					"pivot": [-31.5, 17, -4.5],
					"cubes": [
						{"origin": [-33.5, 15, -5.5], "size": [2, 2, 2], "inflate": 0.01, "uv": [48, 0], "mirror": true}
					]
				},
				{
					"name": "pointer_right2",
					"parent": "pointer_right",
					"pivot": [-33.5, 17, -4.5],
					"cubes": [
						{"origin": [-36.5, 15, -5.5], "size": [3, 2, 2], "uv": [0, 32], "mirror": true}
					]
				},
				{
					"name": "middlefinger_right",
					"parent": "hand_right",
					"pivot": [-31.5, 17, -2.5],
					"cubes": [
						{"origin": [-34.5, 15, -3.5], "size": [3, 2, 2], "inflate": 0.01, "uv": [0, 62], "mirror": true}
					]
				},
				{
					"name": "middlefinger_right2",
					"parent": "middlefinger_right",
					"pivot": [-34.5, 17, -2.5],
					"cubes": [
						{"origin": [-37.5, 15, -3.5], "size": [3, 2, 2], "uv": [0, 36], "mirror": true}
					]
				},
				{
					"name": "arm_left",
					"parent": "torso",
					"pivot": [8, 15.5, -2],
					"rotation": [0, 0, 0],
					"cubes": [
						{"origin": [6, 13, -4], "size": [12, 5, 5], "uv": [60, 42]}
					]
				},
				{
					"name": "arm_left2",
					"parent": "arm_left",
					"pivot": [17, 15.5, -1.5],
					"rotation": [0, 0, 0],
					"cubes": [
						{"origin": [17, 11.5, -5.5], "size": [9, 7, 7], "uv": [49, 1]},
						{"origin": [25, 10.5, -6.5], "size": [4, 9, 9], "uv": [55, 23]},
						{"origin": [27.25, 10.5, -6.5], "size": [2, 9, 0], "pivot": [27.25, 14.5, -6.5], "rotation": [0, 10, 0], "uv": [0, 91]},
						{"origin": [25.25, 10.5, -6.5], "size": [2, 9, 0], "pivot": [27.25, 14.5, -6.5], "rotation": [0, -10, 0], "uv": [87, 88]},
						{"origin": [25.25, 10.5, 2.5], "size": [2, 9, 0], "pivot": [27.25, 15.5, 2.5], "rotation": [0, 10, 0], "uv": [16, 87]},
						{"origin": [27.25, 10.5, 2.5], "size": [2, 9, 0], "pivot": [27.25, 15.5, 2.5], "rotation": [0, -10, 0], "uv": [12, 87]},
						{"origin": [25.25, 19.5, -6.5], "size": [2, 0, 9], "pivot": [27.25, 19.5, -1.5], "rotation": [0, 0, 10], "uv": [40, 33]},
						{"origin": [27.25, 19.5, -6.5], "size": [2, 0, 9], "pivot": [27.25, 19.5, -1.5], "rotation": [0, 0, -10], "uv": [36, 33]},
						{"origin": [27.25, 10.5, -6.5], "size": [2, 0, 9], "pivot": [27.25, 10.5, -1.5], "rotation": [0, 0, 10], "uv": [1, 33]},
						{"origin": [25.25, 10.5, -6.5], "size": [2, 0, 9], "pivot": [27.25, 10.5, -1.5], "rotation": [0, 0, -10], "uv": [1, 1]},
						{"origin": [29, 15, -6.5], "size": [0, 5, 9], "pivot": [29, 15, -2.5], "rotation": [0, 0, 5], "uv": [29, 63]},
						{"origin": [29, 10, -6.5], "size": [0, 5, 9], "pivot": [29, 15, -2.5], "rotation": [0, 0, -5], "uv": [46, 33]}
					]
				},
				{
					"name": "hand_left",
					"parent": "arm_left2",
					"pivot": [28.5, 16.5, -2],
					"rotation": [0, 0, 0],
					"cubes": [
						{"origin": [27.5, 14, -5.5], "size": [4, 3, 7], "uv": [82, 3]}
					]
				},
				{
					"name": "thumb_left",
					"parent": "hand_left",
					"pivot": [29.5, 17, -5.5],
					"cubes": [
						{"origin": [29.5, 15, -7.5], "size": [2, 2, 2], "inflate": 0.01, "uv": [64, 16]}
					]
				},
				{
					"name": "thumb_left2",
					"parent": "thumb_left",
					"pivot": [29.5, 17, -7.5],
					"cubes": [
						{"origin": [29.5, 15, -9.5], "size": [2, 2, 2], "uv": [48, 4]}
					]
				},
				{
					"name": "fingers_left",
					"parent": "hand_left",
					"pivot": [31.5, 17, -1],
					"cubes": [
						{"origin": [31.5, 15, -1.5], "size": [2, 2, 3], "inflate": 0.01, "uv": [0, 0]}
					]
				},
				{
					"name": "finger_left",
					"parent": "fingers_left",
					"pivot": [33.5, 17, -1],
					"cubes": [
						{"origin": [33.5, 15, -1.5], "size": [3, 2, 3], "uv": [86, 52]}
					]
				},
				{
					"name": "pointer_left",
					"parent": "hand_left",
					"pivot": [31.5, 17, -4.5],
					"cubes": [
						{"origin": [31.5, 15, -5.5], "size": [2, 2, 2], "inflate": 0.01, "uv": [48, 0]}
					]
				},
				{
					"name": "pointer_left2",
					"parent": "pointer_left",
					"pivot": [33.5, 17, -4.5],
					"cubes": [
						{"origin": [33.5, 15, -5.5], "size": [3, 2, 2], "uv": [0, 32]}
					]
				},
				{
					"name": "middlefinger_left",
					"parent": "hand_left",
					"pivot": [31.5, 17, -2.5],
					"cubes": [
						{"origin": [31.5, 15, -3.5], "size": [3, 2, 2], "inflate": 0.01, "uv": [0, 62]}
					]
				},
				{
					"name": "middlefinger_left2",
					"parent": "middlefinger_left",
					"pivot": [34.5, 17, -2.5],
					"cubes": [
						{"origin": [34.5, 15, -3.5], "size": [3, 2, 2], "uv": [0, 36]}
					]
				},
				{
					"name": "leg_right",
					"parent": "body",
					"pivot": [-8, 6.5, 2.75],
					"cubes": [
						{"origin": [-10.5, 2, -0.75], "size": [6, 7, 7], "pivot": [-7, 5.5, 2.75], "rotation": [-7.5, 0, 0], "uv": [71, 70]}
					]
				},
				{
					"name": "foot_right",
					"parent": "leg_right",
					"pivot": [-8, 2, 3],
					"cubes": [
						{"origin": [-9, 0, -2.5], "size": [1, 2, 2], "pivot": [-8, 1.5, -0.5], "rotation": [0, 7.5, 0], "uv": [91, 88]},
						{"origin": [-10, 0, -2.3], "size": [1, 2, 2], "pivot": [-9, 1.5, -0.5], "rotation": [0, 20, 0], "uv": [58, 91]},
						{"origin": [-8, 0, -2.5], "size": [1, 2, 2], "inflate": 0.01, "pivot": [-8.5, 3.5, -2], "rotation": [0, 0, 0], "uv": [76, 91]},
						{"origin": [-7, 0, -2.5], "size": [1, 2, 2], "pivot": [-7, 1.5, -0.5], "rotation": [0, -12.5, 0], "uv": [70, 91]},
						{"origin": [-5.65, 0, -2.85], "size": [1, 2, 2], "pivot": [-6.25, 1.5, -0.75], "rotation": [0, -55, 0], "uv": [64, 91]},
						{"origin": [-10, 0, -0.5], "size": [5, 2, 5], "inflate": 0.02, "pivot": [-8, 3.5, 2], "rotation": [0, 0, 0], "uv": [67, 84]}
					]
				},
				{
					"name": "leg_left",
					"parent": "body",
					"pivot": [8, 6.5, 2.75],
					"cubes": [
						{"origin": [4.5, 2, -0.75], "size": [6, 7, 7], "pivot": [7, 5.5, 2.75], "rotation": [-7.5, 0, 0], "uv": [71, 70], "mirror": true}
					]
				},
				{
					"name": "foot_left",
					"parent": "leg_left",
					"pivot": [8, 2, 3],
					"cubes": [
						{"origin": [8, 0, -2.5], "size": [1, 2, 2], "pivot": [8, 1.5, -0.5], "rotation": [0, -7.5, 0], "uv": [91, 88], "mirror": true},
						{"origin": [9, 0, -2.3], "size": [1, 2, 2], "pivot": [9, 1.5, -0.5], "rotation": [0, -20, 0], "uv": [58, 91], "mirror": true},
						{"origin": [7, 0, -2.5], "size": [1, 2, 2], "inflate": 0.01, "pivot": [8.5, 3.5, -2], "rotation": [0, 0, 0], "uv": [76, 91], "mirror": true},
						{"origin": [6, 0, -2.5], "size": [1, 2, 2], "pivot": [7, 1.5, -0.5], "rotation": [0, 12.5, 0], "uv": [70, 91], "mirror": true},
						{"origin": [4.65, 0, -2.85], "size": [1, 2, 2], "pivot": [6.25, 1.5, -0.75], "rotation": [0, 55, 0], "uv": [64, 91], "mirror": true},
						{"origin": [5, 0, -0.5], "size": [5, 2, 5], "inflate": 0.02, "pivot": [8, 3.5, 2], "rotation": [0, 0, 0], "uv": [67, 84], "mirror": true}
					]
				}
			]
		}
	]
}