{
	"format_version": "1.12.0",
	"minecraft:geometry": [
		{
			"description": {
				"identifier": "geometry.darumaka_galar",
				"texture_width": 64,
				"texture_height": 64,
				"visible_bounds_width": 3,
				"visible_bounds_height": 2.5,
				"visible_bounds_offset": [0, 0.75, 0]
			},
			"bones": [
				{
					"name": "darumaka_galar",
					"pivot": [0, 0, 0]
				},
				{
					"name": "body",
					"parent": "darumaka_galar",
					"pivot": [0, 7.49493, -0.01693],
					"cubes": [
						{"origin": [-5, 3, -5], "size": [10, 10, 10], "uv": [0, 0]},
						{"origin": [-1.5, 5.75, -5.5], "size": [3, 2, 1], "uv": [0, 3]},
						{"origin": [-1.5, 3.25, -5.5], "size": [3, 2, 1], "uv": [0, 0]},
						{"origin": [-5.25, 11, -5.75], "size": [2, 3, 1], "pivot": [-4.5, 12.5, -5.5], "rotation": [-7.5, -10, -5], "uv": [18, 26]},
						{"origin": [-3.25, 11, -5.75], "size": [1, 1, 1], "pivot": [-4.5, 12.5, -5.5], "rotation": [-7.5, -10, -5], "uv": [20, 30]},
						{"origin": [2.25, 11, -5.75], "size": [1, 1, 1], "pivot": [4.5, 12.5, -5.5], "rotation": [-7.5, 10, 5], "uv": [16, 30]},
						{"origin": [-3.5, 11.25, -6.25], "size": [2, 2, 1], "pivot": [-4.5, 12.5, -5.5], "rotation": [-7.5, -10, -5], "uv": [30, 0]},
						{"origin": [1.5, 11.25, -6.25], "size": [2, 2, 1], "pivot": [4.5, 12.5, -5.5], "rotation": [-7.5, 10, 5], "uv": [25, 20]},
						{"origin": [3.25, 11, -5.75], "size": [2, 3, 1], "pivot": [4.5, 12.5, -5.5], "rotation": [-7.5, 10, 5], "uv": [12, 26]},
						{"origin": [-1, 8.5, -5.02], "size": [2, 1, 0], "inflate": 0.02, "uv": [30, 9]},
						{"origin": [-2, 8.5, -5.02], "size": [1, 1, 0], "inflate": 0.01, "pivot": [-1, 9.5, -5], "rotation": [0, 0, -15], "uv": [23, 26]},
						{"origin": [1, 8.5, -5.02], "size": [1, 1, 0], "inflate": 0.01, "pivot": [1, 9.5, -5], "rotation": [0, 0, 15], "uv": [17, 26]},
						{"origin": [-2, 8.8, -5], "size": [4, 3, 0], "inflate": 0.01, "uv": [0, 6]},
						{"origin": [-4.75, 8.85, -5], "size": [3, 3, 0], "inflate": 0.02, "pivot": [-3.25, 9.75, -5], "rotation": [0, 0, 2.5], "uv": [30, 3]},
						{"origin": [1.75, 8.85, -5], "size": [3, 3, 0], "inflate": 0.02, "pivot": [3.25, 9.75, -5], "rotation": [0, 0, -2.5], "uv": [11, 20]}
					]
				},
				{
					"name": "eye_left",
					"parent": "body",
					"pivot": [3.25, 10, -5],
					"cubes": [
						{"origin": [2.25, 9.35, -5.01], "size": [2, 2, 0], "inflate": 0.02, "pivot": [3.25, 9.75, -5], "rotation": [0, 0, -2.5], "uv": [12, 30]}
					]
				},
				{
					"name": "pupil_left",
					"parent": "eye_left",
					"pivot": [3.25, 10, -5],
					"cubes": [
						{"origin": [2.75, 9.85, -5.04], "size": [1, 1, 0], "pivot": [3.25, 10.25, -5], "rotation": [0, 0, -2.5], "uv": [8, 8]}
					]
				},
				{
					"name": "eye_right",
					"parent": "body",
					"pivot": [-3.25, 10, -5],
					"cubes": [
						{"origin": [-4.25, 9.35, -5.01], "size": [2, 2, 0], "inflate": 0.02, "pivot": [-3.25, 9.75, -5], "rotation": [0, 0, 2.5], "uv": [24, 30]}
					]
				},
				{
					"name": "pupil_right",
					"parent": "eye_right",
					"pivot": [-3.25, 10, -5],
					"cubes": [
						{"origin": [-3.75, 9.85, -5.04], "size": [1, 1, 0], "pivot": [-3.25, 10.25, -5], "rotation": [0, 0, 2.5], "uv": [0, 22]}
					]
				},
				{
					"name": "arm_left",
					"parent": "body",
					"pivot": [5, 8, 0],
					"cubes": [
						{"origin": [4, 6, -1.5], "size": [4, 3, 3], "uv": [0, 20]}
					]
				},
				{
					"name": "hand_left",
					"parent": "arm_left",
					"pivot": [8, 7.5, 0],
					"cubes": [
						{"origin": [8, 7.5, -0.5], "size": [2, 0, 1], "inflate": 0.02, "uv": [8, 26]},
						{"origin": [8, 7.5, -0.5], "size": [2, 0, 1], "inflate": 0.01, "pivot": [8, 7.5, 0.5], "rotation": [0, 37.5, 0], "uv": [4, 9]},
						{"origin": [8, 7.5, -0.5], "size": [2, 0, 1], "pivot": [8, 7.5, -0.5], "rotation": [0, -37.5, 0], "uv": [0, 9]}
					]
				},
				{
					"name": "arm_right",
					"parent": "body",
					"pivot": [-5, 8, 0],
					"cubes": [
						{"origin": [-8, 6, -1.5], "size": [4, 3, 3], "uv": [14, 20]}
					]
				},
				{
					"name": "hand_right",
					"parent": "arm_right",
					"pivot": [-8, 7.5, 0],
					"cubes": [
						{"origin": [-10, 7.5, -0.5], "size": [2, 0, 1], "inflate": 0.02, "uv": [29, 8]},
						{"origin": [-10, 7.5, -0.5], "size": [2, 0, 1], "inflate": 0.01, "pivot": [-8, 7.5, 0.5], "rotation": [0, -42.5, 0], "uv": [29, 7]},
						{"origin": [-10, 7.5, -0.5], "size": [2, 0, 1], "pivot": [-8, 7.5, -0.5], "rotation": [0, 42.5, 0], "uv": [29, 6]}
					]
				},
				{
					"name": "leg_left",
					"parent": "body",
					"pivot": [2.5, 3, 0],
					"cubes": [
						{"origin": [1, 0, -1.5], "size": [3, 4, 3], "uv": [25, 23]}
					]
				},
				{
					"name": "foot_left",
					"parent": "leg_left",
					"pivot": [2.5, 0, 0],
					"rotation": [-90, 0, 0],
					"cubes": [
						{"origin": [2, -2, 0], "size": [1, 3, 0], "inflate": 0.02, "uv": [8, 0]},
						{"origin": [2, -2, 0], "size": [1, 2, 0], "inflate": 0.01, "pivot": [2, 0, 0], "rotation": [0, 0, -42.5], "uv": [0, 20]},
						{"origin": [2, -2, 0], "size": [1, 2, 0], "pivot": [3, 0, 0], "rotation": [0, 0, 42.5], "uv": [8, 6]}
					]
				},
				{
					"name": "leg_right",
					"parent": "body",
					"pivot": [-2.5, 3, 0],
					"cubes": [
						{"origin": [-4, 0, -1.5], "size": [3, 4, 3], "uv": [0, 26]}
					]
				},
				{
					"name": "foot_right",
					"parent": "leg_right",
					"pivot": [-2.5, 0, 0],
					"rotation": [-90, 0, 0],
					"cubes": [
						{"origin": [-3, -2, 0], "size": [1, 3, 0], "inflate": 0.02, "uv": [8, 3]},
						{"origin": [-3, -2, 0], "size": [1, 2, 0], "inflate": 0.01, "pivot": [-2, 0, 0], "rotation": [0, 0, 42.5], "uv": [9, 27]},
						{"origin": [-3, -2, 0], "size": [1, 2, 0], "pivot": [-3, 0, 0], "rotation": [0, 0, -42.5], "uv": [0, 26]}
					]
				}
			]
		}
	]
}