{
	"format_version": "1.12.0",
	"minecraft:geometry": [
		{
			"description": {
				"identifier": "geometry.dedenne",
				"texture_width": 32,
				"texture_height": 32,
				"visible_bounds_width": 5,
				"visible_bounds_height": 2.5,
				"visible_bounds_offset": [0, 0.75, 0]
			},
			"bones": [
				{
					"name": "dedenne",
					"pivot": [0, 0, 0]
				},
				{
					"name": "body",
					"parent": "dedenne",
					"pivot": [0, 0, 0]
				},
				{
					"name": "foot_left",
					"parent": "body",
					"pivot": [2, 0, -0.5],
					"cubes": [
						{"origin": [2.01967, 0, -3.58033], "size": [1, 0, 1], "inflate": 0.02, "pivot": [3.05, 0, -2.55], "rotation": [0, 27.5, 0], "uv": [20, 22]},
						{"origin": [1.5, 0, -3.4], "size": [1, 0, 1], "inflate": 0.01, "pivot": [2, 0, -2.9], "rotation": [0, 45, 0], "uv": [16, 22]},
						{"origin": [1.00533, 0, -2.51967], "size": [1, 0, 1], "inflate": 0.03, "pivot": [0.975, 0, -2.55], "rotation": [0, 62.5, 0], "uv": [18, 22]},
						{"origin": [1, 0, -2.5], "size": [2, 0, 2], "inflate": 0.04, "uv": [21, 2]}
					]
				},
				{
					"name": "foot_right",
					"parent": "body",
					"pivot": [-2, 0, -0.5],
					"cubes": [
						{"origin": [-3.01967, 0, -3.58033], "size": [1, 0, 1], "inflate": 0.02, "pivot": [-3.05, 0, -2.55], "rotation": [0, -27.5, 0], "uv": [20, 22], "mirror": true},
						{"origin": [-2.5, 0, -3.4], "size": [1, 0, 1], "inflate": 0.01, "pivot": [-2, 0, -2.9], "rotation": [0, -45, 0], "uv": [16, 22], "mirror": true},
						{"origin": [-2.00533, 0, -2.51967], "size": [1, 0, 1], "inflate": 0.03, "pivot": [-0.975, 0, -2.55], "rotation": [0, -62.5, 0], "uv": [18, 22], "mirror": true},
						{"origin": [-3, 0, -2.5], "size": [2, 0, 2], "inflate": 0.04, "uv": [21, 2], "mirror": true}
					]
				},
				{
					"name": "torso",
					"parent": "body",
					"pivot": [0, 0, -0.5],
					"cubes": [
						{"origin": [-3.5, 0, -2.5], "size": [7, 4, 5], "uv": [0, 0]}
					]
				},
				{
					"name": "head",
					"parent": "torso",
					"pivot": [0, 3.94973, -2.45636],
					"cubes": [
						{"origin": [-3, 4, -2.5], "size": [6, 4, 5], "uv": [0, 9]},
						{"origin": [-0.5, 4.55, -2.5], "size": [1, 1, 0], "inflate": 0.02, "pivot": [0, 5.05, -2.5], "rotation": [0, 0, -45], "uv": [16, 22]},
						{"origin": [-1, 4, -2.5], "size": [2, 1, 0], "inflate": 0.01, "uv": [0, 21]},
						{"origin": [-1, 4.65, -2.52], "size": [2, 1, 0], "inflate": 0.02, "uv": [20, 18]},
						{"origin": [-0.5, 4.925, -2.5], "size": [1, 1, 0], "inflate": 0.03, "pivot": [0, 5.425, -2.5], "rotation": [0, 0, -45], "uv": [22, 15]},
						{"origin": [-0.5, 4.425, 2.5], "size": [1, 1, 0], "inflate": 0.03, "uv": [22, 15]},
						{"origin": [-2.25, 5.25, -2.5], "size": [1, 2, 0], "inflate": 0.01, "pivot": [-1.75, 6.25, -2.53], "rotation": [0, 0, 7.5], "uv": [14, 21]},
						{"origin": [1.25, 5.25, -2.5], "size": [1, 2, 0], "inflate": 0.01, "pivot": [1.75, 6.25, -2.53], "rotation": [0, 0, -7.5], "uv": [6, 21]},
						{"origin": [3, 4.25, -2], "size": [0, 2, 2], "inflate": 0.01, "uv": [0, 7]},
						{"origin": [-3, 4.25, -2], "size": [0, 2, 2], "inflate": 0.01, "uv": [0, 0]},
						{"origin": [-5, 4.5, -1], "size": [2, 1, 0], "inflate": 0.01, "pivot": [-3, 5.25, -1], "rotation": [0, 0, -12.5], "uv": [0, 1]},
						{"origin": [3, 4.5, -1], "size": [2, 1, 0], "inflate": 0.01, "pivot": [3, 5.25, -1], "rotation": [0, 0, 12.5], "uv": [0, 0]},
						{"origin": [3, 5, -1], "size": [4, 1, 0], "pivot": [3, 5.25, -1], "rotation": [0, 0, -15], "uv": [19, 1]},
						{"origin": [-7, 5, -1], "size": [4, 1, 0], "pivot": [-3, 5.25, -1], "rotation": [0, 0, 15], "uv": [19, 0]},
						{"origin": [5.55, 4.5, -1], "size": [1, 2, 0], "inflate": 0.02, "pivot": [3, 5.25, -1], "rotation": [0, 0, -15], "uv": [4, 21]},
						{"origin": [-6.55, 4.5, -1], "size": [1, 2, 0], "inflate": 0.02, "pivot": [-3, 5.25, -1], "rotation": [0, 0, 15], "uv": [6, 19]},
						{"origin": [4.60011, 5.38853, -1], "size": [1, 1, 0], "inflate": 0.01, "pivot": [5.35011, 6.13853, -1], "rotation": [0, 0, 30], "uv": [22, 14]},
						{"origin": [-5.60011, 5.38853, -1], "size": [1, 1, 0], "inflate": 0.01, "pivot": [-5.35011, 6.13853, -1], "rotation": [0, 0, -30], "uv": [12, 22]},
						{"origin": [1.5, 7.75, -1], "size": [3, 4, 0], "pivot": [3, 8, -1], "rotation": [0, 0, 22.5], "uv": [8, 18]},
						{"origin": [-4.5, 7.75, -1], "size": [3, 4, 0], "pivot": [-3, 8, -1], "rotation": [0, 0, -22.5], "uv": [17, 9]},
						{"origin": [-4, 9.25, -1.01], "size": [2, 2, 0], "pivot": [-3, 8, -1], "rotation": [0, 0, -22.5], "uv": [23, 9]},
						{"origin": [2, 9.25, -1.01], "size": [2, 2, 0], "pivot": [3, 8, -1], "rotation": [0, 0, 22.5], "uv": [23, 9], "mirror": true}
					]
				},
				{
					"name": "arm_left",
					"parent": "torso",
					"pivot": [-1.75, 3, -2],
					"cubes": [
						{"origin": [-2.25, 2.5, -4], "size": [1, 1, 2], "uv": [19, 2]},
						{"origin": [-2.25, 3, -4.25], "size": [1, 0, 1], "pivot": [-1.75, 3, -3.75], "rotation": [0, 45, 0], "uv": [18, 2]}
					]
				},
				{
					"name": "arm_right",
					"parent": "torso",
					"pivot": [1.75, 3, -2],
					"cubes": [
						{"origin": [1.25, 2.5, -4], "size": [1, 1, 2], "uv": [18, 19]},
						{"origin": [1.25, 3, -4.25], "size": [1, 0, 1], "pivot": [1.75, 3, -3.75], "rotation": [0, -45, 0], "uv": [18, 3]}
					]
				},
				{
					"name": "tail",
					"parent": "torso",
					"pivot": [0, 1, 2.5],
					"cubes": [
						{"origin": [0, 0.5, 1.5], "size": [0, 1, 3], "uv": [14, 17]}
					]
				},
				{
					"name": "tail2",
					"parent": "tail",
					"pivot": [0, 1, 4.5],
					"cubes": [
						{"origin": [0, 0.5, 4.5], "size": [0, 1, 3], "uv": [17, 10]}
					]
				},
				{
					"name": "tail3",
					"parent": "tail2",
					"pivot": [0, 1, 7.5],
					"cubes": [
						{"origin": [0, 0.5, 7.5], "size": [0, 1, 3], "uv": [0, 17]}
					]
				},
				{
					"name": "tail4",
					"parent": "tail3",
					"pivot": [0, 1, 10.5],
					"cubes": [
						{"origin": [0, 0.5, 10.5], "size": [0, 1, 3], "uv": [14, 16]}
					]
				},
				{
					"name": "tail5",
					"parent": "tail4",
					"pivot": [0, 1, 13.5],
					"cubes": [
						{"origin": [0, 0.5, 13.5], "size": [0, 1, 2], "uv": [0, 11]}
					]
				},
				{
					"name": "tail6",
					"parent": "tail5",
					"pivot": [0, 1, 15.5],
					"cubes": [
						{"origin": [0, 0.5, 15.5], "size": [0, 1, 3], "uv": [0, 16]}
					]
				},
				{
					"name": "tail7",
					"parent": "tail6",
					"pivot": [0, 1, 18.5],
					"cubes": [
						{"origin": [0, 0.5, 18.5], "size": [0, 1, 2], "uv": [0, 2]}
					]
				},
				{
					"name": "tail8",
					"parent": "tail7",
					"pivot": [0, 1, 20.5],
					"cubes": [
						{"origin": [0, 0.5, 20.5], "size": [0, 1, 3], "uv": [14, 15]}
					]
				},
				{
					"name": "tail9",
					"parent": "tail8",
					"pivot": [0, 1, 23.5],
					"cubes": [
						{"origin": [0, 0.5, 23.5], "size": [0, 1, 4], "inflate": 0.01, "uv": [0, 14]},
						{"origin": [0, 1.455, 26.71], "size": [0, 1, 1], "uv": [2, 21]},
						{"origin": [0, -0.455, 26.71], "size": [0, 1, 1], "uv": [0, 21]},
						{"origin": [0, 0.5, 25.5], "size": [0, 2, 2], "inflate": 0.03, "pivot": [0, 1, 26], "rotation": [-45, 0, 0], "uv": [0, 9]},
						{"origin": [0, 1.75, 24.6], "size": [0, 1, 1], "pivot": [0, 1.25, 24.1], "rotation": [-45, 0, 0], "uv": [10, 21]},
						{"origin": [0, 1.5, 26.8], "size": [0, 1, 1], "inflate": 0.01, "pivot": [0, 1, 26.3], "rotation": [-45, 0, 0], "uv": [16, 20]},
						{"origin": [0, 1.25, 24.6], "size": [0, 1, 1], "pivot": [0, 0.75, 24.1], "rotation": [-45, 0, 0], "uv": [8, 21]}
					]
				}
			]
		}
	]
}