{
	"format_version": "1.12.0",
	"minecraft:geometry": [
		{
			"description": {
				"identifier": "geometry.unknown",
				"texture_width": 64,
				"texture_height": 64,
				"visible_bounds_width": 3,
				"visible_bounds_height": 3.5,
				"visible_bounds_offset": [0, 1.25, 0]
			},
			"bones": [
				{
					"name": "dolliv",
					"pivot": [0, 0, 0]
				},
				{
					"name": "body",
					"parent": "dolliv",
					"pivot": [0, 6.625, 0]
				},
				{
					"name": "body1",
					"parent": "body",
					"pivot": [0, 6.625, 0],
					"cubes": [
						{"origin": [-2, 4.625, -2], "size": [4, 3, 4], "uv": [15, 23]},
						{"origin": [-1.5, 7.625, -1.75], "size": [3, 2, 3], "uv": [41, 24]}
					]
				},
				{
					"name": "neck",
					"parent": "body1",
					"pivot": [0.01367, 9.56934, -0.55455],
					"cubes": [
						{"origin": [-1, 9.625, -1.5], "size": [2, 3, 2], "uv": [43, 16]},
						{"origin": [1.37254, 10.63071, -2.325], "size": [1, 2, 1], "pivot": [2.07517, 12.45877, -1.825], "rotation": [30.29885, 12.8923, 70.69359], "uv": [50, 40]},
						{"origin": [1.37254, 12.28684, -2.325], "size": [1, 2, 1], "pivot": [2.07517, 12.45877, -1.825], "rotation": [32.64822, -1.67186, 94.19966], "uv": [40, 50]},
						{"origin": [-2.37254, 10.63071, -2.325], "size": [1, 2, 1], "pivot": [-2.07517, 12.45877, -1.825], "rotation": [30.29885, -12.8923, -70.69359], "uv": [24, 50]},
						{"origin": [-2.37254, 12.28684, -2.325], "size": [1, 2, 1], "pivot": [-2.07517, 12.45877, -1.825], "rotation": [32.64822, 1.67186, -94.19966], "uv": [35, 50]},
						{"origin": [1.37254, 10.63071, 0.4], "size": [1, 2, 1], "pivot": [2.07517, 12.45877, 0.9], "rotation": [-30.29885, -12.8923, 70.69359], "uv": [19, 49]},
						{"origin": [1.37254, 12.28684, 0.4], "size": [1, 2, 1], "pivot": [2.07517, 12.45877, 0.9], "rotation": [-32.64822, 1.67186, 94.19966], "uv": [30, 49]},
						{"origin": [-0.62746, 10.53071, 1.3], "size": [1, 2, 1], "pivot": [0.07517, 12.35877, 1.8], "rotation": [-87.47423, -23.07755, 89.87003], "uv": [9, 48]},
						{"origin": [-0.62746, 12.18684, 1.3], "size": [1, 2, 1], "pivot": [0.07517, 12.35877, 1.8], "rotation": [-87.6696, 4.39874, 91.03945], "uv": [14, 49]},
						{"origin": [-2.37254, 10.63071, 0.4], "size": [1, 2, 1], "pivot": [-2.07517, 12.45877, 0.9], "rotation": [-30.29885, 12.8923, -70.69359], "uv": [49, 47]},
						{"origin": [-2.37254, 12.28684, 0.4], "size": [1, 2, 1], "pivot": [-2.07517, 12.45877, 0.9], "rotation": [-32.64822, -1.67186, -94.19966], "uv": [50, 14]}
					]
				},
				{
					"name": "head",
					"parent": "neck",
					"pivot": [-0.00354, 12.76229, -0.44342],
					"cubes": [
						{"origin": [-3.5, 12.625, -3.5], "size": [7, 7, 7], "uv": [0, 0]},
						{"origin": [-2, 19.625, -1.75], "size": [4, 2, 4], "uv": [0, 27]},
						{"origin": [-1, 20.425, 2.025], "size": [2, 2, 2], "pivot": [0, 21.425, 1.275], "rotation": [-50, 0, 0], "uv": [43, 42]},
						{"origin": [-1.5, 17.67849, 2.50734], "size": [3, 3, 3], "pivot": [0, 19.425, 3.275], "rotation": [-72.5, 0, 0], "uv": [31, 20]},
						{"origin": [-2.84233, 15.17356, -3.01542], "size": [4, 6, 0], "pivot": [-0.01418, 21.32345, -2.61509], "rotation": [-21.47525, 23.09377, 29.58941], "uv": [0, 44]},
						{"origin": [-1.19345, 15.14041, -2.99801], "size": [4, 6, 0], "pivot": [-0.01418, 21.32345, -2.61509], "rotation": [-24.71977, -27.4856, -26.36849], "uv": [15, 42]},
						{"origin": [-2.34545, 21.52247, -2.38955], "size": [3, 5, 0], "pivot": [-0.01418, 21.32345, -2.61509], "rotation": [-29.59179, -14.97829, -12.1501], "uv": [35, 44]},
						{"origin": [-0.65613, 21.5312, -2.38627], "size": [3, 5, 0], "pivot": [-0.01418, 21.32345, -2.61509], "rotation": [-29.59179, 14.97829, 12.1501], "uv": [0, 0]}
					]
				},
				{
					"name": "eyelids",
					"parent": "head",
					"pivot": [0, 2.625, 0.025],
					"cubes": [
						{"origin": [1, 14.125, -3.525], "size": [2, 2, 0], "inflate": 0.01, "uv": [49, 0]},
						{"origin": [-3, 14.125, -3.525], "size": [2, 2, 0], "inflate": 0.01, "uv": [51, 8]}
					]
				},
				{
					"name": "eye_left",
					"parent": "head",
					"pivot": [2.19662, 15.22248, -3.55],
					"cubes": [
						{"origin": [2, 14.9, -3.525], "size": [1, 1, 0], "pivot": [2.6, 15.125, -3.525], "rotation": [0, 0, 18], "uv": [15, 23]},
						{"origin": [1, 14.125, -3.55], "size": [2, 2, 0], "uv": [45, 51]},
						{"origin": [1.5, 14.525, -3.575], "size": [1, 1, 0], "uv": [23, 15]}
					]
				},
				{
					"name": "eye_right",
					"parent": "head",
					"pivot": [-2.19662, 15.22248, -3.55],
					"cubes": [
						{"origin": [-3, 14.9, -3.525], "size": [1, 1, 0], "pivot": [-2.6, 15.125, -3.525], "rotation": [0, 0, -18], "uv": [20, 15]},
						{"origin": [-3, 14.125, -3.55], "size": [2, 2, 0], "uv": [51, 22]},
						{"origin": [-2.5, 14.525, -3.575], "size": [1, 1, 0], "uv": [15, 17]}
					]
				},
				{
					"name": "mouth",
					"parent": "head",
					"pivot": [0, 14.225, -3.525],
					"cubes": [
						{"origin": [-1, 13.725, -3.525], "size": [2, 1, 0], "uv": [15, 15]}
					]
				},
				{
					"name": "olive_right",
					"parent": "head",
					"pivot": [-2, 19.625, -0.5],
					"rotation": [-106.17287, 1.91134, 4.62111],
					"cubes": [
						{"origin": [-7.02501, 18.93523, -4.2098], "size": [5, 2, 2], "uv": [15, 37]},
						{"origin": [-7.02501, 20.93523, -3.7098], "size": [5, 1, 4], "uv": [0, 21]},
						{"origin": [-7.02501, 18.93523, -1.2098], "size": [5, 2, 2], "uv": [30, 39]},
						{"origin": [-7.02501, 17.93523, -3.7098], "size": [5, 1, 4], "uv": [22, 0]}
					]
				},
				{
					"name": "olive_left",
					"parent": "head",
					"pivot": [2, 19.625, -0.5],
					"rotation": [-106.67287, -1.91134, -4.62111],
					"cubes": [
						{"origin": [2.02501, 18.93523, -4.2098], "size": [5, 2, 2], "uv": [0, 35]},
						{"origin": [2.02501, 20.93523, -3.7098], "size": [5, 1, 4], "uv": [15, 17]},
						{"origin": [2.02501, 18.93523, -1.2098], "size": [5, 2, 2], "uv": [29, 34]},
						{"origin": [2.02501, 17.93523, -3.7098], "size": [5, 1, 4], "uv": [0, 15]}
					]
				},
				{
					"name": "arm_left",
					"parent": "neck",
					"pivot": [1, 10.625, -0.5],
					"rotation": [0, 0, 30],
					"cubes": [
						{"origin": [1, 10.625, -1.5], "size": [3, 0, 2], "uv": [24, 44]}
					]
				},
				{
					"name": "arm_left2",
					"parent": "arm_left",
					"pivot": [4, 10.625, -0.5],
					"cubes": [
						{"origin": [4, 10.625, -2], "size": [4, 0, 3], "uv": [0, 40]}
					]
				},
				{
					"name": "arm_right",
					"parent": "neck",
					"pivot": [-1, 10.625, -0.5],
					"rotation": [0, 0, -22.5],
					"cubes": [
						{"origin": [-4, 10.625, -1.5], "size": [3, 0, 2], "uv": [43, 37]}
					]
				},
				{
					"name": "arm_right2",
					"parent": "arm_right",
					"pivot": [-4, 10.625, -0.5],
					"cubes": [
						{"origin": [-8, 10.625, -2], "size": [4, 0, 3], "uv": [37, 0]}
					]
				},
				{
					"name": "skirt",
					"parent": "body1",
					"pivot": [-1.00874, 4.85451, -1.005],
					"rotation": [4.51322, 19.4847, 15.85232],
					"cubes": [
						{"origin": [-1.93298, 3.83566, -1.93734], "size": [2, 1, 1], "pivot": [-0.88192, 4.37877, -1.39622], "rotation": [-6.96376, 1.09484, -2.63012], "uv": [42, 47]},
						{"origin": [-1.93298, 0.83566, -1.68734], "size": [2, 3, 0], "pivot": [-0.88192, 4.37877, -1.39622], "rotation": [-6.96376, 1.09484, -2.63012], "uv": [0, 51]}
					]
				},
				{
					"name": "skirt2",
					"parent": "body1",
					"pivot": [1.00874, 4.85451, -1.005],
					"rotation": [4.51322, -19.4847, -15.85232],
					"cubes": [
						{"origin": [-0.06702, 3.83566, -1.93734], "size": [2, 1, 1], "pivot": [0.88192, 4.37877, -1.39622], "rotation": [-6.96376, -1.09484, 2.63012], "uv": [24, 47]},
						{"origin": [-0.06702, 0.83566, -1.68734], "size": [2, 3, 0], "pivot": [0.88192, 4.37877, -1.39622], "rotation": [-6.96376, -1.09484, 2.63012], "uv": [9, 44]}
					]
				},
				{
					"name": "skirt3",
					"parent": "body1",
					"pivot": [1.97428, 6.17597, 0],
					"rotation": [0, 0, 47.5],
					"cubes": [
						{"origin": [1.975, 4.15, -1.25], "size": [4, 2, 3], "uv": [14, 31]},
						{"origin": [5.29928, 4.65097, -0.75], "size": [3, 1, 2], "pivot": [5.22428, 5.17597, 0], "rotation": [0, 0, -7.5], "uv": [43, 32]}
					]
				},
				{
					"name": "skirt4",
					"parent": "body1",
					"pivot": [-1.97428, 6.17597, 0],
					"rotation": [0, 0, -47.5],
					"cubes": [
						{"origin": [-5.975, 4.15, -1.25], "size": [4, 2, 3], "uv": [29, 6]},
						{"origin": [-8.29928, 4.65097, -0.75], "size": [3, 1, 2], "pivot": [-5.22428, 5.17597, 0], "rotation": [0, 0, 7.5], "uv": [41, 4]}
					]
				},
				{
					"name": "skirt5",
					"parent": "body1",
					"pivot": [-0.00362, 6.89741, 1.80584],
					"cubes": [
						{"origin": [-7.06121, -0.69782, 4.225], "size": [4, 2, 4], "pivot": [-0.00362, 1.40965, 6.225], "rotation": [-90, -37.5, 90], "uv": [28, 27]},
						{"origin": [-3.51121, 0.15218, 4.725], "size": [4, 2, 3], "pivot": [-0.00362, 1.40965, 6.225], "rotation": [-90, -52.5, 90], "uv": [30, 12]},
						{"origin": [-0.04748, 0.4419, 5.225], "size": [3, 1, 2], "pivot": [-0.00362, 1.40965, 6.225], "rotation": [-90, -80, 90], "uv": [42, 10]}
					]
				},
				{
					"name": "leg_left",
					"parent": "body",
					"pivot": [0.75, 5.025, -0.5],
					"cubes": [
						{"origin": [0.25, 3.025, -0.5], "size": [1, 2, 0], "uv": [0, 27]}
					]
				},
				{
					"name": "leg_left2",
					"parent": "leg_left",
					"pivot": [0.75, 3.025, -0.5],
					"cubes": [
						{"origin": [0.25, 0.025, -0.5], "size": [1, 3, 0], "uv": [0, 21]}
					]
				},
				{
					"name": "leg_right",
					"parent": "body",
					"pivot": [-0.75, 5.025, -0.5],
					"cubes": [
						{"origin": [-1.25, 3.025, -0.5], "size": [1, 2, 0], "uv": [22, 0]}
					]
				},
				{
					"name": "leg_right2",
					"parent": "leg_right",
					"pivot": [-0.75, 3.025, -0.5],
					"cubes": [
						{"origin": [-1.25, 0.025, -0.5], "size": [1, 3, 0], "uv": [0, 15]}
					]
				}
			]
		}
	]
}