{
	"format_version": "1.12.0",
	"minecraft:geometry": [
		{
			"description": {
				"identifier": "geometry.unknown",
				"texture_width": 128,
				"texture_height": 128,
				"visible_bounds_width": 7,
				"visible_bounds_height": 3,
				"visible_bounds_offset": [0, 0.5, 0]
			},
			"bones": [
				{
					"name": "dondozo",
					"pivot": [0, 0, 0]
				},
				{
					"name": "boody",
					"parent": "dondozo",
					"pivot": [0, 10, -9]
				},
				{
					"name": "head",
					"parent": "boody",
					"pivot": [0, 14, -26]
				},
				{
					"name": "mouth_up",
					"parent": "head",
					"pivot": [0, 11, -13],
					"rotation": [-1, 0, 0],
					"cubes": [
						{"origin": [-9, 11, -24], "size": [18, 5, 11], "uv": [0, 19]},
						{"origin": [-1.5, 15.85, -21.75], "size": [3, 2, 0], "pivot": [0, 16.85, -21.75], "rotation": [-22.5, 0, 0], "uv": [19, 86]},
						{"origin": [-1.5, 15.85, -15.75], "size": [3, 2, 0], "pivot": [0, 16.85, -15.75], "rotation": [-12.5, 0, 0], "uv": [0, 86]},
						{"origin": [1.5715, 15.85, -17.20489], "size": [3, 2, 0], "pivot": [3.0715, 16.85, -17.20489], "rotation": [-7.5, 59, 0], "uv": [31, 81]},
						{"origin": [-4.5715, 15.725, -20.29511], "size": [3, 5, 0], "pivot": [-3.0715, 16.725, -20.29511], "rotation": [40, 59, 0], "uv": [0, 48]},
						{"origin": [1.5715, 15.85, -20.29511], "size": [3, 2, 0], "pivot": [3.0715, 16.85, -20.29511], "rotation": [-167.5, 59, 180], "uv": [55, 80]},
						{"origin": [-4.5715, 15.725, -17.20489], "size": [3, 5, 0], "pivot": [-3.0715, 16.725, -17.20489], "rotation": [-147.5, 59, 180], "uv": [0, 36]},
						{"origin": [-5, 11, -28], "size": [10, 4, 4], "uv": [84, 38]},
						{"origin": [-1.5, 11.45, -28.475], "size": [3, 2, 1], "pivot": [0, 12, -28.5], "rotation": [-20, 0, 0], "uv": [0, 42]},
						{"origin": [-5.5, 10.75, -28.5], "size": [11, 1, 4], "uv": [85, 1]},
						{"origin": [2.56484, 11, -26.39415], "size": [6, 4, 4], "pivot": [5.56484, 12.125, -24.49415], "rotation": [0, -48.5, 0], "uv": [104, 47]},
						{"origin": [2.56484, 10.75, -27.09415], "size": [6, 1, 3], "pivot": [5.56484, 12.125, -24.49415], "rotation": [0, -48.5, 0], "uv": [106, 63]},
						{"origin": [-8.56484, 11, -26.39415], "size": [6, 4, 4], "pivot": [-5.56484, 12.125, -24.49415], "rotation": [0, 48.5, 0], "uv": [101, 103]},
						{"origin": [-8.56484, 10.75, -27.09415], "size": [6, 1, 3], "pivot": [-5.56484, 12.125, -24.49415], "rotation": [0, 48.5, 0], "uv": [101, 33]},
						{"origin": [-9.5, 10.75, -24.5], "size": [19, 1, 10], "uv": [0, 48]}
					]
				},
				{
					"name": "eye_left",
					"parent": "mouth_up",
					"pivot": [7.1, 13.3125, -25.7125],
					"rotation": [0, -48.5, 0],
					"cubes": [
						{"origin": [6.6, 12.75, -25.725], "size": [1, 1, 0], "uv": [7, 40]},
						{"origin": [6.1, 12.5, -25.7], "size": [2, 1, 0], "uv": [66, 83]},
						{"origin": [5.6, 12, -25.675], "size": [3, 2, 0], "uv": [86, 80]},
						{"origin": [5, 13.5, -25.75], "size": [4, 1, 0], "uv": [31, 79]}
					]
				},
				{
					"name": "eye_right",
					"parent": "mouth_up",
					"pivot": [-7.1, 13.3125, -25.7125],
					"rotation": [0, 48.5, 0],
					"cubes": [
						{"origin": [-7.6, 12.75, -25.725], "size": [1, 1, 0], "uv": [8, 19]},
						{"origin": [-8.1, 12.5, -25.7], "size": [2, 1, 0], "uv": [55, 83]},
						{"origin": [-8.6, 12, -25.675], "size": [3, 2, 0], "uv": [86, 77]},
						{"origin": [-8.975, 13.5, -25.75], "size": [4, 1, 0], "uv": [78, 65]}
					]
				},
				{
					"name": "whisker_left",
					"parent": "mouth_up",
					"pivot": [9, 12.5, -23.5],
					"rotation": [-41.69458, -6.86379, -13.36965],
					"cubes": [
						{"origin": [9, 12, -23.5], "size": [6, 1, 0], "uv": [55, 76]},
						{"origin": [8.5, 12, -24], "size": [1, 1, 1], "uv": [61, 82]}
					]
				},
				{
					"name": "whisker_left2",
					"parent": "whisker_left",
					"pivot": [15, 12.5, -23.5],
					"rotation": [0, -20, 0],
					"cubes": [
						{"origin": [15, 12, -23.5], "size": [4, 1, 0], "uv": [78, 63]}
					]
				},
				{
					"name": "whisker_left3",
					"parent": "whisker_left2",
					"pivot": [19, 12.5, -23.5],
					"rotation": [0, -22.5, 0],
					"cubes": [
						{"origin": [19, 12, -23.5], "size": [4, 1, 0], "uv": [78, 61]}
					]
				},
				{
					"name": "whisker_left4",
					"parent": "whisker_left3",
					"pivot": [23, 12.5, -23.5],
					"rotation": [0, -20, 0],
					"cubes": [
						{"origin": [23, 12, -23.5], "size": [4, 1, 0], "uv": [55, 78]}
					]
				},
				{
					"name": "whisker_left5",
					"parent": "whisker_left4",
					"pivot": [27, 12.5, -23.5],
					"rotation": [0, -17.5, 0],
					"cubes": [
						{"origin": [27, 12, -23.5], "size": [4, 1, 0], "uv": [41, 68]}
					]
				},
				{
					"name": "whisker_left6",
					"parent": "whisker_left5",
					"pivot": [31, 12.5, -23.5],
					"rotation": [0, -17.5, 0],
					"cubes": [
						{"origin": [31, 12, -23.5], "size": [2, 1, 0], "uv": [3, 71]}
					]
				},
				{
					"name": "whisker_right",
					"parent": "mouth_up",
					"pivot": [-9, 12.5, -23.5],
					"rotation": [-41.69458, 6.86379, 13.36965],
					"cubes": [
						{"origin": [-15, 12, -23.5], "size": [6, 1, 0], "uv": [35, 73]},
						{"origin": [-9.5, 12, -24], "size": [1, 1, 1], "uv": [78, 58]}
					]
				},
				{
					"name": "whisker_right2",
					"parent": "whisker_right",
					"pivot": [-15, 12.5, -23.5],
					"rotation": [0, 20, 0],
					"cubes": [
						{"origin": [-19, 12, -23.5], "size": [4, 1, 0], "uv": [41, 66]}
					]
				},
				{
					"name": "whisker_right3",
					"parent": "whisker_right2",
					"pivot": [-19, 12.5, -23.5],
					"rotation": [0, 22.5, 0],
					"cubes": [
						{"origin": [-23, 12, -23.5], "size": [4, 1, 0], "uv": [48, 7]}
					]
				},
				{
					"name": "whisker_right4",
					"parent": "whisker_right3",
					"pivot": [-23, 12.5, -23.5],
					"rotation": [0, 20, 0],
					"cubes": [
						{"origin": [-27, 12, -23.5], "size": [4, 1, 0], "uv": [0, 28]}
					]
				},
				{
					"name": "whisker_right5",
					"parent": "whisker_right4",
					"pivot": [-27, 12.5, -23.5],
					"rotation": [0, 17.5, 0],
					"cubes": [
						{"origin": [-31, 12, -23.5], "size": [4, 1, 0], "uv": [0, 9]}
					]
				},
				{
					"name": "whisker_right6",
					"parent": "whisker_right5",
					"pivot": [-31, 12.5, -23.5],
					"rotation": [0, 17.5, 0],
					"cubes": [
						{"origin": [-33, 12, -23.5], "size": [2, 1, 0], "uv": [51, 0]}
					]
				},
				{
					"name": "mouth_down",
					"parent": "head",
					"pivot": [0, 11, -13],
					"rotation": [3.25, 0, 0],
					"cubes": [
						{"origin": [-9.5, 10.25, -24.5], "size": [19, 1, 10], "uv": [0, 36]},
						{"origin": [-8.5, 10.25, -28.5], "size": [17, 1, 4], "uv": [55, 32]},
						{"origin": [-8, 5, -28], "size": [16, 6, 4], "uv": [0, 60]},
						{"origin": [-9, 4, -24], "size": [18, 7, 11], "uv": [0, 0]},
						{"origin": [11.025, 6.725, -18.1], "size": [6, 0, 1], "pivot": [12, 9, -20.5], "rotation": [0, -32.5, 47.5], "uv": [37, 62]},
						{"origin": [10.6, 5.85, -20.4], "size": [5, 0, 1], "pivot": [12, 9, -20.5], "rotation": [0, -17.5, 47.5], "uv": [35, 71]},
						{"origin": [-15.6, 5.85, -20.4], "size": [5, 0, 1], "pivot": [-12, 9, -20.5], "rotation": [0, 17.5, -47.5], "uv": [41, 64]},
						{"origin": [-17.025, 6.725, -18.1], "size": [6, 0, 1], "pivot": [-12, 9, -20.5], "rotation": [0, 32.5, -47.5], "uv": [37, 60]}
					]
				},
				{
					"name": "dingus",
					"parent": "mouth_down",
					"pivot": [0, 5.25, -25],
					"rotation": [17.5, 0, 0],
					"cubes": [
						{"origin": [-0.5, 3.25, -25.5], "size": [1, 2, 1], "uv": [23, 71]},
						{"origin": [-0.5, 0.25, -25], "size": [1, 3, 0], "uv": [7, 48]}
					]
				},
				{
					"name": "dingus2",
					"parent": "dingus",
					"pivot": [0, 0.25, -25],
					"rotation": [25, 0, 0],
					"cubes": [
						{"origin": [-0.5, -2.75, -25], "size": [1, 3, 0], "uv": [7, 36]}
					]
				},
				{
					"name": "dingus3",
					"parent": "dingus2",
					"pivot": [0, -2.75, -25],
					"rotation": [65, 0, 0],
					"cubes": [
						{"origin": [-0.5, -4.75, -25], "size": [1, 2, 0], "uv": [8, 0]}
					]
				},
				{
					"name": "dingus4",
					"parent": "dingus3",
					"pivot": [0, -4.75, -25],
					"rotation": [75, 0, 0],
					"cubes": [
						{"origin": [-0.5, -6.75, -25], "size": [1, 2, 0], "uv": [0, 0]}
					]
				},
				{
					"name": "dingus5",
					"parent": "dingus4",
					"pivot": [0, -6.75, -25],
					"rotation": [45, 0, 0],
					"cubes": [
						{"origin": [-0.5, -7.75, -25], "size": [1, 1, 0], "uv": [0, 19]},
						{"origin": [-0.5, -8.75, -25.5], "size": [1, 1, 1], "uv": [49, 43]}
					]
				},
				{
					"name": "body",
					"parent": "boody",
					"pivot": [0, 10.75, -13],
					"cubes": [
						{"origin": [-7.5, 5.5, -14], "size": [15, 10, 10], "uv": [49, 9]},
						{"origin": [7.525, 7.8, -12.225], "size": [0, 4, 2], "pivot": [7.5, 11.3, -11.225], "rotation": [0, 5, 0], "uv": [66, 76]},
						{"origin": [7.175, 7.8, -8.225], "size": [0, 4, 2], "pivot": [7.5, 11.3, -11.225], "rotation": [0, 5, 0], "uv": [0, 71]},
						{"origin": [7.35, 7.8, -10.225], "size": [0, 4, 2], "pivot": [7.5, 11.3, -11.225], "rotation": [0, 5, 0], "uv": [54, 60]},
						{"origin": [-7.525, 7.8, -12.225], "size": [0, 4, 2], "pivot": [-7.5, 11.3, -11.225], "rotation": [0, -5, 0], "uv": [48, 0]},
						{"origin": [-7.175, 7.8, -8.225], "size": [0, 4, 2], "pivot": [-7.5, 11.3, -11.225], "rotation": [0, -5, 0], "uv": [49, 36]},
						{"origin": [-7.35, 7.8, -10.225], "size": [0, 4, 2], "pivot": [-7.5, 11.3, -11.225], "rotation": [0, -5, 0], "uv": [54, 38]},
						{"origin": [-3.5, 15.5, -13], "size": [7, 2, 9], "uv": [31, 76]}
					]
				},
				{
					"name": "arm_left",
					"parent": "body",
					"pivot": [6.525, 8.4, -5.975],
					"rotation": [0, 27.5, 0],
					"cubes": [
						{"origin": [6.575, 6, -5.55], "size": [2, 5, 3], "pivot": [7, 8, -3.2], "rotation": [0, 25, 0], "uv": [0, 19]},
						{"origin": [7.575, 3.5, -2.55], "size": [0, 10, 10], "pivot": [7, 8, -3.2], "rotation": [0, 25, 0], "uv": [44, 87]}
					]
				},
				{
					"name": "arm_right",
					"parent": "body",
					"pivot": [-6.525, 8.4, -5.975],
					"rotation": [0, -27.5, 0],
					"cubes": [
						{"origin": [-8.575, 6, -5.55], "size": [2, 5, 3], "pivot": [-7, 8, -3.2], "rotation": [0, -25, 0], "uv": [0, 0]},
						{"origin": [-7.575, 3.5, -2.55], "size": [0, 10, 10], "pivot": [-7, 8, -3.2], "rotation": [0, -25, 0], "uv": [44, 98]}
					]
				},
				{
					"name": "body2",
					"parent": "body",
					"pivot": [0, 10.93978, -4.00334],
					"cubes": [
						{"origin": [-6, 5.75, -5], "size": [12, 9, 10], "uv": [49, 38]},
						{"origin": [5.675, 5.825, -4], "size": [4, 0, 9], "pivot": [5.925, 5.8125, 12.25], "rotation": [-0.70477, 0.25651, 19.99842], "uv": [86, 79]},
						{"origin": [-9.675, 5.825, -4], "size": [4, 0, 9], "pivot": [-5.925, 5.8125, 12.25], "rotation": [-0.70477, -0.25651, -19.99842], "uv": [86, 67]},
						{"origin": [-3, 14.75, -5], "size": [6, 2, 10], "uv": [63, 75]}
					]
				},
				{
					"name": "body3",
					"parent": "body2",
					"pivot": [0, 9.21112, 5.0006],
					"cubes": [
						{"origin": [-4.5, 6, 4], "size": [9, 8, 10], "uv": [49, 57]},
						{"origin": [4.175, 5.8, 5], "size": [3, 0, 9], "pivot": [5.925, 5.8125, 12.25], "rotation": [-0.70477, 0.25651, 19.99842], "uv": [90, 21]},
						{"origin": [-7.175, 5.8, 5], "size": [3, 0, 9], "pivot": [-5.925, 5.8125, 12.25], "rotation": [-0.70477, -0.25651, -19.99842], "uv": [90, 7]},
						{"origin": [-2.5, 14, 4], "size": [5, 2, 10], "uv": [83, 48]}
					]
				},
				{
					"name": "body4",
					"parent": "body3",
					"pivot": [0, 8.82649, 14.00247],
					"cubes": [
						{"origin": [-2, 12.5, 13], "size": [4, 2, 9], "uv": [64, 87]},
						{"origin": [-3.5, 6.5, 13], "size": [7, 6, 9], "uv": [-1, 70]},
						{"origin": [3.175, 5.8, 14], "size": [3, 0, 8], "pivot": [5.925, 5.8125, 12.25], "rotation": [-0.70477, 0.25651, 19.99842], "uv": [0, 99]},
						{"origin": [-6.175, 5.8, 14], "size": [3, 0, 8], "pivot": [-5.925, 5.8125, 12.25], "rotation": [-0.70477, -0.25651, -19.99842], "uv": [90, 89]}
					]
				},
				{
					"name": "body5",
					"parent": "body4",
					"pivot": [0, 8.32013, 22.02937],
					"cubes": [
						{"origin": [-2.5, 6.75, 21], "size": [5, 4, 9], "uv": [-1, 85]},
						{"origin": [2.175, 5.8, 22], "size": [3, 0, 8], "pivot": [5.925, 5.8125, 12.25], "rotation": [-0.70477, 0.25651, 19.99842], "uv": [57, 99]},
						{"origin": [-5.175, 5.8, 22], "size": [3, 0, 8], "pivot": [-5.925, 5.8125, 12.25], "rotation": [-0.70477, -0.25651, -19.99842], "uv": [82, 98]},
						{"origin": [-1.5, 10.75, 21], "size": [3, 2, 6], "uv": [22, 70]}
					]
				},
				{
					"name": "body6",
					"parent": "body5",
					"pivot": [0, 8.01041, 30.00841],
					"cubes": [
						{"origin": [-1.5, 7, 29], "size": [3, 3, 7], "uv": [103, 76]},
						{"origin": [1.175, 5.8, 30], "size": [3, 0, 6], "pivot": [5.925, 5.8125, 12.25], "rotation": [-0.70477, 0.25651, 19.99842], "uv": [17, 105]},
						{"origin": [-4.175, 5.8, 30], "size": [3, 0, 6], "pivot": [-5.925, 5.8125, 12.25], "rotation": [-0.70477, -0.25651, -19.99842], "uv": [104, 68]}
					]
				},
				{
					"name": "body7",
					"parent": "body6",
					"pivot": [0, 8.5, 36],
					"cubes": [
						{"origin": [-1.5, 8, 36], "size": [3, 1, 1], "uv": [0, 54]},
						{"origin": [-6.5, 8.5, 37], "size": [13, 0, 9], "uv": [48, 0]}
					]
				}
			]
		}
	]
}