{
  "format_version": "1.12.0",
  "minecraft:geometry": [
    {
      "description": {
        "identifier": "geometry.unknown",
        "texture_width": 96,
        "texture_height": 96,
        "visible_bounds_width": 5,
        "visible_bounds_height": 3.5,
        "visible_bounds_offset": [
          0,
          1.25,
          0
        ]
      },
      "bones": [
        {
          "name": "bone",
          "pivot": [
            0,
            0,
            2
          ]
        },
        {
          "name": "body",
          "parent": "bone",
          "pivot": [
            0,
            3.25,
            25
          ]
        },
        {
          "name": "torso",
          "parent": "body",
          "pivot": [
            0,
            2.25,
            25.25
          ],
          "cubes": [
            {
              "origin": [
                -5,
                2.25,
                14
              ],
              "size": [
                10,
                14,
                10
              ],
              "uv": [
                0,
                0
              ]
            }
          ]
        },
        {
          "name": "arm_right",
          "parent": "torso",
          "pivot": [
            -5,
            4.25,
            14.5
          ],
          "cubes": [
            {
              "origin": [
                -15,
                2.25,
                14.5
              ],
              "size": [
                10,
                2,
                2
              ],
              "uv": [
                59,
                15
              ]
            },
            {
              "origin": [
                -15,
                3.75,
                15.25
              ],
              "size": [
                10,
                5,
                0
              ],
              "uv": [
                70,
                0
              ]
            }
          ]
        },
        {
          "name": "arm_right2",
          "parent": "arm_right",
          "pivot": [
            -15.25,
            5.75,
            16.5
          ],
          "cubes": [
            {
              "origin": [
                -25,
                1,
                12.75
              ],
              "size": [
                10,
                5,
                5
              ],
              "uv": [
                28,
                50
              ]
            },
            {
              "origin": [
                -27,
                4.125,
                12.75
              ],
              "size": [
                2,
                1,
                0
              ],
              "uv": [
                23,
                25
              ]
            },
            {
              "origin": [
                -27,
                1.625,
                12.75
              ],
              "size": [
                2,
                1,
                0
              ],
              "uv": [
                19,
                25
              ]
            },
            {
              "origin": [
                -25,
                6,
                15.25
              ],
              "size": [
                10,
                5,
                0
              ],
              "uv": [
                68,
                54
              ]
            }
          ]
        },
        {
          "name": "arm_left",
          "parent": "torso",
          "pivot": [
            5,
            4.25,
            14.5
          ],
          "cubes": [
            {
              "origin": [
                5,
                2.25,
                14.5
              ],
              "size": [
                10,
                2,
                2
              ],
              "uv": [
                53,
                50
              ]
            },
            {
              "origin": [
                5,
                3.75,
                15.25
              ],
              "size": [
                10,
                5,
                0
              ],
              "uv": [
                64,
                66
              ]
            }
          ]
        },
        {
          "name": "arm_left2",
          "parent": "arm_left",
          "pivot": [
            15,
            6,
            15.5
          ],
          "cubes": [
            {
              "origin": [
                15,
                1,
                12.75
              ],
              "size": [
                10,
                5,
                5
              ],
              "uv": [
                30,
                0
              ]
            },
            {
              "origin": [
                25,
                4.125,
                12.75
              ],
              "size": [
                2,
                1,
                0
              ],
              "uv": [
                23,
                24
              ]
            },
            {
              "origin": [
                25,
                1.625,
                12.75
              ],
              "size": [
                2,
                1,
                0
              ],
              "uv": [
                19,
                24
              ]
            },
            {
              "origin": [
                15,
                6,
                15.25
              ],
              "size": [
                10,
                5,
                0
              ],
              "uv": [
                64,
                42
              ]
            }
          ]
        },
        {
          "name": "skirt_front",
          "parent": "torso",
          "pivot": [
            0,
            2.25,
            22.25
          ],
          "cubes": [
            {
              "origin": [
                -5,
                2.25,
                22
              ],
              "size": [
                10,
                0,
                3
              ],
              "uv": [
                37,
                14
              ]
            }
          ]
        },
        {
          "name": "skirt_back",
          "parent": "torso",
          "pivot": [
            0,
            16.25,
            22.25
          ],
          "cubes": [
            {
              "origin": [
                -5,
                16.25,
                22
              ],
              "size": [
                10,
                0,
                3
              ],
              "uv": [
                37,
                11
              ]
            }
          ]
        },
        {
          "name": "skirt_left",
          "parent": "torso",
          "pivot": [
            5,
            9.25,
            22.25
          ],
          "cubes": [
            {
              "origin": [
                5,
                2.25,
                22
              ],
              "size": [
                0,
                14,
                3
              ],
              "uv": [
                6,
                21
              ]
            }
          ]
        },
        {
          "name": "skirt_right",
          "parent": "torso",
          "pivot": [
            -5,
            9.25,
            22.25
          ],
          "cubes": [
            {
              "origin": [
                -5,
                2.25,
                22
              ],
              "size": [
                0,
                14,
                3
              ],
              "uv": [
                0,
                21
              ]
            }
          ]
        },
        {
          "name": "tail",
          "parent": "torso",
          "pivot": [
            0,
            14.25,
            16.25
          ],
          "cubes": [
            {
              "origin": [
                -2.5,
                14.75,
                10.5
              ],
              "size": [
                5,
                6,
                6
              ],
              "uv": [
                52,
                54
              ]
            },
            {
              "origin": [
                -2.5,
                11.75,
                7.5
              ],
              "size": [
                5,
                3,
                9
              ],
              "uv": [
                0,
                48
              ]
            },
            {
              "origin": [
                -0.7475,
                18.4975,
                9.0025
              ],
              "size": [
                2,
                9,
                15
              ],
              "inflate": 0.01,
              "uv": [
                0,
                24
              ]
            },
            {
              "origin": [
                -0.75,
                19.75,
                19.25
              ],
              "size": [
                2,
                10,
                6
              ],
              "uv": [
                59,
                26
              ]
            }
          ]
        },
        {
          "name": "neck",
          "parent": "body",
          "pivot": [
            0,
            4.25,
            17.75
          ],
          "cubes": [
            {
              "origin": [
                -4,
                1.25,
                12.25
              ],
              "size": [
                8,
                5,
                7
              ],
              "uv": [
                34,
                38
              ]
            }
          ]
        },
        {
          "name": "neck_frill",
          "parent": "neck",
          "pivot": [
            2.5,
            2.25,
            15.5
          ],
          "cubes": [
            {
              "origin": [
                0,
                1.15,
                8.25
              ],
              "size": [
                5,
                0,
                7
              ],
              "uv": [
                -7,
                89
              ]
            }
          ]
        },
        {
          "name": "neck_frill2",
          "parent": "neck",
          "pivot": [
            -2.5,
            2.25,
            15.5
          ],
          "cubes": [
            {
              "origin": [
                -5,
                1.15,
                8.25
              ],
              "size": [
                5,
                0,
                7
              ],
              "uv": [
                -7,
                89
              ]
            }
          ]
        },
        {
          "name": "neck2",
          "parent": "neck",
          "pivot": [
            0,
            5.75,
            13
          ],
          "cubes": [
            {
              "origin": [
                -2,
                1.75,
                9.25
              ],
              "size": [
                4,
                4,
                5
              ],
              "inflate": 0.05,
              "uv": [
                69,
                19
              ]
            }
          ]
        },
        {
          "name": "neck3",
          "parent": "neck2",
          "pivot": [
            0,
            5.75,
            9
          ],
          "cubes": [
            {
              "origin": [
                -2,
                1.75,
                4.25
              ],
              "size": [
                4,
                4,
                5
              ],
              "inflate": 0.04,
              "uv": [
                18,
                69
              ]
            }
          ]
        },
        {
          "name": "neck4",
          "parent": "neck3",
          "pivot": [
            0,
            5.75,
            4.25
          ],
          "cubes": [
            {
              "origin": [
                -2,
                1.75,
                -0.75
              ],
              "size": [
                4,
                4,
                5
              ],
              "inflate": 0.03,
              "uv": [
                0,
                67
              ]
            }
          ]
        },
        {
          "name": "neck5",
          "parent": "neck4",
          "pivot": [
            0,
            5.75,
            -0.75
          ],
          "cubes": [
            {
              "origin": [
                -2,
                1.75,
                -5.75
              ],
              "size": [
                4,
                4,
                5
              ],
              "inflate": 0.02,
              "uv": [
                51,
                66
              ]
            }
          ]
        },
        {
          "name": "neck6",
          "parent": "neck5",
          "pivot": [
            0,
            5.75,
            -5.75
          ],
          "cubes": [
            {
              "origin": [
                -2,
                1.75,
                -10.75
              ],
              "size": [
                4,
                4,
                5
              ],
              "inflate": 0.01,
              "uv": [
                38,
                61
              ]
            }
          ]
        },
        {
          "name": "neck7",
          "parent": "neck6",
          "pivot": [
            0,
            1.5,
            -10.75
          ],
          "cubes": [
            {
              "origin": [
                -2,
                1.75,
                -15.75
              ],
              "size": [
                4,
                4,
                5
              ],
              "uv": [
                20,
                60
              ]
            }
          ]
        },
        {
          "name": "head",
          "parent": "neck7",
          "pivot": [
            0,
            3.75,
            -12.75
          ],
          "cubes": [
            {
              "origin": [
                -2.5,
                2.25,
                -25.75
              ],
              "size": [
                5,
                4,
                10
              ],
              "uv": [
                19,
                24
              ]
            },
            {
              "origin": [
                -3.5,
                1.25,
                -18.75
              ],
              "size": [
                7,
                8,
                6
              ],
              "inflate": 0.2,
              "uv": [
                39,
                18
              ]
            },
            {
              "origin": [
                -3.5,
                5.25,
                -20.75
              ],
              "size": [
                7,
                4,
                3
              ],
              "uv": [
                0,
                60
              ]
            }
          ]
        },
        {
          "name": "eyebrow_right",
          "parent": "head",
          "pivot": [
            -2,
            8.75,
            -21.25
          ],
          "cubes": [
            {
              "origin": [
                -3.5,
                8.25,
                -21.75
              ],
              "size": [
                3,
                1,
                1
              ],
              "inflate": 0.3,
              "uv": [
                0,
                2
              ]
            },
            {
              "origin": [
                -4.5,
                7.25,
                -21.75
              ],
              "size": [
                1,
                1,
                1
              ],
              "uv": [
                4,
                4
              ]
            }
          ]
        },
        {
          "name": "eyebrow_left",
          "parent": "head",
          "pivot": [
            2,
            8.75,
            -21.25
          ],
          "cubes": [
            {
              "origin": [
                0.5,
                8.25,
                -21.75
              ],
              "size": [
                3,
                1,
                1
              ],
              "inflate": 0.3,
              "uv": [
                0,
                0
              ]
            },
            {
              "origin": [
                3.5,
                7.25,
                -21.75
              ],
              "size": [
                1,
                1,
                1
              ],
              "uv": [
                4,
                6
              ]
            }
          ]
        },
        {
          "name": "eye_right",
          "parent": "head",
          "pivot": [
            0,
            2.75,
            25.25
          ],
          "cubes": [
            {
              "origin": [
                -3,
                6.25,
                -20.76
              ],
              "size": [
                2,
                2,
                0
              ],
              "uv": [
                4,
                8
              ]
            }
          ]
        },
        {
          "name": "eye_left",
          "parent": "head",
          "pivot": [
            0,
            2.75,
            25.25
          ],
          "cubes": [
            {
              "origin": [
                1,
                6.25,
                -20.76
              ],
              "size": [
                2,
                2,
                0
              ],
              "uv": [
                0,
                8
              ]
            }
          ]
        },
        {
          "name": "hair_left",
          "parent": "head",
          "pivot": [
            0,
            9,
            -18.75
          ],
          "cubes": [
            {
              "origin": [
                0,
                7.25,
                -19.5
              ],
              "size": [
                3,
                5,
                3
              ],
              "inflate": 0.2,
              "uv": [
                81,
                44
              ]
            }
          ]
        },
        {
          "name": "hair_left2",
          "parent": "hair_left",
          "pivot": [
            0,
            12.25,
            -17.75
          ],
          "cubes": [
            {
              "origin": [
                0,
                12.25,
                -19.5
              ],
              "size": [
                3,
                3,
                3
              ],
              "inflate": 0.1,
              "uv": [
                84,
                36
              ]
            }
          ]
        },
        {
          "name": "hair_left3",
          "parent": "hair_left2",
          "pivot": [
            0,
            15.5,
            -18
          ],
          "cubes": [
            {
              "origin": [
                0,
                15.25,
                -19.5
              ],
              "size": [
                3,
                8,
                3
              ],
              "inflate": 0.05,
              "uv": [
                48,
                75
              ]
            }
          ]
        },
        {
          "name": "hair_left4",
          "parent": "hair_left3",
          "pivot": [
            0,
            23.25,
            -17.75
          ],
          "cubes": [
            {
              "origin": [
                0,
                23.25,
                -19.5
              ],
              "size": [
                3,
                6,
                3
              ],
              "uv": [
                24,
                78
              ]
            }
          ]
        },
        {
          "name": "hair_left5",
          "parent": "head",
          "pivot": [
            0,
            9.5,
            -12.75
          ],
          "cubes": [
            {
              "origin": [
                0,
                7.25,
                -16
              ],
              "size": [
                3,
                5,
                3
              ],
              "inflate": 0.2,
              "uv": [
                78,
                79
              ]
            }
          ]
        },
        {
          "name": "hair_left6",
          "parent": "hair_left5",
          "pivot": [
            0,
            12.25,
            -13.75
          ],
          "cubes": [
            {
              "origin": [
                0,
                12.25,
                -16
              ],
              "size": [
                3,
                3,
                3
              ],
              "inflate": 0.1,
              "uv": [
                82,
                16
              ]
            }
          ]
        },
        {
          "name": "hair_left7",
          "parent": "hair_left6",
          "pivot": [
            0,
            15.25,
            -13.75
          ],
          "cubes": [
            {
              "origin": [
                0,
                15.25,
                -16
              ],
              "size": [
                3,
                8,
                3
              ],
              "inflate": 0.05,
              "uv": [
                69,
                71
              ]
            }
          ]
        },
        {
          "name": "hair_left8",
          "parent": "hair_left7",
          "pivot": [
            0,
            23.25,
            -13.75
          ],
          "cubes": [
            {
              "origin": [
                0,
                23.25,
                -16
              ],
              "size": [
                3,
                6,
                3
              ],
              "uv": [
                78,
                5
              ]
            }
          ]
        },
        {
          "name": "hair_right",
          "parent": "head",
          "pivot": [
            0,
            8.75,
            -17.75
          ],
          "cubes": [
            {
              "origin": [
                -3,
                7.25,
                -19.5
              ],
              "size": [
                3,
                5,
                3
              ],
              "inflate": 0.2,
              "uv": [
                36,
                81
              ]
            }
          ]
        },
        {
          "name": "hair_right2",
          "parent": "hair_right",
          "pivot": [
            0,
            12.25,
            -19.75
          ],
          "cubes": [
            {
              "origin": [
                -3,
                12.25,
                -19.5
              ],
              "size": [
                3,
                3,
                3
              ],
              "inflate": 0.1,
              "uv": [
                84,
                25
              ]
            }
          ]
        },
        {
          "name": "hair_right3",
          "parent": "hair_right2",
          "pivot": [
            0,
            15.25,
            -19.75
          ],
          "cubes": [
            {
              "origin": [
                -3,
                15.25,
                -19.5
              ],
              "size": [
                3,
                8,
                3
              ],
              "inflate": 0.05,
              "uv": [
                75,
                28
              ]
            }
          ]
        },
        {
          "name": "hair_right4",
          "parent": "hair_right3",
          "pivot": [
            0,
            23.25,
            -16.75
          ],
          "cubes": [
            {
              "origin": [
                -3,
                23.25,
                -19.5
              ],
              "size": [
                3,
                6,
                3
              ],
              "uv": [
                12,
                78
              ]
            }
          ]
        },
        {
          "name": "hair_right5",
          "parent": "head",
          "pivot": [
            0,
            8.75,
            -15
          ],
          "cubes": [
            {
              "origin": [
                -3,
                7.25,
                -16
              ],
              "size": [
                3,
                5,
                3
              ],
              "inflate": 0.2,
              "uv": [
                60,
                79
              ]
            }
          ]
        },
        {
          "name": "hair_right6",
          "parent": "hair_right5",
          "pivot": [
            0,
            12.25,
            -14.75
          ],
          "cubes": [
            {
              "origin": [
                -3,
                12.25,
                -16
              ],
              "size": [
                3,
                3,
                3
              ],
              "inflate": 0.1,
              "uv": [
                74,
                59
              ]
            }
          ]
        },
        {
          "name": "hair_right7",
          "parent": "hair_right6",
          "pivot": [
            0,
            15.25,
            -13.75
          ],
          "cubes": [
            {
              "origin": [
                -3,
                15.25,
                -16
              ],
              "size": [
                3,
                8,
                3
              ],
              "inflate": 0.05,
              "uv": [
                36,
                70
              ]
            }
          ]
        },
        {
          "name": "hair_right8",
          "parent": "hair_right7",
          "pivot": [
            0,
            23.25,
            -12.75
          ],
          "cubes": [
            {
              "origin": [
                -3,
                23.25,
                -16
              ],
              "size": [
                3,
                6,
                3
              ],
              "uv": [
                0,
                76
              ]
            }
          ]
        },
        {
          "name": "jaw",
          "parent": "head",
          "pivot": [
            0,
            1.25,
            -19.25
          ],
          "cubes": [
            {
              "origin": [
                -2.5,
                1.25,
                -23.75
              ],
              "size": [
                5,
                1,
                8
              ],
              "uv": [
                52,
                2
              ]
            }
          ]
        },
        {
          "name": "beard",
          "parent": "jaw",
          "pivot": [
            0,
            1.5,
            -22.25
          ],
          "cubes": [
            {
              "origin": [
                -0.5,
                -0.75,
                -22.75
              ],
              "size": [
                1,
                3,
                1
              ],
              "uv": [
                0,
                4
              ]
            },
            {
              "origin": [
                -1.5,
                -2.75,
                -23.75
              ],
              "size": [
                3,
                3,
                3
              ],
              "uv": [
                19,
                48
              ]
            }
          ]
        },
        {
          "name": "jowl_left",
          "parent": "head",
          "pivot": [
            4,
            4.25,
            -14.25
          ],
          "cubes": [
            {
              "origin": [
                3.5,
                -3.75,
                -15.75
              ],
              "size": [
                1,
                8,
                3
              ],
              "inflate": 0.1,
              "uv": [
                69,
                84
              ]
            }
          ]
        },
        {
          "name": "jowl_right",
          "parent": "head",
          "pivot": [
            -4,
            4.25,
            -14.25
          ],
          "cubes": [
            {
              "origin": [
                -4.5,
                -3.75,
                -15.75
              ],
              "size": [
                1,
                8,
                3
              ],
              "inflate": 0.1,
              "uv": [
                81,
                68
              ]
            }
          ]
        }
      ]
    }
  ]
}