{
	"format_version": "1.12.0",
	"minecraft:geometry": [
		{
			"description": {
				"identifier": "geometry.Drednaw",
				"texture_width": 128,
				"texture_height": 128,
				"visible_bounds_width": 4,
				"visible_bounds_height": 2.5,
				"visible_bounds_offset": [0, 0.75, 0]
			},
			"bones": [
				{
					"name": "drednaw",
					"pivot": [0, -0.7, 0]
				},
				{
					"name": "body",
					"parent": "drednaw",
					"pivot": [0, 0.3, 0]
				},
				{
					"name": "torso",
					"parent": "body",
					"pivot": [0, 9.95956, 5.99257],
					"cubes": [
						{"origin": [-5.5, 11.3, -7], "size": [11, 2, 3], "uv": [50, 46]},
						{"origin": [-5.5, 9.3, -7], "size": [11, 2, 11], "uv": [0, 37]},
						{"origin": [-5.5, 4.3, -7], "size": [11, 6, 16], "inflate": 0.01, "pivot": [0, 7.8, 0.5], "rotation": [-2.5, 0, 0], "uv": [0, 0]},
						{"origin": [-2, 4.25924, -2.13181], "size": [3, 3, 11], "inflate": 0.01, "pivot": [-0.5, 4.75924, 2.36819], "rotation": [5.72364, -5.72894, 45.20466], "uv": [33, 46]}
					]
				},
				{
					"name": "tail",
					"parent": "torso",
					"pivot": [0, 6.59271, 8.95729],
					"cubes": [
						{"origin": [-2.5, 4.55, 7], "size": [5, 5, 5], "inflate": 0.01, "pivot": [0, 7.8, -0.5], "rotation": [-2.5, 0, 0], "uv": [69, 71]}
					]
				},
				{
					"name": "tail2",
					"parent": "tail",
					"pivot": [0, 6.18838, 11.78029],
					"cubes": [
						{"origin": [-2, 5.05, 10], "size": [4, 4, 6], "inflate": 0.01, "pivot": [0, 7.8, -0.5], "rotation": [-2.5, 0, 0], "uv": [18, 70]},
						{"origin": [0, 9.05, 12], "size": [0, 3, 3], "inflate": 0.01, "pivot": [0, 7.8, -0.5], "rotation": [-2.5, 0, 0], "uv": [33, 34]}
					]
				},
				{
					"name": "tail3",
					"parent": "tail2",
					"pivot": [0, 6.24257, 16.0042],
					"cubes": [
						{"origin": [-1.5, 5.55, 15], "size": [3, 3, 5], "inflate": 0.01, "pivot": [0, 7.8, -0.5], "rotation": [-2.5, 0, 0], "uv": [78, 42]},
						{"origin": [0, 8.05, 16.5], "size": [0, 3, 3], "inflate": 0.01, "pivot": [0, 7.8, -0.5], "rotation": [-2.5, 0, 0], "uv": [5, 34]}
					]
				},
				{
					"name": "neck",
					"parent": "torso",
					"pivot": [0, 8.8, -7],
					"cubes": [
						{"origin": [-3.5, 5.3, -9], "size": [7, 7, 7], "uv": [0, 50]}
					]
				},
				{
					"name": "neck2",
					"parent": "neck",
					"pivot": [0, 8.8, -9],
					"cubes": [
						{"origin": [-2.5, 6.3, -10.5], "size": [5, 5, 9], "uv": [52, 51]}
					]
				},
				{
					"name": "head2",
					"parent": "neck2",
					"pivot": [0.66667, 9.76625, -10.33484],
					"cubes": [
						{"origin": [3.5, 7.7, -13.5], "size": [1, 3, 3], "inflate": -0.1, "uv": [50, 51]},
						{"origin": [-4.5, 7.7, -13.5], "size": [1, 3, 3], "inflate": -0.1, "uv": [50, 51], "mirror": true},
						{"origin": [-4, 6.6, -17.3], "size": [8, 2, 0], "uv": [64, 42]},
						{"origin": [-4, 7.6, -10.3], "size": [8, 3, 0], "uv": [28, 62]},
						{"origin": [-4, 8.6, -17.3], "size": [8, 4, 7], "uv": [90, 28]},
						{"origin": [4.005, 9.9, -17.3], "size": [0, 1, 2], "uv": [77, 16]},
						{"origin": [4.006, 9.55, -17.3], "size": [0, 1, 2], "uv": [77, 18]},
						{"origin": [-4.006, 9.55, -17.3], "size": [0, 1, 2], "uv": [77, 18], "mirror": true},
						{"origin": [-4.005, 9.9, -17.3], "size": [0, 1, 2], "uv": [77, 16], "mirror": true},
						{"origin": [-4, 9.9, -17.31], "size": [8, 1, 0], "uv": [96, 40]},
						{"origin": [-4, 9.55, -17.32], "size": [8, 1, 0], "uv": [90, 44]},
						{"origin": [-4, 6.6, -17.3], "size": [0, 2, 7], "uv": [38, 6]},
						{"origin": [4, 6.6, -17.3], "size": [0, 2, 7], "uv": [38, 6], "mirror": true},
						{"origin": [0, 9.01254, -20.46326], "size": [0, 3, 5], "pivot": [0, 10.51254, -17.96326], "rotation": [-40, 0, 0], "uv": [61, 10]},
						{"origin": [0, 12.65139, -20.85749], "size": [0, 4, 5], "pivot": [0, 14.65139, -19.85749], "rotation": [-35, 0, 0], "uv": [0, 17]},
						{"origin": [-0.5, 10.7, -18.8], "size": [1, 3, 6], "inflate": 0.01, "pivot": [0, 11.3, -14.8], "rotation": [-25, 0, 0], "uv": [53, 87]}
					]
				},
				{
					"name": "jaw",
					"parent": "head2",
					"pivot": [0, 7.6, -10.3],
					"cubes": [
						{"origin": [-4, 4.6, -17.3], "size": [8, 0, 7], "uv": [14, 50]},
						{"origin": [-3, 5.7, -15.4], "size": [6, 2, 5], "pivot": [0, 6.2, -13.4], "rotation": [10, 0, 0], "uv": [91, 47]},
						{"origin": [4, 4.6, -17.3], "size": [0, 4, 7], "uv": [94, -7]},
						{"origin": [-4, 4.6, -17.3], "size": [0, 4, 7], "uv": [94, -7], "mirror": true},
						{"origin": [-4, 4.6, -17.3], "size": [8, 4, 0], "uv": [94, 6]},
						{"origin": [-4, 4.6, -10.3], "size": [8, 4, 0], "uv": [86, 16]}
					]
				},
				{
					"name": "eye_left",
					"parent": "head2",
					"pivot": [4.02833, 10.36471, -14.9105],
					"rotation": [7.5, 0, 0],
					"cubes": [
						{"origin": [4.025, 9.175, -16.725], "size": [0, 2, 2], "uv": [1, 42]},
						{"origin": [4.055, 9, -16.725], "size": [0, 1, 2], "pivot": [4.055, 9, -15.725], "rotation": [0, 0, -3.5], "uv": [67, 17]},
						{"origin": [4.05, 10.175, -16.375], "size": [0, 1, 1], "uv": [6, 41]},
						{"origin": [4.01, 9.775, -16.325], "size": [0, 1, 2], "pivot": [4.05, 10.775, -15.325], "rotation": [62.5, 0, 0], "uv": [7, 43]}
					]
				},
				{
					"name": "eye_right",
					"parent": "head2",
					"pivot": [-4.02833, 10.36471, -14.9105],
					"rotation": [7.5, 0, 0],
					"cubes": [
						{"origin": [-4.025, 9.175, -16.725], "size": [0, 2, 2], "uv": [1, 42], "mirror": true},
						{"origin": [-4.055, 9, -16.725], "size": [0, 1, 2], "pivot": [-4.055, 9, -15.725], "rotation": [0, 0, 3.5], "uv": [67, 17], "mirror": true},
						{"origin": [-4.05, 10.175, -16.375], "size": [0, 1, 1], "uv": [6, 41], "mirror": true},
						{"origin": [-4.01, 9.775, -16.325], "size": [0, 1, 2], "pivot": [-4.05, 10.775, -15.325], "rotation": [62.5, 0, 0], "uv": [7, 43], "mirror": true}
					]
				},
				{
					"name": "shell",
					"parent": "torso",
					"pivot": [0, 12.6734, 0.7892],
					"rotation": [1.5, 0, 0],
					"cubes": [
						{"origin": [-5, 12.09183, -5.42278], "size": [10, 6, 7], "pivot": [0, 14.09183, -3.42278], "rotation": [-15, 0, 0], "uv": [41, 22]},
						{"origin": [-3.5, 10.66428, 4.81517], "size": [7, 3, 4], "pivot": [0.35, 10.66428, 6.31517], "rotation": [-35, 0, 0], "uv": [71, 51]},
						{"origin": [-4.5, 10.85335, 0.50655], "size": [9, 5, 6], "pivot": [0, 12.35335, 2.00655], "rotation": [-7.5, 0, 0], "uv": [40, 2]},
						{"origin": [-7, 10.14282, -8.5648], "size": [14, 2, 13], "inflate": 0.01, "pivot": [0, 12.64282, 0.9352], "rotation": [-15, 0, 0], "uv": [0, 22]},
						{"origin": [-6.5, 13.14805, -11.76222], "size": [13, 2, 4], "pivot": [0, 14.33504, -8.90784], "rotation": [-40, 0, 0], "uv": [64, 0]},
						{"origin": [-6, 9.41747, 3.67215], "size": [12, 2, 7], "pivot": [0, 9.3822, 3.30845], "rotation": [-7.5, 0, 0], "uv": [33, 37]}
					]
				},
				{
					"name": "spike_shell",
					"parent": "shell",
					"pivot": [0, 16.95505, -0.25565],
					"rotation": [-2.5, 0, 0],
					"cubes": [
						{"origin": [-2, 13.8379, -3.25565], "size": [1, 6, 6], "pivot": [-1.5, 17.2379, 0.64435], "rotation": [0, 0, 45], "uv": [85, 75]},
						{"origin": [1, 13.8379, -3.25565], "size": [1, 6, 6], "pivot": [1.5, 17.2379, 0.64435], "rotation": [0, 0, -45], "uv": [23, 85]}
					]
				},
				{
					"name": "spike_shell2",
					"parent": "shell",
					"pivot": [0, 15.25505, 3.74435],
					"rotation": [-15, 0, 0],
					"cubes": [
						{"origin": [-2, 12.1379, 0.74435], "size": [1, 6, 6], "pivot": [-1.5, 15.5379, 4.64435], "rotation": [0, 0, 45], "uv": [77, 81]},
						{"origin": [1, 12.1379, 0.74435], "size": [1, 6, 6], "pivot": [1.5, 15.5379, 4.64435], "rotation": [0, 0, -45], "uv": [63, 81]}
					]
				},
				{
					"name": "big_spike_shell",
					"parent": "shell",
					"pivot": [0, 11.37361, -7.31053],
					"rotation": [-5, 0, 0],
					"cubes": [
						{"origin": [-5.5, 12.50422, -7.88202], "size": [11, 5, 5], "pivot": [0, 17.50422, -5.18202], "rotation": [-47.5, 0, 0], "uv": [0, 98]},
						{"origin": [-3, 13.25422, -8.88202], "size": [6, 6, 5], "pivot": [-0.5, 18.25422, -6.18202], "rotation": [-30, 0, 0], "uv": [34, 97]},
						{"origin": [-5, 17.41093, -9.58837], "size": [10, 3, 4], "inflate": 0.1, "pivot": [0, 14.68739, -7.69059], "rotation": [-32.5, 0, 0], "uv": [64, 35]},
						{"origin": [-1, 14.37361, -4.31053], "size": [7, 7, 3], "pivot": [0, 20.37361, -1.31053], "rotation": [-37.65635, 31.42176, 34.04258], "uv": [75, 22]}
					]
				},
				{
					"name": "left_arm",
					"parent": "body",
					"pivot": [5.5, 7.0181, -3.49524],
					"cubes": [
						{"origin": [3.5, 3.8, -6.5], "size": [6, 6, 6], "inflate": 0.01, "pivot": [0, 6.8, 1.5], "rotation": [-2.5, 0, 0], "uv": [45, 65]}
					]
				},
				{
					"name": "left_arm2",
					"parent": "left_arm",
					"pivot": [9.5, 7.08353, -4.99381],
					"cubes": [
						{"origin": [8.5, 4.3, -6], "size": [4, 5, 5], "pivot": [0, 6.8, 1.5], "rotation": [-2.5, 0, 0], "uv": [81, 6]},
						{"origin": [9.5, 6.8, -8], "size": [3, 0, 3], "pivot": [0, 6.8, 1.5], "rotation": [-2.5, 0, 0], "uv": [35, 0]}
					]
				},
				{
					"name": "left_arm3",
					"parent": "left_arm2",
					"pivot": [12.25, 7.09988, -5.36846],
					"cubes": [
						{"origin": [11.5, 4.8, -5.5], "size": [4, 4, 4], "inflate": 0.01, "pivot": [0, 6.8, 1.5], "rotation": [-2.5, 0, 0], "uv": [37, 87]},
						{"origin": [13.5, 5.3, -6.5], "size": [2, 0, 1], "inflate": 0.01, "pivot": [0, 6.8, 1.5], "rotation": [-2.5, 0, 0], "uv": [0, 4]},
						{"origin": [13.5, 6.8, -6.5], "size": [2, 0, 1], "inflate": 0.01, "pivot": [0, 6.8, 1.5], "rotation": [-2.5, 0, 0], "uv": [0, 3]},
						{"origin": [13.5, 8.3, -6.5], "size": [2, 0, 1], "inflate": 0.01, "pivot": [0, 6.8, 1.5], "rotation": [-2.5, 0, 0], "uv": [10, 0]}
					]
				},
				{
					"name": "left_leg",
					"parent": "body",
					"pivot": [5.5, 7.0181, 5.50476],
					"cubes": [
						{"origin": [4.5, 4.3, 3], "size": [4, 5, 5], "inflate": 0.1, "pivot": [-2, 6.8, 10.5], "rotation": [-2.5, 0, 0], "uv": [33, 77]}
					]
				},
				{
					"name": "left_leg2",
					"parent": "left_leg",
					"pivot": [8.75, 7.08353, 4.00619],
					"cubes": [
						{"origin": [7.5, 4.3, 3], "size": [3, 5, 5], "inflate": -0.1, "pivot": [-2, 6.8, 10.5], "rotation": [-2.5, 0, 0], "uv": [13, 81]}
					]
				},
				{
					"name": "left_leg3",
					"parent": "left_leg2",
					"pivot": [10.5, 7.09988, 3.63154],
					"cubes": [
						{"origin": [9.5, 4.8, 3.5], "size": [4, 4, 4], "inflate": 0.01, "pivot": [-2, 6.8, 10.5], "rotation": [-2.5, 0, 0], "uv": [86, 58]},
						{"origin": [12.5, 5.3, 2.5], "size": [1, 0, 1], "inflate": 0.01, "pivot": [-2, 6.8, 10.5], "rotation": [-2.5, 0, 0], "uv": [12, 2]},
						{"origin": [12.5, 6.8, 2.5], "size": [1, 0, 1], "inflate": 0.01, "pivot": [-2, 6.8, 10.5], "rotation": [-2.5, 0, 0], "uv": [12, 1]},
						{"origin": [12.5, 8.3, 2.5], "size": [1, 0, 1], "inflate": 0.01, "pivot": [-2, 6.8, 10.5], "rotation": [-2.5, 0, 0], "uv": [10, 4]}
					]
				},
				{
					"name": "right_leg",
					"parent": "body",
					"pivot": [-5.5, 7.0181, 5.50476],
					"cubes": [
						{"origin": [-8.5, 4.3, 3], "size": [4, 5, 5], "inflate": 0.1, "pivot": [2, 6.8, 10.5], "rotation": [-2.5, 0, 0], "uv": [0, 76]}
					]
				},
				{
					"name": "right_leg2",
					"parent": "right_leg",
					"pivot": [-8.75, 7.08353, 4.00619],
					"cubes": [
						{"origin": [-10.5, 4.3, 3], "size": [3, 5, 5], "inflate": -0.1, "pivot": [2, 6.8, 10.5], "rotation": [-2.5, 0, 0], "uv": [0, 0]}
					]
				},
				{
					"name": "right_leg3",
					"parent": "right_leg2",
					"pivot": [-10.5, 7.09988, 3.63154],
					"cubes": [
						{"origin": [-13.5, 4.8, 3.5], "size": [4, 4, 4], "inflate": 0.01, "pivot": [2, 6.8, 10.5], "rotation": [-2.5, 0, 0], "uv": [85, 67]},
						{"origin": [-13.5, 5.3, 2.5], "size": [1, 0, 1], "inflate": 0.01, "pivot": [2, 6.8, 10.5], "rotation": [-2.5, 0, 0], "uv": [10, 3]},
						{"origin": [-13.5, 6.8, 2.5], "size": [1, 0, 1], "inflate": 0.01, "pivot": [2, 6.8, 10.5], "rotation": [-2.5, 0, 0], "uv": [10, 2]},
						{"origin": [-13.5, 8.3, 2.5], "size": [1, 0, 1], "inflate": 0.01, "pivot": [2, 6.8, 10.5], "rotation": [-2.5, 0, 0], "uv": [10, 1]}
					]
				},
				{
					"name": "right_arm",
					"parent": "body",
					"pivot": [-5.5, 7.0181, -3.49524],
					"cubes": [
						{"origin": [-9.5, 3.8, -6.5], "size": [6, 6, 6], "inflate": 0.01, "pivot": [0, 6.8, 1.5], "rotation": [-2.5, 0, 0], "uv": [0, 64]}
					]
				},
				{
					"name": "right_arm2",
					"parent": "right_arm",
					"pivot": [-9.5, 7.08353, -4.99381],
					"cubes": [
						{"origin": [-12.5, 4.3, -6], "size": [4, 5, 5], "pivot": [0, 6.8, 1.5], "rotation": [-2.5, 0, 0], "uv": [51, 77]},
						{"origin": [-12.5, 6.8, -8], "size": [3, 0, 3], "pivot": [0, 6.8, 1.5], "rotation": [-2.5, 0, 0], "uv": [3, 26]}
					]
				},
				{
					"name": "right_arm3",
					"parent": "right_arm2",
					"pivot": [-12.25, 7.09988, -5.36846],
					"cubes": [
						{"origin": [-15.5, 4.8, -5.5], "size": [4, 4, 4], "inflate": 0.01, "pivot": [0, 6.8, 1.5], "rotation": [-2.5, 0, 0], "uv": [0, 87]},
						{"origin": [-15.5, 5.3, -6.5], "size": [2, 0, 1], "inflate": 0.01, "pivot": [0, 6.8, 1.5], "rotation": [-2.5, 0, 0], "uv": [0, 2]},
						{"origin": [-15.5, 6.8, -6.5], "size": [2, 0, 1], "inflate": 0.01, "pivot": [0, 6.8, 1.5], "rotation": [-2.5, 0, 0], "uv": [0, 1]},
						{"origin": [-15.5, 8.3, -6.5], "size": [2, 0, 1], "inflate": 0.01, "pivot": [0, 6.8, 1.5], "rotation": [-2.5, 0, 0], "uv": [0, 0]}
					]
				}
			]
		}
	]
}