{
	"format_version": "1.12.0",
	"minecraft:geometry": [
		{
			"description": {
				"identifier": "geometry.unknown",
				"texture_width": 82,
				"texture_height": 128,
				"visible_bounds_width": 5,
				"visible_bounds_height": 4.5,
				"visible_bounds_offset": [0, 1.75, 0]
			},
			"bones": [
				{
					"name": "druddigon",
					"pivot": [0, 0, 0]
				},
				{
					"name": "druddigon1",
					"parent": "druddigon",
					"pivot": [0, 0, 0],
					"rotation": [0, 180, 0]
				},
				{
					"name": "LegRight",
					"parent": "druddigon1",
					"pivot": [6.24457, 13.65958, -1.98255],
					"cubes": [
						{"origin": [4.92057, 7.14216, -2.90335], "size": [4, 9, 6], "pivot": [6.92057, 11.64216, 0.09665], "rotation": [42.5, 2.5, -15], "uv": [32, 86], "mirror": true},
						{"origin": [8.30039, 10.20643, -1.05], "size": [1, 3, 2], "pivot": [9.00039, 11.70643, -0.01281], "rotation": [42.5, 2.5, -15], "uv": [42, 111], "mirror": true},
						{"origin": [9.00039, 9.20643, -1.51281], "size": [0, 5, 3], "pivot": [9.00039, 11.70643, -0.01281], "rotation": [42.5, 2.5, -15], "uv": [16, 112], "mirror": true}
					]
				},
				{
					"name": "LeglowRight",
					"parent": "LegRight",
					"pivot": [8.20037, 9.68576, 0.98994],
					"cubes": [
						{"origin": [7.20037, 3.88576, -2.01006], "size": [2, 6, 4], "pivot": [8.20037, 6.88576, -0.01006], "rotation": [-22.5, 5, -2.5], "uv": [55, 64], "mirror": true}
					]
				},
				{
					"name": "FootRight",
					"parent": "LeglowRight",
					"pivot": [7.94646, 4.65451, -1.23684],
					"cubes": [
						{"origin": [6.20019, 1.32358, -3.51208], "size": [4, 3, 7], "pivot": [8.20019, 2.82358, -0.01208], "rotation": [-15, 5, 0], "uv": [45, 53], "mirror": true},
						{"origin": [7.83409, 3.07209, -4.27176], "size": [0, 2, 2], "pivot": [8, 4, -4], "rotation": [-15, 7.5, 0], "uv": [74, 98], "mirror": true},
						{"origin": [7.8341, 3.5, -6], "size": [0, 1, 2], "pivot": [8, 4, -4], "rotation": [-15, 7.5, 0], "uv": [69, 92], "mirror": true}
					]
				},
				{
					"name": "Claws2",
					"parent": "FootRight",
					"pivot": [8.61903, 1.51882, 2.6238],
					"cubes": [
						{"origin": [10, 0.46882, 2.83536], "size": [0, 2, 2], "pivot": [10.51039, 0.46882, 3.31518], "rotation": [0, 7.5, 0], "uv": [74, 96], "mirror": true},
						{"origin": [8.4, 0.46882, 3.09641], "size": [0, 2, 2], "pivot": [8.51039, 0.46882, 3.31518], "rotation": [0, 5, 0], "uv": [78, 113], "mirror": true},
						{"origin": [7, 0.46882, 2.83536], "size": [0, 2, 2], "pivot": [5.51039, 0.46882, 3.31518], "rotation": [0, 7.5, 0], "uv": [78, 98], "mirror": true},
						{"origin": [8.4, 0.46882, 5.09641], "size": [0, 1, 1], "pivot": [8.51039, 0.46882, 3.31518], "rotation": [0, 5, 0], "uv": [80, 101], "mirror": true},
						{"origin": [7.19817, 0.46882, 4.8185], "size": [0, 1, 1], "pivot": [5.73813, 0.46882, 4.8185], "rotation": [0, 7.5, 0], "uv": [78, 101], "mirror": true},
						{"origin": [10.2199, 0.46882, 4.88898], "size": [0, 1, 1], "pivot": [10.21135, 0.46882, 5.0195], "rotation": [0, 7.5, 0], "uv": [74, 93], "mirror": true}
					]
				},
				{
					"name": "LegLeft",
					"parent": "druddigon1",
					"pivot": [-6.24457, 13.65958, -1.98255],
					"cubes": [
						{"origin": [-8.92057, 7.14216, -2.90335], "size": [4, 9, 6], "pivot": [-6.92057, 11.64216, 0.09665], "rotation": [42.5, -2.5, 15], "uv": [32, 86]},
						{"origin": [-9.30039, 10.20643, -1.05], "size": [1, 3, 2], "pivot": [-9.00039, 11.70643, -0.01281], "rotation": [42.5, -2.5, 15], "uv": [42, 111]},
						{"origin": [-9.00039, 9.20643, -1.51281], "size": [0, 5, 3], "pivot": [-9.00039, 11.70643, -0.01281], "rotation": [42.5, -2.5, 15], "uv": [16, 112]}
					]
				},
				{
					"name": "LeglowLeft",
					"parent": "LegLeft",
					"pivot": [-8.20037, 9.68576, 0.98994],
					"cubes": [
						{"origin": [-9.20037, 3.88576, -2.01006], "size": [2, 6, 4], "pivot": [-8.20037, 6.88576, -0.01006], "rotation": [-22.5, -5, 2.5], "uv": [55, 64]}
					]
				},
				{
					"name": "FootLeft",
					"parent": "LeglowLeft",
					"pivot": [-7.94646, 4.65451, -1.23684],
					"cubes": [
						{"origin": [-10.20019, 1.32358, -3.51208], "size": [4, 3, 7], "pivot": [-8.20019, 2.82358, -0.01208], "rotation": [-15, -5, 0], "uv": [45, 53]},
						{"origin": [-7.83409, 3.07209, -4.27176], "size": [0, 2, 2], "pivot": [-8, 4, -4], "rotation": [-15, -7.5, 0], "uv": [74, 98]},
						{"origin": [-7.8341, 3.5, -6], "size": [0, 1, 2], "pivot": [-8, 4, -4], "rotation": [-15, -7.5, 0], "uv": [69, 92]}
					]
				},
				{
					"name": "Claws",
					"parent": "FootLeft",
					"pivot": [-8.61903, 1.51882, 2.6238],
					"cubes": [
						{"origin": [-10, 0.46882, 2.83536], "size": [0, 2, 2], "pivot": [-10.51039, 0.46882, 3.31518], "rotation": [0, -7.5, 0], "uv": [74, 96]},
						{"origin": [-8.4, 0.46882, 3.09641], "size": [0, 2, 2], "pivot": [-8.51039, 0.46882, 3.31518], "rotation": [0, -5, 0], "uv": [78, 113]},
						{"origin": [-7, 0.46882, 2.83536], "size": [0, 2, 2], "pivot": [-5.51039, 0.46882, 3.31518], "rotation": [0, -7.5, 0], "uv": [78, 98]},
						{"origin": [-8.4, 0.46882, 5.09641], "size": [0, 1, 1], "pivot": [-8.51039, 0.46882, 3.31518], "rotation": [0, -5, 0], "uv": [80, 101]},
						{"origin": [-7.19817, 0.46882, 4.8185], "size": [0, 1, 1], "pivot": [-5.73813, 0.46882, 4.8185], "rotation": [0, -7.5, 0], "uv": [78, 101]},
						{"origin": [-10.2199, 0.46882, 4.88898], "size": [0, 1, 1], "pivot": [-10.21135, 0.46882, 5.0195], "rotation": [0, -7.5, 0], "uv": [74, 93]}
					]
				},
				{
					"name": "TorsoLow",
					"parent": "druddigon1",
					"pivot": [0.5, 9.08847, -1.91604],
					"cubes": [
						{"origin": [-5, 8.77628, -3.62917], "size": [11, 8, 7], "pivot": [0.5, 12.77628, -0.12917], "rotation": [-30, 0, 0], "uv": [13, 32]},
						{"origin": [-3, 11.15, 0.35], "size": [7, 3, 3], "pivot": [0.5, 17, 4], "rotation": [20, 0, 0], "uv": [62, 26]},
						{"origin": [-3, 9.425, -1.825], "size": [7, 3, 3], "pivot": [0.5, 17, 4], "rotation": [20, 0, 0], "uv": [55, 33]}
					]
				},
				{
					"name": "Tail1",
					"parent": "TorsoLow",
					"pivot": [0.55, 13.62057, -1.26129],
					"cubes": [
						{"origin": [-3.45, 10.57827, -12.0115], "size": [8, 5, 11], "pivot": [0.55, 12.32651, -4.12721], "rotation": [17.5, 0, 0], "uv": [13, 3]},
						{"origin": [0.05, 11.32893, -11.51631], "size": [1, 3, 4], "pivot": [0.55, 13, -10], "rotation": [-25, 0, 0], "uv": [50, 121]},
						{"origin": [0.55, 12.73215, -12.71892], "size": [0, 1, 4], "pivot": [-1.45, 14, -9], "rotation": [-25, 0, 0], "uv": [66, 113]},
						{"origin": [-1.95, 12.73215, -7.71892], "size": [1, 3, 4], "pivot": [-1.45, 14, -6], "rotation": [-25, 0, 0], "uv": [40, 121]},
						{"origin": [-1.45, 15.73215, -9.71892], "size": [0, 1, 4], "pivot": [-1.45, 14, -9], "rotation": [-25, 0, 0], "uv": [74, 113]},
						{"origin": [2.05, 12.73215, -7.71892], "size": [1, 3, 4], "pivot": [2.55, 14, -6], "rotation": [-25, 0, 0], "uv": [60, 121]},
						{"origin": [2.55, 15.73215, -9.71892], "size": [0, 1, 4], "pivot": [-1.45, 14, -9], "rotation": [-25, 0, 0], "uv": [66, 114]}
					]
				},
				{
					"name": "Tail2",
					"parent": "Tail1",
					"pivot": [-1.45, 14, -9],
					"cubes": [
						{"origin": [-2.45, 9.27851, -17.96425], "size": [6, 3, 7], "pivot": [0.55, 10.72602, -10.99333], "rotation": [12.5, 0, 0], "uv": [5, 85]},
						{"origin": [0.05, 8, -15], "size": [1, 3, 4], "pivot": [0.55, 14, -9], "rotation": [-17.5, 0, 0], "uv": [30, 121]},
						{"origin": [0.55, 9.73215, -16.71892], "size": [0, 1, 4], "pivot": [-1.45, 14, -9], "rotation": [-17.5, 0, 0], "uv": [74, 114]}
					]
				},
				{
					"name": "Tail3",
					"parent": "Tail2",
					"pivot": [0.55, 9.25551, -17.41514],
					"cubes": [
						{"origin": [0.05, 4.82584, -18.29631], "size": [1, 2, 2], "pivot": [2.55, 15, -6], "rotation": [-17.5, 0, 0], "uv": [70, 124]},
						{"origin": [0.55, 6.58215, -19.71892], "size": [0, 1, 1], "pivot": [-1.45, 14, -9], "rotation": [-17.5, 0, 0], "uv": [72, 105]},
						{"origin": [-1.45, 8.56522, -21.49113], "size": [4, 2, 4], "pivot": [0.55, 9.6, -16.7], "rotation": [15, 0, 0], "uv": [55, 39]}
					]
				},
				{
					"name": "Tailend",
					"parent": "Tail3",
					"pivot": [0.55, 8.30785, -20.97631],
					"cubes": [
						{"origin": [-0.45, 7.5, -24], "size": [2, 2, 3], "pivot": [0.55, 8.5, -20], "rotation": [12.5, 0, 0], "uv": [51, 1]},
						{"origin": [0.05, 8.13558, -22.57955], "size": [1, 1, 2], "pivot": [0.55, 11, -23], "rotation": [-25, 0, 0], "uv": [76, 119]}
					]
				},
				{
					"name": "Torso",
					"parent": "TorsoLow",
					"pivot": [0.5, 15.41977, 1.07107],
					"cubes": [
						{"origin": [-4, 14.88326, -0.10809], "size": [9, 11, 6], "pivot": [0.5, 19.05826, 2.89191], "rotation": [-27.5, 0, 0], "uv": [14, 48]},
						{"origin": [-3, 19.55, 7.525], "size": [7, 2, 3], "pivot": [0.5, 17, 4], "rotation": [20, 0, 0], "uv": [62, 0]},
						{"origin": [-3, 17.225, 6], "size": [7, 3, 3], "pivot": [0.5, 17, 4], "rotation": [20, 0, 0], "uv": [62, 6]},
						{"origin": [-3, 13.725, 3], "size": [7, 2, 2], "pivot": [0.5, 17, 4], "rotation": [20, 0, 0], "uv": [64, 21]},
						{"origin": [-3, 15.625, 4], "size": [7, 3, 3], "pivot": [0.5, 17, 4], "rotation": [20, 0, 0], "uv": [62, 13]}
					]
				},
				{
					"name": "Neck",
					"parent": "Torso",
					"pivot": [0.5, 24.66478, 5.22625],
					"cubes": [
						{"origin": [-3, 24.16478, 5.22625], "size": [7, 8, 4], "pivot": [0.5, 28.16478, 7.22625], "rotation": [-30, 0, 0], "uv": [33, 73]}
					]
				},
				{
					"name": "head",
					"parent": "Neck",
					"pivot": [0.49957, 26.53504, 8.99981],
					"cubes": [
						{"origin": [-4, 23.99095, 6.80884], "size": [9, 8, 5], "pivot": [0.5, 28.0298, 13.01735], "rotation": [-7.5, 0, 0], "uv": [0, 19]},
						{"origin": [-2, 26.96595, 11.08384], "size": [5, 5, 8], "pivot": [0.5, 28.0298, 13.01735], "rotation": [-7.5, 0, 0], "uv": [40, 108]},
						{"origin": [-2.99, 24.72736, 8.11373], "size": [1, 5, 3], "pivot": [0.5, 28.0298, 13.01735], "rotation": [-130, 0, 0], "uv": [57, 84]},
						{"origin": [-2.99, 28.72736, 6.63873], "size": [1, 2, 2], "pivot": [0.5, 28.0298, 13.01735], "rotation": [-130, 0, 0], "uv": [76, 107]},
						{"origin": [-2.80831, 25.64051, 18.80186], "size": [2, 2, 0], "pivot": [-1.80831, 26.26551, 18.80186], "rotation": [-2.5, 2.5, 45], "uv": [72, 109]},
						{"origin": [-3, 26.96595, 11.08384], "size": [1, 5, 8], "pivot": [0.5, 28.0298, 13.01735], "rotation": [-7.5, 0, 0], "uv": [3, 64]},
						{"origin": [-3.95, 21.81227, 7.12765], "size": [1, 4, 3], "pivot": [0.5, 28.0298, 13.01735], "rotation": [-65, 0, 0], "uv": [58, 109]},
						{"origin": [-3.975, 20.72736, 10.11373], "size": [1, 5, 3], "pivot": [0.5, 28.0298, 13.01735], "rotation": [-130, 0, 0], "uv": [52, 91]},
						{"origin": [-3.975, 20.81227, 10.12765], "size": [1, 4, 3], "pivot": [0.5, 28.0298, 13.01735], "rotation": [-65, 0, 0], "uv": [60, 92]},
						{"origin": [1.26935, 25.56945, 18.76165], "size": [2, 2, 0], "pivot": [2.34435, 26.19445, 19.46165], "rotation": [-2.5, 5, 45], "uv": [68, 109]},
						{"origin": [3, 26.96595, 11.08384], "size": [1, 5, 8], "pivot": [-0.5, 28.0298, 13.01735], "rotation": [-7.5, 0, 0], "uv": [3, 64], "mirror": true},
						{"origin": [2.99, 24.72736, 8.11373], "size": [1, 5, 3], "pivot": [-0.5, 28.0298, 13.01735], "rotation": [-130, 0, 0], "uv": [57, 84], "mirror": true},
						{"origin": [2.99, 28.72736, 6.63873], "size": [1, 2, 2], "pivot": [-0.5, 28.0298, 13.01735], "rotation": [-130, 0, 0], "uv": [76, 107], "mirror": true},
						{"origin": [3.95, 21.81227, 7.12765], "size": [1, 4, 3], "pivot": [-0.5, 28.0298, 13.01735], "rotation": [-65, 0, 0], "uv": [58, 109], "mirror": true},
						{"origin": [3.975, 20.72736, 10.11373], "size": [1, 5, 3], "pivot": [-0.5, 28.0298, 13.01735], "rotation": [-130, 0, 0], "uv": [52, 91], "mirror": true},
						{"origin": [-3.05, 28.91782, 12.91881], "size": [1, 2, 3], "pivot": [-4, 29.91782, 15.96881], "rotation": [-10, 0, 0], "uv": [74, 93]},
						{"origin": [3.1, 28.91782, 12.91881], "size": [1, 2, 3], "pivot": [-4, 29.91782, 15.96881], "rotation": [-10, 0, 0], "uv": [74, 93]},
						{"origin": [-2.925, 33.32736, 10.43873], "size": [0, 2, 2], "pivot": [0.5, 30.2298, 11.01735], "rotation": [-130, 0, 0], "uv": [72, 101]},
						{"origin": [3.925, 33.32736, 10.43873], "size": [0, 2, 2], "pivot": [0.5, 30.2298, 11.01735], "rotation": [-130, 0, 0], "uv": [72, 101], "mirror": true},
						{"origin": [3.975, 20.81227, 10.12765], "size": [1, 4, 3], "pivot": [-0.5, 28.0298, 13.01735], "rotation": [-65, 0, 0], "uv": [60, 92], "mirror": true}
					]
				},
				{
					"name": "mouth",
					"parent": "head",
					"pivot": [0.49088, 25.26267, 11.51717],
					"cubes": [
						{"origin": [-3, 23.96595, 11.80884], "size": [1, 2, 7], "pivot": [0.5, 28.0298, 13.01735], "rotation": [-7.5, 0, 0], "uv": [24, 112]},
						{"origin": [-2.925, 31.12736, 12.43873], "size": [0, 2, 2], "pivot": [0.5, 28.0298, 13.01735], "rotation": [-130, 0, 0], "uv": [74, 109]},
						{"origin": [-2, 23.96595, 17.80884], "size": [5, 2, 1], "pivot": [0.5, 28.0298, 13.01735], "rotation": [-7.5, 0, 0], "uv": [10, 112]},
						{"origin": [-0.57293, 23.75083, 18.33702], "size": [2, 2, 0], "pivot": [0.42707, 24.75083, 18.33702], "rotation": [-5, 7.5, 45], "uv": [68, 103]},
						{"origin": [3, 23.96595, 11.80884], "size": [1, 2, 7], "pivot": [-0.5, 28.0298, 13.01735], "rotation": [-7.5, 0, 0], "uv": [24, 112], "mirror": true},
						{"origin": [3.925, 31.12736, 12.43873], "size": [0, 2, 2], "pivot": [0.5, 28.0298, 13.01735], "rotation": [-130, 0, 0], "uv": [78, 109]},
						{"origin": [-2, 23.7626, 11.32834], "size": [5, 1, 6], "pivot": [0.5, 24.2626, 14.32834], "rotation": [-7.5, 0, 0], "uv": [47, 99]}
					]
				},
				{
					"name": "Tongue",
					"parent": "mouth",
					"pivot": [0.5, 25.75405, 11.45886],
					"cubes": [
						{"origin": [-2, 24.96595, 11.80884], "size": [5, 1, 6], "pivot": [0.5, 28.0298, 13.01735], "rotation": [-7.5, 0, 0], "uv": [46, 14]}
					]
				},
				{
					"name": "EyebrownLeft",
					"parent": "head",
					"pivot": [3.7, 30.93782, 14.86721],
					"cubes": [
						{"origin": [3.2, 26.47736, 9.1], "size": [1, 4, 1], "pivot": [0.5, 28.0298, 13.01735], "rotation": [-115, 0, 0], "uv": [67, 120]}
					]
				},
				{
					"name": "EyeLeft",
					"parent": "head",
					"pivot": [4.172, 30.06997, 14.80351],
					"cubes": [
						{"origin": [4.18, 29.60963, 14.29154], "size": [0, 1, 1], "pivot": [3.1125, 30.05972, 14.80455], "rotation": [-10, 0, 0], "uv": [80, 93], "mirror": true},
						{"origin": [4.17, 29.38463, 14.06654], "size": [0, 1, 1], "pivot": [3.1125, 30.05972, 14.80455], "rotation": [-10, 0, 0], "uv": [80, 94], "mirror": true},
						{"origin": [4.17, 29.73463, 14.06654], "size": [0, 1, 1], "pivot": [3.1125, 30.05972, 14.80455], "rotation": [-10, 0, 0], "uv": [80, 94], "mirror": true},
						{"origin": [4.17, 29.73463, 14.5426], "size": [0, 1, 1], "pivot": [3.1125, 30.05972, 14.80455], "rotation": [-10, 0, 0], "uv": [80, 94], "mirror": true},
						{"origin": [4.17, 29.38463, 14.54154], "size": [0, 1, 1], "pivot": [3.1125, 30.05972, 14.80455], "rotation": [-10, 0, 0], "uv": [80, 94], "mirror": true}
					]
				},
				{
					"name": "ClosedEyeLeft",
					"parent": "EyeLeft",
					"pivot": [3.5125, 30.05972, 14.80455],
					"cubes": [
						{"origin": [3, 28.91782, 12.91881], "size": [1, 2, 3], "pivot": [-4, 29.91782, 15.96881], "rotation": [-10, 0, 0], "uv": [22, 123]}
					]
				},
				{
					"name": "EyeBrownRight",
					"parent": "head",
					"pivot": [-2.65, 30.93782, 14.86721],
					"cubes": [
						{"origin": [-3.15, 28.93782, 14.36721], "size": [1, 4, 1], "pivot": [-2.65, 30.93782, 14.86721], "rotation": [-115, 0, 0], "uv": [67, 120]}
					]
				},
				{
					"name": "EyeRight",
					"parent": "head",
					"pivot": [-3.105, 30.06997, 14.80351],
					"cubes": [
						{"origin": [-3.1, 29.38463, 14.06654], "size": [0, 1, 1], "pivot": [-3.1125, 30.05972, 14.80455], "rotation": [-10, 0, 0], "uv": [80, 94]},
						{"origin": [-3.1, 29.73463, 14.06654], "size": [0, 1, 1], "pivot": [-3.1125, 30.05972, 14.80455], "rotation": [-10, 0, 0], "uv": [80, 94]},
						{"origin": [-3.1, 29.73463, 14.5426], "size": [0, 1, 1], "pivot": [-3.1125, 30.05972, 14.80455], "rotation": [-10, 0, 0], "uv": [80, 94]},
						{"origin": [-3.1, 29.38463, 14.54154], "size": [0, 1, 1], "pivot": [-3.1125, 30.05972, 14.80455], "rotation": [-10, 0, 0], "uv": [80, 94]},
						{"origin": [-3.125, 29.60963, 14.29154], "size": [0, 1, 1], "pivot": [-3.1125, 30.05972, 14.80455], "rotation": [-10, 0, 0], "uv": [80, 93]}
					]
				},
				{
					"name": "ClosedEyeRight",
					"parent": "EyeRight",
					"pivot": [-2.50625, 30.0398, 14.73705],
					"cubes": [
						{"origin": [-2.95, 28.91782, 12.91881], "size": [1, 2, 3], "pivot": [-4, 29.91782, 15.96881], "rotation": [-10, 0, 0], "uv": [22, 123]}
					]
				},
				{
					"name": "Wings",
					"parent": "Torso",
					"pivot": [0, 23, 6]
				},
				{
					"name": "WingRight",
					"parent": "Wings",
					"pivot": [0, 22.9, 6],
					"cubes": [
						{"origin": [3.5, 20, 1], "size": [0, 6, 3], "uv": [76, 30]}
					]
				},
				{
					"name": "WingR2",
					"parent": "WingRight",
					"pivot": [3.5, 22.9, 1],
					"cubes": [
						{"origin": [3.5, 18, -4], "size": [0, 11, 5], "uv": [72, 35]}
					]
				},
				{
					"name": "WingR5",
					"parent": "WingR2",
					"pivot": [3.5, 23, -4],
					"cubes": [
						{"origin": [3.5, 16, -11], "size": [0, 14, 7], "uv": [68, 45]}
					]
				},
				{
					"name": "WingR10",
					"parent": "WingR5",
					"pivot": [3.5, 23.1, -11],
					"cubes": [
						{"origin": [3.5, 17, -18], "size": [0, 13, 7], "uv": [68, 60]}
					]
				},
				{
					"name": "WingREnd3",
					"parent": "WingR10",
					"pivot": [3.5, 23.1, -18],
					"cubes": [
						{"origin": [3.5, 17, -25], "size": [0, 12, 7], "uv": [68, 74]}
					]
				},
				{
					"name": "WingLeft",
					"parent": "Wings",
					"pivot": [0, 22.9, 6],
					"cubes": [
						{"origin": [-3.5, 20, 1], "size": [0, 6, 3], "uv": [76, 30], "mirror": true}
					]
				},
				{
					"name": "WingR4",
					"parent": "WingLeft",
					"pivot": [-3.5, 22.9, 1],
					"cubes": [
						{"origin": [-3.5, 18, -4], "size": [0, 11, 5], "uv": [72, 35], "mirror": true}
					]
				},
				{
					"name": "WingR6",
					"parent": "WingR4",
					"pivot": [-3.5, 23, -4],
					"cubes": [
						{"origin": [-3.5, 16, -11], "size": [0, 14, 7], "uv": [68, 45], "mirror": true}
					]
				},
				{
					"name": "WingR9",
					"parent": "WingR6",
					"pivot": [-3.5, 23.1, -11],
					"cubes": [
						{"origin": [-3.5, 17, -18], "size": [0, 13, 7], "uv": [68, 60], "mirror": true}
					]
				},
				{
					"name": "WingREnd2",
					"parent": "WingR9",
					"pivot": [-3.5, 23.1, -18],
					"cubes": [
						{"origin": [-3.5, 17, -25], "size": [0, 12, 7], "uv": [68, 74], "mirror": true}
					]
				},
				{
					"name": "ArmLeftUpper",
					"parent": "Torso",
					"pivot": [-3.1, 21.45351, 3.72818],
					"cubes": [
						{"origin": [-5.45, 21, 1.725], "size": [1, 1, 1], "uv": [68, 105]},
						{"origin": [-5.35, 21, 1.725], "size": [1, 1, 1], "uv": [74, 105], "mirror": true},
						{"origin": [-4.85, 21, -0.275], "size": [0, 1, 3], "uv": [72, 113], "mirror": true},
						{"origin": [-15, 20, 2.725], "size": [11, 3, 3], "inflate": -0.1, "pivot": [-17.2474, 21.72517, 3.95334], "rotation": [-90, 0, 0], "uv": [4, 77]},
						{"origin": [-6, 19.5, 2.225], "size": [3, 4, 4], "inflate": -0.1, "pivot": [-17.2474, 21.72517, 3.95334], "rotation": [-90, 0, 0], "uv": [26, 65]}
					]
				},
				{
					"name": "ArmLeftLower",
					"parent": "ArmLeftUpper",
					"pivot": [-11.06858, 21.34251, 4.13921],
					"cubes": [
						{"origin": [-14.125, 23, 3.725], "size": [2, 2, 1], "uv": [46, 102]},
						{"origin": [-13.975, 26.225, 4.225], "size": [1, 1, 0], "pivot": [-12.175, 25, 4.225], "rotation": [0, 0, 22.5], "uv": [74, 95]},
						{"origin": [-13.975, 24.225, 4.225], "size": [2, 2, 0], "pivot": [-12.175, 25, 4.225], "rotation": [0, 0, 22.5], "uv": [76, 103]},
						{"origin": [-24, 19.55, 2.2], "size": [13, 4, 4], "inflate": -0.1, "pivot": [-17.2474, 21.72517, 3.95334], "rotation": [-90, 0, 0], "uv": [28, 22]},
						{"origin": [-21, 19, 1.725], "size": [9, 5, 5], "inflate": -0.1, "pivot": [-17.2474, 21.72517, 3.95334], "rotation": [-90, 0, 0], "uv": [8, 96]},
						{"origin": [-17.125, 23, 3.725], "size": [2, 2, 1], "uv": [76, 125]},
						{"origin": [-16.975, 24.275, 4.225], "size": [2, 2, 0], "pivot": [-15.275, 25, 4.225], "rotation": [0, 0, 22.5], "uv": [74, 107]},
						{"origin": [-16.975, 26.275, 4.225], "size": [1, 2, 0], "pivot": [-15.275, 25, 4.225], "rotation": [0, 0, 22.5], "uv": [80, 103]},
						{"origin": [-20, 24.225, 4.225], "size": [2, 2, 0], "pivot": [-18.125, 24.9, 4.225], "rotation": [0, 0, 22.5], "uv": [70, 107]},
						{"origin": [-20, 26.225, 4.225], "size": [1, 1, 0], "pivot": [-18.125, 24.9, 4.225], "rotation": [0, 0, 22.5], "uv": [80, 93]},
						{"origin": [-20.125, 23, 3.725], "size": [2, 2, 1], "uv": [42, 108]}
					]
				},
				{
					"name": "Finger7",
					"parent": "ArmLeftLower",
					"pivot": [-23.2, 21.47851, 1.85318],
					"cubes": [
						{"origin": [-25.1, 18.625, 2.2], "size": [2, 2, 4], "inflate": -0.1, "pivot": [-17.2474, 21.72517, 3.95334], "rotation": [-90, 0, 0], "uv": [55, 77]}
					]
				},
				{
					"name": "Finger9",
					"parent": "Finger7",
					"pivot": [-24.9, 21.47851, 1.85318],
					"cubes": [
						{"origin": [-26.8, 18.625, 2.2], "size": [2, 2, 4], "inflate": -0.1, "pivot": [-17.2474, 21.72517, 3.95334], "rotation": [-90, 0, 0], "uv": [42, 66]}
					]
				},
				{
					"name": "Nail4",
					"parent": "Finger9",
					"pivot": [-26.71048, 21.46005, 1.82834],
					"cubes": [
						{"origin": [-18.01906, 33.87256, 6.07834], "size": [1, 1, 0], "pivot": [-17.2474, 21.72517, 3.95334], "rotation": [-180, 0, 90], "uv": [76, 102]},
						{"origin": [-18.01906, 31.87256, 6.07834], "size": [2, 2, 0], "pivot": [-17.2474, 21.72517, 3.95334], "rotation": [-180, 0, 90], "uv": [78, 105]},
						{"origin": [-18.00873, 29.91962, 5.57834], "size": [2, 3, 1], "pivot": [-17.2474, 21.72517, 3.95334], "rotation": [-180, 0, 90], "uv": [68, 99]}
					]
				},
				{
					"name": "Finger16",
					"parent": "ArmLeftLower",
					"pivot": [-23.2, 21.47851, 6.05318],
					"cubes": [
						{"origin": [-25.1, 22.825, 2.2], "size": [2, 2, 4], "inflate": -0.1, "pivot": [-17.2474, 21.72517, 3.95334], "rotation": [-90, 0, 0], "uv": [47, 46]}
					]
				},
				{
					"name": "Finger18",
					"parent": "Finger16",
					"pivot": [-24.9, 21.47851, 6.05318],
					"cubes": [
						{"origin": [-26.8, 22.825, 2.2], "size": [2, 2, 4], "inflate": -0.1, "pivot": [-17.2474, 21.72517, 3.95334], "rotation": [-90, 0, 0], "uv": [49, 7]}
					]
				},
				{
					"name": "Nail9",
					"parent": "Finger18",
					"pivot": [-26.71048, 21.56005, 6.01167],
					"cubes": [
						{"origin": [-18.00873, 29.91962, 1.32834], "size": [2, 3, 1], "pivot": [-17.2474, 21.72517, 3.95334], "rotation": [-180, 0, 90], "uv": [68, 111]},
						{"origin": [-18.01906, 31.87256, 1.92834], "size": [2, 2, 0], "pivot": [-17.2474, 21.72517, 3.95334], "rotation": [-180, 0, 90], "uv": [78, 113]},
						{"origin": [-18.01906, 33.87256, 1.92834], "size": [1, 1, 0], "pivot": [-17.2474, 21.72517, 3.95334], "rotation": [-180, 0, 90], "uv": [74, 102]}
					]
				},
				{
					"name": "Finger25",
					"parent": "ArmLeftLower",
					"pivot": [-23.2, 21.47851, 4.00318],
					"cubes": [
						{"origin": [-25.1, 20.775, 2.2], "size": [2, 2, 4], "inflate": -0.1, "pivot": [-17.2474, 21.72517, 3.95334], "rotation": [-90, 0, 0], "uv": [60, 46]}
					]
				},
				{
					"name": "Finger27",
					"parent": "Finger25",
					"pivot": [-24.9, 21.47851, 4.00318],
					"cubes": [
						{"origin": [-26.8, 20.775, 2.2], "size": [2, 2, 4], "inflate": -0.1, "pivot": [-17.2474, 21.72517, 3.95334], "rotation": [-90, 0, 0], "uv": [30, 106]}
					]
				},
				{
					"name": "Nail10",
					"parent": "Finger27",
					"pivot": [-26.71048, 21.46005, 3.98667],
					"cubes": [
						{"origin": [-18.01906, 33.87256, 3.92834], "size": [1, 1, 0], "pivot": [-17.2474, 21.72517, 3.95334], "rotation": [-180, 0, 90], "uv": [74, 93]},
						{"origin": [-18.01906, 31.87256, 3.92834], "size": [2, 2, 0], "pivot": [-17.2474, 21.72517, 3.95334], "rotation": [-180, 0, 90], "uv": [78, 98]},
						{"origin": [-18.00873, 29.91962, 3.40334], "size": [2, 3, 1], "pivot": [-17.2474, 21.72517, 3.95334], "rotation": [-180, 0, 90], "uv": [68, 95]}
					]
				},
				{
					"name": "ArmRightUpper",
					"parent": "Torso",
					"pivot": [4.1, 21.45351, 3.72818],
					"cubes": [
						{"origin": [5.45, 21, 1.725], "size": [1, 1, 1], "uv": [68, 105], "mirror": true},
						{"origin": [5.35, 21, 1.725], "size": [1, 1, 1], "uv": [74, 105]},
						{"origin": [5.85, 21, -0.275], "size": [0, 1, 3], "uv": [72, 113]},
						{"origin": [5, 20, 2.725], "size": [11, 3, 3], "inflate": -0.1, "pivot": [18.2474, 21.72517, 3.95334], "rotation": [-90, 0, 0], "uv": [4, 77], "mirror": true},
						{"origin": [4, 19.5, 2.225], "size": [3, 4, 4], "inflate": -0.1, "pivot": [18.2474, 21.72517, 3.95334], "rotation": [-90, 0, 0], "uv": [26, 65], "mirror": true}
					]
				},
				{
					"name": "ArmRightLower",
					"parent": "ArmRightUpper",
					"pivot": [12.06858, 21.34251, 4.13921],
					"cubes": [
						{"origin": [13.125, 23, 3.725], "size": [2, 2, 1], "uv": [46, 102], "mirror": true},
						{"origin": [13.975, 26.225, 4.225], "size": [1, 1, 0], "pivot": [13.175, 25, 4.225], "rotation": [0, 0, -22.5], "uv": [74, 95], "mirror": true},
						{"origin": [12.975, 24.225, 4.225], "size": [2, 2, 0], "pivot": [13.175, 25, 4.225], "rotation": [0, 0, -22.5], "uv": [76, 103], "mirror": true},
						{"origin": [12, 19.55, 2.2], "size": [13, 4, 4], "inflate": -0.1, "pivot": [18.2474, 21.72517, 3.95334], "rotation": [-90, 0, 0], "uv": [28, 22], "mirror": true},
						{"origin": [13, 19, 1.725], "size": [9, 5, 5], "inflate": -0.1, "pivot": [18.2474, 21.72517, 3.95334], "rotation": [-90, 0, 0], "uv": [8, 96], "mirror": true},
						{"origin": [16.125, 23, 3.725], "size": [2, 2, 1], "uv": [76, 125], "mirror": true},
						{"origin": [15.975, 24.275, 4.225], "size": [2, 2, 0], "pivot": [16.275, 25, 4.225], "rotation": [0, 0, -22.5], "uv": [74, 107], "mirror": true},
						{"origin": [16.975, 26.275, 4.225], "size": [1, 2, 0], "pivot": [16.275, 25, 4.225], "rotation": [0, 0, -22.5], "uv": [80, 103], "mirror": true},
						{"origin": [19, 24.225, 4.225], "size": [2, 2, 0], "pivot": [19.125, 24.9, 4.225], "rotation": [0, 0, -22.5], "uv": [70, 107], "mirror": true},
						{"origin": [20, 26.225, 4.225], "size": [1, 1, 0], "pivot": [19.125, 24.9, 4.225], "rotation": [0, 0, -22.5], "uv": [80, 93], "mirror": true},
						{"origin": [19.125, 23, 3.725], "size": [2, 2, 1], "uv": [42, 108], "mirror": true}
					]
				},
				{
					"name": "Finger5",
					"parent": "ArmRightLower",
					"pivot": [24.2, 21.47851, 1.85318],
					"cubes": [
						{"origin": [24.1, 18.625, 2.2], "size": [2, 2, 4], "inflate": -0.1, "pivot": [18.2474, 21.72517, 3.95334], "rotation": [-90, 0, 0], "uv": [55, 77], "mirror": true}
					]
				},
				{
					"name": "Finger6",
					"parent": "Finger5",
					"pivot": [25.9, 21.47851, 1.85318],
					"cubes": [
						{"origin": [25.8, 18.625, 2.2], "size": [2, 2, 4], "inflate": -0.1, "pivot": [18.2474, 21.72517, 3.95334], "rotation": [-90, 0, 0], "uv": [42, 66], "mirror": true}
					]
				},
				{
					"name": "Nail3",
					"parent": "Finger6",
					"pivot": [27.71048, 21.46005, 1.82834],
					"cubes": [
						{"origin": [17.00873, 29.91962, 5.57834], "size": [2, 3, 1], "pivot": [18.2474, 21.72517, 3.95334], "rotation": [-180, 0, -90], "uv": [68, 99], "mirror": true},
						{"origin": [17.01906, 31.97256, 6.07834], "size": [2, 2, 0], "pivot": [18.2474, 21.72517, 3.95334], "rotation": [-180, 0, -90], "uv": [78, 105], "mirror": true},
						{"origin": [18.01906, 33.97256, 6.07834], "size": [1, 1, 0], "pivot": [18.2474, 21.72517, 3.95334], "rotation": [-180, 0, -90], "uv": [76, 102], "mirror": true}
					]
				},
				{
					"name": "Finger1",
					"parent": "ArmRightLower",
					"pivot": [24.2, 21.47851, 6.05318],
					"cubes": [
						{"origin": [24.1, 22.825, 2.2], "size": [2, 2, 4], "inflate": -0.1, "pivot": [18.2474, 21.72517, 3.95334], "rotation": [-90, 0, 0], "uv": [47, 46], "mirror": true}
					]
				},
				{
					"name": "Finger2",
					"parent": "Finger1",
					"pivot": [25.9, 21.47851, 6.05318],
					"cubes": [
						{"origin": [25.8, 22.825, 2.2], "size": [2, 2, 4], "inflate": -0.1, "pivot": [18.2474, 21.72517, 3.95334], "rotation": [-90, 0, 0], "uv": [49, 7], "mirror": true}
					]
				},
				{
					"name": "Nail1",
					"parent": "Finger2",
					"pivot": [27.71048, 21.56005, 6.01167],
					"cubes": [
						{"origin": [17.01906, 31.97256, 1.92834], "size": [2, 2, 0], "pivot": [18.2474, 21.72517, 3.95334], "rotation": [-180, 0, -90], "uv": [78, 113], "mirror": true},
						{"origin": [18.01906, 33.97256, 1.92834], "size": [1, 1, 0], "pivot": [18.2474, 21.72517, 3.95334], "rotation": [-180, 0, -90], "uv": [74, 102], "mirror": true},
						{"origin": [17.00873, 29.91962, 1.32834], "size": [2, 3, 1], "pivot": [18.2474, 21.72517, 3.95334], "rotation": [-180, 0, -90], "uv": [68, 111], "mirror": true}
					]
				},
				{
					"name": "Finger3",
					"parent": "ArmRightLower",
					"pivot": [24.2, 21.47851, 4.00318],
					"cubes": [
						{"origin": [24.1, 20.775, 2.2], "size": [2, 2, 4], "inflate": -0.1, "pivot": [18.2474, 21.72517, 3.95334], "rotation": [-90, 0, 0], "uv": [60, 46], "mirror": true}
					]
				},
				{
					"name": "Finger4",
					"parent": "Finger3",
					"pivot": [25.9, 21.47851, 4.00318],
					"cubes": [
						{"origin": [25.8, 20.775, 2.2], "size": [2, 2, 4], "inflate": -0.1, "pivot": [18.2474, 21.72517, 3.95334], "rotation": [-90, 0, 0], "uv": [30, 106], "mirror": true}
					]
				},
				{
					"name": "Nail2",
					"parent": "Finger4",
					"pivot": [27.71048, 21.46005, 3.98667],
					"cubes": [
						{"origin": [17.00873, 29.91962, 3.40334], "size": [2, 3, 1], "pivot": [18.2474, 21.72517, 3.95334], "rotation": [-180, 0, -90], "uv": [68, 95], "mirror": true},
						{"origin": [18.01906, 33.97256, 3.92834], "size": [1, 1, 0], "pivot": [18.2474, 21.72517, 3.95334], "rotation": [-180, 0, -90], "uv": [74, 93], "mirror": true},
						{"origin": [17.01906, 31.97256, 3.92834], "size": [2, 2, 0], "pivot": [18.2474, 21.72517, 3.95334], "rotation": [-180, 0, -90], "uv": [78, 98], "mirror": true}
					]
				}
			]
		}
	]
}