{
	"format_version": "1.12.0",
	"minecraft:geometry": [
		{
			"description": {
				"identifier": "geometry.dunsparce",
				"texture_width": 64,
				"texture_height": 64,
				"visible_bounds_width": 3,
				"visible_bounds_height": 2.5,
				"visible_bounds_offset": [0, 0.75, 0]
			},
			"bones": [
				{
					"name": "dunsparce",
					"pivot": [0, 0, 0]
				},
				{
					"name": "body",
					"parent": "dunsparce",
					"pivot": [0, 0, 0],
					"cubes": [
						{"origin": [-4, 0, -3], "size": [8, 5, 8], "uv": [0, 15]}
					]
				},
				{
					"name": "left_wing",
					"parent": "body",
					"pivot": [4, 5, -1],
					"rotation": [0, 0, 15],
					"cubes": [
						{"origin": [4, 5, -2], "size": [0, 5, 6], "uv": [38, -6]}
					]
				},
				{
					"name": "right_wing",
					"parent": "body",
					"pivot": [-4, 5, -1],
					"rotation": [0, 0, -15],
					"cubes": [
						{"origin": [-4, 5, -2], "size": [0, 5, 6], "uv": [38, -1]}
					]
				},
				{
					"name": "head",
					"parent": "body",
					"pivot": [0, 3, -3],
					"rotation": [-7.5, 0, 0],
					"cubes": [
						{"origin": [-5, 0, -11], "size": [10, 7, 8], "uv": [0, 0]},
						{"origin": [-3, 0, -13], "size": [0, 2, 2], "uv": [4, 17]},
						{"origin": [3, 0, -13], "size": [0, 2, 2], "uv": [0, 17]}
					]
				},
				{
					"name": "left_eye",
					"parent": "head",
					"pivot": [5, 4, -6.5],
					"cubes": [
						{"origin": [5.025, 1.5, -9.3], "size": [0, 5, 5], "pivot": [5, 4, -6.5], "rotation": [-15, 0, 0], "uv": [33, 19]},
						{"origin": [5.05, 3.6, -9.3], "size": [0, 1, 5], "pivot": [5, 4, -6.5], "rotation": [-15, 0, 0], "uv": [33, 24]},
						{"origin": [5.075, 4.2, -9.3], "size": [0, 1, 5], "pivot": [5, 4, -6.5], "rotation": [-15, 0, 0], "uv": [33, 25]},
						{"origin": [5.075, 2.8, -9.3], "size": [0, 1, 5], "pivot": [5, 4, -6.5], "rotation": [-15, 0, 0], "uv": [33, 25]}
					]
				},
				{
					"name": "right_eye",
					"parent": "head",
					"pivot": [-5, 4, -6.5],
					"cubes": [
						{"origin": [-5.075, 1.5, -9.3], "size": [0, 5, 5], "pivot": [-5, 4, -6.5], "rotation": [-15, 0, 0], "uv": [33, 19]},
						{"origin": [-5.125, 2.8, -9.3], "size": [0, 1, 5], "pivot": [5, 4, -6.5], "rotation": [-15, 0, 0], "uv": [33, 25]},
						{"origin": [-5.125, 4.2, -9.3], "size": [0, 1, 5], "pivot": [5, 4, -6.5], "rotation": [-15, 0, 0], "uv": [33, 25]},
						{"origin": [-5.1, 3.6, -9.3], "size": [0, 1, 5], "pivot": [5, 4, -6.5], "rotation": [-15, 0, 0], "uv": [33, 24]}
					]
				},
				{
					"name": "tail",
					"parent": "body",
					"pivot": [0, 3, 5],
					"rotation": [27.5, 0, 0],
					"cubes": [
						{"origin": [-1, 2, 4.5], "size": [2, 2, 3], "uv": [0, 28]}
					]
				},
				{
					"name": "tail_drill",
					"parent": "tail",
					"pivot": [0, 3, 7],
					"rotation": [17.5, 0, 0],
					"cubes": [
						{"origin": [-2, 1, 7], "size": [4, 4, 3], "uv": [24, 15]},
						{"origin": [-1.5, 1.5, 10], "size": [3, 3, 2], "uv": [28, 0]},
						{"origin": [-1.39289, 2, 11.40711], "size": [2, 2, 2], "pivot": [0, 2, 12], "rotation": [0, 45, 0], "uv": [0, 0]}
					]
				}
			]
		}
	]
}