{
	"format_version": "1.12.0",
	"minecraft:geometry": [
		{
			"description": {
				"identifier": "geometry.unknown",
				"texture_width": 256,
				"texture_height": 256,
				"visible_bounds_width": 16,
				"visible_bounds_height": 5.5,
				"visible_bounds_offset": [0, 2.25, 0]
			},
			"bones": [
				{
					"name": "enamorus",
					"pivot": [0, 0, 0]
				},
				{
					"name": "body",
					"parent": "enamorus",
					"pivot": [0, 27, 0.25],
					"cubes": [
						{"origin": [-3.5, 26, -2.25], "size": [7, 11, 5], "uv": [29, 107]}
					]
				},
				{
					"name": "chest",
					"parent": "body",
					"pivot": [0, 37, 0.25],
					"cubes": [
						{"origin": [-4, 37, -2.75], "size": [8, 8, 6], "uv": [101, 85]}
					]
				},
				{
					"name": "neck",
					"parent": "chest",
					"pivot": [0, 45, 0.25],
					"cubes": [
						{"origin": [-1.5, 45, -1.25], "size": [3, 4, 3], "uv": [0, 70]}
					]
				},
				{
					"name": "head",
					"parent": "neck",
					"pivot": [0, 49.24331, 0.29814],
					"cubes": [
						{"origin": [-3.5, 49, -3.25], "size": [7, 8, 7], "uv": [0, 97]},
						{"origin": [0.25, 49.25, -3.275], "size": [1, 1, 0], "uv": [30, 105]},
						{"origin": [-1.25, 49.25, -3.275], "size": [1, 1, 0], "uv": [30, 105], "mirror": true},
						{"origin": [1.5, 54.95, -4.7], "size": [1, 1, 2], "pivot": [3, 55.45, -4.3], "rotation": [-22.7115, -7.61812, 3.17588], "uv": [61, 45]},
						{"origin": [0.92425, 53.42992, -4.07435], "size": [1, 1, 1], "pivot": [1.92425, 53.42992, -4.67435], "rotation": [-7.4615, -7.61812, 3.17588], "uv": [46, 5]},
						{"origin": [-2.5, 54.95, -4.7], "size": [1, 1, 2], "pivot": [-3, 55.45, -4.3], "rotation": [-22.7115, 7.61812, -3.17588], "uv": [56, 5]},
						{"origin": [-1.92425, 53.42992, -4.07435], "size": [1, 1, 1], "pivot": [-1.92425, 53.42992, -4.67435], "rotation": [-7.4615, 7.61812, -3.17588], "uv": [10, 8]},
						{"origin": [-1.5, 55, 1.25], "size": [3, 3, 3], "uv": [0, 8]},
						{"origin": [0.175, 51.1, -3.6], "size": [1, 4, 3], "pivot": [1, 51.125, -3.1], "rotation": [0, 0, 42.25], "uv": [34, 75]},
						{"origin": [1.85, 50.725, -3.3], "size": [1, 2, 0], "uv": [63, 41]},
						{"origin": [1.35, 50.2, -3.575], "size": [2, 3, 1], "inflate": -0.3, "uv": [96, 45]},
						{"origin": [-3.35, 50.2, -3.575], "size": [2, 3, 1], "inflate": -0.3, "uv": [0, 78]},
						{"origin": [-2.85, 50.725, -3.3], "size": [1, 2, 0], "uv": [63, 38]},
						{"origin": [-1.175, 51.1, -3.6], "size": [1, 4, 3], "pivot": [-1, 51.125, -3.1], "rotation": [0, 0, -42.25], "uv": [0, 28]}
					]
				},
				{
					"name": "littlehairs_right",
					"parent": "head",
					"pivot": [-3, 52, 0.05],
					"rotation": [-9.35724, 29.00695, 22.72877],
					"cubes": [
						{"origin": [-4, 50, 0.05], "size": [1, 2, 0], "uv": [56, 47]}
					]
				},
				{
					"name": "littlehairs_right2",
					"parent": "littlehairs_right",
					"pivot": [-3.5, 50, 0.05],
					"rotation": [28.25, 0, -23.75],
					"cubes": [
						{"origin": [-4, 48, 0.05], "size": [1, 2, 0], "uv": [6, 28]}
					]
				},
				{
					"name": "littlehairs_right3",
					"parent": "littlehairs_right2",
					"pivot": [-3.5, 48, 0.05],
					"rotation": [19.59769, -20.76253, 21.12557],
					"cubes": [
						{"origin": [-4, 47, 0.05], "size": [1, 1, 0], "uv": [10, 3]}
					]
				},
				{
					"name": "littlehairs_left",
					"parent": "head",
					"pivot": [3, 52, 0.05],
					"rotation": [-9.35724, -29.00695, -22.72877],
					"cubes": [
						{"origin": [3, 50, 0.05], "size": [1, 2, 0], "uv": [0, 28]}
					]
				},
				{
					"name": "littlehairs_left2",
					"parent": "littlehairs_left",
					"pivot": [3.5, 50, 0.05],
					"rotation": [28.25, 0, 23.75],
					"cubes": [
						{"origin": [3, 48, 0.05], "size": [1, 2, 0], "uv": [0, 8]}
					]
				},
				{
					"name": "littlehairs_left3",
					"parent": "littlehairs_left2",
					"pivot": [3.5, 48, 0.05],
					"rotation": [19.59769, 20.76253, -21.12557],
					"cubes": [
						{"origin": [3, 47, 0.05], "size": [1, 1, 0], "uv": [0, 3]}
					]
				},
				{
					"name": "hair",
					"parent": "head",
					"pivot": [0, 57, 3.425],
					"rotation": [-14.75, 0, 0]
				},
				{
					"name": "hair_left",
					"parent": "hair",
					"pivot": [1.25, 57, 3.425],
					"cubes": [
						{"origin": [-0.25, 57, 3.425], "size": [9, 13, 0], "pivot": [0, 62, 1.75], "rotation": [0, 5, 0], "uv": [108, 44]}
					]
				},
				{
					"name": "hair_right",
					"parent": "hair",
					"pivot": [-1.25, 57, 3.425],
					"cubes": [
						{"origin": [-8.75, 57, 3.425], "size": [9, 13, 0], "pivot": [0, 62, 1.75], "rotation": [0, -7.5, 0], "uv": [54, 106]}
					]
				},
				{
					"name": "eyelid_left",
					"parent": "head",
					"pivot": [2.45, 52, -2.2],
					"cubes": [
						{"origin": [1.45, 50, -3.2], "size": [2, 4, 2], "inflate": 0.01, "uv": [85, 84]}
					]
				},
				{
					"name": "eyelid_right",
					"parent": "head",
					"pivot": [-2.45, 52, -2.2],
					"cubes": [
						{"origin": [-3.45, 50, -3.2], "size": [2, 4, 2], "inflate": 0.01, "uv": [47, 84]}
					]
				},
				{
					"name": "ear_left",
					"parent": "head",
					"pivot": [3.25, 51, 0.25],
					"rotation": [0, -30, 20],
					"cubes": [
						{"origin": [3.25, 50, 0.25], "size": [3, 6, 0], "uv": [96, 38]}
					]
				},
				{
					"name": "ear_right",
					"parent": "head",
					"pivot": [-3.25, 51, 0.25],
					"rotation": [0, 30, -20],
					"cubes": [
						{"origin": [-6.25, 50, 0.25], "size": [3, 6, 0], "uv": [94, 85]}
					]
				},
				{
					"name": "arm_left",
					"parent": "body",
					"pivot": [3.5, 43.75, 0.25],
					"cubes": [
						{"origin": [3, 42.75, -0.75], "size": [9, 2, 2], "inflate": 0.1, "uv": [101, 100]}
					]
				},
				{
					"name": "arm_left2",
					"parent": "arm_left",
					"pivot": [12, 43.75, 0.25],
					"cubes": [
						{"origin": [11.75, 42.75, -0.75], "size": [3, 2, 2], "inflate": 0.15, "uv": [45, 53]}
					]
				},
				{
					"name": "arm_left3",
					"parent": "arm_left2",
					"pivot": [13.975, 43.75, 0.25],
					"cubes": [
						{"origin": [13.725, 42.75, -0.75], "size": [9, 2, 2], "uv": [34, 70]}
					]
				},
				{
					"name": "hand_left",
					"parent": "arm_left3",
					"pivot": [21.725, 43.75, 0.25],
					"cubes": [
						{"origin": [21.725, 42.5, -0.75], "size": [3, 3, 2], "inflate": 0.01, "uv": [45, 47]}
					]
				},
				{
					"name": "finger_left",
					"parent": "hand_left",
					"pivot": [22.475, 45, 0.25],
					"cubes": [
						{"origin": [22.475, 45, -0.25], "size": [2, 1, 1], "uv": [85, 110]}
					]
				},
				{
					"name": "fingertip_left",
					"parent": "finger_left",
					"pivot": [24.475, 46, 0.25],
					"cubes": [
						{"origin": [24.475, 45, -0.25], "size": [1, 1, 1], "uv": [10, 0]}
					]
				},
				{
					"name": "finger_left2",
					"parent": "hand_left",
					"pivot": [24.475, 45, 1.25],
					"cubes": [
						{"origin": [24.475, 44.5, 0.25], "size": [2, 1, 1], "uv": [73, 110]}
					]
				},
				{
					"name": "fingertip_left2",
					"parent": "finger_left2",
					"pivot": [26.475, 45, 1.25],
					"cubes": [
						{"origin": [26.475, 44.5, 0.25], "size": [2, 1, 1], "inflate": -0.01, "uv": [108, 57]}
					]
				},
				{
					"name": "finger_left3",
					"parent": "hand_left",
					"pivot": [24.725, 44.25, 1.25],
					"cubes": [
						{"origin": [24.725, 43.75, 0.25], "size": [2, 1, 1], "uv": [73, 107]}
					]
				},
				{
					"name": "fingertip_left3",
					"parent": "finger_left3",
					"pivot": [26.725, 44.25, 1.25],
					"cubes": [
						{"origin": [26.725, 43.75, 0.25], "size": [2, 1, 1], "inflate": -0.01, "uv": [36, 102]}
					]
				},
				{
					"name": "finger_left4",
					"parent": "hand_left",
					"pivot": [24.475, 43.5, 1.25],
					"cubes": [
						{"origin": [24.475, 43, 0.25], "size": [2, 1, 1], "uv": [29, 102]}
					]
				},
				{
					"name": "fingertip_left4",
					"parent": "finger_left4",
					"pivot": [26.475, 43.5, 1.25],
					"cubes": [
						{"origin": [26.475, 43, 0.25], "size": [2, 1, 1], "inflate": -0.01, "uv": [102, 20]}
					]
				},
				{
					"name": "finger_left5",
					"parent": "hand_left",
					"pivot": [24.225, 42.75, 1.25],
					"cubes": [
						{"origin": [24.225, 42.25, 0.25], "size": [2, 1, 1], "uv": [102, 17]}
					]
				},
				{
					"name": "fingertip_left5",
					"parent": "finger_left5",
					"pivot": [26.225, 42.75, 1.25],
					"cubes": [
						{"origin": [26.225, 42.25, 0.25], "size": [2, 1, 1], "inflate": -0.01, "uv": [0, 100]}
					]
				},
				{
					"name": "arm_right",
					"parent": "body",
					"pivot": [-3.5, 43.75, 0.25],
					"cubes": [
						{"origin": [-12, 42.75, -0.75], "size": [9, 2, 2], "inflate": 0.1, "uv": [22, 97]}
					]
				},
				{
					"name": "arm_right2",
					"parent": "arm_right",
					"pivot": [-12, 43.75, 0.25],
					"cubes": [
						{"origin": [-14.75, 42.75, -0.75], "size": [3, 2, 2], "inflate": 0.15, "uv": [0, 53]}
					]
				},
				{
					"name": "arm_right3",
					"parent": "arm_right2",
					"pivot": [-13.975, 43.75, 0.25],
					"cubes": [
						{"origin": [-22.725, 42.75, -0.75], "size": [9, 2, 2], "uv": [46, 0]}
					]
				},
				{
					"name": "hand_right",
					"parent": "arm_right3",
					"pivot": [-21.725, 43.75, 0.25],
					"cubes": [
						{"origin": [-24.725, 42.5, -0.75], "size": [3, 3, 2], "inflate": 0.01, "uv": [0, 47]}
					]
				},
				{
					"name": "finger_right",
					"parent": "hand_right",
					"pivot": [-22.475, 45, 0.25],
					"cubes": [
						{"origin": [-24.475, 45, -0.25], "size": [2, 1, 1], "uv": [98, 3]}
					]
				},
				{
					"name": "fingertip_right",
					"parent": "finger_right",
					"pivot": [-24.475, 46, 0.25],
					"cubes": [
						{"origin": [-25.475, 45, -0.25], "size": [1, 1, 1], "uv": [0, 0]}
					]
				},
				{
					"name": "finger_right2",
					"parent": "hand_right",
					"pivot": [-24.475, 45, 1.25],
					"cubes": [
						{"origin": [-26.475, 44.5, 0.25], "size": [2, 1, 1], "uv": [98, 0]}
					]
				},
				{
					"name": "fingertip_right2",
					"parent": "finger_right2",
					"pivot": [-26.475, 45, 1.25],
					"cubes": [
						{"origin": [-28.475, 44.5, 0.25], "size": [2, 1, 1], "inflate": -0.01, "uv": [97, 65]}
					]
				},
				{
					"name": "finger_right3",
					"parent": "hand_right",
					"pivot": [-24.725, 44.25, 1.25],
					"cubes": [
						{"origin": [-26.725, 43.75, 0.25], "size": [2, 1, 1], "uv": [97, 62]}
					]
				},
				{
					"name": "fingertip_right3",
					"parent": "finger_right3",
					"pivot": [-26.725, 44.25, 1.25],
					"cubes": [
						{"origin": [-28.725, 43.75, 0.25], "size": [2, 1, 1], "inflate": -0.01, "uv": [0, 97]}
					]
				},
				{
					"name": "finger_right4",
					"parent": "hand_right",
					"pivot": [-24.475, 43.5, 1.25],
					"cubes": [
						{"origin": [-26.475, 43, 0.25], "size": [2, 1, 1], "uv": [85, 91]}
					]
				},
				{
					"name": "fingertip_right4",
					"parent": "finger_right4",
					"pivot": [-26.475, 43.5, 1.25],
					"cubes": [
						{"origin": [-28.475, 43, 0.25], "size": [2, 1, 1], "inflate": -0.01, "uv": [47, 91]}
					]
				},
				{
					"name": "finger_right5",
					"parent": "hand_right",
					"pivot": [-24.225, 42.75, 1.25],
					"cubes": [
						{"origin": [-26.225, 42.25, 0.25], "size": [2, 1, 1], "uv": [82, 72]}
					]
				},
				{
					"name": "fingertip_right5",
					"parent": "finger_right5",
					"pivot": [-26.225, 42.75, 1.25],
					"cubes": [
						{"origin": [-28.225, 42.25, 0.25], "size": [2, 1, 1], "inflate": -0.01, "uv": [63, 5]}
					]
				},
				{
					"name": "snake",
					"parent": "body",
					"pivot": [0, 44.25, -0.75],
					"cubes": [
						{"origin": [4.50964, 23.47252, -7.18678], "size": [2, 2, 13], "uv": [83, 94]}
					]
				},
				{
					"name": "snake2",
					"parent": "snake",
					"pivot": [5.50964, 24.47252, 5.81322],
					"cubes": [
						{"origin": [4.50964, 23.47252, 5.31322], "size": [2, 2, 6], "inflate": 0.05, "uv": [87, 0]}
					]
				},
				{
					"name": "snake3",
					"parent": "snake2",
					"pivot": [5.50964, 24.47252, 11.31322],
					"cubes": [
						{"origin": [4.50964, 23.47252, 10.81322], "size": [2, 2, 5], "inflate": 0.1, "uv": [46, 5]}
					]
				},
				{
					"name": "snake4",
					"parent": "snake3",
					"pivot": [5.50964, 24.47252, 15.81322],
					"cubes": [
						{"origin": [4.50964, 23.47252, 15.31322], "size": [2, 2, 7], "inflate": 0.15, "uv": [66, 120]}
					]
				},
				{
					"name": "snake5",
					"parent": "snake4",
					"pivot": [5.50964, 24.47252, 22.31322],
					"cubes": [
						{"origin": [4.50964, 23.47252, 21.81322], "size": [2, 2, 7], "inflate": 0.1, "uv": [120, 50]}
					]
				},
				{
					"name": "snake6",
					"parent": "snake5",
					"pivot": [5.50964, 24.47252, 28.81322],
					"cubes": [
						{"origin": [4.50964, 23.47252, 28.31322], "size": [2, 2, 5], "inflate": 0.05, "uv": [0, 0]}
					]
				},
				{
					"name": "snake7",
					"parent": "snake6",
					"pivot": [5.50964, 24.47252, 33.31322],
					"cubes": [
						{"origin": [4.50964, 23.47252, 32.81322], "size": [2, 2, 7], "uv": [119, 100]}
					]
				},
				{
					"name": "snake8",
					"parent": "snake7",
					"pivot": [5.50964, 24.47252, 39.81322],
					"cubes": [
						{"origin": [4.50964, 23.47252, 39.31322], "size": [2, 2, 7], "inflate": 0.05, "uv": [47, 119]}
					]
				},
				{
					"name": "snake9",
					"parent": "snake8",
					"pivot": [5.50964, 24.47252, 46.31322],
					"cubes": [
						{"origin": [4.50964, 23.47252, 45.81322], "size": [2, 2, 7], "inflate": 0.1, "uv": [116, 118]}
					]
				},
				{
					"name": "snake10",
					"parent": "snake9",
					"pivot": [5.50964, 24.47252, 52.81322],
					"cubes": [
						{"origin": [4.50964, 23.47252, 52.31322], "size": [2, 2, 7], "inflate": 0.15, "uv": [118, 0]}
					]
				},
				{
					"name": "snake11",
					"parent": "snake10",
					"pivot": [5.50964, 24.47252, 59.31322],
					"cubes": [
						{"origin": [4.50964, 23.47252, 58.81322], "size": [2, 2, 7], "inflate": 0.15, "uv": [12, 117]}
					]
				},
				{
					"name": "snake12",
					"parent": "snake11",
					"pivot": [5.50964, 24.47252, 65.81322],
					"cubes": [
						{"origin": [4.50964, 23.47252, 65.31322], "size": [2, 2, 7], "inflate": 0.15, "uv": [104, 115]}
					]
				},
				{
					"name": "snake13",
					"parent": "snake12",
					"pivot": [5.50964, 24.47252, 72.31322],
					"cubes": [
						{"origin": [4.50964, 23.47252, 71.81322], "size": [2, 2, 7], "inflate": 0.15, "uv": [113, 27]}
					]
				},
				{
					"name": "snake14",
					"parent": "snake13",
					"pivot": [5.50964, 24.47252, 78.81322],
					"cubes": [
						{"origin": [4.50964, 23.47252, 78.31322], "size": [2, 2, 7], "inflate": 0.1, "uv": [0, 113]}
					]
				},
				{
					"name": "snake15",
					"parent": "snake14",
					"pivot": [5.50964, 24.47252, 85.31322],
					"cubes": [
						{"origin": [4.50964, 23.47252, 84.81322], "size": [2, 2, 7], "inflate": 0.05, "uv": [92, 110]}
					]
				},
				{
					"name": "snake16",
					"parent": "snake15",
					"pivot": [5.50964, 24.47252, 91.81322],
					"cubes": [
						{"origin": [4.50964, 23.47252, 91.31322], "size": [2, 2, 7], "uv": [73, 110]}
					]
				},
				{
					"name": "snake17",
					"parent": "snake16",
					"pivot": [5.50964, 24.47252, 98.31322],
					"cubes": [
						{"origin": [4.50964, 23.47252, 97.81322], "size": [2, 2, 7], "uv": [107, 105]}
					]
				},
				{
					"name": "snake18",
					"parent": "snake17",
					"pivot": [5.50964, 24.47252, 104.81322],
					"cubes": [
						{"origin": [4.50964, 23.47252, 104.31322], "size": [2, 2, 7], "inflate": 0.05, "uv": [102, 17]}
					]
				},
				{
					"name": "snake19",
					"parent": "snake18",
					"pivot": [5.50964, 24.47252, 111.31322],
					"cubes": [
						{"origin": [1.50964, 21.47252, 110.81322], "size": [8, 7, 9], "uv": [61, 0]}
					]
				},
				{
					"name": "cloud",
					"parent": "enamorus",
					"pivot": [-0.70833, 17.08333, 0.33333],
					"cubes": [
						{"origin": [-11, 11, -3], "size": [21, 8, 10], "uv": [0, 28]},
						{"origin": [-8, 16, -9], "size": [15, 12, 15], "uv": [0, 0]},
						{"origin": [-10, 12, -10], "size": [19, 9, 10], "uv": [53, 18]},
						{"origin": [-7, 13, -2], "size": [13, 11, 12], "uv": [57, 38]},
						{"origin": [1, 13, -8], "size": [13, 11, 11], "uv": [95, 62]},
						{"origin": [2, 17, -4], "size": [10, 12, 13], "uv": [0, 71]},
						{"origin": [-13, 17, -4], "size": [16, 10, 12], "uv": [0, 47]},
						{"origin": [-10, 24, -7], "size": [5, 5, 11], "uv": [96, 0]},
						{"origin": [-15, 13, -8], "size": [13, 11, 11], "uv": [47, 84]},
						{"origin": [-6, 9, -7], "size": [12, 8, 13], "uv": [44, 62]}
					]
				},
				{
					"name": "cloud2",
					"parent": "cloud",
					"pivot": [0, 9, 1],
					"cubes": [
						{"origin": [0, 1, 0], "size": [0, 6, 8], "uv": [104, 30]},
						{"origin": [-2, 6, 0], "size": [4, 3, 6], "uv": [82, 62]}
					]
				}
			]
		}
	]
}