{
	"format_version": "1.12.0",
	"minecraft:geometry": [
		{
			"description": {
				"identifier": "geometry.unknown",
				"texture_width": 256,
				"texture_height": 256,
				"visible_bounds_width": 7,
				"visible_bounds_height": 4.5,
				"visible_bounds_offset": [0, 1.75, 0]
			},
			"bones": [
				{
					"name": "entei",
					"pivot": [0, 0, 0]
				},
				{
					"name": "body",
					"parent": "entei",
					"pivot": [0, 0, 0]
				},
				{
					"name": "torso",
					"parent": "body",
					"pivot": [0, 17.25, -4.5],
					"cubes": [
						{"origin": [-6.5, 12.25, -11], "size": [13, 10, 11], "uv": [38, 17]}
					]
				},
				{
					"name": "neck",
					"parent": "torso",
					"pivot": [0, 16.6419, -9.18243],
					"cubes": [
						{"origin": [-4.5, 14.25, -13], "size": [9, 10, 8], "uv": [31, 108]},
						{"origin": [-5.5, 9.25, -12.975], "size": [11, 9, 0], "uv": [0, 154]},
						{"origin": [-4, 23.325, -12.425], "size": [8, 5, 8], "pivot": [0, 26.75, -8], "rotation": [-11.25, 0, 0], "uv": [122, 34]}
					]
				},
				{
					"name": "neck_hair",
					"parent": "neck",
					"pivot": [0, 27.40302, -12.38522],
					"cubes": [
						{"origin": [-4.5, 12.70053, -13.96448], "size": [9, 10, 0], "uv": [164, 163]},
						{"origin": [-4, 22.60619, -14.37734], "size": [8, 5, 0], "pivot": [0, 21.40302, -13.88522], "rotation": [-18.75, 0, 0], "uv": [0, 79]}
					]
				},
				{
					"name": "hair_left",
					"parent": "neck_hair",
					"pivot": [4.40766, 30.03731, -10.20063],
					"cubes": [
						{"origin": [5.72153, 8.61397, -6.36549], "size": [0, 13, 3], "pivot": [5.72153, 19.11397, -2.36549], "rotation": [-5.90692, -30.17342, -3.03589], "uv": [58, 170]},
						{"origin": [5.99449, 22.45625, -18.20801], "size": [0, 8, 5], "pivot": [5.98005, 27.32833, -13.20773], "rotation": [-8.45899, 64.35468, -31.14013], "uv": [124, 168]},
						{"origin": [8.34493, 9.91577, -18.93103], "size": [0, 13, 5], "pivot": [8.37216, 18.65384, -13.93802], "rotation": [-13.66429, 67.87583, -18.7047], "uv": [0, 164]},
						{"origin": [3.77213, 17.2833, -13.775], "size": [4, 5, 8], "pivot": [5.14183, 21.87846, -10.275], "rotation": [-5.11703, -4.04002, -5.65123], "uv": [140, 98]},
						{"origin": [3.77213, 21.47362, -13.775], "size": [4, 9, 8], "pivot": [5.14183, 21.87846, -10.275], "rotation": [-3.66646, -5.39065, -23.15917], "uv": [0, 136]},
						{"origin": [7.77213, 9.2833, -13.775], "size": [0, 8, 8], "pivot": [5.14183, 21.87846, -10.275], "rotation": [-5.11703, -4.04002, -5.65123], "uv": [59, 153]},
						{"origin": [3.40766, 20.53731, -6.20063], "size": [0, 9, 3], "pivot": [3.40766, 25.03731, -2.20063], "rotation": [-4.70285, -39.05707, -20.53682], "uv": [131, 20]}
					]
				},
				{
					"name": "hair_right",
					"parent": "neck_hair",
					"pivot": [-4.40766, 30.03731, -10.20063],
					"cubes": [
						{"origin": [-5.72153, 8.61397, -6.36549], "size": [0, 13, 3], "pivot": [-5.72153, 19.11397, -2.36549], "rotation": [-5.90692, 30.17342, 3.03589], "uv": [28, 167]},
						{"origin": [-5.99449, 22.45625, -18.20801], "size": [0, 8, 5], "pivot": [-5.98005, 27.32833, -13.20773], "rotation": [-8.45899, -64.35468, 31.14013], "uv": [113, 168]},
						{"origin": [-8.34493, 9.91577, -18.93103], "size": [0, 13, 5], "pivot": [-8.37216, 18.65384, -13.93802], "rotation": [-13.66429, -67.87583, 18.7047], "uv": [153, 163]},
						{"origin": [-7.77213, 17.2833, -13.775], "size": [4, 5, 8], "pivot": [-5.14183, 21.87846, -10.275], "rotation": [-5.11703, 4.04002, 5.65123], "uv": [140, 20]},
						{"origin": [-7.77213, 21.47362, -13.775], "size": [4, 9, 8], "pivot": [-5.14183, 21.87846, -10.275], "rotation": [-3.66646, 5.39065, 23.15917], "uv": [56, 135]},
						{"origin": [-7.77213, 9.2833, -13.775], "size": [0, 8, 8], "pivot": [-5.14183, 21.87846, -10.275], "rotation": [-5.11703, 4.04002, 5.65123], "uv": [42, 146]},
						{"origin": [-3.40766, 20.53731, -6.20063], "size": [0, 9, 3], "pivot": [-3.40766, 25.03731, -2.20063], "rotation": [-4.70285, 39.05707, 20.53682], "uv": [66, 108]}
					]
				},
				{
					"name": "head",
					"parent": "neck",
					"pivot": [0.38117, 27.03324, -10.13789],
					"cubes": [
						{"origin": [1.57135, 27.29187, -15.975], "size": [1, 1, 0], "pivot": [0.0026, 28.01062, -16], "rotation": [0, 0, -135], "uv": [191, 10]},
						{"origin": [-0.30365, 25.46687, -15.975], "size": [1, 1, 0], "pivot": [0.0026, 28.01062, -16], "rotation": [0, 0, -135], "uv": [191, 10]},
						{"origin": [-4.5, 27.075, -14], "size": [9, 9, 10], "inflate": 0.01, "uv": [0, 96]},
						{"origin": [-4.5, 36.87558, -12.06718], "size": [9, 0, 5], "pivot": [0, 36.45058, -10.56718], "rotation": [31.25, 0, 0], "uv": [47, 9]},
						{"origin": [5.04789, 27.05, -11.49828], "size": [0, 11, 5], "pivot": [4.87289, 34.55, -10.12328], "rotation": [0, 20, 0], "uv": [102, 167]},
						{"origin": [-5.04789, 27.05, -11.49828], "size": [0, 11, 5], "pivot": [-4.87289, 34.55, -10.12328], "rotation": [0, -20, 0], "uv": [91, 165]},
						{"origin": [-4, 29.325, -16], "size": [8, 4, 2], "uv": [150, 141]},
						{"origin": [-1.5, 36.75761, -14.24523], "size": [3, 3, 0], "pivot": [0, 34.70064, -13.68096], "rotation": [-46.25, 0, 0], "uv": [78, 68]},
						{"origin": [-1.5, 34.24002, -15.59656], "size": [3, 2, 2], "pivot": [0, 34.70064, -13.68096], "rotation": [-76.25, 0, 0], "uv": [0, 7]},
						{"origin": [-1.5, 32.52173, -15.51299], "size": [3, 2, 2], "pivot": [0, 34.70064, -13.68096], "rotation": [-88.75, 0, 0], "uv": [0, 33]},
						{"origin": [-1.5, 31.79267, -16.30993], "size": [3, 4, 2], "pivot": [0, 34.70064, -13.68096], "rotation": [-16.25, 0, 0], "uv": [0, 0]},
						{"origin": [-1.5, 31.25532, -17.32498], "size": [3, 2, 2], "pivot": [0, 34.70064, -13.68096], "rotation": [10, 0, 0], "uv": [0, 28]},
						{"origin": [-0.33528, 36.60644, -17.62995], "size": [3, 3, 0], "pivot": [0, 34.70064, -13.68096], "rotation": [-41.09155, 16.59728, 80.41819], "uv": [32, 82]},
						{"origin": [-0.85877, 35.17432, -16.37093], "size": [4, 3, 2], "pivot": [0, 34.70064, -13.68096], "rotation": [-14.60058, 16.78358, 80.95602], "uv": [127, 77]},
						{"origin": [-2.66472, 36.60644, -17.62995], "size": [3, 3, 0], "pivot": [0, 34.70064, -13.68096], "rotation": [-41.09155, -16.59728, -80.41819], "uv": [32, 82], "mirror": true},
						{"origin": [-3.14123, 35.17432, -16.37093], "size": [4, 3, 2], "pivot": [0, 34.70064, -13.68096], "rotation": [-14.60058, -16.78358, -80.95602], "uv": [127, 77], "mirror": true},
						{"origin": [-0.66234, 31.04395, -16.85706], "size": [1, 2, 1], "pivot": [0.00159, 30.9395, -16.35706], "rotation": [3.25871, 4.43306, -53.62384], "uv": [32, 57]},
						{"origin": [-4.10604, 30.28649, -16.85706], "size": [3, 2, 1], "inflate": 0.01, "pivot": [0.00159, 30.9395, -16.35706], "rotation": [5.20204, 1.78817, -18.91876], "uv": [78, 0]},
						{"origin": [-4.18367, 25.00501, -16.325], "size": [3, 6, 0], "pivot": [-2.68367, 28.00501, -16.325], "rotation": [0, 11.5, -4], "uv": [74, 39]},
						{"origin": [-0.33447, 31.04395, -16.85706], "size": [1, 2, 1], "pivot": [0.00159, 30.9395, -16.35706], "rotation": [3.25871, -4.43306, 53.62384], "uv": [32, 53]},
						{"origin": [1.18367, 25.00501, -16.325], "size": [3, 6, 0], "pivot": [2.68367, 28.00501, -16.325], "rotation": [0, -12, 4], "uv": [35, 0]},
						{"origin": [1.10922, 30.28649, -16.85706], "size": [3, 2, 1], "inflate": 0.01, "pivot": [0.00159, 30.9395, -16.35706], "rotation": [5.20204, -1.78817, 18.91876], "uv": [78, 4]},
						{"origin": [-1.49841, 29.72675, -16.85706], "size": [3, 2, 1], "inflate": 0.02, "pivot": [0.00159, 30.9395, -16.35706], "rotation": [5.5, 0, 0], "uv": [43, 68]},
						{"origin": [2, 27.325, -16], "size": [2, 2, 2], "uv": [0, 59]},
						{"origin": [-4, 27.325, -16], "size": [2, 2, 2], "uv": [43, 63]},
						{"origin": [-10.73341, 21.45, -13.72833], "size": [8, 15, 0], "pivot": [-6.18341, 29.95, -13.05333], "rotation": [0, 40.5, 0], "uv": [197, 61]},
						{"origin": [2.73341, 21.45, -13.72833], "size": [8, 15, 0], "pivot": [6.18341, 29.95, -13.05333], "rotation": [0, -40.5, 0], "uv": [197, 42]}
					]
				},
				{
					"name": "eyelids",
					"parent": "head",
					"pivot": [0, 31.675, -15.95],
					"cubes": [
						{"origin": [1.025, 30.175, -15.95], "size": [3, 3, 0], "uv": [191, 24]},
						{"origin": [-4.025, 30.175, -15.95], "size": [3, 3, 0], "uv": [191, 24], "mirror": true}
					]
				},
				{
					"name": "eye_left",
					"parent": "head",
					"pivot": [2.31875, 32, -16.0625],
					"cubes": [
						{"origin": [1.675, 30.175, -16.025], "size": [2, 3, 0], "uv": [191, 20]},
						{"origin": [2.2, 31.5, -16.05], "size": [1, 1, 0], "uv": [191, 18]},
						{"origin": [1.65, 31.875, -16.075], "size": [1, 1, 0], "uv": [191, 16]},
						{"origin": [1.25, 31.45, -16.1], "size": [1, 1, 0], "uv": [191, 14]}
					]
				},
				{
					"name": "eye_right",
					"parent": "head",
					"pivot": [-2.31875, 32, -16.0625],
					"cubes": [
						{"origin": [-3.675, 30.175, -16.025], "size": [2, 3, 0], "uv": [191, 20], "mirror": true},
						{"origin": [-3.2, 31.5, -16.05], "size": [1, 1, 0], "uv": [191, 18], "mirror": true},
						{"origin": [-2.65, 31.875, -16.075], "size": [1, 1, 0], "uv": [191, 16], "mirror": true},
						{"origin": [-2.25, 31.45, -16.1], "size": [1, 1, 0], "uv": [191, 14], "mirror": true}
					]
				},
				{
					"name": "mouth",
					"parent": "head",
					"pivot": [0, 29.325, -12],
					"cubes": [
						{"origin": [-2, 27.325, -16], "size": [4, 2, 5], "inflate": 0.01, "uv": [189, 1]},
						{"origin": [-2.05, 28.65, -15.95], "size": [1, 1, 0], "pivot": [-1.5, 28.825, -16], "rotation": [0, 0, 45], "uv": [191, 10]},
						{"origin": [-0.175, 30.475, -15.95], "size": [1, 1, 0], "pivot": [-1.5, 28.825, -16], "rotation": [0, 0, 45], "uv": [191, 10]}
					]
				},
				{
					"name": "ass",
					"parent": "torso",
					"pivot": [0, 17.5, 0],
					"cubes": [
						{"origin": [-6, 13, -1], "size": [12, 9, 12], "uv": [37, 41]}
					]
				},
				{
					"name": "smoke",
					"parent": "ass",
					"pivot": [0, 27.5, -0.5],
					"cubes": [
						{"origin": [-4.5, 22, -6], "size": [9, 11, 10], "uv": [43, 86]},
						{"origin": [-5, 21.5, -6.5], "size": [10, 12, 11], "uv": [76, 0]}
					]
				},
				{
					"name": "smoke2",
					"parent": "smoke",
					"pivot": [0, 24, 3.5],
					"cubes": [
						{"origin": [-5, 17, 2], "size": [10, 14, 11], "uv": [0, 53]},
						{"origin": [-5.5, 16.5, 1.5], "size": [11, 15, 12], "uv": [0, 0]}
					]
				},
				{
					"name": "smoke3",
					"parent": "smoke2",
					"pivot": [0, 24, 8],
					"cubes": [
						{"origin": [-6, 18, 8], "size": [12, 12, 10], "uv": [43, 63]},
						{"origin": [-6.5, 17.5, 7.5], "size": [13, 13, 11], "uv": [0, 28]}
					]
				},
				{
					"name": "smoke4",
					"parent": "smoke3",
					"pivot": [0.5, 23.5, 17.5],
					"cubes": [
						{"origin": [-3, 19, 17], "size": [8, 9, 8], "uv": [116, 88]},
						{"origin": [-3.5, 18.5, 16.5], "size": [9, 10, 9], "uv": [81, 95]}
					]
				},
				{
					"name": "smoke5",
					"parent": "smoke4",
					"pivot": [0.5, 25.5, 23],
					"cubes": [
						{"origin": [-2, 22, 23], "size": [5, 7, 6], "uv": [149, 126]},
						{"origin": [-2.5, 21.5, 22.5], "size": [6, 8, 7], "uv": [122, 127]}
					]
				},
				{
					"name": "smoke6",
					"parent": "smoke5",
					"pivot": [0.25, 27.5, 27.5],
					"cubes": [
						{"origin": [-1.25, 25, 27], "size": [3, 5, 5], "uv": [166, 144]},
						{"origin": [-1.75, 24.5, 26.5], "size": [4, 6, 6], "uv": [150, 150]}
					]
				},
				{
					"name": "smoke7",
					"parent": "smoke6",
					"pivot": [0.25, 28.5, 31.5],
					"cubes": [
						{"origin": [-0.75, 27, 31], "size": [2, 4, 4], "uv": [29, 96]},
						{"origin": [-1.25, 26.5, 30.5], "size": [3, 5, 5], "uv": [11, 164]}
					]
				},
				{
					"name": "smoke8",
					"parent": "smoke7",
					"pivot": [0.25, 29.75, 34.5],
					"cubes": [
						{"origin": [-0.25, 28.75, 34.5], "size": [1, 2, 3], "uv": [0, 53]},
						{"origin": [-0.75, 28.25, 34], "size": [2, 3, 4], "uv": [108, 0]}
					]
				},
				{
					"name": "smoke9",
					"parent": "smoke8",
					"pivot": [0.25, 29.75, 38],
					"cubes": [
						{"origin": [0.25, 28.25, 37], "size": [0, 3, 7], "uv": [165, 45]}
					]
				},
				{
					"name": "wing_left",
					"parent": "ass",
					"pivot": [6.6375, 24.00781, 2.68315],
					"rotation": [-10.97515, -0.76415, 0.09155],
					"cubes": [
						{"origin": [-6.43596, 22.05459, -5.43276], "size": [19, 0, 8], "pivot": [6.06404, 22.44531, 2.78315], "rotation": [-1.35542, -1.82161, 125.20834], "uv": [80, 78]},
						{"origin": [-6.43596, 22.098, 2.50285], "size": [19, 0, 9], "pivot": [6.06404, 22.44531, 2.78315], "rotation": [8.64458, -1.82161, 125.20834], "uv": [78, 54]},
						{"origin": [1.075, 22.25, -5.525], "size": [17, 0, 8], "pivot": [7.075, 22.77095, 2.42951], "rotation": [-4.41375, -0.3492, -27.74798], "uv": [72, 87]},
						{"origin": [1.075, 22.25, 2.38402], "size": [17, 0, 9], "pivot": [7.075, 22.77095, 2.42951], "rotation": [5.58625, -0.3492, -27.74798], "uv": [87, 24]}
					]
				},
				{
					"name": "wing_right",
					"parent": "ass",
					"pivot": [-6.6375, 24.00781, 2.68315],
					"rotation": [-9.97515, 0.76415, -0.09155],
					"cubes": [
						{"origin": [-12.78904, 22.65459, -5.35776], "size": [19, 0, 8], "pivot": [-6.28904, 23.04531, 2.85815], "rotation": [-1.35542, 1.82161, -125.20834], "uv": [78, 64]},
						{"origin": [-12.78904, 22.698, 2.57785], "size": [19, 0, 9], "pivot": [-6.28904, 23.04531, 2.85815], "rotation": [8.64458, 1.82161, -125.20834], "uv": [74, 39]},
						{"origin": [-18.075, 22.25, -5.525], "size": [17, 0, 8], "pivot": [-7.075, 22.77095, 2.42951], "rotation": [-4.41375, 0.3492, 27.74798], "uv": [35, 0]},
						{"origin": [-18.075, 22.25, 2.38402], "size": [17, 0, 9], "pivot": [-7.075, 22.77095, 2.42951], "rotation": [5.58625, 0.3492, 27.74798], "uv": [0, 86]}
					]
				},
				{
					"name": "leg_left_back",
					"parent": "body",
					"pivot": [4.25, 19, 9.5],
					"cubes": [
						{"origin": [0.33592, 8.94458, 5.45906], "size": [7, 12, 8], "uv": [119, 0]}
					]
				},
				{
					"name": "leg_left_back2",
					"parent": "leg_left_back",
					"pivot": [3.58592, 8.94458, 7.45906],
					"cubes": [
						{"origin": [0.58592, 1.94458, 6.45906], "size": [6, 8, 6], "uv": [81, 139]},
						{"origin": [-0.41408, 1.94458, 5.35906], "size": [8, 3, 8], "pivot": [3.58592, 3.44458, 9.25906], "rotation": [-5, 0, 0], "uv": [89, 127]}
					]
				},
				{
					"name": "leg_left_back3",
					"parent": "leg_left_back2",
					"pivot": [3.58592, 2.44458, 10.78406],
					"cubes": [
						{"origin": [0.58592, -4.05542, 6.45906], "size": [6, 7, 6], "inflate": 0.01, "uv": [141, 77]},
						{"origin": [0.58592, -2.08042, 6.08406], "size": [6, 3, 0], "pivot": [3.58592, -1.55542, 6.45906], "rotation": [-10.5, 0, 0], "uv": [87, 49]},
						{"origin": [0.58592, -6.00542, 12.15906], "size": [6, 2, 0], "pivot": [3.58592, -1.55542, -3.54094], "rotation": [10.5, 0, 0], "uv": [100, 34]},
						{"origin": [6.53592, -3.05542, 6.45906], "size": [0, 4, 6], "pivot": [6.58592, -0.55542, 9.45906], "rotation": [1.45794, -7.14285, -19.80662], "uv": [173, 96]},
						{"origin": [0.13592, -0.05542, 7.53406], "size": [0, 4, 6], "pivot": [-7.91408, -0.55542, 9.45906], "rotation": [1.45794, 7.14285, 19.80662], "uv": [65, 173]}
					]
				},
				{
					"name": "leg_left_back4",
					"parent": "leg_left_back3",
					"pivot": [3.58592, -2.55542, 10.60906],
					"cubes": [
						{"origin": [3.81092, -5.13042, 5.05906], "size": [3, 3, 7], "pivot": [5.08592, -3.63042, 8.78406], "rotation": [0, -14.25, 0], "uv": [37, 163]},
						{"origin": [0.43592, -5.13042, 4.90906], "size": [3, 3, 7], "pivot": [2.08592, -3.63042, 8.78406], "rotation": [0, 6.5, 0], "uv": [132, 160]},
						{"origin": [1.98592, -5.05542, 4.60906], "size": [3, 3, 7], "pivot": [2.08592, -3.55542, 8.78406], "rotation": [0, -4.5, 0], "uv": [160, 72]}
					]
				},
				{
					"name": "leg_right_back",
					"parent": "body",
					"pivot": [-4.25, 19, 9.5],
					"cubes": [
						{"origin": [-7.33592, 8.94458, 5.45906], "size": [7, 12, 8], "uv": [109, 107]}
					]
				},
				{
					"name": "leg_right_back2",
					"parent": "leg_right_back",
					"pivot": [-3.58592, 8.94458, 7.45906],
					"cubes": [
						{"origin": [-6.58592, 1.94458, 6.45906], "size": [6, 8, 6], "uv": [25, 139]},
						{"origin": [-7.58592, 1.94458, 5.35906], "size": [8, 3, 8], "pivot": [-3.58592, 3.44458, 9.25906], "rotation": [-5, 0, 0], "uv": [31, 127]}
					]
				},
				{
					"name": "leg_right_back3",
					"parent": "leg_right_back2",
					"pivot": [-3.58592, 2.44458, 10.78406],
					"cubes": [
						{"origin": [-6.58592, -4.05542, 6.45906], "size": [6, 7, 6], "inflate": 0.01, "uv": [140, 112]},
						{"origin": [-0.13592, -0.05542, 7.53406], "size": [0, 4, 6], "pivot": [7.91408, -0.55542, 9.45906], "rotation": [1.45794, -7.14285, -19.80662], "uv": [173, 32]},
						{"origin": [-6.58592, -2.08042, 6.08406], "size": [6, 3, 0], "pivot": [-3.58592, -1.55542, 6.45906], "rotation": [-10.5, 0, 0], "uv": [87, 34]},
						{"origin": [-6.53592, -3.05542, 6.45906], "size": [0, 4, 6], "pivot": [-6.58592, -0.55542, 9.45906], "rotation": [1.45794, 7.14285, 19.80662], "uv": [172, 130]},
						{"origin": [-6.58592, -6.00542, 12.15906], "size": [6, 2, 0], "pivot": [-3.58592, -1.55542, -3.54094], "rotation": [10.5, 0, 0], "uv": [88, 73]}
					]
				},
				{
					"name": "leg_right_back4",
					"parent": "leg_right_back3",
					"pivot": [-3.58592, -2.55542, 10.68406],
					"cubes": [
						{"origin": [-6.81092, -5.13042, 5.13406], "size": [3, 3, 7], "pivot": [-5.08592, -3.63042, 8.85906], "rotation": [0, 14.25, 0], "uv": [23, 156]},
						{"origin": [-3.43592, -5.13042, 4.98406], "size": [3, 3, 7], "pivot": [-2.08592, -3.63042, 8.85906], "rotation": [0, -6.5, 0], "uv": [76, 154]},
						{"origin": [-4.98592, -5.05542, 4.68406], "size": [3, 3, 7], "pivot": [-2.08592, -3.55542, 8.85906], "rotation": [0, 4.5, 0], "uv": [151, 41]}
					]
				},
				{
					"name": "leg_left_front",
					"parent": "body",
					"pivot": [4, 14, -7.5],
					"cubes": [
						{"origin": [0.5, 9, -11.5], "size": [7, 12, 8], "uv": [0, 116]}
					]
				},
				{
					"name": "leg_left_front2",
					"parent": "leg_left_front",
					"pivot": [4, 9, -7.5],
					"cubes": [
						{"origin": [1, 4, -10.5], "size": [6, 6, 6], "uv": [131, 143]},
						{"origin": [0, 4, -11.5], "size": [8, 3, 8], "uv": [126, 48]}
					]
				},
				{
					"name": "leg_left_front3",
					"parent": "leg_left_front2",
					"pivot": [4, 4.25, -6.5],
					"cubes": [
						{"origin": [1, 0, -10.5], "size": [6, 5, 6], "inflate": 0.01, "uv": [150, 60]},
						{"origin": [1, -2.95, -4.8], "size": [6, 2, 0], "pivot": [4, 1.5, -20.5], "rotation": [10.5, 0, 0], "uv": [35, 9]},
						{"origin": [6.95, 0, -10.5], "size": [0, 4, 6], "pivot": [7, 2.5, -7.5], "rotation": [1.45794, -7.14285, -19.80662], "uv": [171, 83]},
						{"origin": [1, 0.975, -10.875], "size": [6, 3, 0], "pivot": [4, 1.5, -10.5], "rotation": [-10.5, 0, 0], "uv": [74, 49]},
						{"origin": [0.55, 3, -9.425], "size": [0, 4, 6], "pivot": [-7.5, 2.5, -7.5], "rotation": [1.45794, 7.14285, 19.80662], "uv": [171, 6]}
					]
				},
				{
					"name": "leg_left_front4",
					"parent": "leg_left_front3",
					"pivot": [4, 0.5, -6.35],
					"cubes": [
						{"origin": [4.475, -2.075, -11.9], "size": [3, 3, 7], "pivot": [5.5, -0.575, -8.175], "rotation": [0, -14.25, 0], "uv": [159, 105]},
						{"origin": [0.6, -2.075, -12.05], "size": [3, 3, 7], "pivot": [2.5, -0.575, -8.175], "rotation": [0, 6.5, 0], "uv": [158, 27]},
						{"origin": [2.4, -2, -12.35], "size": [3, 3, 7], "pivot": [2.5, -0.5, -8.175], "rotation": [0, -4.5, 0], "uv": [157, 91]}
					]
				},
				{
					"name": "leg_right_front",
					"parent": "body",
					"pivot": [-4, 14, -7.5],
					"cubes": [
						{"origin": [-7.5, 9, -11.5], "size": [7, 12, 8], "uv": [66, 115]}
					]
				},
				{
					"name": "leg_right_front2",
					"parent": "leg_right_front",
					"pivot": [-4, 9, -7.5],
					"cubes": [
						{"origin": [-7, 4, -10.5], "size": [6, 6, 6], "uv": [106, 143]},
						{"origin": [-8, 4, -11.5], "size": [8, 3, 8], "uv": [125, 65]}
					]
				},
				{
					"name": "leg_right_front3",
					"parent": "leg_right_front2",
					"pivot": [-4, 4.25, -6.5],
					"cubes": [
						{"origin": [-7, -2.95, -4.8], "size": [6, 2, 0], "pivot": [-4, 1.5, -20.5], "rotation": [10.5, 0, 0], "uv": [29, 79]},
						{"origin": [-6.95, 0, -10.5], "size": [0, 4, 6], "pivot": [-7, 2.5, -7.5], "rotation": [1.45794, 7.14285, 19.80662], "uv": [135, 171]},
						{"origin": [-7, 0.975, -10.875], "size": [6, 3, 0], "pivot": [-4, 1.5, -10.5], "rotation": [-10.5, 0, 0], "uv": [76, 24]},
						{"origin": [-0.55, 3, -9.425], "size": [0, 4, 6], "pivot": [7.5, 2.5, -7.5], "rotation": [1.45794, -7.14285, -19.80662], "uv": [172, 17]},
						{"origin": [-7, 0, -10.5], "size": [6, 5, 6], "inflate": 0.01, "uv": [150, 0]}
					]
				},
				{
					"name": "leg_right_front4",
					"parent": "leg_right_front3",
					"pivot": [-4, 0.5, -6.35],
					"cubes": [
						{"origin": [-7.475, -2.075, -11.9], "size": [3, 3, 7], "pivot": [-5.5, -0.575, -8.175], "rotation": [0, 14.25, 0], "uv": [157, 12]},
						{"origin": [-3.6, -2.075, -12.05], "size": [3, 3, 7], "pivot": [-2.5, -0.575, -8.175], "rotation": [0, -6.5, 0], "uv": [118, 156]},
						{"origin": [-5.4, -2, -12.35], "size": [3, 3, 7], "pivot": [-2.5, -0.5, -8.175], "rotation": [0, 4.5, 0], "uv": [97, 156]}
					]
				}
			]
		}
	]
}