{
	"format_version": "1.12.0",
	"minecraft:geometry": [
		{
			"description": {
				"identifier": "geometry.unknown",
				"texture_width": 256,
				"texture_height": 256,
				"visible_bounds_width": 16,
				"visible_bounds_height": 7.5,
				"visible_bounds_offset": [0, 3.25, 0]
			},
			"bones": [
				{
					"name": "giratina_origin",
					"pivot": [0, 0, 0],
					"rotation": [0, -90, 0]
				},
				{
					"name": "main",
					"parent": "giratina_origin",
					"pivot": [5, 1, -5]
				},
				{
					"name": "body",
					"parent": "main",
					"pivot": [5, 1, -5.5]
				},
				{
					"name": "main_seg",
					"parent": "body",
					"pivot": [5, 10, 0],
					"cubes": [
						{"origin": [-10, 1, -14.5], "size": [30, 22, 29], "uv": [0, 0]}
					]
				},
				{
					"name": "spike",
					"parent": "main_seg",
					"pivot": [11, -1, -5.5],
					"cubes": [
						{"origin": [10, 9, -30.5], "size": [5, 5, 17], "uv": [27, 128]},
						{"origin": [9, 7.5, -22.5], "size": [7, 8, 9], "uv": [129, 169]},
						{"origin": [12.5, 9, -37.5], "size": [0, 5, 7], "uv": [67, 96]}
					]
				},
				{
					"name": "spike3",
					"parent": "main_seg",
					"pivot": [-5, 3, -5.5],
					"cubes": [
						{"origin": [-6, 13, -30.5], "size": [5, 5, 17], "uv": [27, 128]},
						{"origin": [-7, 11.5, -22.5], "size": [7, 8, 9], "uv": [129, 169]},
						{"origin": [-3.5, 13, -37.5], "size": [0, 5, 7], "uv": [67, 96]}
					]
				},
				{
					"name": "spike4",
					"parent": "main_seg",
					"pivot": [-5, 3, 5.5],
					"cubes": [
						{"origin": [-6, 13, 13.5], "size": [5, 5, 17], "pivot": [-3.5, 15.5, 22], "rotation": [180, 0, 90], "uv": [27, 128]},
						{"origin": [-7, 11.5, 13.5], "size": [7, 8, 9], "uv": [0, 169]},
						{"origin": [-3.5, 13, 30.5], "size": [0, 5, 7], "uv": [0, 91]}
					]
				},
				{
					"name": "spike2",
					"parent": "main_seg",
					"pivot": [11, -1, 5.5],
					"cubes": [
						{"origin": [10, 9, 13.5], "size": [5, 5, 17], "pivot": [12.5, 11.5, 22], "rotation": [180, 0, 90], "uv": [27, 128]},
						{"origin": [9, 7.5, 13.5], "size": [7, 8, 9], "uv": [0, 169]},
						{"origin": [12.5, 9, 30.5], "size": [0, 5, 7], "uv": [0, 96]}
					]
				},
				{
					"name": "back_seg",
					"parent": "main_seg",
					"pivot": [19, 13.5, 0],
					"cubes": [
						{"origin": [20, 4, -11.5], "size": [30, 19, 23], "uv": [0, 51]}
					]
				},
				{
					"name": "bone2",
					"parent": "back_seg",
					"pivot": [50, 15.5, 0],
					"cubes": [
						{"origin": [50, 8, -7.5], "size": [26, 15, 15], "uv": [0, 93]}
					]
				},
				{
					"name": "bone3",
					"parent": "bone2",
					"pivot": [76, 15.5, 0],
					"cubes": [
						{"origin": [76, 10, -5], "size": [13, 11, 10], "uv": [118, 13]},
						{"origin": [82, 13, -11.5], "size": [0, 5, 7], "uv": [67, 96]},
						{"origin": [82, 13, 4.5], "size": [0, 5, 7], "pivot": [82, 15.5, 8], "rotation": [0, 180, 0], "uv": [67, 96]}
					]
				},
				{
					"name": "end_tail",
					"parent": "bone3",
					"pivot": [89.16667, 15.5, 0],
					"cubes": [
						{"origin": [97, 13, 2.5], "size": [0, 5, 7], "pivot": [97, 15.5, 6], "rotation": [0, 180, 0], "uv": [67, 96]},
						{"origin": [97, 13, -9.5], "size": [0, 5, 7], "uv": [67, 96]},
						{"origin": [76, 12, -3], "size": [37, 7, 6], "uv": [89, 0]}
					]
				},
				{
					"name": "top_seg",
					"parent": "main_seg",
					"pivot": [-10, 14.5, 0],
					"cubes": [
						{"origin": [-40, 6, -11.5], "size": [30, 17, 23], "uv": [83, 70]}
					]
				},
				{
					"name": "spike5",
					"parent": "top_seg",
					"pivot": [-30, 3, -3.5],
					"cubes": [
						{"origin": [-31, 13, -28.5], "size": [5, 5, 17], "uv": [27, 128]},
						{"origin": [-32, 11.5, -20.5], "size": [7, 8, 9], "uv": [129, 169]},
						{"origin": [-28.5, 13, -35.5], "size": [0, 5, 7], "uv": [67, 96]}
					]
				},
				{
					"name": "spike6",
					"parent": "top_seg",
					"pivot": [-30, 3, 3.5],
					"cubes": [
						{"origin": [-31, 13, 11.5], "size": [5, 5, 17], "uv": [0, 123]},
						{"origin": [-32, 11.5, 11.5], "size": [7, 8, 9], "uv": [0, 169]},
						{"origin": [-28.5, 13, 28.5], "size": [0, 5, 7], "uv": [0, 86]}
					]
				},
				{
					"name": "bone",
					"parent": "top_seg",
					"pivot": [-40, 16.5, 0],
					"cubes": [
						{"origin": [-70, 10, -8.5], "size": [35, 13, 17], "uv": [101, 34]}
					]
				},
				{
					"name": "crown",
					"parent": "bone",
					"pivot": [-59, 18, 0]
				},
				{
					"name": "back_crown",
					"parent": "crown",
					"pivot": [-3, 1, -5.5],
					"cubes": [
						{"origin": [-61, 23, -6.5], "size": [3, 3, 5], "uv": [164, 26]},
						{"origin": [-61, 18, -11.5], "size": [3, 11, 5], "pivot": [-59.5, 23.5, -8.5], "rotation": [12.5, 0, 0], "uv": [141, 110]},
						{"origin": [-60.5, 5.03015, -11.67101], "size": [3, 13, 5], "pivot": [-59, 14.03015, -9.17101], "rotation": [22.5, 0, 0], "uv": [205, 44]},
						{"origin": [-59.5, 2.38602, -6.13003], "size": [0, 6, 5], "pivot": [-59.5, 5.38602, -3.63003], "rotation": [65, 0, 0], "uv": [141, 59]},
						{"origin": [-61.5, 15, -11.5], "size": [4, 8, 5], "inflate": 0.01, "pivot": [-59, 19.5, -9], "rotation": [-20, 0, 0], "uv": [147, 208]},
						{"origin": [-59.5, 26, -6.5], "size": [0, 4, 5], "uv": [141, 125]}
					]
				},
				{
					"name": "front_crown",
					"parent": "crown",
					"pivot": [-3, 1, 5.5],
					"cubes": [
						{"origin": [-61, 23, 1.5], "size": [3, 3, 5], "uv": [88, 161]},
						{"origin": [-61, 18, 6.5], "size": [3, 11, 5], "pivot": [-59.5, 23.5, 8.5], "rotation": [-12.5, 0, 0], "uv": [81, 134]},
						{"origin": [-60.5, 5.03015, 6.67101], "size": [3, 13, 5], "pivot": [-59, 14.03015, 9.17101], "rotation": [-22.5, 0, 0], "uv": [131, 204]},
						{"origin": [-59.5, 2.38602, 1.13003], "size": [0, 6, 5], "pivot": [-59.5, 5.38602, 3.63003], "rotation": [-65, 0, 0], "uv": [131, 59]},
						{"origin": [-61.5, 15, 6.5], "size": [4, 8, 5], "inflate": 0.01, "pivot": [-59, 19.5, 9], "rotation": [20, 0, 0], "uv": [0, 208]},
						{"origin": [-59.5, 26, 1.5], "size": [0, 4, 5], "uv": [141, 121]}
					]
				},
				{
					"name": "crown3",
					"parent": "bone",
					"pivot": [-50, 18, 0]
				},
				{
					"name": "back_crown2",
					"parent": "crown3",
					"pivot": [6, 1, -5.5],
					"cubes": [
						{"origin": [-52, 23, -6.5], "size": [3, 3, 5], "uv": [164, 26]},
						{"origin": [-52, 18, -11.5], "size": [3, 11, 5], "pivot": [-50.5, 23.5, -8.5], "rotation": [12.5, 0, 0], "uv": [141, 110]},
						{"origin": [-51.5, 5.03015, -11.67101], "size": [3, 13, 5], "pivot": [-50, 14.03015, -9.17101], "rotation": [22.5, 0, 0], "uv": [205, 44]},
						{"origin": [-50.5, 2.38602, -6.13003], "size": [0, 6, 5], "pivot": [-50.5, 5.38602, -3.63003], "rotation": [65, 0, 0], "uv": [141, 59]},
						{"origin": [-52.5, 15, -11.5], "size": [4, 8, 5], "inflate": 0.01, "pivot": [-50, 19.5, -9], "rotation": [-20, 0, 0], "uv": [147, 208]},
						{"origin": [-50.5, 26, -6.5], "size": [0, 4, 5], "uv": [141, 125]}
					]
				},
				{
					"name": "front_crown3",
					"parent": "crown3",
					"pivot": [6, 1, 5.5],
					"cubes": [
						{"origin": [-52, 23, 1.5], "size": [3, 3, 5], "uv": [88, 161]},
						{"origin": [-52, 18, 6.5], "size": [3, 11, 5], "pivot": [-50.5, 23.5, 8.5], "rotation": [-12.5, 0, 0], "uv": [81, 134]},
						{"origin": [-51.5, 5.03015, 6.67101], "size": [3, 13, 5], "pivot": [-50, 14.03015, 9.17101], "rotation": [-22.5, 0, 0], "uv": [131, 204]},
						{"origin": [-50.5, 2.38602, 1.13003], "size": [0, 6, 5], "pivot": [-50.5, 5.38602, 3.63003], "rotation": [-65, 0, 0], "uv": [131, 59]},
						{"origin": [-52.5, 15, 6.5], "size": [4, 8, 5], "inflate": 0.01, "pivot": [-50, 19.5, 9], "rotation": [20, 0, 0], "uv": [0, 208]},
						{"origin": [-50.5, 26, 1.5], "size": [0, 4, 5], "uv": [141, 121]}
					]
				},
				{
					"name": "crown4",
					"parent": "bone",
					"pivot": [-41, 18, 0]
				},
				{
					"name": "back_crown3",
					"parent": "crown4",
					"pivot": [15, 1, -5.5],
					"cubes": [
						{"origin": [-43, 23, -6.5], "size": [3, 3, 5], "uv": [164, 26]},
						{"origin": [-43, 18, -11.5], "size": [3, 11, 5], "pivot": [-41.5, 23.5, -8.5], "rotation": [12.5, 0, 0], "uv": [141, 110]},
						{"origin": [-42.5, 5.03015, -11.67101], "size": [3, 13, 5], "pivot": [-41, 14.03015, -9.17101], "rotation": [22.5, 0, 0], "uv": [205, 44]},
						{"origin": [-41.5, 2.38602, -6.13003], "size": [0, 6, 5], "pivot": [-41.5, 5.38602, -3.63003], "rotation": [65, 0, 0], "uv": [141, 59]},
						{"origin": [-43.5, 15, -11.5], "size": [4, 8, 5], "inflate": 0.01, "pivot": [-41, 19.5, -9], "rotation": [-20, 0, 0], "uv": [147, 208]},
						{"origin": [-41.5, 26, -6.5], "size": [0, 4, 5], "uv": [141, 125]}
					]
				},
				{
					"name": "front_crown4",
					"parent": "crown4",
					"pivot": [15, 1, 5.5],
					"cubes": [
						{"origin": [-43, 23, 1.5], "size": [3, 3, 5], "uv": [88, 161]},
						{"origin": [-43, 18, 6.5], "size": [3, 11, 5], "pivot": [-41.5, 23.5, 8.5], "rotation": [-12.5, 0, 0], "uv": [81, 134]},
						{"origin": [-42.5, 5.03015, 6.67101], "size": [3, 13, 5], "pivot": [-41, 14.03015, 9.17101], "rotation": [-22.5, 0, 0], "uv": [131, 204]},
						{"origin": [-41.5, 2.38602, 1.13003], "size": [0, 6, 5], "pivot": [-41.5, 5.38602, 3.63003], "rotation": [-65, 0, 0], "uv": [131, 59]},
						{"origin": [-43.5, 15, 6.5], "size": [4, 8, 5], "inflate": 0.01, "pivot": [-41, 19.5, 9], "rotation": [20, 0, 0], "uv": [0, 208]},
						{"origin": [-41.5, 26, 1.5], "size": [0, 4, 5], "uv": [141, 121]}
					]
				},
				{
					"name": "top_right_wing2",
					"parent": "bone",
					"pivot": [-59.5, 28.5, 9.5],
					"cubes": [
						{"origin": [-61.5, 28, 8], "size": [4, 16, 4], "uv": [22, 197]}
					]
				},
				{
					"name": "bone7",
					"parent": "top_right_wing2",
					"pivot": [-59.5, 44, 10],
					"cubes": [
						{"origin": [-62, 44, 7], "size": [5, 16, 6], "uv": [189, 88]}
					]
				},
				{
					"name": "bone8",
					"parent": "bone7",
					"pivot": [-60, 60, 10],
					"cubes": [
						{"origin": [-63.5, 60, 6], "size": [8, 16, 8], "uv": [164, 110]}
					]
				},
				{
					"name": "bone9",
					"parent": "bone8",
					"pivot": [-59.5, 76, 10],
					"cubes": [
						{"origin": [-62.5, 76, 6.5], "size": [6, 11, 7], "uv": [188, 26]}
					]
				},
				{
					"name": "spike8",
					"parent": "bone9",
					"pivot": [-59.5, 55.5, 12.5],
					"cubes": [
						{"origin": [-61, 87, 8], "size": [3, 4, 4], "uv": [204, 153]},
						{"origin": [-59.5, 91, 8], "size": [0, 4, 4], "uv": [102, 130]}
					]
				},
				{
					"name": "top_left_wing",
					"parent": "bone",
					"pivot": [-59.5, 28.5, -10.5],
					"cubes": [
						{"origin": [-61.5, 28, -12], "size": [4, 16, 4], "uv": [38, 197]}
					]
				},
				{
					"name": "bone4",
					"parent": "top_left_wing",
					"pivot": [-59.5, 44, -10],
					"cubes": [
						{"origin": [-62, 44, -13], "size": [5, 16, 6], "uv": [77, 195]}
					]
				},
				{
					"name": "bone5",
					"parent": "bone4",
					"pivot": [-60, 60, -10],
					"cubes": [
						{"origin": [-63.5, 60, -14], "size": [8, 16, 8], "uv": [166, 64]}
					]
				},
				{
					"name": "bone6",
					"parent": "bone5",
					"pivot": [-59.5, 76, -10],
					"cubes": [
						{"origin": [-62.5, 76, -13.5], "size": [6, 11, 7], "uv": [167, 194]}
					]
				},
				{
					"name": "spike7",
					"parent": "bone6",
					"pivot": [-59.5, 55.5, -7.5],
					"cubes": [
						{"origin": [-61, 87, -12], "size": [3, 4, 4], "uv": [205, 82]},
						{"origin": [-59.5, 91, -12], "size": [0, 4, 4], "uv": [132, 110]},
						{"origin": [-59.5, 91, -12], "size": [0, 4, 4], "uv": [132, 110]}
					]
				},
				{
					"name": "top_left_wing2",
					"parent": "bone",
					"pivot": [-50.5, 28.5, -10.5],
					"cubes": [
						{"origin": [-52.5, 28, -12], "size": [4, 16, 4], "uv": [38, 197]}
					]
				},
				{
					"name": "bone10",
					"parent": "top_left_wing2",
					"pivot": [-50.5, 44, -10],
					"cubes": [
						{"origin": [-53, 44, -13], "size": [5, 16, 6], "uv": [77, 195]}
					]
				},
				{
					"name": "bone11",
					"parent": "bone10",
					"pivot": [-51, 60, -10],
					"cubes": [
						{"origin": [-54.5, 60, -14], "size": [8, 16, 8], "uv": [166, 64]}
					]
				},
				{
					"name": "bone12",
					"parent": "bone11",
					"pivot": [-50.5, 76, -10],
					"cubes": [
						{"origin": [-53.5, 76, -13.5], "size": [6, 11, 7], "uv": [167, 194]}
					]
				},
				{
					"name": "spike9",
					"parent": "bone12",
					"pivot": [-50.5, 55.5, -7.5],
					"cubes": [
						{"origin": [-52, 87, -12], "size": [3, 4, 4], "uv": [205, 82]},
						{"origin": [-50.5, 91, -12], "size": [0, 4, 4], "uv": [110, 110]}
					]
				},
				{
					"name": "top_right_wing3",
					"parent": "bone",
					"pivot": [-50.5, 28.5, 9.5],
					"cubes": [
						{"origin": [-52.5, 28, 8], "size": [4, 16, 4], "uv": [22, 197]}
					]
				},
				{
					"name": "bone16",
					"parent": "top_right_wing3",
					"pivot": [-50.5, 44, 10],
					"cubes": [
						{"origin": [-53, 44, 7], "size": [5, 16, 6], "uv": [189, 88]}
					]
				},
				{
					"name": "bone17",
					"parent": "bone16",
					"pivot": [-51, 60, 10],
					"cubes": [
						{"origin": [-54.5, 60, 6], "size": [8, 16, 8], "uv": [164, 110]}
					]
				},
				{
					"name": "bone18",
					"parent": "bone17",
					"pivot": [-50.5, 76, 10],
					"cubes": [
						{"origin": [-53.5, 76, 6.5], "size": [6, 11, 7], "uv": [188, 26]}
					]
				},
				{
					"name": "spike11",
					"parent": "bone18",
					"pivot": [-50.5, 55.5, 12.5],
					"cubes": [
						{"origin": [-52, 87, 8], "size": [3, 4, 4], "uv": [205, 82]},
						{"origin": [-50.5, 91, 8], "size": [0, 4, 4], "uv": [0, 18]}
					]
				},
				{
					"name": "top_right_wing4",
					"parent": "bone",
					"pivot": [-41.5, 28.5, 9.5],
					"cubes": [
						{"origin": [-43.5, 28, 8], "size": [4, 16, 4], "uv": [22, 197]}
					]
				},
				{
					"name": "bone19",
					"parent": "top_right_wing4",
					"pivot": [-41.5, 44, 10],
					"cubes": [
						{"origin": [-44, 44, 7], "size": [5, 16, 6], "uv": [189, 88]}
					]
				},
				{
					"name": "bone20",
					"parent": "bone19",
					"pivot": [-42, 60, 10],
					"cubes": [
						{"origin": [-45.5, 60, 6], "size": [8, 16, 8], "uv": [164, 110]}
					]
				},
				{
					"name": "bone21",
					"parent": "bone20",
					"pivot": [-41.5, 76, 10],
					"cubes": [
						{"origin": [-44.5, 76, 6.5], "size": [6, 11, 7], "uv": [188, 26]}
					]
				},
				{
					"name": "spike12",
					"parent": "bone21",
					"pivot": [-41.5, 55.5, 12.5],
					"cubes": [
						{"origin": [-43, 87, 8], "size": [3, 4, 4], "uv": [205, 82]},
						{"origin": [-41.5, 91, 8], "size": [0, 4, 4], "uv": [0, 14]}
					]
				},
				{
					"name": "top_left_wing3",
					"parent": "bone",
					"pivot": [-41.5, 28.5, -10.5],
					"cubes": [
						{"origin": [-43.5, 28, -12], "size": [4, 16, 4], "uv": [38, 197]}
					]
				},
				{
					"name": "bone13",
					"parent": "top_left_wing3",
					"pivot": [-41.5, 44, -10],
					"cubes": [
						{"origin": [-44, 44, -13], "size": [5, 16, 6], "uv": [77, 195]}
					]
				},
				{
					"name": "bone14",
					"parent": "bone13",
					"pivot": [-42, 60, -10],
					"cubes": [
						{"origin": [-45.5, 60, -14], "size": [8, 16, 8], "uv": [166, 64]}
					]
				},
				{
					"name": "bone15",
					"parent": "bone14",
					"pivot": [-41.5, 76, -10],
					"cubes": [
						{"origin": [-44.5, 76, -13.5], "size": [6, 11, 7], "uv": [167, 194]}
					]
				},
				{
					"name": "spike10",
					"parent": "bone15",
					"pivot": [-41.5, 55.5, -7.5],
					"cubes": [
						{"origin": [-43, 87, -12], "size": [3, 4, 4], "uv": [205, 82]},
						{"origin": [-41.5, 91, -12], "size": [0, 4, 4], "uv": [110, 106]}
					]
				},
				{
					"name": "crown2",
					"parent": "bone",
					"pivot": [-50, 18, 0]
				},
				{
					"name": "front_crown2",
					"parent": "crown2",
					"pivot": [6, 1, 5.5],
					"cubes": [
						{"origin": [-52, 23, 1.5], "size": [3, 3, 5], "uv": [154, 13]},
						{"origin": [-52, 18, 6.5], "size": [3, 11, 5], "pivot": [-50.5, 23.5, 8.5], "rotation": [-12.5, 0, 0], "uv": [27, 123]},
						{"origin": [-51.5, 5.03015, 6.67101], "size": [3, 13, 5], "pivot": [-50, 14.03015, 9.17101], "rotation": [-22.5, 0, 0], "uv": [193, 201]},
						{"origin": [-50.5, 2.38602, 1.13003], "size": [0, 6, 5], "pivot": [-50.5, 5.38602, 3.63003], "rotation": [-65, 0, 0], "uv": [54, 118]},
						{"origin": [-52.5, 15, 6.5], "size": [4, 8, 5], "inflate": 0.01, "pivot": [-50, 19.5, 9], "rotation": [20, 0, 0], "uv": [207, 20]},
						{"origin": [-50.5, 26, 1.5], "size": [0, 4, 5], "uv": [92, 129]}
					]
				},
				{
					"name": "neck",
					"parent": "bone",
					"pivot": [-70, 18, 0],
					"cubes": [
						{"origin": [-72, 13, -6.5], "size": [9, 10, 13], "uv": [110, 121]}
					]
				},
				{
					"name": "head",
					"parent": "neck",
					"pivot": [-72, 18, 0],
					"cubes": [
						{"origin": [-86, 13, -6.5], "size": [14, 11, 13], "uv": [69, 110]},
						{"origin": [-86.5, 19.5, -1.25], "size": [0, 7, 3], "pivot": [-86.5, 23, 0.5], "rotation": [0, 0, 12.5], "uv": [216, 7]},
						{"origin": [-83, 24, 6.5], "size": [11, 6, 0], "pivot": [-83, 24.5, 6.5], "rotation": [0, 15, 0], "uv": [99, 64]},
						{"origin": [-90, 24, 6.5], "size": [7, 4, 0], "pivot": [-83, 24.5, 6.5], "rotation": [0, -55, 0], "uv": [146, 149]},
						{"origin": [-90, 24, -6.5], "size": [7, 4, 0], "pivot": [-83, 24.5, -6.5], "rotation": [0, 55, 0], "uv": [146, 149]},
						{"origin": [-83, 24, -6.5], "size": [11, 6, 0], "pivot": [-83, 24.5, -6.5], "rotation": [0, -15, 0], "uv": [99, 64]},
						{"origin": [-89.07022, 14, -8.47803], "size": [12, 4, 9], "pivot": [-87.76868, 16, -5.68813], "rotation": [-4.50432, 19.50645, -13.27463], "uv": [164, 13]},
						{"origin": [-89.07022, 14, -0.52197], "size": [12, 4, 9], "pivot": [-87.76868, 16, 5.68813], "rotation": [4.50432, -19.50645, -13.27463], "uv": [164, 13]},
						{"origin": [-79.73925, 17.5, -11.46166], "size": [12, 3, 9], "pivot": [-76.43206, 16, -7.45036], "rotation": [3.28396, -12.06754, -15.34721], "uv": [96, 166]},
						{"origin": [-68.94227, 21.18342, -9.77709], "size": [7, 0, 8], "pivot": [-68.68949, 22.05351, -7.08036], "rotation": [3.2114, 0.41254, -14.63678], "uv": [0, 18]},
						{"origin": [-68.94227, 21.18342, 1.77709], "size": [7, 0, 8], "pivot": [-68.68949, 22.05351, 7.08036], "rotation": [-3.2114, -0.41254, -14.63678], "uv": [0, 18]},
						{"origin": [-79.73925, 17.5, 2.46166], "size": [12, 3, 9], "pivot": [-76.43206, 16, 7.45036], "rotation": [-3.28396, 12.06754, -15.34721], "uv": [96, 166]},
						{"origin": [-91.89711, 14.5, -0.36122], "size": [7, 3, 8], "pivot": [-90.14711, 16, 1.38878], "rotation": [0, 17.5, 0], "uv": [110, 110]},
						{"origin": [-91.89711, 14.5, -7.63878], "size": [7, 3, 8], "pivot": [-90.14711, 16, -1.38878], "rotation": [0, -17.5, 0], "uv": [110, 110]},
						{"origin": [-94.89711, 15.5, -3.88878], "size": [5, 0, 8], "uv": [81, 13]}
					]
				}
			]
		}
	]
}