{
	"format_version": "1.12.0",
	"minecraft:geometry": [
		{
			"description": {
				"identifier": "geometry.torterra",
				"texture_width": 256,
				"texture_height": 256,
				"visible_bounds_width": 7,
				"visible_bounds_height": 5.5,
				"visible_bounds_offset": [0, 2.25, 0]
			},
			"bones": [
				{
					"name": "torterra",
					"pivot": [0, 0, 0]
				},
				{
					"name": "body",
					"parent": "torterra",
					"pivot": [0, 14, 0]
				},
				{
					"name": "torso",
					"parent": "body",
					"pivot": [0, 13, 0],
					"cubes": [
						{"origin": [-12, 6.5, -16], "size": [24, 12, 31], "uv": [0, 80]},
						{"origin": [-14, 15, -15], "size": [28, 4, 33], "uv": [0, 43]},
						{"origin": [-14.40192, 16, 3], "size": [1, 4, 3], "pivot": [-15, 18.5, 2], "rotation": [0, 0, 30], "uv": [30, 73]},
						{"origin": [-16.00941, 14.20513, 3], "size": [1, 2, 3], "inflate": -0.1, "pivot": [-15, 18.5, 2], "rotation": [0, 0, -6.41529], "uv": [30, 73]},
						{"origin": [-16.16349, 13.49411, -2], "size": [1, 3, 4], "inflate": -0.1, "pivot": [-15, 18.5, 0], "rotation": [0, 0, -7.41529], "uv": [29, 72]},
						{"origin": [-14.54254, 16.22073, -2], "size": [1, 4, 4], "pivot": [-15, 18.5, 0], "rotation": [0, 0, 35], "uv": [29, 72]},
						{"origin": [-16.00941, 14.20513, -6], "size": [1, 2, 3], "inflate": -0.1, "pivot": [-15, 18.5, -2], "rotation": [0, 0, -6.41529], "uv": [30, 73]},
						{"origin": [-14.40192, 16, -6], "size": [1, 4, 3], "pivot": [-15, 18.5, -2], "rotation": [0, 0, 30], "uv": [30, 73]},
						{"origin": [15.59808, 16, -2], "size": [1, 4, 3], "pivot": [15, 18.5, 2], "rotation": [-180, 0, 150], "uv": [30, 73]},
						{"origin": [13.99059, 14.20513, -2], "size": [1, 2, 3], "inflate": -0.1, "pivot": [15, 18.5, 2], "rotation": [180, 0, -173.58471], "uv": [30, 73]},
						{"origin": [13.83651, 13.49411, -2], "size": [1, 3, 4], "inflate": -0.1, "pivot": [15, 18.5, 0], "rotation": [-180, 0, -172.58471], "uv": [29, 72]},
						{"origin": [15.45746, 16.22073, -2], "size": [1, 4, 4], "pivot": [15, 18.5, 0], "rotation": [-180, 0, 145], "uv": [29, 72]},
						{"origin": [15.59808, 16, -1], "size": [1, 4, 3], "pivot": [15, 18.5, -2], "rotation": [-180, 0, 150], "uv": [30, 73]},
						{"origin": [13.99059, 14.20513, -1], "size": [1, 2, 3], "inflate": -0.1, "pivot": [15, 18.5, -2], "rotation": [180, 0, -173.58471], "uv": [136, 246]},
						{"origin": [-14, 15, -23], "size": [28, 4, 8], "inflate": 0.001, "pivot": [0, 15, -15], "rotation": [-20, 0, 0], "uv": [88, 0]},
						{"origin": [-13, 19, -19.5], "size": [26, 7, 36], "inflate": 0.001, "uv": [0, 0]},
						{"origin": [-1.7, 26.1, -19.4], "size": [8, 0, 7], "inflate": 0.001, "pivot": [0, 5, -6.5], "rotation": [0, -22.5, 0], "uv": [219, 116]},
						{"origin": [8, 26.6, -9], "size": [4, -1, 4], "inflate": 0.5, "pivot": [10, 26, -7], "rotation": [0, -25, 0], "uv": [80, 222]},
						{"origin": [2.2, 26.6, -0.9], "size": [4, -1, 4], "inflate": 0.5, "pivot": [10, 26, -7], "rotation": [0, -17.5, 0], "uv": [80, 222]},
						{"origin": [1.8, 26.6, 3.5], "size": [4, -1, 4], "inflate": 0.5, "pivot": [10, 26, -7], "rotation": [0, 22.5, 0], "uv": [80, 222]}
					]
				},
				{
					"name": "tree",
					"parent": "torso",
					"pivot": [5, 25.25, 5.5],
					"rotation": [-12.5, 0, 12.5]
				},
				{
					"name": "leaves2",
					"parent": "tree",
					"pivot": [7, 41.59442, 4.57923],
					"rotation": [9.91615, 1.29876, -7.38733],
					"cubes": [
						{"origin": [-8.5, 37.00966, -16.94474], "size": [6, 9, 31], "inflate": 0.001, "uv": [49, 136]},
						{"origin": [-2.5, 37.00966, -16.94474], "size": [7, 9, 5], "inflate": 0.001, "uv": [0, 96]},
						{"origin": [-2.5, 37.00966, -11.94474], "size": [7, 2, 26], "inflate": 0.001, "uv": [138, 141]},
						{"origin": [-2.5, 39.00966, -11.94474], "size": [18, 14, 26], "inflate": 0.001, "uv": [96, 54]}
					]
				},
				{
					"name": "outerleaves2",
					"parent": "leaves2",
					"pivot": [-2.5, 13.00966, -7.44474],
					"cubes": [
						{"origin": [-8, 37.50966, -16.44474], "size": [12, 8, 30], "inflate": 0.002, "uv": [94, 13]},
						{"origin": [-2, 39.50966, -11.44474], "size": [17, 13, 25], "inflate": 0.001, "uv": [85, 98]}
					]
				},
				{
					"name": "stump_1",
					"parent": "tree",
					"pivot": [2, 23.05, -1.5],
					"cubes": [
						{"origin": [1, 23.2, -2], "size": [2, 3, 2], "pivot": [2, 23.8, -1], "rotation": [-7.20462, -12.3071, 10.23772], "uv": [108, 225]},
						{"origin": [1.6, 25.7, -1.9], "size": [2, 7, 2], "inflate": -0.1, "pivot": [2, 26.8, -1], "rotation": [7.25285, -12.19908, 12.79362], "uv": [83, 241]},
						{"origin": [2.7, 31.2, -2.7], "size": [2, 10, 2], "inflate": -0.2, "pivot": [2, 32.8, -1], "rotation": [-6.39307, -12.45167, -5.12076], "uv": [101, 241]}
					]
				},
				{
					"name": "stump_2",
					"parent": "tree",
					"pivot": [8.8, 27.95, 5.9],
					"cubes": [
						{"origin": [7.8, 26.7, 5.4], "size": [2, 3, 2], "pivot": [8.8, 26.7, 6.4], "rotation": [0, 22.5, 0], "uv": [108, 225]},
						{"origin": [7.8, 28.7, 5.4], "size": [2, 7, 2], "inflate": -0.1, "pivot": [8.8, 29.7, 6.4], "rotation": [10, 25, 0], "uv": [83, 241]},
						{"origin": [7.7, 35, 4.3], "size": [2, 10, 2], "inflate": -0.2, "pivot": [8.8, 35.7, 6.4], "rotation": [4.63723, 24.10033, -13.50355], "uv": [101, 241]}
					]
				},
				{
					"name": "stump_3",
					"parent": "tree",
					"pivot": [9.8, 24.15, -6.7],
					"cubes": [
						{"origin": [8.8, 23.9, -8.2], "size": [2, 3, 2], "pivot": [9.8, 23.9, -7.2], "rotation": [0, -25, 0], "uv": [108, 225]},
						{"origin": [8.8, 25.9, -8.2], "size": [2, 7, 2], "inflate": -0.1, "pivot": [9.8, 26.9, -7.2], "rotation": [-1.46888, -25.42397, -8.27778], "uv": [83, 241]},
						{"origin": [8.1, 32.3, -7.6], "size": [2, 10, 2], "inflate": -0.2, "pivot": [9.8, 32.9, -7.2], "rotation": [-17.45186, -24.15009, -0.20677], "uv": [101, 241]}
					]
				},
				{
					"name": "spike3",
					"parent": "torso",
					"pivot": [-6.5, 26.5, -10],
					"rotation": [0, 0, -27.5],
					"cubes": [
						{"origin": [-12.12132, 24, -9.37868], "size": [5, 7, 5], "inflate": 0.001, "pivot": [-6.5, 26, -10], "rotation": [0, -55, 0], "uv": [141, 136]},
						{"origin": [-11.12132, 31, -8.37868], "size": [3, 4, 3], "inflate": 0.001, "pivot": [-6.5, 26, -10], "rotation": [0, -55, 0], "uv": [178, 0]}
					]
				},
				{
					"name": "spike2",
					"parent": "torso",
					"pivot": [-6.5, 26.5, -1],
					"rotation": [0, 0, -22.5],
					"cubes": [
						{"origin": [-12.12132, 24, -2.37868], "size": [7, 9, 7], "inflate": 0.001, "pivot": [-6.5, 26, -1], "rotation": [0, -45, 0], "uv": [0, 80]},
						{"origin": [-11.12132, 33, -1.37868], "size": [5, 6, 5], "inflate": 0.001, "pivot": [-6.5, 26, -1], "rotation": [0, -45, 0], "uv": [141, 148]}
					]
				},
				{
					"name": "spike",
					"parent": "torso",
					"pivot": [-6.5, 26.5, 8],
					"rotation": [0, 0, -27.5],
					"cubes": [
						{"origin": [-12.12132, 24, 8.62132], "size": [5, 7, 5], "inflate": 0.001, "pivot": [-6.5, 26, 8], "rotation": [0, -35, 0], "uv": [148, 30]},
						{"origin": [-11.12132, 31, 9.62132], "size": [3, 4, 3], "inflate": 0.001, "pivot": [-6.5, 26, 8], "rotation": [0, -35, 0], "uv": [56, 183]}
					]
				},
				{
					"name": "head",
					"parent": "torso",
					"pivot": [0, 12.5, -16],
					"cubes": [
						{"origin": [-4.5, 8, -22.5], "size": [9, 3, 7], "inflate": 0.001, "uv": [0, 24]},
						{"origin": [4.501, 10, -27.5], "size": [0, 1, 5], "uv": [0, 11]},
						{"origin": [-4.501, 10, -27.5], "size": [0, 1, 5], "uv": [0, 12]},
						{"origin": [-4.499, 10, -27.5], "size": [9, 1, 0], "uv": [0, 15]},
						{"origin": [-4.5, 11, -27.5], "size": [9, 6, 12], "inflate": 0.001, "uv": [178, 0]},
						{"origin": [-4.5, 11, -27.5], "size": [9, 9, 0], "inflate": 0.005, "uv": [230, 8]},
						{"origin": [5, 11, -34], "size": [6, 9, 0], "inflate": 0.005, "pivot": [11, 16, -27.5], "rotation": [0, 90, 0], "uv": [230, 25]},
						{"origin": [5, 11, -43.01], "size": [6, 9, 0], "inflate": 0.005, "pivot": [11, 16, -27.5], "rotation": [0, 90, 0], "uv": [230, 25]},
						{"origin": [-16.5, 13, -21.75], "size": [4, 0, 3], "pivot": [-13, 13, -19.5], "rotation": [90, 0, 0], "uv": [15, 15]},
						{"origin": [-12.5, 12, -22.25], "size": [4, 2, 4], "pivot": [-8, 13, -19.5], "rotation": [90, 0, 0], "uv": [0, 142]},
						{"origin": [-8.5, 11, -22.75], "size": [4, 4, 5], "pivot": [-5, 13, -19.5], "rotation": [90, 0, 0], "uv": [0, 158]},
						{"origin": [35.5, 11, -22.75], "size": [4, 4, 5], "pivot": [22, 13, -19.5], "rotation": [-90, 0, 180], "uv": [0, 158]},
						{"origin": [31.5, 12, -22.25], "size": [4, 2, 4], "pivot": [22, 13, -19.5], "rotation": [-90, 0, 180], "uv": [0, 142]},
						{"origin": [27.5, 13, -21.75], "size": [4, 0, 3], "pivot": [22, 13, -19.5], "rotation": [-90, 0, 180], "uv": [15, 15]}
					]
				},
				{
					"name": "eye_left",
					"parent": "head",
					"pivot": [4.01, 13, -24.5],
					"cubes": [
						{"origin": [3.51, 11, -27], "size": [1, 3, 5], "uv": [111, 12]}
					]
				},
				{
					"name": "eyelid_left",
					"parent": "eye_left",
					"pivot": [3.91, 13, -24.5],
					"cubes": [
						{"origin": [3.41, 11, -27], "size": [1, 3, 5], "inflate": 0.01, "uv": [98, 94]}
					]
				},
				{
					"name": "eye_right",
					"parent": "head",
					"pivot": [-4.01, 13, -24.5],
					"cubes": [
						{"origin": [-4.51, 11, -27], "size": [1, 3, 5], "uv": [88, 12]}
					]
				},
				{
					"name": "eyelid_right",
					"parent": "eye_right",
					"pivot": [-3.91, 13, -24.5],
					"cubes": [
						{"origin": [-4.41, 11, -27], "size": [1, 3, 5], "inflate": 0.01, "uv": [19, 43]}
					]
				},
				{
					"name": "jaw",
					"parent": "head",
					"pivot": [0, 11, -22],
					"cubes": [
						{"origin": [-4.5, 10, -27.5], "size": [0, 1, 5], "uv": [0, 29]},
						{"origin": [4.5, 10, -27.5], "size": [0, 1, 5], "uv": [25, 25]},
						{"origin": [-4.5, 8, -27.5], "size": [9, 2, 5], "uv": [89, 68]},
						{"origin": [-6.2, 8.3, -24.75], "size": [2, 2, 5], "pivot": [-7, 8.9, -22.5], "rotation": [180, 0, -10], "uv": [0, 158]},
						{"origin": [-8.7, 8.8, -23.85], "size": [3, 1, 4], "pivot": [-7, 8.9, -22.5], "rotation": [-177.33601, -14.76689, -20.34527], "uv": [0, 142]},
						{"origin": [-11.84695, 7.43397, -26.05331], "size": [4, 0, 3], "pivot": [-10, 7.9, -24.5], "rotation": [7.76533, -26.15463, -17.57268], "uv": [15, 15]},
						{"origin": [1.84558, 7.77906, -24.75], "size": [2, 2, 5], "pivot": [4, 8.9, -22.5], "rotation": [-1.7538, 0, -169.8489], "uv": [0, 158]},
						{"origin": [-0.81994, 8.39142, -23.61466], "size": [3, 1, 4], "pivot": [3.8, 8.9, -22.2], "rotation": [-2.43444, -17.21743, -166.36726], "uv": [0, 142]},
						{"origin": [-4.35466, 8.8, -22.54799], "size": [4, 0, 3], "pivot": [3.8, 8.9, -22.2], "rotation": [-7.12062, -26.85775, -162.535], "uv": [15, 15]},
						{"origin": [-4.499, 10, -27.5], "size": [9, 1, 0], "uv": [217, 56]}
					]
				},
				{
					"name": "tail",
					"parent": "torso",
					"pivot": [0, 12, 14],
					"cubes": [
						{"origin": [-4.5, 7.5, 14], "size": [9, 8, 8], "uv": [187, 186]}
					]
				},
				{
					"name": "tail2",
					"parent": "tail",
					"pivot": [0, 12, 21.5],
					"cubes": [
						{"origin": [-3.5, 8.5, 21], "size": [7, 6, 9], "uv": [0, 61]}
					]
				},
				{
					"name": "tail3",
					"parent": "tail2",
					"pivot": [0, 12, 29.5],
					"cubes": [
						{"origin": [-2.5, 9.5, 29], "size": [5, 4, 9], "uv": [79, 94]}
					]
				},
				{
					"name": "waterafall",
					"parent": "torso",
					"pivot": [6, 26, -15],
					"cubes": [
						{"origin": [0.8, 26, -17.9], "size": [3, 34, 0], "inflate": 0.001, "pivot": [0, 5, -6.5], "rotation": [0, -22.5, 0], "uv": [228, 77]}
					]
				},
				{
					"name": "leg_front_left",
					"parent": "body",
					"pivot": [9.20214, 10.36054, -10],
					"cubes": [
						{"origin": [7.5, 5.5, -14.5], "size": [8, 9, 8], "pivot": [15.5, 5.5, -10.5], "rotation": [0, 0, -20], "uv": [103, 190]}
					]
				},
				{
					"name": "foot_front_left",
					"parent": "leg_front_left",
					"pivot": [11.5, 5.5, -12.5],
					"cubes": [
						{"origin": [7, 0, -15], "size": [9, 6, 9], "uv": [184, 74]},
						{"origin": [16, 0, -13], "size": [1, 3, 2], "uv": [0, 80]},
						{"origin": [6, 0, -13], "size": [1, 3, 2], "uv": [0, 61]},
						{"origin": [9.5, 0, -17], "size": [4, 5, 2], "uv": [176, 114]},
						{"origin": [9.5, 0, -6], "size": [4, 5, 2], "uv": [56, 176]}
					]
				},
				{
					"name": "leg_back_left",
					"parent": "body",
					"pivot": [9.20214, 10.36054, 9.5],
					"cubes": [
						{"origin": [7.5, 5.5, 6], "size": [8, 9, 8], "pivot": [15.5, 5.5, 9], "rotation": [0, 0, -20], "uv": [189, 89]}
					]
				},
				{
					"name": "foot_back_left",
					"parent": "leg_back_left",
					"pivot": [11.5, 5.5, 7],
					"cubes": [
						{"origin": [7, 0, 5.5], "size": [9, 6, 9], "uv": [180, 169]},
						{"origin": [16, 0, 7.5], "size": [1, 3, 2], "uv": [25, 51]},
						{"origin": [6, 0, 7.5], "size": [1, 3, 2], "uv": [19, 51]},
						{"origin": [9.5, 0, 3.5], "size": [4, 5, 2], "uv": [168, 30]},
						{"origin": [9.5, 0, 14.5], "size": [4, 5, 2], "uv": [28, 168]}
					]
				},
				{
					"name": "leg_back_right",
					"parent": "body",
					"pivot": [-9.20214, 10.36054, 9.5],
					"cubes": [
						{"origin": [-15.5, 5.5, 6], "size": [8, 9, 8], "pivot": [-15.5, 5.5, 9], "rotation": [0, 0, 20], "uv": [89, 51]}
					]
				},
				{
					"name": "foot_back_right",
					"parent": "leg_back_right",
					"pivot": [-11.5, 5.5, 7],
					"cubes": [
						{"origin": [-16, 0, 5.5], "size": [9, 6, 9], "uv": [0, 0]},
						{"origin": [-17, 0, 7.5], "size": [1, 3, 2], "uv": [0, 24]},
						{"origin": [-7, 0, 7.5], "size": [1, 3, 2], "uv": [0, 0]},
						{"origin": [-13.5, 0, 3.5], "size": [4, 5, 2], "uv": [66, 158]},
						{"origin": [-13.5, 0, 14.5], "size": [4, 5, 2], "uv": [158, 51]}
					]
				},
				{
					"name": "leg_front_right",
					"parent": "body",
					"pivot": [-9.20214, 10.36054, -10],
					"cubes": [
						{"origin": [-15.5, 5.5, -14.5], "size": [8, 9, 8], "pivot": [-15.5, 5.5, -10.5], "rotation": [0, 0, 20], "uv": [0, 188]}
					]
				},
				{
					"name": "foot_front_right",
					"parent": "leg_front_right",
					"pivot": [-11.5, 5.5, -12.5],
					"cubes": [
						{"origin": [-16, 0, -15], "size": [9, 6, 9], "uv": [178, 141]},
						{"origin": [-17, 0, -13], "size": [1, 3, 2], "uv": [26, 43]},
						{"origin": [-7, 0, -13], "size": [1, 3, 2], "uv": [27, 0]},
						{"origin": [-13.5, 0, -17], "size": [4, 5, 2], "uv": [0, 167]},
						{"origin": [-13.5, 0, -6], "size": [4, 5, 2], "uv": [164, 114]}
					]
				}
			]
		}
	]
}