{
	"format_version": "1.12.0",
	"minecraft:geometry": [
		{
			"description": {
				"identifier": "geometry.unknown",
				"texture_width": 48,
				"texture_height": 48,
				"visible_bounds_width": 3,
				"visible_bounds_height": 3.5,
				"visible_bounds_offset": [0, 1.25, 0]
			},
			"bones": [
				{
					"name": "girafarig",
					"pivot": [0, 0, 0]
				},
				{
					"name": "body",
					"parent": "girafarig",
					"pivot": [0, 11, 0]
				},
				{
					"name": "torso",
					"parent": "body",
					"pivot": [0.0005, 11.16004, -0.44034],
					"cubes": [
						{"origin": [-3.4975, 8, -6.05168], "size": [7, 6, 12], "uv": [0, 0]},
						{"origin": [0, 13.75, 0.4], "size": [0, 2, 1], "pivot": [0, 15, 1.4], "rotation": [90, 0, 0], "uv": [0, 17]},
						{"origin": [0, 14.25, 1.4], "size": [0, 1, 1], "pivot": [0, 15, 1.4], "rotation": [90, 0, 0], "uv": [8, 10]},
						{"origin": [0, 13.5, -2.45], "size": [0, 3, 2], "pivot": [0, 15, -1.35], "rotation": [92.5, 0, 0], "uv": [0, 7]},
						{"origin": [0, 13.5, 3.55], "size": [0, 3, 2], "pivot": [0, 15, 4.65], "rotation": [87.5, 0, 0], "uv": [4, 7]}
					]
				},
				{
					"name": "neck",
					"parent": "torso",
					"pivot": [0, 10.97744, -6.09422],
					"rotation": [10, 0, 0],
					"cubes": [
						{"origin": [-2, 10.88719, -6.07108], "size": [4, 10, 4], "uv": [22, 18]},
						{"origin": [0, 17.75, -2.1], "size": [0, 2, 1], "uv": [9, 0]},
						{"origin": [0, 18.25, -1.1], "size": [0, 1, 1], "uv": [20, 22]},
						{"origin": [0, 14.75, -2.1], "size": [0, 2, 1], "uv": [0, 0]},
						{"origin": [0, 15.25, -1.1], "size": [0, 1, 1], "uv": [19, 21]}
					]
				},
				{
					"name": "head",
					"parent": "neck",
					"pivot": [0, 20, -4]
				},
				{
					"name": "head_rotation",
					"parent": "head",
					"pivot": [-0.5, 19.9, -4.1],
					"cubes": [
						{"origin": [-2.5, 19.9, -7.6], "size": [5, 5, 6], "uv": [0, 18]},
						{"origin": [0, 20.4, -1.6], "size": [0, 2, 1], "uv": [4, 17]},
						{"origin": [0, 20.9, -0.6], "size": [0, 1, 1], "uv": [24, 19]}
					]
				},
				{
					"name": "horn_right",
					"parent": "head_rotation",
					"pivot": [1.5, 24.9, -5.1],
					"cubes": [
						{"origin": [1, 26.9, -5.6], "size": [1, 1, 1], "uv": [16, 22]},
						{"origin": [1.5, 24.9, -5.6], "size": [0, 2, 1], "uv": [16, 17]}
					]
				},
				{
					"name": "horn_left",
					"parent": "head_rotation",
					"pivot": [-1.5, 24.9, -5.1],
					"cubes": [
						{"origin": [-1.5, 24.9, -5.6], "size": [0, 2, 1], "uv": [4, 21]},
						{"origin": [-2, 26.9, -5.6], "size": [1, 1, 1], "uv": [22, 18]}
					]
				},
				{
					"name": "eye_right",
					"parent": "head_rotation",
					"pivot": [-2.02, 22.9, -6.62],
					"cubes": [
						{"origin": [-2.52, 21.9, -7.62], "size": [1, 2, 2], "uv": [42, 4]}
					]
				},
				{
					"name": "eye_left",
					"parent": "head_rotation",
					"pivot": [2.02, 22.9, -6.62],
					"cubes": [
						{"origin": [1.52, 21.9, -7.62], "size": [1, 2, 2], "uv": [0, 18]}
					]
				},
				{
					"name": "nose",
					"parent": "head_rotation",
					"pivot": [0, 22.9, -7.6],
					"cubes": [
						{"origin": [-1.5, 19.9, -10.6], "size": [3, 3, 3], "uv": [35, 15]}
					]
				},
				{
					"name": "ears",
					"parent": "head_rotation",
					"pivot": [0, 24.9, -3.1]
				},
				{
					"name": "ear_left",
					"parent": "ears",
					"pivot": [2.2, 22.98142, -3.4],
					"rotation": [0, 0, 62.5],
					"cubes": [
						{"origin": [0.2, 22.98142, -3.9], "size": [2, 3, 2], "uv": [16, 41]}
					]
				},
				{
					"name": "ear_right",
					"parent": "ears",
					"pivot": [-2.15, 22.98142, -3.4],
					"rotation": [0, 0, -62.5],
					"cubes": [
						{"origin": [-2.15, 22.98142, -3.9], "size": [2, 3, 2], "uv": [40, 33]}
					]
				},
				{
					"name": "tail",
					"parent": "torso",
					"pivot": [0, 14, 6],
					"cubes": [
						{"origin": [-0.5, 13, 5.5], "size": [1, 6, 1], "uv": [32, 41]}
					]
				},
				{
					"name": "tail_head",
					"parent": "tail",
					"pivot": [-1.02778, 18, 5.95302],
					"cubes": [
						{"origin": [-2, 18, 4], "size": [4, 4, 4], "uv": [26, 0]}
					]
				},
				{
					"name": "tail_mouth",
					"parent": "tail_head",
					"pivot": [0, 19, 7],
					"cubes": [
						{"origin": [-2, 18, 6], "size": [4, 2, 2], "inflate": 0.02, "uv": [26, 8]}
					]
				},
				{
					"name": "tail_eye_left",
					"parent": "tail_head",
					"pivot": [2.05, 20.5, 6],
					"cubes": [
						{"origin": [2.04222, 19.5, 5], "size": [0, 2, 2], "uv": [0, 20]},
						{"origin": [2.05778, 20, 5.5], "size": [0, 1, 1], "uv": [24, 20]}
					]
				},
				{
					"name": "tail_eye_right",
					"parent": "tail_head",
					"pivot": [-2.05, 20.5, 6],
					"cubes": [
						{"origin": [-2.04222, 19.5, 5], "size": [0, 2, 2], "uv": [8, 7]},
						{"origin": [-2.05778, 20, 5.5], "size": [0, 1, 1], "uv": [10, 10]}
					]
				},
				{
					"name": "leg_front_right",
					"parent": "body",
					"pivot": [-2.2475, 11.02598, -4.24702],
					"cubes": [
						{"origin": [-3.7475, 5.02598, -5.74702], "size": [3, 6, 3], "uv": [28, 32]}
					]
				},
				{
					"name": "leg_front_right2",
					"parent": "leg_front_right",
					"pivot": [-2.2475, 4.95, -5.05168],
					"cubes": [
						{"origin": [-3.2475, 1.45, -5.05168], "size": [2, 4, 2], "uv": [38, 39]}
					]
				},
				{
					"name": "foot_front_right",
					"parent": "leg_front_right2",
					"pivot": [-2.2525, 2.1, -4.30168],
					"cubes": [
						{"origin": [-3.2525, 0.1, -5.30168], "size": [2, 2, 2], "uv": [24, 41]}
					]
				},
				{
					"name": "leg_front_left",
					"parent": "body",
					"pivot": [2.2475, 11.02598, -4.24702],
					"cubes": [
						{"origin": [0.7475, 5.02598, -5.74702], "size": [3, 6, 3], "uv": [0, 0]}
					]
				},
				{
					"name": "leg_front_left2",
					"parent": "leg_front_left",
					"pivot": [2.2475, 4.95, -5.05168],
					"cubes": [
						{"origin": [1.2475, 1.45, -5.05168], "size": [2, 4, 2], "uv": [38, 27]}
					]
				},
				{
					"name": "foot_front_left",
					"parent": "leg_front_left2",
					"pivot": [2.2525, 2.1, -4.30168],
					"cubes": [
						{"origin": [1.2525, 0.1, -5.30168], "size": [2, 2, 2], "uv": [10, 29]}
					]
				},
				{
					"name": "leg_back_left",
					"parent": "body",
					"pivot": [2.2525, 10.55038, 3.99084],
					"cubes": [
						{"origin": [0.7525, 6, 1.69832], "size": [3, 5, 4], "uv": [14, 32]}
					]
				},
				{
					"name": "leg_back_left2",
					"parent": "leg_back_left",
					"pivot": [2.2525, 5.97323, 1.72253],
					"cubes": [
						{"origin": [1.2525, 1.97323, 1.72253], "size": [2, 4, 2], "inflate": -0.02, "uv": [38, 21]}
					]
				},
				{
					"name": "leg_back_left3",
					"parent": "leg_back_left2",
					"pivot": [2.2325, 2.05323, 3.74253],
					"cubes": [
						{"origin": [1.2525, -1.92677, 1.72253], "size": [2, 4, 2], "uv": [8, 39]}
					]
				},
				{
					"name": "foot_back_left",
					"parent": "leg_back_left3",
					"pivot": [2.1525, -1.2, 2.44832],
					"cubes": [
						{"origin": [1.27, -3.28, 0.98], "size": [2, 2, 2], "inflate": 0.02, "uv": [38, 0]}
					]
				},
				{
					"name": "leg_back_right",
					"parent": "body",
					"pivot": [-2.2525, 10.55038, 3.99084],
					"cubes": [
						{"origin": [-3.7525, 6, 1.69832], "size": [3, 5, 4], "uv": [0, 29]}
					]
				},
				{
					"name": "leg_back_right2",
					"parent": "leg_back_right",
					"pivot": [-2.2525, 5.97323, 1.72253],
					"cubes": [
						{"origin": [-3.2525, 1.97323, 1.72253], "size": [2, 4, 2], "inflate": -0.02, "uv": [38, 8]}
					]
				},
				{
					"name": "leg_back_right3",
					"parent": "leg_back_right2",
					"pivot": [-2.2325, 2.05323, 3.74253],
					"cubes": [
						{"origin": [-3.2525, -1.92677, 1.72253], "size": [2, 4, 2], "uv": [0, 38]}
					]
				},
				{
					"name": "foot_back_right",
					"parent": "leg_back_right3",
					"pivot": [-2.1525, -1.2, 2.44832],
					"cubes": [
						{"origin": [-3.27, -3.28, 0.98], "size": [2, 2, 2], "inflate": 0.022, "uv": [16, 18]}
					]
				}
			]
		}
	]
}