{
	"format_version": "1.12.0",
	"minecraft:geometry": [
		{
			"description": {
				"identifier": "geometry.gougingfire",
				"texture_width": 256,
				"texture_height": 256,
				"visible_bounds_width": 6,
				"visible_bounds_height": 4.5,
				"visible_bounds_offset": [0, 1.75, 0]
			},
			"bones": [
				{
					"name": "gougingfire",
					"pivot": [0, 0, 0]
				},
				{
					"name": "gougingfire2",
					"parent": "gougingfire",
					"pivot": [0, 18, 0]
				},
				{
					"name": "body",
					"parent": "gougingfire2",
					"pivot": [0, 17.25, -4.5],
					"cubes": [
						{"origin": [-6.5, 12.25, -11], "size": [13, 10, 11], "uv": [38, 17]}
					]
				},
				{
					"name": "neck",
					"parent": "body",
					"pivot": [0, 16.6419, -10.18243],
					"cubes": [
						{"origin": [-4.5, 14.25, -14], "size": [9, 10, 8], "uv": [31, 108]}
					]
				},
				{
					"name": "neck2",
					"parent": "neck",
					"pivot": [0, 24.20302, -13.98522],
					"cubes": [
						{"origin": [-4, 23.325, -13.425], "size": [8, 5, 8], "pivot": [0, 26.75, -9], "rotation": [-11.25, 0, 0], "uv": [122, 34]}
					]
				},
				{
					"name": "beard",
					"parent": "neck2",
					"pivot": [0, 27.59286, -13.88588],
					"cubes": [
						{"origin": [-4, 25.13119, -15.10234], "size": [8, 5, 0], "pivot": [0, 23.92802, -14.61022], "rotation": [-18.75, 0, 0], "uv": [0, 79]}
					]
				},
				{
					"name": "beard2",
					"parent": "beard",
					"pivot": [0, 24.31277, -14.33224],
					"cubes": [
						{"origin": [-4.5, 15.22553, -14.68948], "size": [9, 10, 0], "uv": [164, 163]},
						{"origin": [-5.5, 9.25, -13.975], "size": [11, 9, 0], "uv": [0, 154]}
					]
				},
				{
					"name": "neck_hair",
					"parent": "neck2",
					"pivot": [0, 26.40302, -11.38522]
				},
				{
					"name": "hair_left",
					"parent": "neck_hair",
					"pivot": [4.40766, 29.03731, -9.20063],
					"rotation": [0, 0, -5],
					"cubes": [
						{"origin": [5.72153, 7.61397, -5.36549], "size": [0, 13, 3], "pivot": [5.72153, 18.11397, -1.36549], "rotation": [-5.90692, -30.17342, -3.03589], "uv": [58, 170]},
						{"origin": [5.99449, 21.45625, -17.20801], "size": [0, 8, 5], "pivot": [5.98005, 26.32833, -12.20773], "rotation": [-8.45899, 64.35468, -31.14013], "uv": [124, 168]},
						{"origin": [7.77213, 16.2833, -12.775], "size": [0, 5, 8], "pivot": [5.14183, 20.87846, -9.275], "rotation": [-5.11703, -4.04002, -5.65123], "uv": [144, 98]},
						{"origin": [7.77213, 20.47362, -12.775], "size": [0, 9, 8], "pivot": [5.14183, 20.87846, -9.275], "rotation": [-3.66646, -5.39065, -23.15917], "uv": [4, 136]},
						{"origin": [7.77213, 8.2833, -12.775], "size": [0, 8, 8], "pivot": [5.14183, 20.87846, -9.275], "rotation": [-5.11703, -4.04002, -5.65123], "uv": [59, 153]},
						{"origin": [3.40766, 19.53731, -5.20063], "size": [0, 9, 3], "pivot": [3.40766, 24.03731, -1.20063], "rotation": [-4.70285, -39.05707, -20.53682], "uv": [131, 20]}
					]
				},
				{
					"name": "hair_right",
					"parent": "neck_hair",
					"pivot": [-4.40766, 29.03731, -9.20063],
					"rotation": [0, 0, 5],
					"cubes": [
						{"origin": [-5.72153, 7.61397, -5.36549], "size": [0, 13, 3], "pivot": [-5.72153, 18.11397, -1.36549], "rotation": [-5.90692, 30.17342, 3.03589], "uv": [28, 167]},
						{"origin": [-5.99449, 21.45625, -17.20801], "size": [0, 8, 5], "pivot": [-5.98005, 26.32833, -12.20773], "rotation": [-8.45899, -64.35468, 31.14013], "uv": [113, 168]},
						{"origin": [-7.77213, 16.2833, -12.775], "size": [0, 5, 8], "pivot": [-5.14183, 20.87846, -9.275], "rotation": [-5.11703, 4.04002, 5.65123], "uv": [140, 20]},
						{"origin": [-7.77213, 20.47362, -12.775], "size": [0, 9, 8], "pivot": [-5.14183, 20.87846, -9.275], "rotation": [-3.66646, 5.39065, 23.15917], "uv": [56, 135]},
						{"origin": [-7.77213, 8.2833, -12.775], "size": [0, 8, 8], "pivot": [-5.14183, 20.87846, -9.275], "rotation": [-5.11703, 4.04002, 5.65123], "uv": [42, 146]},
						{"origin": [-3.40766, 19.53731, -5.20063], "size": [0, 9, 3], "pivot": [-3.40766, 24.03731, -1.20063], "rotation": [-4.70285, 39.05707, 20.53682], "uv": [66, 108]}
					]
				},
				{
					"name": "head",
					"parent": "neck2",
					"pivot": [0.38117, 27.03324, -11.13789],
					"cubes": [
						{"origin": [1.57135, 27.29187, -16.975], "size": [1, 1, 0], "pivot": [0.0026, 28.01062, -17], "rotation": [0, 0, -135], "uv": [191, 10]},
						{"origin": [-0.30365, 25.46687, -16.975], "size": [1, 1, 0], "pivot": [0.0026, 28.01062, -17], "rotation": [0, 0, -135], "uv": [191, 10]},
						{"origin": [-4.5, 27.075, -15], "size": [9, 9, 10], "inflate": 0.01, "uv": [0, 96]},
						{"origin": [-4.5, 36.87558, -13.06718], "size": [9, 0, 5], "pivot": [0, 36.45058, -11.56718], "rotation": [31.25, 0, 0], "uv": [47, 9]},
						{"origin": [5.04789, 27.05, -12.49828], "size": [0, 11, 5], "pivot": [4.87289, 34.55, -11.12328], "rotation": [0, 20, 0], "uv": [102, 167]},
						{"origin": [-5.04789, 27.05, -12.49828], "size": [0, 11, 5], "pivot": [-4.87289, 34.55, -11.12328], "rotation": [0, -20, 0], "uv": [91, 165]},
						{"origin": [-4, 29.325, -17], "size": [8, 4, 2], "uv": [150, 141]},
						{"origin": [-1.5, 34.76709, -20.2669], "size": [3, 3, 5], "inflate": 0.1, "pivot": [0, 36.18782, -23.2844], "rotation": [-27, 0, 0], "uv": [18, 183]},
						{"origin": [-1, 35.38044, -17.9142], "size": [2, 2, 5], "inflate": 0.1, "pivot": [0, 36.38044, -15.4142], "rotation": [-129.51394, 37.6491, -26.73778], "uv": [0, 200]},
						{"origin": [0.025, 36.38044, -18.2142], "size": [5, 1, 5], "pivot": [1.025, 36.38044, -15.7142], "rotation": [-120.95339, -11.63395, 6.89617], "uv": [0, 212]},
						{"origin": [5.025, 36.88044, -18.2142], "size": [3, 0, 5], "pivot": [1.025, 36.38044, -15.7142], "rotation": [-120.95339, -11.63395, 6.89617], "uv": [28, 231]},
						{"origin": [-0.012, 39.89174, -17.49097], "size": [6, 1, 7], "pivot": [2.488, 40.39174, -12.99097], "rotation": [-108.70339, -11.63395, 6.89617], "uv": [15, 212]},
						{"origin": [5.988, 40.39174, -17.49097], "size": [3, 0, 7], "pivot": [2.488, 40.39174, -12.99097], "rotation": [-108.70339, -11.63395, 6.89617], "uv": [19, 231]},
						{"origin": [0.38733, 47.1108, -12.43755], "size": [5, 1, 4], "pivot": [3.38733, 47.6108, -11.93755], "rotation": [-81.143, -9.82318, 2.77558], "uv": [40, 201]},
						{"origin": [1.38733, 47.6108, -15.43755], "size": [8, 0, 7], "pivot": [3.38733, 47.6108, -11.93755], "rotation": [-81.143, -9.82318, 2.77558], "uv": [1, 230]},
						{"origin": [2.06039, 43.08462, -11.13937], "size": [8, 5, 0], "pivot": [6.06039, 46.08462, -11.13937], "rotation": [-57.55235, 3.058, -6.45002], "uv": [8, 238]},
						{"origin": [8.55751, 43.2449, -13.16355], "size": [5, 5, 0], "pivot": [12.55751, 45.7449, -13.16355], "rotation": [-53.94108, 24.46567, 8.38796], "uv": [33, 221]},
						{"origin": [8.52082, 37.07456, -14.02652], "size": [5, 5, 0], "pivot": [8.63748, 38.82979, -14.02652], "rotation": [-141.54154, 19.80009, -27.15123], "uv": [33, 221]},
						{"origin": [2.05467, 36.74872, -14.02652], "size": [8, 5, 0], "pivot": [8.63748, 38.82979, -14.02652], "rotation": [-137.53758, 2.91614, -7.23551], "uv": [8, 238]},
						{"origin": [-10.05467, 36.74872, -14.02652], "size": [8, 5, 0], "pivot": [-8.63748, 38.82979, -14.02652], "rotation": [-137.53758, -2.91614, 7.23551], "uv": [8, 238], "mirror": true},
						{"origin": [-5.025, 36.38044, -18.2142], "size": [5, 1, 5], "pivot": [-1.025, 36.38044, -15.7142], "rotation": [-120.95339, 11.63395, -6.89617], "uv": [0, 212], "mirror": true},
						{"origin": [-8.025, 36.88044, -18.2142], "size": [3, 0, 5], "pivot": [-1.025, 36.38044, -15.7142], "rotation": [-120.95339, 11.63395, -6.89617], "uv": [28, 231], "mirror": true},
						{"origin": [-8.988, 40.39174, -17.49097], "size": [3, 0, 7], "pivot": [-2.488, 40.39174, -12.99097], "rotation": [-108.70339, 11.63395, -6.89617], "uv": [19, 231], "mirror": true},
						{"origin": [-13.52082, 37.07456, -14.02652], "size": [5, 5, 0], "pivot": [-8.63748, 38.82979, -14.02652], "rotation": [-141.54154, -19.80009, 27.15123], "uv": [33, 221], "mirror": true},
						{"origin": [-5.988, 39.89174, -17.49097], "size": [6, 1, 7], "pivot": [-2.488, 40.39174, -12.99097], "rotation": [-108.70339, 11.63395, -6.89617], "uv": [15, 212], "mirror": true},
						{"origin": [-5.38733, 47.1108, -12.43755], "size": [5, 1, 4], "pivot": [-3.38733, 47.6108, -11.93755], "rotation": [-81.143, 9.82318, -2.77558], "uv": [40, 201], "mirror": true},
						{"origin": [-10.06039, 43.08462, -11.13937], "size": [8, 5, 0], "pivot": [-6.06039, 46.08462, -11.13937], "rotation": [-57.55235, -3.058, 6.45002], "uv": [8, 238], "mirror": true},
						{"origin": [-13.55751, 43.2449, -13.16355], "size": [5, 5, 0], "pivot": [-12.55751, 45.7449, -13.16355], "rotation": [-53.94108, -24.46567, -8.38796], "uv": [33, 221], "mirror": true},
						{"origin": [-9.38733, 47.6108, -15.43755], "size": [8, 0, 7], "pivot": [-3.38733, 47.6108, -11.93755], "rotation": [-81.143, 9.82318, -2.77558], "uv": [1, 230], "mirror": true},
						{"origin": [-1, 39.64224, -18.00557], "size": [2, 2, 7], "inflate": 0.1, "pivot": [0, 40.64224, -13.50557], "rotation": [-114.67906, 42.2602, -17.17204], "uv": [8, 202]},
						{"origin": [2.20546, 51.24918, -15.49867], "size": [3, 3, 6], "pivot": [5.82107, 50.63357, -17.4326], "rotation": [-73.32813, 9.27081, 50.65011], "uv": [0, 220]},
						{"origin": [1.92878, 48.65115, -15.38357], "size": [0, 3, 3], "pivot": [1.92878, 52.3543, -14.68812], "rotation": [8.75, -20.75, 16.5], "uv": [0, 227]},
						{"origin": [1.92878, 50.93068, -15.74424], "size": [0, 3, 3], "pivot": [1.92878, 52.3543, -14.68812], "rotation": [28, -20.75, 16.5], "uv": [0, 231]},
						{"origin": [1.92878, 53.01428, -15.27399], "size": [0, 3, 3], "pivot": [1.92878, 52.3543, -14.68812], "rotation": [51.75, -20.75, 16.5], "uv": [0, 235]},
						{"origin": [-1.92878, 50.93068, -15.74424], "size": [0, 3, 3], "pivot": [-1.92878, 52.3543, -14.68812], "rotation": [28, 20.75, -16.5], "uv": [0, 231], "mirror": true},
						{"origin": [-1.92878, 48.65115, -15.38357], "size": [0, 3, 3], "pivot": [-1.92878, 52.3543, -14.68812], "rotation": [8.75, 20.75, -16.5], "uv": [0, 227], "mirror": true},
						{"origin": [-1.92878, 53.01428, -15.27399], "size": [0, 3, 3], "pivot": [-1.92878, 52.3543, -14.68812], "rotation": [51.75, 20.75, -16.5], "uv": [0, 235], "mirror": true},
						{"origin": [3.49296, 49.96168, -18.06852], "size": [3, 3, 5], "inflate": -0.2, "pivot": [5.82107, 50.63357, -17.4326], "rotation": [-48.90524, -1.78162, 70.49625], "uv": [20, 222]},
						{"origin": [7.50297, 50.56461, -19.68295], "size": [2, 2, 4], "pivot": [8.53985, 51.52773, -19.59249], "rotation": [-39.66915, -15.81852, 75.20544], "uv": [37, 211]},
						{"origin": [8.53985, 50.70868, -22.49415], "size": [0, 2, 3], "pivot": [8.53985, 51.52773, -19.59249], "rotation": [-11.06335, -38.83216, 30.88128], "uv": [0, 205]},
						{"origin": [-5.20546, 51.24918, -15.49867], "size": [3, 3, 6], "pivot": [-5.82107, 50.63357, -17.4326], "rotation": [-73.32813, -9.27081, -50.65011], "uv": [0, 220], "mirror": true},
						{"origin": [-6.49296, 49.96168, -18.06852], "size": [3, 3, 5], "inflate": -0.2, "pivot": [-5.82107, 50.63357, -17.4326], "rotation": [-48.90524, 1.78162, -70.49625], "uv": [20, 222], "mirror": true},
						{"origin": [-9.50297, 50.56461, -19.68295], "size": [2, 2, 4], "pivot": [-8.53985, 51.52773, -19.59249], "rotation": [-39.66915, 15.81852, -75.20544], "uv": [37, 211], "mirror": true},
						{"origin": [-8.53985, 50.70868, -22.49415], "size": [0, 2, 3], "pivot": [-8.53985, 51.52773, -19.59249], "rotation": [-11.06335, 38.83216, -30.88128], "uv": [0, 205], "mirror": true},
						{"origin": [-1.82322, 46.25357, -14.76748], "size": [3, 3, 5], "inflate": -0.1, "pivot": [0.17678, 47.50357, -13.26748], "rotation": [-76.68545, 44.21951, 9.37204], "uv": [28, 202]},
						{"origin": [-1.5, 33.73517, -24.74325], "size": [3, 3, 5], "inflate": -0.1, "pivot": [0, 36.18782, -23.2844], "rotation": [-6.5, 0, 0], "uv": [17, 192]},
						{"origin": [-1, 33.63694, -27.08005], "size": [2, 2, 4], "pivot": [0, 36.18782, -23.2844], "rotation": [-42.5, 0, 0], "uv": [35, 193]},
						{"origin": [0, 33.63694, -30.08005], "size": [0, 2, 3], "pivot": [0, 36.18782, -23.2844], "rotation": [-42.5, 0, 0], "uv": [44, 190]},
						{"origin": [-4.6919, 34.76709, -17.6], "size": [5, 3, 3], "pivot": [-7.7094, 36.18782, -16.1], "rotation": [1.48061, 0.65898, 21.79495], "uv": [0, 183]},
						{"origin": [-9.16825, 33.73517, -17.6], "size": [5, 3, 3], "inflate": -0.2, "pivot": [-7.7094, 36.18782, -16.1], "rotation": [1.15613, 1.13574, 1.2979], "uv": [0, 191]},
						{"origin": [-10.75241, 35.40715, -17.04805], "size": [3, 2, 2], "pivot": [-10.75241, 36.68215, -16.04805], "rotation": [1.5708, 0.39876, 31.5419], "uv": [36, 186]},
						{"origin": [-13.75241, 35.40715, -16.04805], "size": [3, 2, 0], "pivot": [-10.75241, 36.68215, -16.04805], "rotation": [1.5708, 0.39876, 31.5419], "uv": [38, 183]},
						{"origin": [10.75241, 35.40715, -16.04805], "size": [3, 2, 0], "pivot": [10.75241, 36.68215, -16.04805], "rotation": [1.5708, -0.39876, -31.5419], "uv": [38, 183], "mirror": true},
						{"origin": [7.75241, 35.40715, -17.04805], "size": [3, 2, 2], "pivot": [10.75241, 36.68215, -16.04805], "rotation": [1.5708, -0.39876, -31.5419], "uv": [36, 186], "mirror": true},
						{"origin": [4.16825, 33.73517, -17.6], "size": [5, 3, 3], "inflate": -0.2, "pivot": [7.7094, 36.18782, -16.1], "rotation": [1.15613, -1.13574, -1.2979], "uv": [0, 191], "mirror": true},
						{"origin": [-0.3081, 34.76709, -17.6], "size": [5, 3, 3], "pivot": [7.7094, 36.18782, -16.1], "rotation": [1.48061, -0.65898, -21.79495], "uv": [0, 183], "mirror": true},
						{"origin": [-0.66234, 31.04395, -17.85706], "size": [1, 2, 1], "pivot": [0.00159, 30.9395, -17.35706], "rotation": [3.25871, 4.43306, -53.62384], "uv": [32, 57]},
						{"origin": [-4.10604, 30.28649, -17.85706], "size": [3, 2, 1], "inflate": 0.01, "pivot": [0.00159, 30.9395, -17.35706], "rotation": [5.20204, 1.78817, -18.91876], "uv": [78, 0]},
						{"origin": [-4.18367, 25.00501, -17.325], "size": [2, 6, 0], "pivot": [-2.68367, 28.00501, -17.325], "rotation": [0, 11.5, -4], "uv": [74, 39]},
						{"origin": [-1.95867, 28.00501, -17.325], "size": [1, 3, 0], "pivot": [-2.68367, 28.00501, -17.325], "rotation": [-2.02337, 11.32296, -14.20061], "uv": [75, 39]},
						{"origin": [0.95867, 28.00501, -17.325], "size": [1, 3, 0], "pivot": [2.68367, 28.00501, -17.325], "rotation": [-2.02337, -11.32296, 14.20061], "uv": [75, 39], "mirror": true},
						{"origin": [-0.33447, 31.04395, -17.85706], "size": [1, 2, 1], "pivot": [0.00159, 30.9395, -17.35706], "rotation": [3.25871, -4.43306, 53.62384], "uv": [32, 53]},
						{"origin": [2.18367, 25.00501, -17.325], "size": [2, 6, 0], "pivot": [2.68367, 28.00501, -17.325], "rotation": [0, -12, 4], "uv": [36, 0]},
						{"origin": [1.10922, 30.28649, -17.85706], "size": [3, 2, 1], "inflate": 0.01, "pivot": [0.00159, 30.9395, -17.35706], "rotation": [5.20204, -1.78817, 18.91876], "uv": [78, 4]},
						{"origin": [-1.49841, 29.72675, -17.85706], "size": [3, 2, 1], "inflate": 0.02, "pivot": [0.00159, 30.9395, -17.35706], "rotation": [5.5, 0, 0], "uv": [43, 68]},
						{"origin": [2, 27.325, -17], "size": [2, 2, 2], "uv": [0, 59]},
						{"origin": [-4, 27.325, -17], "size": [2, 2, 2], "uv": [43, 63]},
						{"origin": [-11.73341, 22.45, -14.72833], "size": [9, 15, 0], "pivot": [-6.18341, 29.95, -14.05333], "rotation": [0, 40.5, 0], "uv": [195, 61]},
						{"origin": [2.73341, 22.45, -14.72833], "size": [9, 15, 0], "pivot": [6.18341, 29.95, -14.05333], "rotation": [0, -40.5, 0], "uv": [195, 61], "mirror": true}
					]
				},
				{
					"name": "eyelids",
					"parent": "head",
					"pivot": [0, 31.675, -16.95],
					"cubes": [
						{"origin": [1.025, 30.175, -16.95], "size": [3, 3, 0], "uv": [191, 24]},
						{"origin": [-4.025, 30.175, -16.95], "size": [3, 3, 0], "uv": [191, 24], "mirror": true}
					]
				},
				{
					"name": "eye_left",
					"parent": "head",
					"pivot": [2.31875, 32, -17.0625],
					"cubes": [
						{"origin": [1.675, 30.175, -17.025], "size": [2, 3, 0], "uv": [191, 20]},
						{"origin": [2.2, 31.5, -17.05], "size": [1, 1, 0], "uv": [191, 18]},
						{"origin": [1.65, 31.875, -17.075], "size": [1, 1, 0], "uv": [191, 16]},
						{"origin": [1.25, 31.45, -17.1], "size": [1, 1, 0], "uv": [191, 14]}
					]
				},
				{
					"name": "eye_right",
					"parent": "head",
					"pivot": [-2.31875, 32, -17.0625],
					"cubes": [
						{"origin": [-3.675, 30.175, -17.025], "size": [2, 3, 0], "uv": [191, 20], "mirror": true},
						{"origin": [-3.2, 31.5, -17.05], "size": [1, 1, 0], "uv": [191, 18], "mirror": true},
						{"origin": [-2.65, 31.875, -17.075], "size": [1, 1, 0], "uv": [191, 16], "mirror": true},
						{"origin": [-2.25, 31.45, -17.1], "size": [1, 1, 0], "uv": [191, 14], "mirror": true}
					]
				},
				{
					"name": "mouth",
					"parent": "head",
					"pivot": [0, 29.325, -13],
					"cubes": [
						{"origin": [-2, 27.325, -17], "size": [4, 2, 5], "inflate": 0.01, "uv": [189, 1]},
						{"origin": [-2.05, 28.65, -16.95], "size": [1, 1, 0], "pivot": [-1.5, 28.825, -17], "rotation": [0, 0, 45], "uv": [191, 10]},
						{"origin": [-0.175, 30.475, -16.95], "size": [1, 1, 0], "pivot": [-1.5, 28.825, -17], "rotation": [0, 0, 45], "uv": [191, 10]}
					]
				},
				{
					"name": "ass",
					"parent": "body",
					"pivot": [0, 17.5, 0],
					"cubes": [
						{"origin": [-6, 13, -1], "size": [12, 9, 12], "uv": [37, 41]}
					]
				},
				{
					"name": "smoke",
					"parent": "ass",
					"pivot": [0, 20.5, 7.5],
					"cubes": [
						{"origin": [-4.5, 15, 2], "size": [9, 11, 10], "uv": [43, 86]},
						{"origin": [-5, 14.5, 1.5], "size": [10, 12, 11], "uv": [76, 0]}
					]
				},
				{
					"name": "smoke2",
					"parent": "smoke",
					"pivot": [0, 17, 11.5],
					"cubes": [
						{"origin": [-5, 10, 10], "size": [10, 14, 11], "uv": [0, 53]},
						{"origin": [-5.5, 9.5, 9.5], "size": [11, 15, 12], "uv": [0, 0]}
					]
				},
				{
					"name": "smoke3",
					"parent": "smoke2",
					"pivot": [0, 17, 16],
					"cubes": [
						{"origin": [-6, 11, 16], "size": [12, 12, 10], "uv": [43, 63]},
						{"origin": [-6.5, 10.5, 15.5], "size": [13, 13, 11], "uv": [0, 28]}
					]
				},
				{
					"name": "smoke4",
					"parent": "smoke3",
					"pivot": [0.5, 16.5, 25.5],
					"cubes": [
						{"origin": [-3, 12, 25], "size": [8, 9, 8], "uv": [116, 88]},
						{"origin": [-3.5, 11.5, 24.5], "size": [9, 10, 9], "uv": [81, 95]}
					]
				},
				{
					"name": "smoke5",
					"parent": "smoke4",
					"pivot": [0.5, 18.5, 31],
					"cubes": [
						{"origin": [-2, 15, 31], "size": [5, 7, 6], "uv": [149, 126]},
						{"origin": [-2.5, 14.5, 30.5], "size": [6, 8, 7], "uv": [122, 127]}
					]
				},
				{
					"name": "smoke6",
					"parent": "smoke5",
					"pivot": [0.25, 20.5, 35.5],
					"cubes": [
						{"origin": [-1.25, 18, 35], "size": [3, 5, 5], "uv": [166, 144]},
						{"origin": [-1.75, 17.5, 34.5], "size": [4, 6, 6], "uv": [150, 150]}
					]
				},
				{
					"name": "smoke7",
					"parent": "smoke6",
					"pivot": [0.25, 21.5, 39.5],
					"cubes": [
						{"origin": [-0.75, 20, 39], "size": [2, 4, 4], "uv": [29, 96]},
						{"origin": [-1.25, 19.5, 38.5], "size": [3, 5, 5], "uv": [11, 164]}
					]
				},
				{
					"name": "smoke8",
					"parent": "smoke7",
					"pivot": [0.25, 22.75, 42.5],
					"cubes": [
						{"origin": [-0.25, 21.75, 42.5], "size": [1, 2, 3], "uv": [0, 53]},
						{"origin": [-0.75, 21.25, 42], "size": [2, 3, 4], "uv": [108, 0]}
					]
				},
				{
					"name": "smoke9",
					"parent": "smoke8",
					"pivot": [0.25, 22.75, 46],
					"cubes": [
						{"origin": [0.25, 21.25, 45], "size": [0, 3, 7], "uv": [165, 45]}
					]
				},
				{
					"name": "wing_left",
					"parent": "ass",
					"pivot": [6.6375, 24.00781, 2.68315],
					"rotation": [-10.97515, -0.76415, 0.09155],
					"cubes": [
						{"origin": [-6.43596, 22.05459, -5.43276], "size": [19, 0, 8], "pivot": [6.06404, 22.44531, 2.78315], "rotation": [-1.35542, -1.82161, 125.20834], "uv": [80, 78]},
						{"origin": [-6.43596, 22.098, 2.50285], "size": [19, 0, 9], "pivot": [6.06404, 22.44531, 2.78315], "rotation": [8.64458, -1.82161, 125.20834], "uv": [78, 54]}
					]
				},
				{
					"name": "wing_right",
					"parent": "ass",
					"pivot": [-6.6375, 24.00781, 2.68315],
					"rotation": [-9.97515, 0.76415, -0.09155],
					"cubes": [
						{"origin": [-12.78904, 22.65459, -5.35776], "size": [19, 0, 8], "pivot": [-6.28904, 23.04531, 2.85815], "rotation": [-1.35542, 1.82161, -125.20834], "uv": [78, 64]},
						{"origin": [-12.78904, 22.698, 2.57785], "size": [19, 0, 9], "pivot": [-6.28904, 23.04531, 2.85815], "rotation": [8.64458, 1.82161, -125.20834], "uv": [74, 39]}
					]
				},
				{
					"name": "leg_left_back",
					"parent": "gougingfire2",
					"pivot": [4.25, 17, 8.5],
					"cubes": [
						{"origin": [1, 9, 4.5], "size": [7, 12, 8], "uv": [119, 0]}
					]
				},
				{
					"name": "leg_left_back2",
					"parent": "leg_left_back",
					"pivot": [4.25, 9, 6.5],
					"cubes": [
						{"origin": [1.25, 2, 5.5], "size": [6, 8, 6], "uv": [81, 139]},
						{"origin": [0.25, 2, 4.4], "size": [8, 3, 8], "pivot": [4.25, 3.5, 8.3], "rotation": [-5, 0, 0], "uv": [89, 127]}
					]
				},
				{
					"name": "leg_left_back3",
					"parent": "leg_left_back2",
					"pivot": [4.25, 2.5, 9.825],
					"cubes": [
						{"origin": [1.25, -4, 5.5], "size": [6, 7, 6], "inflate": 0.01, "uv": [141, 77]},
						{"origin": [1.25, -2.025, 5.125], "size": [6, 3, 0], "pivot": [4.25, -1.5, 5.5], "rotation": [-10.5, 0, 0], "uv": [87, 49]},
						{"origin": [1.25, -5.95, 11.2], "size": [6, 2, 0], "pivot": [4.25, -1.5, -4.5], "rotation": [10.5, 0, 0], "uv": [100, 34]},
						{"origin": [7.2, -3, 5.5], "size": [0, 4, 6], "pivot": [7.25, -0.5, 8.5], "rotation": [1.45794, -7.14285, -19.80662], "uv": [173, 96]},
						{"origin": [0.8, 0, 6.575], "size": [0, 4, 6], "pivot": [-7.25, -0.5, 8.5], "rotation": [1.45794, 7.14285, 19.80662], "uv": [65, 173]}
					]
				},
				{
					"name": "leg_left_back4",
					"parent": "leg_left_back3",
					"pivot": [4.25, -2.5, 9.65],
					"cubes": [
						{"origin": [4.475, -5.075, 4.1], "size": [3, 3, 7], "pivot": [5.75, -3.575, 7.825], "rotation": [0, -14.25, 0], "uv": [37, 163]},
						{"origin": [1.1, -5.075, 3.95], "size": [3, 3, 7], "pivot": [2.75, -3.575, 7.825], "rotation": [0, 6.5, 0], "uv": [132, 160]},
						{"origin": [2.65, -5, 3.65], "size": [3, 3, 7], "pivot": [2.75, -3.5, 7.825], "rotation": [0, -4.5, 0], "uv": [160, 72]}
					]
				},
				{
					"name": "leg_right_back",
					"parent": "gougingfire2",
					"pivot": [-4.25, 17, 8.5],
					"cubes": [
						{"origin": [-8, 9, 4.5], "size": [7, 12, 8], "uv": [109, 107]}
					]
				},
				{
					"name": "leg_right_back2",
					"parent": "leg_right_back",
					"pivot": [-4.25, 9, 6.5],
					"cubes": [
						{"origin": [-7.25, 2, 5.5], "size": [6, 8, 6], "uv": [25, 139]},
						{"origin": [-8.25, 2, 4.4], "size": [8, 3, 8], "pivot": [-4.25, 3.5, 8.3], "rotation": [-5, 0, 0], "uv": [31, 127]}
					]
				},
				{
					"name": "leg_right_back3",
					"parent": "leg_right_back2",
					"pivot": [-4.25, 2.5, 9.825],
					"cubes": [
						{"origin": [-7.25, -4, 5.5], "size": [6, 7, 6], "inflate": 0.01, "uv": [140, 112]},
						{"origin": [-0.8, 0, 6.575], "size": [0, 4, 6], "pivot": [7.25, -0.5, 8.5], "rotation": [1.45794, -7.14285, -19.80662], "uv": [173, 32]},
						{"origin": [-7.25, -2.025, 5.125], "size": [6, 3, 0], "pivot": [-4.25, -1.5, 5.5], "rotation": [-10.5, 0, 0], "uv": [87, 34]},
						{"origin": [-7.2, -3, 5.5], "size": [0, 4, 6], "pivot": [-7.25, -0.5, 8.5], "rotation": [1.45794, 7.14285, 19.80662], "uv": [172, 130]},
						{"origin": [-7.25, -5.95, 11.2], "size": [6, 2, 0], "pivot": [-4.25, -1.5, -4.5], "rotation": [10.5, 0, 0], "uv": [88, 73]}
					]
				},
				{
					"name": "leg_right_back4",
					"parent": "leg_right_back3",
					"pivot": [-4.25, -2.5, 9.725],
					"cubes": [
						{"origin": [-7.475, -5.075, 4.175], "size": [3, 3, 7], "pivot": [-5.75, -3.575, 7.9], "rotation": [0, 14.25, 0], "uv": [23, 156]},
						{"origin": [-4.1, -5.075, 4.025], "size": [3, 3, 7], "pivot": [-2.75, -3.575, 7.9], "rotation": [0, -6.5, 0], "uv": [76, 154]},
						{"origin": [-5.65, -5, 3.725], "size": [3, 3, 7], "pivot": [-2.75, -3.5, 7.9], "rotation": [0, 4.5, 0], "uv": [151, 41]}
					]
				},
				{
					"name": "leg_left_front",
					"parent": "gougingfire2",
					"pivot": [5, 16, -4.5],
					"cubes": [
						{"origin": [1.5, 8, -8.5], "size": [7, 12, 8], "uv": [0, 116]}
					]
				},
				{
					"name": "leg_left_front2",
					"parent": "leg_left_front",
					"pivot": [5, 8, -4.5],
					"cubes": [
						{"origin": [2, 3, -7.5], "size": [6, 6, 6], "uv": [131, 143]},
						{"origin": [3.5, 4.425, -8.3], "size": [3, 2, 1], "uv": [138, 55]}
					]
				},
				{
					"name": "leg_left_front3",
					"parent": "leg_left_front2",
					"pivot": [5, 3.25, -3.5],
					"cubes": [
						{"origin": [3, 0.675, -8.3], "size": [4, 3, 1], "uv": [137, 55]},
						{"origin": [2, -1, -7.5], "size": [6, 5, 6], "inflate": 0.01, "uv": [150, 60]},
						{"origin": [2, -5.275, -1.8], "size": [6, 2, 0], "pivot": [5, -0.825, -17.5], "rotation": [10.5, 0, 0], "uv": [35, 9]},
						{"origin": [7.95, -2.325, -7.5], "size": [0, 4, 6], "pivot": [8, 0.175, -4.5], "rotation": [1.45794, -7.14285, -19.80662], "uv": [171, 83]},
						{"origin": [2, -1.35, -7.875], "size": [6, 3, 0], "pivot": [5, -0.825, -7.5], "rotation": [-10.5, 0, 0], "uv": [74, 49]},
						{"origin": [1.55, 0.675, -6.425], "size": [0, 4, 6], "pivot": [-6.5, 0.175, -4.5], "rotation": [1.45794, 7.14285, 19.80662], "uv": [171, 6]}
					]
				},
				{
					"name": "leg_left_front4",
					"parent": "leg_left_front3",
					"pivot": [5, -0.5, -5.35],
					"cubes": [
						{"origin": [7.97646, -3.475, -11.95018], "size": [0, 3, 2], "pivot": [0, -1.9375, -9.35595], "rotation": [17.25063, -13.63344, -4.18616], "uv": [182, 120]},
						{"origin": [5.475, -3.075, -8.9], "size": [3, 3, 7], "pivot": [6.5, -1.575, -5.175], "rotation": [0, -14.25, 0], "uv": [159, 105]},
						{"origin": [1.6, -3.075, -9.05], "size": [3, 3, 7], "pivot": [3.5, -1.575, -5.175], "rotation": [0, 6.5, 0], "uv": [158, 27]},
						{"origin": [2.55326, -3.475, -10.23356], "size": [0, 3, 2], "pivot": [0, -1.9375, -9.35595], "rotation": [16.85224, 6.2231, 1.88068], "uv": [180, 42]},
						{"origin": [3.4, -3, -9.35], "size": [3, 3, 7], "pivot": [3.5, -1.5, -5.175], "rotation": [0, -4.5, 0], "uv": [157, 91]},
						{"origin": [5.25255, -3.4, -11.18888], "size": [0, 3, 2], "pivot": [0, -1.9375, -9.35595], "rotation": [16.79888, -4.3087, -1.29933], "uv": [180, 106]}
					]
				},
				{
					"name": "leg_right_front",
					"parent": "gougingfire2",
					"pivot": [-5, 16, -4.5],
					"cubes": [
						{"origin": [-8.5, 8, -8.5], "size": [7, 12, 8], "uv": [66, 115]}
					]
				},
				{
					"name": "leg_right_front2",
					"parent": "leg_right_front",
					"pivot": [-5, 8, -4.5],
					"cubes": [
						{"origin": [-8, 3, -7.5], "size": [6, 6, 6], "uv": [106, 143]},
						{"origin": [-6.5, 4.425, -8.3], "size": [3, 2, 1], "uv": [137, 72]}
					]
				},
				{
					"name": "leg_right_front3",
					"parent": "leg_right_front2",
					"pivot": [-5, 3.25, -3.5],
					"cubes": [
						{"origin": [-7, 0.675, -8.3], "size": [4, 3, 1], "uv": [136, 72]},
						{"origin": [-8, -5.275, -1.8], "size": [6, 2, 0], "pivot": [-5, -0.825, -17.5], "rotation": [10.5, 0, 0], "uv": [29, 79]},
						{"origin": [-7.95, -2.325, -7.5], "size": [0, 4, 6], "pivot": [-8, 0.175, -4.5], "rotation": [1.45794, 7.14285, 19.80662], "uv": [135, 171]},
						{"origin": [-8, -1.35, -7.875], "size": [6, 3, 0], "pivot": [-5, -0.825, -7.5], "rotation": [-10.5, 0, 0], "uv": [76, 24]},
						{"origin": [-1.55, 0.675, -6.425], "size": [0, 4, 6], "pivot": [6.5, 0.175, -4.5], "rotation": [1.45794, -7.14285, -19.80662], "uv": [172, 17]},
						{"origin": [-8, -1, -7.5], "size": [6, 5, 6], "inflate": 0.01, "uv": [150, 0]}
					]
				},
				{
					"name": "leg_right_front4",
					"parent": "leg_right_front3",
					"pivot": [-5, -0.5, -5.35],
					"cubes": [
						{"origin": [-7.97646, -3.475, -11.95018], "size": [0, 3, 2], "pivot": [0, -1.9375, -9.35595], "rotation": [17.25063, 13.63344, 4.18616], "uv": [182, 120], "mirror": true},
						{"origin": [-5.25255, -3.4, -11.18888], "size": [0, 3, 2], "pivot": [0, -1.9375, -9.35595], "rotation": [16.79888, 4.3087, 1.29933], "uv": [180, 106], "mirror": true},
						{"origin": [-2.55326, -3.475, -10.23356], "size": [0, 3, 2], "pivot": [0, -1.9375, -9.35595], "rotation": [16.85224, -6.2231, -1.88068], "uv": [180, 42], "mirror": true},
						{"origin": [-8.475, -3.075, -8.9], "size": [3, 3, 7], "pivot": [-6.5, -1.575, -5.175], "rotation": [0, 14.25, 0], "uv": [157, 12]},
						{"origin": [-4.6, -3.075, -9.05], "size": [3, 3, 7], "pivot": [-3.5, -1.575, -5.175], "rotation": [0, -6.5, 0], "uv": [118, 156]},
						{"origin": [-6.4, -3, -9.35], "size": [3, 3, 7], "pivot": [-3.5, -1.5, -5.175], "rotation": [0, 4.5, 0], "uv": [97, 156]}
					]
				}
			]
		}
	]
}