{
	"format_version": "1.12.0",
	"minecraft:geometry": [
		{
			"description": {
				"identifier": "geometry.hakamo-o",
				"texture_width": 128,
				"texture_height": 64,
				"visible_bounds_width": 5,
				"visible_bounds_height": 4.5,
				"visible_bounds_offset": [0, 1.75, 0]
			},
			"bones": [
				{
					"name": "hakamo_o",
					"pivot": [0, 0, 0]
				},
				{
					"name": "body",
					"parent": "hakamo_o",
					"pivot": [0, 19.5, 0]
				},
				{
					"name": "torso",
					"parent": "body",
					"pivot": [0, 12, 1],
					"cubes": [
						{"origin": [-2.5, 10, -2], "size": [5, 7, 6], "uv": [31, 14]},
						{"origin": [-2, 10, -2], "size": [4, 7, 6], "inflate": 0.01, "uv": [60, 20]}
					]
				},
				{
					"name": "torso2",
					"parent": "torso",
					"pivot": [0, 16.5, 0.5],
					"cubes": [
						{"origin": [-2, 15.5, -1], "size": [4, 7, 4], "uv": [44, 0]}
					]
				},
				{
					"name": "shoulder_flap_right_pos",
					"parent": "torso2",
					"pivot": [-2, 22.5, -0.5],
					"rotation": [0, -35, 0]
				},
				{
					"name": "shoulder_flap_right",
					"parent": "shoulder_flap_right_pos",
					"pivot": [-2, 22.5, -0.5],
					"cubes": [
						{"origin": [-6, 22.5, -2], "size": [4, 0, 3], "uv": [67, 9]}
					]
				},
				{
					"name": "shoulder_flap_left_pos",
					"parent": "torso2",
					"pivot": [2, 22.5, -0.5],
					"rotation": [0, 35, 0]
				},
				{
					"name": "shoulder_flap_left",
					"parent": "shoulder_flap_left_pos",
					"pivot": [2, 22.5, -0.5],
					"cubes": [
						{"origin": [2, 22.5, -2], "size": [4, 0, 3], "uv": [26, 15]}
					]
				},
				{
					"name": "shoulder_flap_left2_pos",
					"parent": "torso2",
					"pivot": [1.5, 22.5, 2.5],
					"rotation": [0, -35, 0]
				},
				{
					"name": "shoulder_flap_left2",
					"parent": "shoulder_flap_left2_pos",
					"pivot": [1.5, 22.5, 2.5],
					"cubes": [
						{"origin": [1.5, 22.5, 1], "size": [4, 0, 3], "uv": [31, 4]}
					]
				},
				{
					"name": "shoulder_flap_right2_pos",
					"parent": "torso2",
					"pivot": [-1.5, 22.5, 2.5],
					"rotation": [0, 35, 0]
				},
				{
					"name": "shoulder_flap_right2",
					"parent": "shoulder_flap_right2_pos",
					"pivot": [-1.5, 22.5, 2.5],
					"cubes": [
						{"origin": [-5.5, 22.5, 1], "size": [4, 0, 3], "uv": [15, 7]}
					]
				},
				{
					"name": "arm_left",
					"parent": "torso2",
					"pivot": [1.5, 21, 1],
					"cubes": [
						{"origin": [1, 20, 0], "size": [6, 2, 2], "uv": [99, 13]}
					]
				},
				{
					"name": "arm_scale_left",
					"parent": "arm_left",
					"pivot": [2, 22, 1],
					"cubes": [
						{"origin": [2, 22, -1], "size": [6, 0, 4], "uv": [56, 5]}
					]
				},
				{
					"name": "arm_left2",
					"parent": "arm_left",
					"pivot": [7, 21, 2],
					"cubes": [
						{"origin": [7, 20, -0.5], "size": [7, 2, 3], "uv": [40, 28]}
					]
				},
				{
					"name": "hand_left",
					"parent": "arm_left2",
					"pivot": [13.5, 20.75, 1],
					"cubes": [
						{"origin": [13, 19.25, -1.5], "size": [6, 3, 5], "uv": [29, 33]}
					]
				},
				{
					"name": "hand_scale_left",
					"parent": "hand_left",
					"pivot": [13, 22.25, 1],
					"cubes": [
						{"origin": [13, 22.25, -2.5], "size": [8, 0, 7], "uv": [21, 7]}
					]
				},
				{
					"name": "finger_left",
					"parent": "hand_left",
					"pivot": [19, 21.5, 1],
					"cubes": [
						{"origin": [19, 19.5, 1], "size": [3, 2, 0], "uv": [53, 24]}
					]
				},
				{
					"name": "finger_left2",
					"parent": "hand_left",
					"pivot": [19, 21.5, -0.5],
					"cubes": [
						{"origin": [19, 19.5, -0.5], "size": [3, 2, 0], "uv": [53, 22]}
					]
				},
				{
					"name": "finger_left3",
					"parent": "hand_left",
					"pivot": [19, 21.5, 2.5],
					"cubes": [
						{"origin": [19, 19.5, 2.5], "size": [3, 2, 0], "uv": [53, 20]}
					]
				},
				{
					"name": "finger_left4",
					"parent": "hand_left",
					"pivot": [17.5, 21.5, -1.5],
					"cubes": [
						{"origin": [17.5, 19.5, -4.5], "size": [0, 2, 3], "uv": [20, 11]}
					]
				},
				{
					"name": "arm_scale_left2",
					"parent": "arm_left2",
					"pivot": [7, 22, 1],
					"cubes": [
						{"origin": [7, 22, -1.5], "size": [7, 0, 5], "uv": [55, 0]}
					]
				},
				{
					"name": "arm_right",
					"parent": "torso2",
					"pivot": [-1.5, 21, 1],
					"cubes": [
						{"origin": [-7, 20, 0], "size": [6, 2, 2], "uv": [59, 16], "mirror": true}
					]
				},
				{
					"name": "arm_scale_right",
					"parent": "arm_right",
					"pivot": [-2, 22, 1],
					"cubes": [
						{"origin": [-7, 21, -2], "size": [5, 0, 4], "inflate": 0.001, "uv": [56, 8]},
						{"origin": [-8, 22, -1], "size": [6, 0, 4], "uv": [68, 5], "mirror": true}
					]
				},
				{
					"name": "arm_right2",
					"parent": "arm_right",
					"pivot": [-7, 21, 2],
					"cubes": [
						{"origin": [-14, 20, -0.5], "size": [7, 2, 3], "uv": [17, 46], "mirror": true}
					]
				},
				{
					"name": "hand_right",
					"parent": "arm_right2",
					"pivot": [-13.5, 20.75, 1],
					"cubes": [
						{"origin": [-19, 19.25, -1.5], "size": [6, 3, 5], "uv": [0, 46], "mirror": true}
					]
				},
				{
					"name": "hand_scale_right",
					"parent": "hand_right",
					"pivot": [-13, 22.25, 1],
					"cubes": [
						{"origin": [-21, 22.25, -2.5], "size": [8, 0, 7], "uv": [11, 0], "mirror": true}
					]
				},
				{
					"name": "finger_right",
					"parent": "hand_right",
					"pivot": [-19, 21.5, 1],
					"cubes": [
						{"origin": [-22, 19.5, 1], "size": [3, 2, 0], "uv": [59, 24], "mirror": true}
					]
				},
				{
					"name": "finger_right2",
					"parent": "hand_right",
					"pivot": [-19, 21.5, -0.5],
					"cubes": [
						{"origin": [-22, 19.5, -0.5], "size": [3, 2, 0], "uv": [59, 22], "mirror": true}
					]
				},
				{
					"name": "finger_right3",
					"parent": "hand_right",
					"pivot": [-19, 21.5, 2.5],
					"cubes": [
						{"origin": [-22, 19.5, 2.5], "size": [3, 2, 0], "uv": [59, 20], "mirror": true}
					]
				},
				{
					"name": "finger_right4",
					"parent": "hand_right",
					"pivot": [-17.5, 21.5, -1.5],
					"cubes": [
						{"origin": [-17.5, 19.5, -4.5], "size": [0, 2, 3], "uv": [20, 13], "mirror": true}
					]
				},
				{
					"name": "arm_scale_right2",
					"parent": "arm_right2",
					"pivot": [-7, 22, 1],
					"cubes": [
						{"origin": [-14, 22, -1.5], "size": [7, 0, 5], "uv": [69, 0], "mirror": true}
					]
				},
				{
					"name": "tuft",
					"parent": "torso2",
					"pivot": [0, 20, 3],
					"rotation": [5, 0, 0],
					"cubes": [
						{"origin": [0, 20, 3], "size": [0, 2, 4], "uv": [0, 23]}
					]
				},
				{
					"name": "tuft2",
					"parent": "tuft",
					"pivot": [0, 20.25, 3],
					"rotation": [-15, 0, 0],
					"cubes": [
						{"origin": [0, 19.25, 3], "size": [0, 1, 3], "inflate": 0.01, "uv": [14, 11]}
					]
				},
				{
					"name": "tuft3",
					"parent": "tuft2",
					"pivot": [0, 20.25, 3],
					"rotation": [-35, 0, 0],
					"cubes": [
						{"origin": [0, 19.25, 3], "size": [0, 1, 3], "uv": [0, 17]}
					]
				},
				{
					"name": "neck",
					"parent": "torso2",
					"pivot": [0, 21, 1],
					"cubes": [
						{"origin": [-1.5, 21, -1], "size": [3, 6, 3], "uv": [75, 11]}
					]
				},
				{
					"name": "neck_scale",
					"parent": "neck",
					"pivot": [0, 26, -1],
					"rotation": [72.5, 0, 0],
					"cubes": [
						{"origin": [-1.5, 26, -4], "size": [3, 0, 3], "uv": [39, 0]}
					]
				},
				{
					"name": "neck_scale2",
					"parent": "neck",
					"pivot": [0, 24, -1],
					"rotation": [72.5, 0, 0],
					"cubes": [
						{"origin": [-1.5, 24, -4], "size": [3, 0, 3], "uv": [0, 7]}
					]
				},
				{
					"name": "head",
					"parent": "neck",
					"pivot": [0, 26.5, -0.5],
					"cubes": [
						{"origin": [2, 26.5, -6], "size": [0, 2, 2], "inflate": 0.02, "uv": [0, 0]},
						{"origin": [-2, 26.5, -6], "size": [0, 2, 2], "inflate": 0.02, "uv": [6, 0]},
						{"origin": [-2, 26, -7.25], "size": [4, 4, 4], "inflate": 0.02, "pivot": [0, 26.5, -9], "rotation": [45, 0, 0], "uv": [101, 17]},
						{"origin": [-2, 28.5, -7], "size": [4, 3, 4], "inflate": 0.01, "uv": [58, 9]},
						{"origin": [-3, 26.5, -2], "size": [6, 6, 5], "uv": [1, 16]},
						{"origin": [-3, 28.5, -4], "size": [6, 4, 2], "uv": [59, 33]}
					]
				},
				{
					"name": "crest",
					"parent": "head",
					"pivot": [0, 31.5, -5.25],
					"rotation": [-45, 0, 0],
					"cubes": [
						{"origin": [-3.5, 31.5, -5.25], "size": [7, 13, 0], "uv": [101, 0]}
					]
				},
				{
					"name": "ear_left",
					"parent": "head",
					"pivot": [2.5, 31.5, 1.5],
					"rotation": [0, -35, -17.5],
					"cubes": [
						{"origin": [2.5, 31, 1.5], "size": [4, 2, 0], "inflate": 0.01, "uv": [47, 18]}
					]
				},
				{
					"name": "ear_left2",
					"parent": "ear_left",
					"pivot": [2.5, 31.5, 1.5],
					"rotation": [0, 0, 15],
					"cubes": [
						{"origin": [2.5, 30.5, 1.5], "size": [3, 1, 0], "uv": [31, 18]}
					]
				},
				{
					"name": "ear_right",
					"parent": "head",
					"pivot": [-2.5, 31.5, 1.5],
					"rotation": [0, 35, 17.5],
					"cubes": [
						{"origin": [-6.5, 31, 1.5], "size": [4, 2, 0], "inflate": 0.01, "uv": [29, 41]}
					]
				},
				{
					"name": "ear_right2",
					"parent": "ear_right",
					"pivot": [-2.5, 31.5, 1.5],
					"rotation": [0, 0, -15],
					"cubes": [
						{"origin": [-5.5, 30.5, 1.5], "size": [3, 1, 0], "uv": [31, 19]}
					]
				},
				{
					"name": "eye_left",
					"parent": "head",
					"pivot": [2.51, 29.75, -1],
					"rotation": [17.5, 0, 0],
					"cubes": [
						{"origin": [3.02, 28.75, -3.5], "size": [0, 3, 4], "inflate": 0.01, "uv": [92, 2]}
					]
				},
				{
					"name": "eyelid_left",
					"parent": "eye_left",
					"pivot": [-0.6, 24.75, -0.5],
					"cubes": [
						{"origin": [2.92, 28.75, -3.5], "size": [0, 3, 4], "inflate": 0.02, "uv": [0, 36]}
					]
				},
				{
					"name": "eye_right",
					"parent": "head",
					"pivot": [-2.51, 29.75, -1],
					"rotation": [17.5, 0, 0],
					"cubes": [
						{"origin": [-3.02, 28.75, -3.5], "size": [0, 3, 4], "inflate": 0.01, "uv": [0, 0]}
					]
				},
				{
					"name": "eyelid_right",
					"parent": "eye_right",
					"pivot": [-3.41, 29.75, -1],
					"cubes": [
						{"origin": [-2.92, 28.75, -3.5], "size": [0, 3, 4], "inflate": 0.02, "uv": [0, 39]}
					]
				},
				{
					"name": "jaw",
					"parent": "head",
					"pivot": [0, 28.5, -2],
					"cubes": [
						{"origin": [3, 27.5, -4], "size": [0, 2, 2], "inflate": 0.02, "uv": [6, 12]},
						{"origin": [-3, 27.5, -4], "size": [0, 2, 2], "inflate": 0.02, "uv": [10, 12], "mirror": true},
						{"origin": [-2, 26.5, -7], "size": [4, 2, 3], "uv": [47, 13]},
						{"origin": [-3, 26.5, -4], "size": [6, 2, 2], "inflate": 0.01, "uv": [37, 48]}
					]
				},
				{
					"name": "tail",
					"parent": "torso",
					"pivot": [0, 10, 2.5],
					"cubes": [
						{"origin": [-2, 8, -1.5], "size": [4, 4, 10], "uv": [0, 0]}
					]
				},
				{
					"name": "tail2",
					"parent": "tail",
					"pivot": [0, 10, 8],
					"cubes": [
						{"origin": [-1.5, 8.5, 6.5], "size": [3, 3, 10], "uv": [13, 33]}
					]
				},
				{
					"name": "tail3",
					"parent": "tail2",
					"pivot": [0, 10, 15.5],
					"cubes": [
						{"origin": [-1, 9, 14.5], "size": [2, 2, 9], "uv": [79, 0]}
					]
				},
				{
					"name": "tail4",
					"parent": "tail3",
					"pivot": [0, 10, 23],
					"cubes": [
						{"origin": [0, 7, 22.5], "size": [0, 6, 7], "uv": [87, 10]}
					]
				},
				{
					"name": "leg_left_pos",
					"parent": "body",
					"pivot": [3, 10.75, 1],
					"rotation": [65, 0, 0]
				},
				{
					"name": "leg_left",
					"parent": "leg_left_pos",
					"pivot": [3, 10.75, 1],
					"cubes": [
						{"origin": [1, 8.25, -5], "size": [4, 6, 9], "uv": [14, 18]}
					]
				},
				{
					"name": "leg_left2",
					"parent": "leg_left",
					"pivot": [3, 8.25, -4.5],
					"rotation": [10, 0, 0],
					"cubes": [
						{"origin": [2, 3.25, -4.5], "size": [2, 5, 2], "inflate": 0.001, "uv": [0, 29]}
					]
				},
				{
					"name": "leg_left3",
					"parent": "leg_left2",
					"pivot": [3, 3.25, -4.5],
					"rotation": [-12.5, 0, 0],
					"cubes": [
						{"origin": [2, 3.25, -8.5], "size": [2, 2, 4], "uv": [87, 11]}
					]
				},
				{
					"name": "foot_left",
					"parent": "leg_left3",
					"pivot": [3, 3.25, -8.5],
					"rotation": [-62.5, 0, 0],
					"cubes": [
						{"origin": [1.5, 3.25, -11.5], "size": [3, 2, 3], "uv": [83, 23]}
					]
				},
				{
					"name": "claw_left3",
					"parent": "foot_left",
					"pivot": [2, 5.25, -11.5],
					"rotation": [0, 12.5, 0],
					"cubes": [
						{"origin": [2, 3.25, -14.5], "size": [0, 2, 3], "uv": [0, 15]}
					]
				},
				{
					"name": "claw_left2",
					"parent": "foot_left",
					"pivot": [3, 5.25, -11.5],
					"cubes": [
						{"origin": [3, 3.25, -14.5], "size": [0, 2, 3], "uv": [0, 13]}
					]
				},
				{
					"name": "claw_left",
					"parent": "foot_left",
					"pivot": [4, 5.25, -11.5],
					"rotation": [0, -12.5, 0],
					"cubes": [
						{"origin": [4, 3.25, -14.5], "size": [0, 2, 3], "uv": [0, 11]}
					]
				},
				{
					"name": "leg_right_pos",
					"parent": "body",
					"pivot": [-3, 10.75, 1],
					"rotation": [65, 0, 0]
				},
				{
					"name": "leg_right",
					"parent": "leg_right_pos",
					"pivot": [-3, 10.75, 1],
					"cubes": [
						{"origin": [-5, 8.25, -5], "size": [4, 6, 9], "uv": [42, 33], "mirror": true}
					]
				},
				{
					"name": "leg_right2",
					"parent": "leg_right",
					"pivot": [-3, 8.25, -4.5],
					"rotation": [10, 0, 0],
					"cubes": [
						{"origin": [-4, 3.25, -4.5], "size": [2, 5, 2], "inflate": 0.001, "uv": [8, 33], "mirror": true}
					]
				},
				{
					"name": "leg_right3",
					"parent": "leg_right2",
					"pivot": [-3, 3.25, -4.5],
					"rotation": [-12.5, 0, 0],
					"cubes": [
						{"origin": [-4, 3.25, -8.5], "size": [2, 2, 4], "uv": [74, 20], "mirror": true}
					]
				},
				{
					"name": "foot_right",
					"parent": "leg_right3",
					"pivot": [-3, 3.25, -8.5],
					"rotation": [-62.5, 0, 0],
					"cubes": [
						{"origin": [-4.5, 3.25, -11.5], "size": [3, 2, 3], "uv": [92, 25], "mirror": true}
					]
				},
				{
					"name": "claw_right3",
					"parent": "foot_right",
					"pivot": [-2, 5.25, -11.5],
					"rotation": [0, -12.5, 0],
					"cubes": [
						{"origin": [-2, 3.25, -14.5], "size": [0, 2, 3], "uv": [8, 28], "mirror": true}
					]
				},
				{
					"name": "claw_right2",
					"parent": "foot_right",
					"pivot": [-3, 5.25, -11.5],
					"cubes": [
						{"origin": [-3, 3.25, -14.5], "size": [0, 2, 3], "uv": [8, 26], "mirror": true}
					]
				},
				{
					"name": "claw_right",
					"parent": "foot_right",
					"pivot": [-4, 5.25, -11.5],
					"rotation": [0, 12.5, 0],
					"cubes": [
						{"origin": [-4, 3.25, -14.5], "size": [0, 2, 3], "uv": [8, 24], "mirror": true}
					]
				}
			]
		}
	]
}