{
	"format_version": "1.12.0",
	"minecraft:geometry": [
		{
			"description": {
				"identifier": "geometry.hattrem",
				"texture_width": 128,
				"texture_height": 128,
				"visible_bounds_width": 4,
				"visible_bounds_height": 3.5,
				"visible_bounds_offset": [0, 1.25, 0]
			},
			"bones": [
				{
					"name": "hattrem",
					"pivot": [0, 0, 0]
				},
				{
					"name": "body",
					"parent": "hattrem",
					"pivot": [0, 1, 0],
					"cubes": [
						{"origin": [-4, 10.75, -3.5], "size": [8, 7, 7], "uv": [61, 0]},
						{"origin": [-1.5, 11.55, -3.5], "size": [3, 1, 0], "inflate": 0.005, "uv": [16, 1]},
						{"origin": [-0.5, 11.05, -3.5], "size": [1, 1, 0], "inflate": 0.005, "uv": [17, 0]},
						{"origin": [-3.9, 13, -3.5], "size": [3, 3, 0], "inflate": 0.01, "uv": [37, 41]},
						{"origin": [-2.9, 14.95, -3.5], "size": [1, 1, 0], "inflate": 0.03, "uv": [16, 0]},
						{"origin": [1.9, 14.975, -3.5], "size": [1, 1, 0], "inflate": 0.03, "uv": [0, 14]},
						{"origin": [-2.9, 13.5, -3.5], "size": [1, 2, 0], "inflate": 0.04, "uv": [14, 0]},
						{"origin": [-3.55, 14.75, -3.5], "size": [1, 1, 0], "inflate": 0.02, "uv": [16, 8]},
						{"origin": [2.55, 14.75, -3.5], "size": [1, 1, 0], "inflate": 0.02, "uv": [16, 3]},
						{"origin": [-2.25, 14.75, -3.5], "size": [1, 1, 0], "inflate": 0.02, "uv": [16, 4]},
						{"origin": [1.25, 14.75, -3.5], "size": [1, 1, 0], "inflate": 0.02, "uv": [16, 2]},
						{"origin": [0.9, 13, -3.5], "size": [3, 3, 0], "inflate": 0.01, "uv": [11, 12]},
						{"origin": [1.9, 13.5, -3.5], "size": [1, 2, 0], "inflate": 0.04, "uv": [0, 12]}
					]
				},
				{
					"name": "torso",
					"parent": "body",
					"pivot": [0, 11.3, 0],
					"cubes": [
						{"origin": [-1.5, 7.25, -1], "size": [3, 4, 2], "uv": [0, 57]},
						{"origin": [-1, 7.25, -1], "size": [2, 4, 0], "inflate": 0.01, "uv": [0, 33]},
						{"origin": [-2, 4.25, -1.5], "size": [4, 3, 3], "uv": [0, 12]}
					]
				},
				{
					"name": "arm_right",
					"parent": "torso",
					"pivot": [-1.5, 9.75, 0],
					"cubes": [
						{"origin": [-4.5, 9.25, -0.5], "size": [4, 1, 1], "uv": [0, 63]}
					]
				},
				{
					"name": "arm_right2",
					"parent": "arm_right",
					"pivot": [-4.5, 9.75, 0.5],
					"cubes": [
						{"origin": [-8.5, 9.25, -0.5], "size": [4, 1, 1], "uv": [61, 61]}
					]
				},
				{
					"name": "arm_left",
					"parent": "torso",
					"pivot": [1.5, 9.75, 0],
					"cubes": [
						{"origin": [0.5, 9.25, -0.5], "size": [4, 1, 1], "uv": [61, 59]}
					]
				},
				{
					"name": "arm_left2",
					"parent": "arm_left",
					"pivot": [4.5, 9.75, 0.5],
					"cubes": [
						{"origin": [4.5, 9.25, -0.5], "size": [4, 1, 1], "uv": [61, 57]}
					]
				},
				{
					"name": "leg_right",
					"parent": "torso",
					"pivot": [-1, 4.25, 0],
					"cubes": [
						{"origin": [-1.5, 2.25, 0], "size": [1, 2, 0], "uv": [0, 6]}
					]
				},
				{
					"name": "leg_left",
					"parent": "torso",
					"pivot": [1, 4.25, 0],
					"cubes": [
						{"origin": [0.5, 2.25, 0], "size": [1, 2, 0], "uv": [0, 0]}
					]
				},
				{
					"name": "hat_right",
					"parent": "body",
					"pivot": [-6.5, 10.56333, 6.8785],
					"cubes": [
						{"origin": [-7.74831, 6.50105, 4.89235], "size": [3, 5, 3], "pivot": [-4.5, 11.06333, 6.6285], "rotation": [15, 0, 15], "uv": [50, 30]}
					]
				},
				{
					"name": "hatright_right",
					"parent": "hat_right",
					"pivot": [-6.5, 7.05, 6.85],
					"rotation": [0, 17.5, 0],
					"cubes": [
						{"origin": [-19.94917, 0.15423, 6.35575], "size": [6, 4, 2], "pivot": [-13.98128, 1.075, 7.35266], "rotation": [-1.34196, 0.55954, 9.88745], "uv": [0, 6]},
						{"origin": [-17.98128, 4.2, 6.85266], "size": [4, 3, 1], "pivot": [-13.98128, 4.2, 7.85266], "rotation": [0, 0, 22.5], "uv": [61, 14]},
						{"origin": [-14.23128, 0.05, 3.35266], "size": [10, 8, 8], "uv": [36, 41]}
					]
				},
				{
					"name": "hat_left",
					"parent": "body",
					"pivot": [6.5, 10.56333, 6.8785],
					"cubes": [
						{"origin": [4.74831, 6.50105, 4.89235], "size": [3, 5, 3], "pivot": [4.5, 11.06333, 6.6285], "rotation": [15, 0, -15], "uv": [28, 41]}
					]
				},
				{
					"name": "hat_left2",
					"parent": "hat_left",
					"pivot": [6.5, 7.05, 6.85],
					"rotation": [0, -17.5, 0],
					"cubes": [
						{"origin": [13.94917, 0.15423, 6.35575], "size": [6, 4, 2], "pivot": [13.98128, 1.075, 7.35266], "rotation": [-1.34196, -0.55954, -9.88745], "uv": [0, 0]},
						{"origin": [13.98128, 4.2, 6.85266], "size": [4, 3, 1], "pivot": [13.98128, 4.2, 7.85266], "rotation": [0, 0, -22.5], "uv": [47, 26]},
						{"origin": [4.23128, 0.05, 3.35266], "size": [10, 8, 8], "uv": [0, 41]}
					]
				},
				{
					"name": "hat",
					"parent": "body",
					"pivot": [0, 16.31333, 0.6285],
					"rotation": [-22.5, 0, 0],
					"cubes": [
						{"origin": [-10.5, 12.41394, -5.45213], "size": [5, 3, 12], "inflate": -0.01, "pivot": [-7.5, 11.06333, 6.1285], "rotation": [-5.25, 0, 0], "uv": [0, 57]},
						{"origin": [5.5, 12.41394, -5.45213], "size": [5, 3, 12], "inflate": -0.01, "pivot": [7.5, 11.06333, 6.1285], "rotation": [-5.25, 0, 0], "uv": [50, 26]},
						{"origin": [-4.5, 21.98721, -4.25419], "size": [9, 4, 9], "uv": [34, 57]},
						{"origin": [-10.5, 13.3699, -9.33031], "size": [21, 2, 5], "uv": [0, 26]},
						{"origin": [-10.5, 15.3699, -9.33031], "size": [21, 7, 19], "inflate": 0.01, "uv": [0, 0]},
						{"origin": [-3.5, 11.90687, -11.58615], "size": [7, 8, 3], "inflate": 0.01, "pivot": [0, 20.8949, -9.35531], "rotation": [7.5, 0, 0], "uv": [31, 70]}
					]
				},
				{
					"name": "hat2",
					"parent": "hat",
					"pivot": [0, 25.06333, -3.8715],
					"rotation": [-20, 0, 0],
					"cubes": [
						{"origin": [-3.5, 25.80061, -4.54709], "size": [7, 5, 7], "uv": [63, 63]}
					]
				},
				{
					"name": "hat3",
					"parent": "hat2",
					"pivot": [0, 30.81333, -4.5465],
					"rotation": [-10, 0, 0],
					"cubes": [
						{"origin": [-2.5, 30.8007, -4.54487], "size": [5, 4, 5], "uv": [22, 57]}
					]
				},
				{
					"name": "hat4",
					"parent": "hat3",
					"pivot": [0, 34.8007, -4.54487],
					"rotation": [-50, 0, 0],
					"cubes": [
						{"origin": [-1, 34.8007, -4.54487], "size": [2, 4, 2], "uv": [0, 41]}
					]
				},
				{
					"name": "hat8",
					"parent": "hat4",
					"pivot": [0, 38.8007, -4.54487],
					"rotation": [-60, 0, 0],
					"cubes": [
						{"origin": [-0.5, 38.8007, -4.54487], "size": [1, 3, 1], "inflate": 0.01, "uv": [0, 26]}
					]
				},
				{
					"name": "hat9",
					"parent": "hat8",
					"pivot": [0, 41.8007, -3.54487],
					"rotation": [70, 0, 0],
					"cubes": [
						{"origin": [-0.5, 41.8007, -4.54487], "size": [1, 2, 1], "uv": [15, 5]},
						{"origin": [-0.5, 43.8007, -4.54487], "size": [1, 3, 1], "inflate": -0.01, "pivot": [0, 43.8007, -4.54487], "rotation": [-82.5, 0, 0], "uv": [14, 15]}
					]
				},
				{
					"name": "hat5",
					"parent": "hat",
					"pivot": [0, 11.06333, 6.1285],
					"rotation": [25.5, 0, 0],
					"cubes": [
						{"origin": [-10.5, 12.00963, 7.17946], "size": [21, 4, 4], "uv": [0, 33]}
					]
				}
			]
		}
	]
}