{
	"format_version": "1.12.0",
	"minecraft:geometry": [
		{
			"description": {
				"identifier": "geometry.heliolisk",
				"texture_width": 64,
				"texture_height": 64,
				"visible_bounds_width": 4,
				"visible_bounds_height": 3.5,
				"visible_bounds_offset": [0, 1.25, 0]
			},
			"bones": [
				{
					"name": "heliolisk",
					"pivot": [0, 0, 0]
				},
				{
					"name": "body",
					"parent": "heliolisk",
					"pivot": [0, 0, 0]
				},
				{
					"name": "torso",
					"parent": "body",
					"pivot": [0, 0, 0],
					"cubes": [
						{"origin": [-3, 6, -2.5], "size": [6, 5, 5], "uv": [0, 0]}
					]
				},
				{
					"name": "upper_body",
					"parent": "torso",
					"pivot": [0, 10.6, 2.4],
					"cubes": [
						{"origin": [-2.5, 10.5, -2.5], "size": [5, 6, 5], "inflate": -0.1, "uv": [0, 10]}
					]
				},
				{
					"name": "right_arm",
					"parent": "upper_body",
					"pivot": [-2.4, 15.3, 0],
					"cubes": [
						{"origin": [-6, 14.5, -0.5], "size": [4, 1, 1], "uv": [51, 39]}
					]
				},
				{
					"name": "right_arm2",
					"parent": "right_arm",
					"pivot": [-6, 15, 0.5],
					"cubes": [
						{"origin": [-10, 14.52, -0.5], "size": [4, 1, 1], "uv": [50, 31]}
					]
				},
				{
					"name": "right_fingers",
					"parent": "right_arm2",
					"pivot": [-10, 15, 0]
				},
				{
					"name": "right_finger",
					"parent": "right_fingers",
					"pivot": [-10, 15, 0],
					"cubes": [
						{"origin": [-12, 14.5, 0], "size": [2, 1, 0], "uv": [30, 17]}
					]
				},
				{
					"name": "right_finger2",
					"parent": "right_fingers",
					"pivot": [-10, 15, -0.4],
					"cubes": [
						{"origin": [-12, 14.5, -0.4], "size": [2, 1, 0], "pivot": [-10, 15, -0.4], "rotation": [0, -7.5, 0], "uv": [12, 26]}
					]
				},
				{
					"name": "right_finger3",
					"parent": "right_fingers",
					"pivot": [-10, 15, 0.4],
					"cubes": [
						{"origin": [-12, 14.5, 0.4], "size": [2, 1, 0], "pivot": [-10, 15, 0.4], "rotation": [0, 7.5, 0], "uv": [30, 8]}
					]
				},
				{
					"name": "left_arm",
					"parent": "upper_body",
					"pivot": [2.4, 15.3, 0],
					"cubes": [
						{"origin": [2, 14.5, -0.5], "size": [4, 1, 1], "uv": [51, 39], "mirror": true}
					]
				},
				{
					"name": "left_arm2",
					"parent": "left_arm",
					"pivot": [6, 15, 0.5],
					"cubes": [
						{"origin": [6, 14.52, -0.5], "size": [4, 1, 1], "uv": [50, 31], "mirror": true}
					]
				},
				{
					"name": "left_fingers",
					"parent": "left_arm2",
					"pivot": [10, 15, 0]
				},
				{
					"name": "left_finger",
					"parent": "left_fingers",
					"pivot": [10, 15, 0],
					"cubes": [
						{"origin": [10, 14.5, 0], "size": [2, 1, 0], "uv": [30, 17], "mirror": true}
					]
				},
				{
					"name": "left_finger2",
					"parent": "left_fingers",
					"pivot": [10, 15, -0.4],
					"cubes": [
						{"origin": [10, 14.5, -0.4], "size": [2, 1, 0], "pivot": [10, 15, -0.4], "rotation": [0, 7.5, 0], "uv": [12, 26], "mirror": true}
					]
				},
				{
					"name": "left_finger3",
					"parent": "left_fingers",
					"pivot": [10, 15, 0.4],
					"cubes": [
						{"origin": [10, 14.5, 0.4], "size": [2, 1, 0], "pivot": [10, 15, 0.4], "rotation": [0, -7.5, 0], "uv": [30, 8], "mirror": true}
					]
				},
				{
					"name": "neck",
					"parent": "upper_body",
					"pivot": [0, 16.4, 0],
					"cubes": [
						{"origin": [-1.5, 15.6, -1.5], "size": [3, 4, 3], "inflate": 0.02, "uv": [41, 18]}
					]
				},
				{
					"name": "neck2",
					"parent": "neck",
					"pivot": [0, 19.6, -1.5],
					"cubes": [
						{"origin": [-1.5, 19.6, -1.5], "size": [3, 4, 3], "inflate": -0.02, "uv": [28, 39]}
					]
				},
				{
					"name": "head",
					"parent": "neck2",
					"pivot": [0, 22.5, 0],
					"cubes": [
						{"origin": [-2.5, 22, -2.5], "size": [5, 5, 5], "uv": [15, 16]}
					]
				},
				{
					"name": "upper_jaw",
					"parent": "head",
					"pivot": [0, 26.1, -5.3],
					"cubes": [
						{"origin": [-2.5, 24, -4.5], "size": [5, 3, 2], "uv": [14, 39]},
						{"origin": [-2, 24, -7], "size": [4, 3, 3], "inflate": -0.01, "uv": [36, 8]}
					]
				},
				{
					"name": "lower_jaw",
					"parent": "head",
					"pivot": [0, 24, -2.5],
					"cubes": [
						{"origin": [-2.5, 22.01, -4.49], "size": [5, 2, 2], "inflate": -0.01, "uv": [42, 25]},
						{"origin": [-2, 22.02, -7], "size": [4, 2, 3], "inflate": -0.01, "uv": [0, 39]}
					]
				},
				{
					"name": "eyes",
					"parent": "head",
					"pivot": [0, 3.6, 0]
				},
				{
					"name": "left_eye",
					"parent": "eyes",
					"pivot": [0, 3.6, 0],
					"cubes": [
						{"origin": [2.515, 25, -3.5], "size": [0, 4, 3], "uv": [6, 48]},
						{"origin": [2.52, 26, -3], "size": [0, 2, 1], "uv": [12, 20]},
						{"origin": [2.525, 27.1, -3.5], "size": [0, 2, 3], "uv": [0, 22]},
						{"origin": [2.51, 25.1, -3.5], "size": [0, 4, 3], "uv": [27, 45]}
					]
				},
				{
					"name": "left_eyelid",
					"parent": "left_eye",
					"pivot": [-2.5, 24.1, 0],
					"cubes": [
						{"origin": [0.5, 22.1, -1.5], "size": [0, 4, 3], "uv": [10, 44]}
					]
				},
				{
					"name": "right_eye",
					"parent": "eyes",
					"pivot": [0, 3.6, 0],
					"cubes": [
						{"origin": [-2.5, 25, -3.5], "size": [0, 4, 3], "inflate": 0.01, "uv": [47, 45]},
						{"origin": [-2.51, 27.1, -3.5], "size": [0, 2, 3], "inflate": 0.01, "uv": [10, 27]},
						{"origin": [-2.49, 25.1, -3.5], "size": [0, 4, 3], "inflate": 0.01, "uv": [0, 47]}
					]
				},
				{
					"name": "right_pupil",
					"parent": "right_eye",
					"pivot": [0, 3.6, 0],
					"cubes": [
						{"origin": [-2.505, 26, -3], "size": [0, 2, 1], "inflate": 0.01, "uv": [12, 22]}
					]
				},
				{
					"name": "right_eyelid",
					"parent": "right_eye",
					"pivot": [2.5, 24.1, 0],
					"cubes": [
						{"origin": [-0.5, 22.1, -1.5], "size": [0, 4, 3], "uv": [10, 44], "mirror": true}
					]
				},
				{
					"name": "main_frill",
					"parent": "neck2",
					"pivot": [0, 23.6, 1]
				},
				{
					"name": "main_frill2",
					"parent": "main_frill",
					"pivot": [0, 23.6, 0],
					"rotation": [0, -45, 0],
					"cubes": [
						{"origin": [-1.5, 23.6, -1.5], "size": [3, 0, 3], "uv": [32, 21]}
					]
				},
				{
					"name": "frill",
					"parent": "main_frill2",
					"pivot": [0, 23.6, 1.5],
					"cubes": [
						{"origin": [-2.5, 20.6, 1.5], "size": [5, 3, 0], "uv": [47, 7]}
					]
				},
				{
					"name": "frill9",
					"parent": "frill",
					"pivot": [0, 20.6, 1.5],
					"cubes": [
						{"origin": [-3.5, 16.6, 1.5], "size": [7, 4, 0], "uv": [40, 41]}
					]
				},
				{
					"name": "frill17",
					"parent": "frill9",
					"pivot": [0, 16.6, 1.5],
					"cubes": [
						{"origin": [-2.5, 14.6, 1.5], "size": [5, 2, 0], "uv": [50, 12]}
					]
				},
				{
					"name": "frill2",
					"parent": "main_frill2",
					"pivot": [-1.5, 23.6, 0],
					"cubes": [
						{"origin": [-1.5, 20.6, -2.5], "size": [0, 3, 5], "uv": [10, 39]}
					]
				},
				{
					"name": "frill10",
					"parent": "frill2",
					"pivot": [-1.5, 20.6, 0],
					"cubes": [
						{"origin": [-1.5, 16.6, -3.5], "size": [0, 4, 7], "uv": [28, 28]}
					]
				},
				{
					"name": "frill18",
					"parent": "frill10",
					"pivot": [-1.5, 16.6, 0],
					"cubes": [
						{"origin": [-1.5, 14.6, -2.5], "size": [0, 2, 5], "uv": [27, 41]}
					]
				},
				{
					"name": "frill3",
					"parent": "main_frill2",
					"pivot": [1.5, 23.6, 0],
					"cubes": [
						{"origin": [1.5, 20.6, -2.5], "size": [0, 3, 5], "uv": [0, 39]}
					]
				},
				{
					"name": "frill11",
					"parent": "frill3",
					"pivot": [1.5, 20.6, 0],
					"cubes": [
						{"origin": [1.5, 16.6, -3.5], "size": [0, 4, 7], "uv": [14, 28]}
					]
				},
				{
					"name": "frill19",
					"parent": "frill11",
					"pivot": [1.5, 16.6, 0],
					"cubes": [
						{"origin": [1.5, 14.6, -2.5], "size": [0, 2, 5], "uv": [40, 27]}
					]
				},
				{
					"name": "frill4",
					"parent": "main_frill2",
					"pivot": [0, 23.6, -1.5],
					"cubes": [
						{"origin": [-2.5, 20.6, -1.5], "size": [5, 3, 0], "uv": [0, 47]}
					]
				},
				{
					"name": "frill12",
					"parent": "frill4",
					"pivot": [0, 20.6, -1.5],
					"cubes": [
						{"origin": [-3.5, 16.6, -1.5], "size": [7, 4, 0], "uv": [40, 0]}
					]
				},
				{
					"name": "frill20",
					"parent": "frill12",
					"pivot": [0, 16.6, -1.5],
					"cubes": [
						{"origin": [-2.5, 14.6, -1.5], "size": [5, 2, 0], "uv": [50, 10]}
					]
				},
				{
					"name": "main_frill3",
					"parent": "main_frill",
					"pivot": [0, 23.6, 0],
					"cubes": [
						{"origin": [-1.5, 23.6, -1.5], "size": [3, 0, 3], "uv": [43, 4]}
					]
				},
				{
					"name": "frill5",
					"parent": "main_frill3",
					"pivot": [0, 23.6, -1.5],
					"cubes": [
						{"origin": [-2.5, 20.6, -1.5], "size": [5, 3, 0], "uv": [46, 34]}
					]
				},
				{
					"name": "frill13",
					"parent": "frill5",
					"pivot": [0, 20.6, -1.5],
					"cubes": [
						{"origin": [-3.5, 16.6, -1.5], "size": [7, 4, 0], "uv": [39, 14]}
					]
				},
				{
					"name": "frill21",
					"parent": "frill13",
					"pivot": [0, 16.6, -1.5],
					"cubes": [
						{"origin": [-2.5, 14.6, -1.5], "size": [5, 2, 0], "uv": [47, 29]}
					]
				},
				{
					"name": "frill6",
					"parent": "main_frill3",
					"pivot": [-1.5, 23.6, 0],
					"cubes": [
						{"origin": [-1.5, 20.6, -2.5], "size": [0, 3, 5], "uv": [0, 25]}
					]
				},
				{
					"name": "frill14",
					"parent": "frill6",
					"pivot": [-1.5, 20.6, 0],
					"cubes": [
						{"origin": [-1.5, 16.6, -3.5], "size": [0, 4, 7], "uv": [0, 28]}
					]
				},
				{
					"name": "frill22",
					"parent": "frill14",
					"pivot": [-1.5, 16.6, 0],
					"cubes": [
						{"origin": [-1.5, 14.6, -2.5], "size": [0, 2, 5], "uv": [0, 28]}
					]
				},
				{
					"name": "frill7",
					"parent": "main_frill3",
					"pivot": [0, 23.6, 1.5],
					"cubes": [
						{"origin": [-2.5, 20.6, 1.5], "size": [5, 3, 0], "uv": [44, 45]}
					]
				},
				{
					"name": "frill15",
					"parent": "frill7",
					"pivot": [0, 20.6, 1.5],
					"cubes": [
						{"origin": [-3.5, 16.6, 1.5], "size": [7, 4, 0], "uv": [17, 0]}
					]
				},
				{
					"name": "frill23",
					"parent": "frill15",
					"pivot": [0, 16.6, 1.5],
					"cubes": [
						{"origin": [-2.5, 14.6, 1.5], "size": [5, 2, 0], "uv": [46, 37]}
					]
				},
				{
					"name": "frill8",
					"parent": "main_frill3",
					"pivot": [1.5, 23.6, 0],
					"cubes": [
						{"origin": [1.5, 20.6, -2.5], "size": [0, 3, 5], "uv": [30, 27]}
					]
				},
				{
					"name": "frill16",
					"parent": "frill8",
					"pivot": [1.5, 20.6, 0],
					"cubes": [
						{"origin": [1.5, 16.6, -3.5], "size": [0, 4, 7], "uv": [24, 19]}
					]
				},
				{
					"name": "frill24",
					"parent": "frill16",
					"pivot": [1.5, 16.6, 0],
					"cubes": [
						{"origin": [1.5, 14.6, -2.5], "size": [0, 2, 5], "uv": [20, 9]}
					]
				},
				{
					"name": "tail",
					"parent": "torso",
					"pivot": [0, 8.5, 2.5],
					"cubes": [
						{"origin": [-2, 6.5, 0.9], "size": [4, 4, 6], "inflate": -0.1, "uv": [16, 4]}
					]
				},
				{
					"name": "tail2",
					"parent": "tail",
					"pivot": [0, 8.5, 6.8],
					"cubes": [
						{"origin": [-1.5, 7, 5.7], "size": [3, 3, 6], "inflate": 0.1, "uv": [12, 26]}
					]
				},
				{
					"name": "tail3",
					"parent": "tail2",
					"pivot": [0, 8.5, 11.8],
					"cubes": [
						{"origin": [-1.5, 7, 10.9], "size": [3, 3, 6], "inflate": -0.1, "uv": [0, 21]}
					]
				},
				{
					"name": "tail4",
					"parent": "tail3",
					"pivot": [0, 8.5, 16.8],
					"cubes": [
						{"origin": [-1, 7.5, 16.4], "size": [2, 2, 5], "inflate": 0.1, "uv": [37, 34]}
					]
				},
				{
					"name": "tail5",
					"parent": "tail4",
					"pivot": [0, 8.5, 21.5],
					"cubes": [
						{"origin": [-1, 7.5, 20.9], "size": [2, 2, 6], "inflate": -0.1, "uv": [30, 0]}
					]
				},
				{
					"name": "left_leg",
					"parent": "torso",
					"pivot": [3, 7.5, 0],
					"cubes": [
						{"origin": [2.5, 3.5, -1.5], "size": [2, 5, 3], "uv": [37, 45]}
					]
				},
				{
					"name": "left_leg2",
					"parent": "left_leg",
					"pivot": [3.5, 4, -0.4],
					"cubes": [
						{"origin": [2.5, 3.5, -1.4], "size": [2, 2, 5], "inflate": -0.08, "uv": [33, 25]}
					]
				},
				{
					"name": "left_leg3",
					"parent": "left_leg2",
					"pivot": [3.5, 3.6, 3.3],
					"cubes": [
						{"origin": [3, 0.5, 2.2], "size": [1, 4, 1], "inflate": 0.1, "uv": [0, 10]}
					]
				},
				{
					"name": "left_leg4",
					"parent": "left_leg3",
					"pivot": [3.5, 0.42, 3.3],
					"cubes": [
						{"origin": [3, -1.68, 2.2], "size": [1, 2, 1], "inflate": 0.08, "uv": [30, 3]}
					]
				},
				{
					"name": "left_toes",
					"parent": "left_leg4",
					"pivot": [3.5, 0.42, 3.3],
					"cubes": [
						{"origin": [3.5, -3.58, 2.2], "size": [0, 2, 1], "uv": [28, 29]},
						{"origin": [4, -3.58, 2.2], "size": [0, 2, 1], "pivot": [4, -1.58, 2.7], "rotation": [0, 0, -7.5], "uv": [30, 29]},
						{"origin": [3, -3.58, 2.2], "size": [0, 2, 1], "pivot": [3, -1.58, 2.7], "rotation": [0, 0, 7.5], "uv": [31, 0]}
					]
				},
				{
					"name": "right_leg",
					"parent": "torso",
					"pivot": [-3, 7.5, 0],
					"cubes": [
						{"origin": [-4.5, 3.5, -1.5], "size": [2, 5, 3], "uv": [17, 44]}
					]
				},
				{
					"name": "right_leg2",
					"parent": "right_leg",
					"pivot": [-3.5, 4, -0.4],
					"cubes": [
						{"origin": [-4.5, 3.5, -1.4], "size": [2, 2, 5], "inflate": -0.08, "uv": [30, 14]}
					]
				},
				{
					"name": "right_leg3",
					"parent": "right_leg2",
					"pivot": [-3.5, 3.6, 3.3],
					"cubes": [
						{"origin": [-4, 0.5, 2.2], "size": [1, 4, 1], "inflate": 0.1, "uv": [0, 0]}
					]
				},
				{
					"name": "right_leg4",
					"parent": "right_leg3",
					"pivot": [-3.5, 0.42, 3.3],
					"cubes": [
						{"origin": [-4, -1.68, 2.2], "size": [1, 2, 1], "inflate": 0.08, "uv": [30, 14]}
					]
				},
				{
					"name": "right_toes",
					"parent": "right_leg4",
					"pivot": [-3.5, 0.42, 3.3],
					"cubes": [
						{"origin": [-4, -3.58, 2.2], "size": [0, 2, 1], "pivot": [-4, -1.58, 2.7], "rotation": [0, 0, 7.5], "uv": [16, 29]},
						{"origin": [-3.5, -3.58, 2.2], "size": [0, 2, 1], "uv": [24, 29]},
						{"origin": [-3, -3.58, 2.2], "size": [0, 2, 1], "pivot": [-3, -1.58, 2.7], "rotation": [0, 0, -7.5], "uv": [26, 29]}
					]
				}
			]
		}
	]
}