{
	"format_version": "1.12.0",
	"minecraft:geometry": [
		{
			"description": {
				"identifier": "geometry.hooh",
				"texture_width": 256,
				"texture_height": 256,
				"visible_bounds_width": 9,
				"visible_bounds_height": 6.5,
				"visible_bounds_offset": [0, 2.75, 0]
			},
			"bones": [
				{
					"name": "ho_oh",
					"pivot": [0, 0, 0]
				},
				{
					"name": "body",
					"parent": "ho_oh",
					"pivot": [0, 16, 0],
					"rotation": [0, 180, 0]
				},
				{
					"name": "torso",
					"parent": "body",
					"pivot": [0, 14.78842, -3.66524],
					"rotation": [5, 0, 0],
					"cubes": [
						{"origin": [-7.5, 8.5, -13], "size": [15, 14, 20], "uv": [0, 0]},
						{"origin": [-5.5, 10, 5.5], "size": [11, 11, 4], "pivot": [0, 15, 8], "rotation": [-7.5, 0, 0], "uv": [28, 92]},
						{"origin": [-5.5, 10.3, -15.5], "size": [11, 10, 5], "uv": [0, 80]}
					]
				},
				{
					"name": "neck",
					"parent": "torso",
					"pivot": [0.00571, 16.86346, 9.29502],
					"rotation": [-5, 0, 0],
					"cubes": [
						{"origin": [-2.5, 14.2, 6.5], "size": [5, 5, 10], "uv": [88, 80]},
						{"origin": [-2, 10.63237, 10.74323], "size": [4, 4, 6], "pivot": [0, 13.78237, 13.24323], "rotation": [163.51793, -0.28175, 0.4908], "uv": [60, 127]}
					]
				},
				{
					"name": "neck2",
					"parent": "neck",
					"pivot": [0, 16.7, 16.5],
					"cubes": [
						{"origin": [-2, 14.7, 15.5], "size": [4, 4, 10], "uv": [97, 43]}
					]
				},
				{
					"name": "head",
					"parent": "neck2",
					"pivot": [0, 17.2, 24.75],
					"cubes": [
						{"origin": [-3, 13.7, 24.5], "size": [6, 7, 9], "uv": [61, 86]},
						{"origin": [2.005, 16.4, 33.505], "size": [1, 2, 0], "pivot": [3, 17.45, 33.51], "rotation": [0, -0.5, 0], "uv": [14, 142]},
						{"origin": [-3.005, 16.4, 33.505], "size": [1, 2, 0], "pivot": [-3, 17.45, 33.51], "rotation": [0, 0.5, 0], "uv": [14, 142], "mirror": true},
						{"origin": [3.005, 15.4, 27.5], "size": [0, 5, 6], "uv": [142, -6]},
						{"origin": [3.01, 17.3, 32], "size": [0, 1, 1], "uv": [147, 5]},
						{"origin": [-3.005, 15.4, 27.5], "size": [0, 5, 6], "uv": [142, -6], "mirror": true},
						{"origin": [-3.01, 17.2, 32], "size": [0, 1, 1], "uv": [147, 5], "mirror": true}
					]
				},
				{
					"name": "left_eye_lid",
					"parent": "head",
					"pivot": [-1.7, 17.9, 29.2],
					"cubes": [
						{"origin": [-2.2, 15.4, 25.8], "size": [1, 5, 7], "uv": [3, 152]}
					]
				},
				{
					"name": "right_eye_lid",
					"parent": "head",
					"pivot": [1.7, 17.9, 28.2],
					"cubes": [
						{"origin": [1.2, 15.4, 25.8], "size": [1, 5, 7], "uv": [3, 152], "mirror": true}
					]
				},
				{
					"name": "beek",
					"parent": "head",
					"pivot": [0, 17.5, 33.5]
				},
				{
					"name": "lower_beak",
					"parent": "beek",
					"pivot": [0.01, 16.36093, 33.78925],
					"rotation": [-10.21814, 3.59582, 0.75906],
					"cubes": [
						{"origin": [-1.99, 14.7, 33], "size": [4, 2, 4], "pivot": [0, 15.7, 36.7], "rotation": [5, 0, 0], "uv": [36, 132]},
						{"origin": [-1.49, 15.35955, 36.46205], "size": [3, 2, 3], "pivot": [0.01, 16.05955, 38.26205], "rotation": [22.5, 0, 0], "uv": [133, 73]}
					]
				},
				{
					"name": "tounge",
					"parent": "lower_beak",
					"pivot": [0.01, 16.44803, 33.71931],
					"cubes": [
						{"origin": [-1.49, 16.47945, 32.94089], "size": [3, 0, 3], "pivot": [0.01, 16.1666, 33.9447], "rotation": [12.5, 0, 0], "uv": [0, 139]}
					]
				},
				{
					"name": "tounge2",
					"parent": "tounge",
					"pivot": [0, 16.86517, 35.85016],
					"cubes": [
						{"origin": [-0.99, 16.47945, 35.94089], "size": [2, 0, 2], "pivot": [0.01, 16.1666, 33.9447], "rotation": [12.5, 0, 0], "uv": [1, 144]}
					]
				},
				{
					"name": "upper_beek",
					"parent": "beek",
					"pivot": [0, 18.65, 33],
					"rotation": [-5, 0, 0],
					"cubes": [
						{"origin": [-1.99, 16.79668, 32.50312], "size": [4, 3, 4], "pivot": [0, 18.65, 33], "rotation": [-12.5, 0, 0], "uv": [0, 131]},
						{"origin": [-2, 16.38237, 35.71196], "size": [4, 3, 4], "pivot": [0, 17.63237, 37.91196], "rotation": [15, 0, 0], "uv": [24, 129]},
						{"origin": [-1, 14.67599, 38.81101], "size": [2, 5, 2], "pivot": [0, 17.67599, 38.91101], "rotation": [45, 0, 0], "uv": [52, 132]},
						{"origin": [-0.5, 15.07599, 38.801], "size": [1, 3, 0], "pivot": [0, 17.67599, 38.91101], "rotation": [45, 0, 0], "uv": [47, 141]}
					]
				},
				{
					"name": "all_hair",
					"parent": "head",
					"pivot": [0, 20.5, 30]
				},
				{
					"name": "hair",
					"parent": "all_hair",
					"pivot": [-0.00333, 20.60704, 31.62898],
					"rotation": [2.5, 0, 0],
					"cubes": [
						{"origin": [-1.02, 18.74821, 30.54875], "size": [2, 5, 2], "pivot": [0, 21.74821, 30.54875], "rotation": [-10, 0, 0], "uv": [124, 134]},
						{"origin": [-1, 22.49821, 31.29875], "size": [2, 4, 2], "pivot": [0, 21.74821, 30.54875], "rotation": [20, 0, 0], "uv": [136, 99]},
						{"origin": [-1.49, 25.06031, 31.15375], "size": [3, 3, 3], "pivot": [0, 26.46031, 31.65375], "rotation": [-15, 0, 0], "uv": [104, 134]}
					]
				},
				{
					"name": "hair2",
					"parent": "all_hair",
					"pivot": [0, 20.65, 30.2],
					"rotation": [17.5, 0, 0],
					"cubes": [
						{"origin": [-0.99, 18.59082, 29.71024], "size": [2, 5, 2], "pivot": [0, 21.59082, 29.71024], "rotation": [-10, 0, 0], "uv": [134, 123]},
						{"origin": [-1.01, 22.34082, 30.46024], "size": [2, 4, 2], "pivot": [0, 21.59082, 29.71024], "rotation": [20, 0, 0], "uv": [24, 136]},
						{"origin": [-1.48, 25.20293, 29.91525], "size": [3, 3, 3], "pivot": [0, 26.30293, 30.81525], "rotation": [-7.5, 0, 0], "uv": [92, 133]}
					]
				},
				{
					"name": "hair3",
					"parent": "all_hair",
					"pivot": [0, 20.7, 28.95],
					"rotation": [27.5, 0, 0],
					"cubes": [
						{"origin": [-0.98, 18.55178, 28.82972], "size": [2, 5, 2], "pivot": [0, 21.55178, 28.82972], "rotation": [-10, 0, 0], "uv": [116, 134]},
						{"origin": [-0.97, 22.30178, 29.57972], "size": [2, 4, 2], "pivot": [0, 21.55178, 28.82972], "rotation": [20, 0, 0], "uv": [135, 28]},
						{"origin": [-1.47, 24.86389, 27.93472], "size": [3, 3, 3], "uv": [80, 133]}
					]
				},
				{
					"name": "hair4",
					"parent": "all_hair",
					"pivot": [0.00667, 20.63794, 28.55385],
					"rotation": [45, 0, 0],
					"cubes": [
						{"origin": [-1, 18.25023, 27.8879], "size": [2, 5, 2], "pivot": [0, 21.25023, 27.8879], "rotation": [-10, 0, 0], "uv": [16, 133]},
						{"origin": [-0.98, 22.00023, 28.6379], "size": [2, 4, 2], "pivot": [0, 21.25023, 27.8879], "rotation": [20, 0, 0], "uv": [132, 134]},
						{"origin": [-1.5, 24.31234, 26.8929], "size": [3, 3, 3], "pivot": [0, 25.96234, 28.9929], "rotation": [22.5, 0, 0], "uv": [133, 67]}
					]
				},
				{
					"name": "left_wing",
					"parent": "torso",
					"pivot": [-6.75, 19.41667, 4.25],
					"cubes": [
						{"origin": [-20, 17, 2], "size": [16, 4, 4], "uv": [40, 67]}
					]
				},
				{
					"name": "left_wing_fethers",
					"parent": "left_wing",
					"pivot": [-14.50135, 18.90895, 1.91983],
					"cubes": [
						{"origin": [-32.30267, 18.93724, -1.39403], "size": [16, 0, 5], "pivot": [-16.30269, 18.91947, 1.40412], "rotation": [1.46391, -85.01165, -1.12265], "uv": [68, 62]},
						{"origin": [-39.35, 19, -24.25], "size": [16, 0, 5], "pivot": [-29.25, 19.5, -4.5], "rotation": [95.95295, -89.87203, -95.61725], "uv": [68, 62]}
					]
				},
				{
					"name": "left_fethers_core",
					"parent": "left_wing_fethers",
					"pivot": [-12.5, 19.57, 2],
					"cubes": [
						{"origin": [-20, 19.57, -5], "size": [15, 0, 7], "uv": [60, 55]}
					]
				},
				{
					"name": "left_fether",
					"parent": "left_fethers_core",
					"pivot": [-10, 19.5, 2],
					"cubes": [
						{"origin": [-55.5, 19.5, -32.5], "size": [12, 0, 4], "pivot": [-43, 19.5, 2.5], "rotation": [0, -90, 0], "uv": [121, 51]}
					]
				},
				{
					"name": "left_fether2",
					"parent": "left_fethers_core",
					"pivot": [-14.5, 19.5, 2],
					"cubes": [
						{"origin": [-55.5, 19.5, -28], "size": [12, 0, 4], "pivot": [-43, 19.5, 2.5], "rotation": [0, -90, 0], "uv": [121, 51]}
					]
				},
				{
					"name": "left_fether3",
					"parent": "left_fethers_core",
					"pivot": [-18.61305, 19.5, 1.98501],
					"cubes": [
						{"origin": [-23, 19.5, -8.3], "size": [12, 0, 4], "pivot": [-19, 19.5, -6], "rotation": [0, -87.5, 0], "uv": [121, 51]}
					]
				},
				{
					"name": "left_fethers_core4",
					"parent": "left_wing_fethers",
					"pivot": [-12.5, 18.47, 2],
					"cubes": [
						{"origin": [-20, 18.47, -5], "size": [15, 0, 7], "uv": [30, 55]}
					]
				},
				{
					"name": "left_fether11",
					"parent": "left_fethers_core4",
					"pivot": [-10, 18.4, 2],
					"cubes": [
						{"origin": [-55.5, 18.4, -32.5], "size": [12, 0, 4], "pivot": [-43, 18.4, 2.5], "rotation": [0, -90, 0], "uv": [121, 51]}
					]
				},
				{
					"name": "left_fether12",
					"parent": "left_fethers_core4",
					"pivot": [-14.5, 18.4, 2],
					"cubes": [
						{"origin": [-55.5, 18.4, -28], "size": [12, 0, 4], "pivot": [-43, 18.4, 2.5], "rotation": [0, -90, 0], "uv": [121, 51]}
					]
				},
				{
					"name": "left_fether13",
					"parent": "left_fethers_core4",
					"pivot": [-18.61305, 18.4, 1.98501],
					"cubes": [
						{"origin": [-23, 18.4, -8.3], "size": [12, 0, 4], "pivot": [-19, 18.4, -6], "rotation": [0, -87.5, 0], "uv": [121, 51]}
					]
				},
				{
					"name": "left_wing2",
					"parent": "left_wing",
					"pivot": [-19.75, 19.375, 3.75],
					"rotation": [0, 10, 0],
					"cubes": [
						{"origin": [-32, 17.5, 2.5], "size": [13, 3, 3], "uv": [103, 29]}
					]
				},
				{
					"name": "left_wing_fethers2",
					"parent": "left_wing2",
					"pivot": [-25.19165, 18.97603, 2.56248],
					"cubes": [
						{"origin": [-37.5, 19.01, -16.85], "size": [16, 0, 5], "pivot": [-28, 19.5, -6], "rotation": [179.48723, -82.4866, -179.13892], "uv": [0, 75]},
						{"origin": [-36.5, 19, -12.4], "size": [16, 0, 5], "pivot": [-28, 19.5, -6], "rotation": [101.05964, -89.93168, -100.70693], "uv": [68, 62]},
						{"origin": [-36.5, 19, -7.6], "size": [16, 0, 5], "pivot": [-28, 19.5, -6], "rotation": [0.77126, -85.01266, -0.41562], "uv": [68, 62]}
					]
				},
				{
					"name": "left_fethers_core2",
					"parent": "left_wing_fethers2",
					"pivot": [-25, 19.56, 2.5],
					"cubes": [
						{"origin": [-32, 19.56, -3], "size": [14, 0, 6], "uv": [36, 86]}
					]
				},
				{
					"name": "left_fether4",
					"parent": "left_fethers_core2",
					"pivot": [-21.35894, 19.5, 1.63275],
					"cubes": [
						{"origin": [-28.1, 19.5, -10.3], "size": [12, 0, 4], "pivot": [-23.5, 19.5, -6], "rotation": [0, -96, 0], "uv": [121, 51]}
					]
				},
				{
					"name": "left_fether5",
					"parent": "left_fethers_core2",
					"pivot": [-24.96284, 19.5, 2.18879],
					"cubes": [
						{"origin": [-28.1, 19.5, -6.5], "size": [12, 0, 4], "pivot": [-23.5, 19.5, -6], "rotation": [0, -88.5, 0], "uv": [121, 51]}
					]
				},
				{
					"name": "left_fether6",
					"parent": "left_fethers_core2",
					"pivot": [-29.26427, 19.50967, 2.11602],
					"cubes": [
						{"origin": [-32.5, 19.5, -6.6], "size": [12, 0, 4], "pivot": [-28, 19.5, -6], "rotation": [0.77126, -85.01266, -0.41562], "uv": [121, 51]}
					]
				},
				{
					"name": "left_fethers_core5",
					"parent": "left_wing_fethers2",
					"pivot": [-25, 18.56, 2.5],
					"cubes": [
						{"origin": [-32, 18.56, -3], "size": [14, 0, 6], "uv": [64, 80]}
					]
				},
				{
					"name": "left_fether14",
					"parent": "left_fethers_core5",
					"pivot": [-21.35894, 18.5, 1.63275],
					"cubes": [
						{"origin": [-28.1, 18.5, -10.3], "size": [12, 0, 4], "pivot": [-23.5, 18.5, -6], "rotation": [0, -96, 0], "uv": [121, 51]}
					]
				},
				{
					"name": "left_fether15",
					"parent": "left_fethers_core5",
					"pivot": [-24.96284, 18.5, 2.18879],
					"cubes": [
						{"origin": [-28.1, 18.5, -6.5], "size": [12, 0, 4], "pivot": [-23.5, 18.5, -6], "rotation": [0, -88.5, 0], "uv": [121, 51]}
					]
				},
				{
					"name": "left_fether16",
					"parent": "left_fethers_core5",
					"pivot": [-29.26427, 18.50967, 2.11602],
					"cubes": [
						{"origin": [-32.5, 18.5, -6.6], "size": [12, 0, 4], "pivot": [-28, 18.5, -6], "rotation": [0.77126, -85.01266, -0.41562], "uv": [121, 51]}
					]
				},
				{
					"name": "left_wing3",
					"parent": "left_wing2",
					"pivot": [-32.05922, 18.91667, 3.7784],
					"rotation": [0, 7.5, 0],
					"cubes": [
						{"origin": [-44.5, 18, 3], "size": [13, 2, 2], "uv": [50, 123]}
					]
				},
				{
					"name": "left_wing_fethers3",
					"parent": "left_wing3",
					"pivot": [-36.8974, 19.025, 3.28901],
					"cubes": [
						{"origin": [-59.5, 18.9, -10.25], "size": [16, 0, 5], "pivot": [-43, 19.5, 2.5], "rotation": [0, -90, 0], "uv": [68, 62]},
						{"origin": [-59.6, 19, -6.4], "size": [17, 0, 5], "pivot": [-43, 19.5, 2.5], "rotation": [0, -85, 0], "uv": [34, 62]},
						{"origin": [-58.5, 19.1, -5], "size": [17, 0, 6], "pivot": [-43, 19.5, 2.5], "rotation": [0, -67.5, 0], "uv": [0, 48]},
						{"origin": [-58.5, 18.9, -3.5], "size": [18, 0, 6], "pivot": [-43, 19.5, 2.5], "rotation": [0, -42.5, 0], "uv": [44, 6]},
						{"origin": [-58.08746, 18.9, -3.88021], "size": [11, 0, 6], "pivot": [-50.28746, 18.9, 1.31979], "rotation": [0, -22.5, 0], "uv": [152, 0]}
					]
				},
				{
					"name": "left_fethers_core3",
					"parent": "left_wing_fethers3",
					"pivot": [-37, 19.55, 3],
					"cubes": [
						{"origin": [-62, 19.55, -2], "size": [32, 0, 7], "uv": [0, 41]},
						{"origin": [-55, 18.85, -2], "size": [24, 0, 7], "uv": [132, 9]}
					]
				},
				{
					"name": "left_fether7",
					"parent": "left_fethers_core3",
					"pivot": [-39.70711, 19.5, 3.00736],
					"cubes": [
						{"origin": [-52.5, 19.5, -2], "size": [12, 0, 4], "pivot": [-43, 19.5, 2.5], "rotation": [0, -45, 0], "uv": [121, 51]}
					]
				},
				{
					"name": "left_fether8",
					"parent": "left_fethers_core3",
					"pivot": [-38.31047, 19.5, 2.73229],
					"cubes": [
						{"origin": [-53.5, 19.5, -4], "size": [12, 0, 4], "pivot": [-43, 19.5, 2.5], "rotation": [0, -70, 0], "uv": [121, 51]}
					]
				},
				{
					"name": "left_fether9",
					"parent": "left_fethers_core3",
					"pivot": [-36.61433, 19.5, 3.31994],
					"cubes": [
						{"origin": [-54.6, 19.5, -6.4], "size": [12, 0, 4], "pivot": [-43, 19.5, 2.5], "rotation": [0, -85, 0], "uv": [121, 51]}
					]
				},
				{
					"name": "left_fether10",
					"parent": "left_fethers_core3",
					"pivot": [-32.5, 19.5, 3],
					"cubes": [
						{"origin": [-55.5, 19.5, -10], "size": [12, 0, 4], "pivot": [-43, 19.5, 2.5], "rotation": [0, -90, 0], "uv": [121, 51]}
					]
				},
				{
					"name": "left_fethers_core6",
					"parent": "left_wing_fethers3",
					"pivot": [-37, 18.65, 3]
				},
				{
					"name": "left_fether17",
					"parent": "left_fethers_core6",
					"pivot": [-39.70711, 18.6, 3.00736],
					"cubes": [
						{"origin": [-52.5, 18.6, -2], "size": [12, 0, 4], "pivot": [-43, 18.6, 2.5], "rotation": [0, -45, 0], "uv": [121, 51]}
					]
				},
				{
					"name": "left_fether18",
					"parent": "left_fethers_core6",
					"pivot": [-38.31047, 18.6, 2.73229],
					"cubes": [
						{"origin": [-53.5, 18.4, -4], "size": [12, 0, 4], "pivot": [-43, 18.6, 2.5], "rotation": [0, -70, 0], "uv": [121, 51]}
					]
				},
				{
					"name": "left_fether19",
					"parent": "left_fethers_core6",
					"pivot": [-36.61433, 18.6, 3.31994],
					"cubes": [
						{"origin": [-54.6, 18.6, -6.4], "size": [12, 0, 4], "pivot": [-43, 18.6, 2.5], "rotation": [0, -85, 0], "uv": [121, 51]}
					]
				},
				{
					"name": "left_fether20",
					"parent": "left_fethers_core6",
					"pivot": [-32.5, 18.6, 3],
					"cubes": [
						{"origin": [-55.5, 18.6, -10], "size": [12, 0, 4], "pivot": [-43, 18.6, 2.5], "rotation": [0, -90, 0], "uv": [121, 51]}
					]
				},
				{
					"name": "right_wing",
					"parent": "torso",
					"pivot": [6.75, 19.41667, 4.25],
					"cubes": [
						{"origin": [4, 17, 2], "size": [16, 4, 4], "uv": [40, 67], "mirror": true}
					]
				},
				{
					"name": "right_wing_fethers",
					"parent": "right_wing",
					"pivot": [14.50135, 18.90895, 1.91983],
					"cubes": [
						{"origin": [16.30267, 18.93724, -1.39403], "size": [16, 0, 5], "pivot": [16.30269, 18.91947, 1.40412], "rotation": [1.46391, 85.01165, 1.12265], "uv": [68, 62], "mirror": true},
						{"origin": [23.35, 19, -24.25], "size": [16, 0, 5], "pivot": [29.25, 19.5, -4.5], "rotation": [95.95295, 89.87203, 95.61725], "uv": [68, 62], "mirror": true}
					]
				},
				{
					"name": "right_fethers_core",
					"parent": "right_wing_fethers",
					"pivot": [12.5, 19.57, 2],
					"cubes": [
						{"origin": [5, 19.57, -5], "size": [15, 0, 7], "uv": [60, 55], "mirror": true}
					]
				},
				{
					"name": "right_fether",
					"parent": "right_fethers_core",
					"pivot": [10, 19.5, 2],
					"cubes": [
						{"origin": [43.5, 19.5, -32.5], "size": [12, 0, 4], "pivot": [43, 19.5, 2.5], "rotation": [0, 90, 0], "uv": [121, 51], "mirror": true}
					]
				},
				{
					"name": "right_fether2",
					"parent": "right_fethers_core",
					"pivot": [14.5, 19.5, 2],
					"cubes": [
						{"origin": [43.5, 19.5, -28], "size": [12, 0, 4], "pivot": [43, 19.5, 2.5], "rotation": [0, 90, 0], "uv": [121, 51], "mirror": true}
					]
				},
				{
					"name": "right_fether3",
					"parent": "right_fethers_core",
					"pivot": [18.61305, 19.5, 1.98501],
					"cubes": [
						{"origin": [11, 19.5, -8.3], "size": [12, 0, 4], "pivot": [19, 19.5, -6], "rotation": [0, 87.5, 0], "uv": [121, 51], "mirror": true}
					]
				},
				{
					"name": "right_fethers_core4",
					"parent": "right_wing_fethers",
					"pivot": [12.5, 18.47, 2],
					"cubes": [
						{"origin": [5, 18.47, -5], "size": [15, 0, 7], "uv": [30, 55], "mirror": true}
					]
				},
				{
					"name": "right_fether11",
					"parent": "right_fethers_core4",
					"pivot": [10, 18.4, 2],
					"cubes": [
						{"origin": [43.5, 18.4, -32.5], "size": [12, 0, 4], "pivot": [43, 18.4, 2.5], "rotation": [0, 90, 0], "uv": [121, 51], "mirror": true}
					]
				},
				{
					"name": "right_fether12",
					"parent": "right_fethers_core4",
					"pivot": [14.5, 18.4, 2],
					"cubes": [
						{"origin": [43.5, 18.4, -28], "size": [12, 0, 4], "pivot": [43, 18.4, 2.5], "rotation": [0, 90, 0], "uv": [121, 51], "mirror": true}
					]
				},
				{
					"name": "right_fether13",
					"parent": "right_fethers_core4",
					"pivot": [18.61305, 18.4, 1.98501],
					"cubes": [
						{"origin": [11, 18.4, -8.3], "size": [12, 0, 4], "pivot": [19, 18.4, -6], "rotation": [0, 87.5, 0], "uv": [121, 51], "mirror": true}
					]
				},
				{
					"name": "right_wing2",
					"parent": "right_wing",
					"pivot": [19.75, 19.375, 3.75],
					"rotation": [0, -10, 0],
					"cubes": [
						{"origin": [19, 17.5, 2.5], "size": [13, 3, 3], "uv": [103, 29], "mirror": true}
					]
				},
				{
					"name": "right_wing_fethers2",
					"parent": "right_wing2",
					"pivot": [25.19165, 18.97603, 2.56248],
					"cubes": [
						{"origin": [21.5, 19.01, -16.85], "size": [16, 0, 5], "pivot": [28, 19.5, -6], "rotation": [179.48723, 82.4866, 179.13892], "uv": [0, 75], "mirror": true},
						{"origin": [20.5, 19, -12.4], "size": [16, 0, 5], "pivot": [28, 19.5, -6], "rotation": [101.05964, 89.93168, 100.70693], "uv": [68, 62], "mirror": true},
						{"origin": [20.5, 19, -7.6], "size": [16, 0, 5], "pivot": [28, 19.5, -6], "rotation": [0.77126, 85.01266, 0.41562], "uv": [68, 62], "mirror": true}
					]
				},
				{
					"name": "right_fethers_core2",
					"parent": "right_wing_fethers2",
					"pivot": [25, 19.56, 2.5],
					"cubes": [
						{"origin": [18, 19.56, -3], "size": [14, 0, 6], "uv": [36, 86], "mirror": true}
					]
				},
				{
					"name": "right_fether4",
					"parent": "right_fethers_core2",
					"pivot": [21.35894, 19.5, 1.63275],
					"cubes": [
						{"origin": [16.1, 19.5, -10.3], "size": [12, 0, 4], "pivot": [23.5, 19.5, -6], "rotation": [0, 96, 0], "uv": [121, 51], "mirror": true}
					]
				},
				{
					"name": "right_fether5",
					"parent": "right_fethers_core2",
					"pivot": [24.96284, 19.5, 2.18879],
					"cubes": [
						{"origin": [16.1, 19.5, -6.5], "size": [12, 0, 4], "pivot": [23.5, 19.5, -6], "rotation": [0, 88.5, 0], "uv": [121, 51], "mirror": true}
					]
				},
				{
					"name": "right_fether6",
					"parent": "right_fethers_core2",
					"pivot": [29.26427, 19.50967, 2.11602],
					"cubes": [
						{"origin": [20.5, 19.5, -6.6], "size": [12, 0, 4], "pivot": [28, 19.5, -6], "rotation": [0.77126, 85.01266, 0.41562], "uv": [121, 51], "mirror": true}
					]
				},
				{
					"name": "right_fethers_core5",
					"parent": "right_wing_fethers2",
					"pivot": [25, 18.56, 2.5],
					"cubes": [
						{"origin": [18, 18.56, -3], "size": [14, 0, 6], "uv": [64, 80], "mirror": true}
					]
				},
				{
					"name": "right_fether14",
					"parent": "right_fethers_core5",
					"pivot": [21.35894, 18.5, 1.63275],
					"cubes": [
						{"origin": [16.1, 18.5, -10.3], "size": [12, 0, 4], "pivot": [23.5, 18.5, -6], "rotation": [0, 96, 0], "uv": [121, 51], "mirror": true}
					]
				},
				{
					"name": "right_fether15",
					"parent": "right_fethers_core5",
					"pivot": [24.96284, 18.5, 2.18879],
					"cubes": [
						{"origin": [16.1, 18.5, -6.5], "size": [12, 0, 4], "pivot": [23.5, 18.5, -6], "rotation": [0, 88.5, 0], "uv": [121, 51], "mirror": true}
					]
				},
				{
					"name": "right_fether16",
					"parent": "right_fethers_core5",
					"pivot": [29.26427, 18.50967, 2.11602],
					"cubes": [
						{"origin": [20.5, 18.5, -6.6], "size": [12, 0, 4], "pivot": [28, 18.5, -6], "rotation": [0.77126, 85.01266, 0.41562], "uv": [121, 51], "mirror": true}
					]
				},
				{
					"name": "right_wing3",
					"parent": "right_wing2",
					"pivot": [32.05922, 18.91667, 3.7784],
					"rotation": [0, -7.5, 0],
					"cubes": [
						{"origin": [31.5, 18, 3], "size": [13, 2, 2], "uv": [50, 123], "mirror": true}
					]
				},
				{
					"name": "right_wing_fethers3",
					"parent": "right_wing3",
					"pivot": [36.8974, 19.025, 3.28901],
					"cubes": [
						{"origin": [43.5, 18.9, -10.25], "size": [16, 0, 5], "pivot": [43, 19.5, 2.5], "rotation": [0, 90, 0], "uv": [68, 62], "mirror": true},
						{"origin": [42.6, 19, -6.4], "size": [17, 0, 5], "pivot": [43, 19.5, 2.5], "rotation": [0, 85, 0], "uv": [34, 62], "mirror": true},
						{"origin": [41.5, 19.1, -5], "size": [17, 0, 6], "pivot": [43, 19.5, 2.5], "rotation": [0, 67.5, 0], "uv": [0, 48], "mirror": true},
						{"origin": [40.5, 18.9, -3.5], "size": [18, 0, 6], "pivot": [43, 19.5, 2.5], "rotation": [0, 42.5, 0], "uv": [44, 6], "mirror": true},
						{"origin": [47.08746, 18.9, -3.88021], "size": [11, 0, 6], "pivot": [50.28746, 18.9, 1.31979], "rotation": [0, 22.5, 0], "uv": [152, 0], "mirror": true}
					]
				},
				{
					"name": "right_fethers_core3",
					"parent": "right_wing_fethers3",
					"pivot": [37, 19.55, 3],
					"cubes": [
						{"origin": [30, 19.55, -2], "size": [32, 0, 7], "uv": [0, 41], "mirror": true},
						{"origin": [31, 18.85, -2], "size": [24, 0, 7], "uv": [132, 9], "mirror": true}
					]
				},
				{
					"name": "right_fether7",
					"parent": "right_fethers_core3",
					"pivot": [39.70711, 19.5, 3.00736],
					"cubes": [
						{"origin": [40.5, 19.5, -2], "size": [12, 0, 4], "pivot": [43, 19.5, 2.5], "rotation": [0, 45, 0], "uv": [121, 51], "mirror": true}
					]
				},
				{
					"name": "right_fether8",
					"parent": "right_fethers_core3",
					"pivot": [38.31047, 19.5, 2.73229],
					"cubes": [
						{"origin": [41.5, 19.5, -4], "size": [12, 0, 4], "pivot": [43, 19.5, 2.5], "rotation": [0, 70, 0], "uv": [121, 51], "mirror": true}
					]
				},
				{
					"name": "right_fether9",
					"parent": "right_fethers_core3",
					"pivot": [36.61433, 19.5, 3.31994],
					"cubes": [
						{"origin": [42.6, 19.5, -6.4], "size": [12, 0, 4], "pivot": [43, 19.5, 2.5], "rotation": [0, 85, 0], "uv": [121, 51], "mirror": true}
					]
				},
				{
					"name": "right_fether10",
					"parent": "right_fethers_core3",
					"pivot": [32.5, 19.5, 3],
					"cubes": [
						{"origin": [43.5, 19.5, -10], "size": [12, 0, 4], "pivot": [43, 19.5, 2.5], "rotation": [0, 90, 0], "uv": [121, 51], "mirror": true}
					]
				},
				{
					"name": "right_fethers_core6",
					"parent": "right_wing_fethers3",
					"pivot": [37, 18.65, 3]
				},
				{
					"name": "right_fether17",
					"parent": "right_fethers_core6",
					"pivot": [39.70711, 18.6, 3.00736],
					"cubes": [
						{"origin": [40.5, 18.6, -2], "size": [12, 0, 4], "pivot": [43, 18.6, 2.5], "rotation": [0, 45, 0], "uv": [121, 51], "mirror": true}
					]
				},
				{
					"name": "right_fether18",
					"parent": "right_fethers_core6",
					"pivot": [38.31047, 18.6, 2.73229],
					"cubes": [
						{"origin": [41.5, 18.4, -4], "size": [12, 0, 4], "pivot": [43, 18.6, 2.5], "rotation": [0, 70, 0], "uv": [121, 51], "mirror": true}
					]
				},
				{
					"name": "right_fether19",
					"parent": "right_fethers_core6",
					"pivot": [36.61433, 18.6, 3.31994],
					"cubes": [
						{"origin": [42.6, 18.6, -6.4], "size": [12, 0, 4], "pivot": [43, 18.6, 2.5], "rotation": [0, 85, 0], "uv": [121, 51], "mirror": true}
					]
				},
				{
					"name": "right_fether20",
					"parent": "right_fethers_core6",
					"pivot": [32.5, 18.6, 3],
					"cubes": [
						{"origin": [43.5, 18.6, -10], "size": [12, 0, 4], "pivot": [43, 18.6, 2.5], "rotation": [0, 90, 0], "uv": [121, 51], "mirror": true}
					]
				},
				{
					"name": "tail",
					"parent": "torso",
					"pivot": [0, 15, -15.5],
					"rotation": [0, 0, -45]
				},
				{
					"name": "tail_fether",
					"parent": "tail",
					"pivot": [0, 17.3, -13.5],
					"rotation": [-22.5, 0, 0],
					"cubes": [
						{"origin": [-2.5, 17.3, -22.5], "size": [5, 0, 9], "uv": [103, 18]}
					]
				},
				{
					"name": "tail_fether2",
					"parent": "tail_fether",
					"pivot": [0, 17.3, -22.5],
					"rotation": [-7.5, 0, 0],
					"cubes": [
						{"origin": [-2.5, 17.3, -41.5], "size": [5, 0, 19], "uv": [53, 16]}
					]
				},
				{
					"name": "tail_fether3",
					"parent": "tail",
					"pivot": [0, 12.3, -13.5],
					"rotation": [22.5, 0, 0],
					"cubes": [
						{"origin": [-2.5, 12.3, -22.5], "size": [5, 0, 9], "uv": [103, 9]}
					]
				},
				{
					"name": "tail_fether4",
					"parent": "tail_fether3",
					"pivot": [0, 12.3, -22.5],
					"rotation": [7.5, 0, 0],
					"cubes": [
						{"origin": [-2.5, 12.3, -41.5], "size": [5, 0, 19], "uv": [53, 16]}
					]
				},
				{
					"name": "tail_fether5",
					"parent": "tail",
					"pivot": [-2.5, 14.8, -13.5],
					"rotation": [0, 22.5, 0],
					"cubes": [
						{"origin": [-2.5, 12.3, -22.5], "size": [0, 5, 9], "uv": [48, 118]}
					]
				},
				{
					"name": "tail_fether6",
					"parent": "tail_fether5",
					"pivot": [-2.5, 14.8, -22.5],
					"rotation": [0, 7.5, 0],
					"cubes": [
						{"origin": [-2.5, 12.3, -41.5], "size": [0, 5, 19], "uv": [45, 95]}
					]
				},
				{
					"name": "tail_fether7",
					"parent": "tail",
					"pivot": [2.5, 14.8, -13.5],
					"rotation": [0, -22.5, 0],
					"cubes": [
						{"origin": [2.5, 12.3, -22.5], "size": [0, 5, 9], "uv": [0, 117]}
					]
				},
				{
					"name": "tail_fether8",
					"parent": "tail_fether7",
					"pivot": [2.5, 14.8, -22.5],
					"rotation": [0, -7.5, 0],
					"cubes": [
						{"origin": [2.5, 12.3, -41.5], "size": [0, 5, 19], "uv": [45, 95]}
					]
				},
				{
					"name": "tail_fether23",
					"parent": "tail",
					"pivot": [-2.6163, 17.33345, -15.5],
					"rotation": [0, 52.5, 45],
					"cubes": [
						{"origin": [-2.6163, 14.83345, -22.5], "size": [0, 5, 9], "uv": [80, 114]}
					]
				},
				{
					"name": "tail_fether24",
					"parent": "tail_fether23",
					"pivot": [-2.6163, 17.33345, -22.5],
					"rotation": [0, -27.5, 0],
					"cubes": [
						{"origin": [-2.6163, 14.83345, -32.5], "size": [0, 5, 10], "uv": [21, 106]}
					]
				},
				{
					"name": "tail_fether21",
					"parent": "tail",
					"pivot": [2.33345, 12.3837, -15.5],
					"rotation": [0, -52.5, 45],
					"cubes": [
						{"origin": [2.33345, 9.8837, -22.5], "size": [0, 5, 9], "uv": [98, 114]}
					]
				},
				{
					"name": "tail_fether22",
					"parent": "tail_fether21",
					"pivot": [2.33345, 12.3837, -22.5],
					"rotation": [0, 27.5, 0],
					"cubes": [
						{"origin": [2.33345, 9.8837, -32.5], "size": [0, 5, 10], "uv": [21, 106]}
					]
				},
				{
					"name": "tail_fether19",
					"parent": "tail",
					"pivot": [1.62635, 13.09081, -13.5],
					"rotation": [0, -17.5, 45],
					"cubes": [
						{"origin": [1.62635, 10.59081, -22.5], "size": [0, 5, 9], "uv": [30, 115]}
					]
				},
				{
					"name": "tail_fether20",
					"parent": "tail_fether19",
					"pivot": [1.62635, 13.09081, -22.5],
					"rotation": [0, -7.5, 0],
					"cubes": [
						{"origin": [1.62635, 10.59081, -42.5], "size": [0, 5, 20], "uv": [45, 94]}
					]
				},
				{
					"name": "tail_fether17",
					"parent": "tail",
					"pivot": [-1.90919, 16.62635, -13.5],
					"rotation": [0, 17.5, 45],
					"cubes": [
						{"origin": [-1.90919, 14.12635, -22.5], "size": [0, 5, 9], "uv": [116, 114]}
					]
				},
				{
					"name": "tail_fether18",
					"parent": "tail_fether17",
					"pivot": [-1.90919, 16.62635, -22.5],
					"rotation": [0, 7.5, 0],
					"cubes": [
						{"origin": [-1.90919, 14.12635, -42.5], "size": [0, 5, 20], "uv": [45, 94]}
					]
				},
				{
					"name": "tail_fether15",
					"parent": "tail",
					"pivot": [-1.90919, 13.09081, -13.5],
					"rotation": [17.5, 0, 45],
					"cubes": [
						{"origin": [-4.40919, 13.09081, -22.5], "size": [5, 0, 9], "uv": [97, 0]}
					]
				},
				{
					"name": "tail_fether16",
					"parent": "tail_fether15",
					"pivot": [-1.90919, 13.09081, -22.5],
					"rotation": [7.5, 0, 0],
					"cubes": [
						{"origin": [-4.40919, 13.09081, -42.5], "size": [5, 0, 20], "uv": [52, 15]}
					]
				},
				{
					"name": "tail_fether13",
					"parent": "tail",
					"pivot": [-2.47487, 12.52513, -15.5],
					"rotation": [47.5, 0, 45],
					"cubes": [
						{"origin": [-4.97487, 12.52513, -22.5], "size": [5, 0, 9], "uv": [0, 0]}
					]
				},
				{
					"name": "tail_fether14",
					"parent": "tail_fether13",
					"pivot": [-2.47487, 12.52513, -22.5],
					"rotation": [-22.5, 0, 0],
					"cubes": [
						{"origin": [-4.97487, 12.52513, -32.5], "size": [5, 0, 10], "uv": [-1, 113]}
					]
				},
				{
					"name": "tail_fether11",
					"parent": "tail",
					"pivot": [2.33345, 17.33345, -15.5],
					"rotation": [-54.8063, 0, 45],
					"cubes": [
						{"origin": [-0.16655, 17.33345, -22.5], "size": [5, 0, 9], "uv": [0, 9]}
					]
				},
				{
					"name": "tail_fether12",
					"parent": "tail_fether11",
					"pivot": [2.33345, 17.33345, -22.5],
					"rotation": [35, 0, 0],
					"cubes": [
						{"origin": [-0.16655, 17.33345, -32.5], "size": [5, 0, 10], "uv": [-1, 113]}
					]
				},
				{
					"name": "tail_fether9",
					"parent": "tail",
					"pivot": [1.62635, 16.62635, -13.5],
					"rotation": [-17.5, 0, 45],
					"cubes": [
						{"origin": [-0.87365, 16.62635, -22.5], "size": [5, 0, 9], "uv": [99, 78]}
					]
				},
				{
					"name": "tail_fether10",
					"parent": "tail_fether9",
					"pivot": [1.62635, 16.62635, -22.5],
					"rotation": [-7.5, 0, 0],
					"cubes": [
						{"origin": [-0.87365, 16.62635, -42.5], "size": [5, 0, 20], "uv": [52, 15]}
					]
				},
				{
					"name": "tail_fether31",
					"parent": "tail",
					"pivot": [-3.5, 14.8, -15.5],
					"rotation": [0, 52.5, 0],
					"cubes": [
						{"origin": [-3.5, 12.3, -22.5], "size": [0, 5, 9], "uv": [80, 114]}
					]
				},
				{
					"name": "tail_fether32",
					"parent": "tail_fether31",
					"pivot": [-3.5, 14.8, -22.5],
					"rotation": [0, -27.5, 0],
					"cubes": [
						{"origin": [-3.5, 12.3, -32.5], "size": [0, 5, 10], "uv": [21, 106]}
					]
				},
				{
					"name": "tail_fether29",
					"parent": "tail",
					"pivot": [3.5, 14.8, -15.5],
					"rotation": [0, -52.5, 0],
					"cubes": [
						{"origin": [3.5, 12.3, -22.5], "size": [0, 5, 9], "uv": [98, 114]}
					]
				},
				{
					"name": "tail_fether30",
					"parent": "tail_fether29",
					"pivot": [3.5, 14.8, -22.5],
					"rotation": [0, 27.5, 0],
					"cubes": [
						{"origin": [3.5, 12.3, -32.5], "size": [0, 5, 10], "uv": [21, 106]}
					]
				},
				{
					"name": "tail_fether27",
					"parent": "tail",
					"pivot": [0, 11.5, -15.5],
					"rotation": [47.5, 0, 0],
					"cubes": [
						{"origin": [-2.5, 11.5, -22.5], "size": [5, 0, 9], "uv": [0, 0]}
					]
				},
				{
					"name": "tail_fether28",
					"parent": "tail_fether27",
					"pivot": [0, 11.5, -22.5],
					"rotation": [-22.5, 0, 0],
					"cubes": [
						{"origin": [-2.5, 11.5, -32.5], "size": [5, 0, 10], "uv": [-1, 113]}
					]
				},
				{
					"name": "tail_fether25",
					"parent": "tail",
					"pivot": [0, 18.3, -15.5],
					"rotation": [-54.8063, 0, 0],
					"cubes": [
						{"origin": [-2.5, 18.3, -22.5], "size": [5, 0, 9], "uv": [0, 9]}
					]
				},
				{
					"name": "tail_fether26",
					"parent": "tail_fether25",
					"pivot": [0, 18.3, -22.5],
					"rotation": [35, 0, 0],
					"cubes": [
						{"origin": [-2.5, 18.3, -32.5], "size": [5, 0, 10], "uv": [-1, 113]}
					]
				},
				{
					"name": "left_legg",
					"parent": "body",
					"pivot": [-7.5, 11.5, -7.5],
					"cubes": [
						{"origin": [-9, 6.5, -11], "size": [7, 8, 7], "uv": [84, 95]}
					]
				},
				{
					"name": "left_legg2",
					"parent": "left_legg",
					"pivot": [-5.5, 6.5, -7.5],
					"cubes": [
						{"origin": [-6.5, 1.5, -8.5], "size": [2, 7, 2], "inflate": 0.1, "uv": [0, 9]}
					]
				},
				{
					"name": "left_foot",
					"parent": "left_legg2",
					"pivot": [-5.5, 1.95, -7.5],
					"cubes": [
						{"origin": [-8, 0, -9], "size": [5, 2, 4], "inflate": 0.1, "uv": [120, 128]},
						{"origin": [-7.5, -0.1, -11], "size": [4, 2, 3], "uv": [129, 94]}
					]
				},
				{
					"name": "left_back_toe",
					"parent": "left_foot",
					"pivot": [-5.5, 0.8, -10.8],
					"cubes": [
						{"origin": [-6.5, -0.2, -12.3], "size": [2, 2, 2], "uv": [82, 86]}
					]
				},
				{
					"name": "left_back_toe2",
					"parent": "left_back_toe",
					"pivot": [-5.575, 1.705, -12.35],
					"cubes": [
						{"origin": [-6.05, -0.3, -14], "size": [1, 2, 2], "uv": [0, 50]},
						{"origin": [-5.6, -0.29, -15.2], "size": [0, 2, 2], "uv": [16, 16]}
					]
				},
				{
					"name": "left_left_toe",
					"parent": "left_foot",
					"pivot": [-7.21667, 0.94, -4.86667],
					"cubes": [
						{"origin": [-7.65, -0.1, -6], "size": [1, 2, 3], "uv": [137, 137]}
					]
				},
				{
					"name": "left_left_toe2",
					"parent": "left_left_toe",
					"pivot": [-7.25, 0.96, -3.55],
					"cubes": [
						{"origin": [-7.75, 0.01, -3.4], "size": [1, 2, 2], "inflate": 0.1, "uv": [82, 90]},
						{"origin": [-7.25, -0.09, -2.2], "size": [0, 2, 2], "uv": [58, 16]}
					]
				},
				{
					"name": "left_middle_toe",
					"parent": "left_foot",
					"pivot": [-5.56667, 0.94, -4.86667],
					"cubes": [
						{"origin": [-6.05, -0.1, -6], "size": [1, 2, 3], "uv": [65, 137]}
					]
				},
				{
					"name": "left_middle_toe2",
					"parent": "left_middle_toe",
					"pivot": [-5.575, 0.96, -3.55],
					"cubes": [
						{"origin": [-6.05, 0.01, -3.4], "size": [1, 2, 2], "inflate": 0.1, "uv": [0, 54]},
						{"origin": [-5.6, -0.09, -2.2], "size": [0, 2, 2], "uv": [50, 16]}
					]
				},
				{
					"name": "left_right_toe",
					"parent": "left_foot",
					"pivot": [-3.78333, 0.94, -4.86667],
					"cubes": [
						{"origin": [-4.35, -0.1, -6], "size": [1, 2, 3], "uv": [73, 137]}
					]
				},
				{
					"name": "left_right_toe2",
					"parent": "left_right_toe",
					"pivot": [-3.75, 0.96, -3.55],
					"cubes": [
						{"origin": [-3.75, -0.09, -2.2], "size": [0, 2, 2], "uv": [54, 16]},
						{"origin": [-4.25, 0.01, -3.4], "size": [1, 2, 2], "inflate": 0.1, "uv": [0, 58]}
					]
				},
				{
					"name": "right_legg",
					"parent": "body",
					"pivot": [7.5, 11.5, -7.5],
					"cubes": [
						{"origin": [2, 6.5, -11], "size": [7, 8, 7], "uv": [84, 95], "mirror": true}
					]
				},
				{
					"name": "right_legg2",
					"parent": "right_legg",
					"pivot": [5.5, 6.5, -7.5],
					"cubes": [
						{"origin": [4.5, 1.5, -8.5], "size": [2, 7, 2], "inflate": 0.1, "uv": [0, 9], "mirror": true}
					]
				},
				{
					"name": "right_foot",
					"parent": "right_legg2",
					"pivot": [5.5, 1.95, -7.5],
					"cubes": [
						{"origin": [3, 0, -9], "size": [5, 2, 4], "inflate": 0.1, "uv": [120, 128], "mirror": true},
						{"origin": [3.5, -0.1, -11], "size": [4, 2, 3], "uv": [129, 94], "mirror": true}
					]
				},
				{
					"name": "right_back_toe",
					"parent": "right_foot",
					"pivot": [5.5, 0.8, -10.8],
					"cubes": [
						{"origin": [4.5, -0.2, -12.3], "size": [2, 2, 2], "uv": [82, 86], "mirror": true}
					]
				},
				{
					"name": "right_back_toe2",
					"parent": "right_back_toe",
					"pivot": [5.575, 1.705, -12.35],
					"cubes": [
						{"origin": [5.05, -0.3, -14], "size": [1, 2, 2], "uv": [0, 50], "mirror": true},
						{"origin": [5.6, -0.29, -15.2], "size": [0, 2, 2], "uv": [16, 16], "mirror": true}
					]
				},
				{
					"name": "right_left_toe",
					"parent": "right_foot",
					"pivot": [7.21667, 0.94, -4.86667],
					"cubes": [
						{"origin": [6.65, -0.1, -6], "size": [1, 2, 3], "uv": [137, 137], "mirror": true}
					]
				},
				{
					"name": "right_right_toe",
					"parent": "right_left_toe",
					"pivot": [7.25, 0.96, -3.55],
					"cubes": [
						{"origin": [6.75, 0.01, -3.4], "size": [1, 2, 2], "inflate": 0.1, "uv": [82, 90], "mirror": true},
						{"origin": [7.25, -0.09, -2.2], "size": [0, 2, 2], "uv": [58, 16], "mirror": true}
					]
				},
				{
					"name": "right_middle_toe",
					"parent": "right_foot",
					"pivot": [5.56667, 0.94, -4.86667],
					"cubes": [
						{"origin": [5.05, -0.1, -6], "size": [1, 2, 3], "uv": [65, 137], "mirror": true}
					]
				},
				{
					"name": "right_middle_toe2",
					"parent": "right_middle_toe",
					"pivot": [5.575, 0.96, -3.55],
					"cubes": [
						{"origin": [5.05, 0.01, -3.4], "size": [1, 2, 2], "inflate": 0.1, "uv": [0, 54], "mirror": true},
						{"origin": [5.6, -0.09, -2.2], "size": [0, 2, 2], "uv": [50, 16], "mirror": true}
					]
				},
				{
					"name": "left_right_toe3",
					"parent": "right_foot",
					"pivot": [3.78333, 0.94, -4.86667],
					"cubes": [
						{"origin": [3.35, -0.1, -6], "size": [1, 2, 3], "uv": [73, 137], "mirror": true}
					]
				},
				{
					"name": "left_right_toe4",
					"parent": "left_right_toe3",
					"pivot": [3.75, 0.96, -3.55],
					"cubes": [
						{"origin": [3.75, -0.09, -2.2], "size": [0, 2, 2], "uv": [54, 16], "mirror": true},
						{"origin": [3.25, 0.01, -3.4], "size": [1, 2, 2], "inflate": 0.1, "uv": [0, 58], "mirror": true}
					]
				}
			]
		}
	]
}