{
	"format_version": "1.12.0",
	"minecraft:geometry": [
		{
			"description": {
				"identifier": "geometry.unknown",
				"texture_width": 256,
				"texture_height": 256,
				"visible_bounds_width": 3,
				"visible_bounds_height": 5.5,
				"visible_bounds_offset": [0, 2.25, 0]
			},
			"bones": [
				{
					"name": "ironcrown",
					"pivot": [0, 0, 0]
				},
				{
					"name": "ironcrown2",
					"parent": "ironcrown",
					"pivot": [0, 1, 0]
				},
				{
					"name": "body",
					"parent": "ironcrown2",
					"pivot": [0, 20.75, -5.75],
					"cubes": [
						{"origin": [-5, 17, -10], "size": [10, 8, 8], "uv": [40, 0]},
						{"origin": [-6, 19, -7], "size": [12, 3, 3], "uv": [69, 0]}
					]
				},
				{
					"name": "neck",
					"parent": "body",
					"pivot": [0, 22, -7],
					"cubes": [
						{"origin": [-4, 19.025, -12.15], "size": [8, 13, 8], "pivot": [-0.5, 25.5, -8.175], "rotation": [17, 0, 0], "uv": [31, 28]}
					]
				},
				{
					"name": "collar",
					"parent": "neck",
					"pivot": [0.01869, 23.87836, -7.07778],
					"rotation": [30, 0, 0],
					"cubes": [
						{"origin": [6.73506, 20.77669, -11.9841], "size": [2, 10, 6], "pivot": [0.01869, 25.25336, -9.02778], "rotation": [-90, -76, 90], "uv": [37, 79]},
						{"origin": [5.73668, 21.77669, -14.14893], "size": [2, 9, 6], "pivot": [0.01869, 25.25336, -9.02778], "rotation": [-162.97246, -34.29498, 170.20939], "uv": [0, 88]},
						{"origin": [-7.66888, 21.77669, -14.17064], "size": [2, 9, 6], "pivot": [0.01869, 25.25336, -9.02778], "rotation": [-162.97246, 34.29498, -170.20939], "uv": [86, 72]},
						{"origin": [-6.775, 21.7, -10.025], "size": [2, 8, 6], "uv": [63, 96]},
						{"origin": [-8.32987, 21.8, -6.25152], "size": [0, 9, 15], "pivot": [0, 26.3, -0.82839], "rotation": [28.72217, -12.33366, -6.67623], "uv": [24, 3]},
						{"origin": [8.32987, 21.8, -6.25152], "size": [0, 9, 15], "pivot": [0, 26.3, -0.82839], "rotation": [28.72217, 12.33366, 6.67623], "uv": [0, 18]},
						{"origin": [-7.49093, 22.85039, -11.58542], "size": [2, 4, 6], "pivot": [0.01869, 23.87836, -5.90278], "rotation": [23.72151, -25.71891, -10.796], "uv": [108, 46]},
						{"origin": [4.81237, 21.7, -10.025], "size": [2, 8, 6], "uv": [93, 55]},
						{"origin": [5.52831, 22.85039, -11.58542], "size": [2, 4, 6], "pivot": [0.01869, 23.87836, -5.90278], "rotation": [23.72151, 25.71891, 10.796], "uv": [48, 106]},
						{"origin": [-8.50697, 22.85039, -9.90278], "size": [2, 4, 8], "inflate": 0.01, "pivot": [0.01869, 23.87836, -5.90278], "rotation": [90, -68.75, -90], "uv": [83, 21]}
					]
				},
				{
					"name": "neck2",
					"parent": "neck",
					"pivot": [0, 31.10506, -11.87245],
					"cubes": [
						{"origin": [-3.5, 29.77839, -13.13509], "size": [7, 12, 7], "pivot": [-0.5, 34.25339, -9.16009], "rotation": [-10.5, 0, 0], "uv": [0, 43]},
						{"origin": [-4, 31.29612, -12.54665], "size": [8, 11, 5], "inflate": 0.01, "pivot": [0, 37.44612, -8.57165], "rotation": [3.5, 0, 0], "uv": [56, 17]},
						{"origin": [-3.875, 35.58169, -11.73182], "size": [1, 3, 3], "inflate": 0.01, "pivot": [-4.5, 37.93169, -8.90682], "rotation": [-18.45626, 4.17032, -15.11569], "uv": [22, 103]},
						{"origin": [-3.9, 35.58169, -11.30682], "size": [1, 3, 3], "inflate": 0.01, "pivot": [-4.5, 37.93169, -8.90682], "rotation": [-15.41233, -5.13638, 10.73624], "uv": [45, 64]},
						{"origin": [2.9, 35.58169, -11.30682], "size": [1, 3, 3], "inflate": 0.01, "pivot": [4.5, 37.93169, -8.90682], "rotation": [-15.41233, 5.13638, -10.73624], "uv": [16, 25]},
						{"origin": [2.875, 35.58169, -11.73182], "size": [1, 3, 3], "inflate": 0.01, "pivot": [4.5, 37.93169, -8.90682], "rotation": [-18.45626, -4.17032, 15.11569], "uv": [22, 43]},
						{"origin": [-4, 41.38763, -13.26696], "size": [2, 5, 5], "pivot": [0, 39.31263, -9.29196], "rotation": [-10.25, 0, 0], "uv": [0, 109]},
						{"origin": [-4, 44.98204, -11.91957], "size": [2, 3, 7], "inflate": 0.01, "uv": [10, 103]},
						{"origin": [-0.50083, 44.98204, -4.73814], "size": [1, 3, 2], "inflate": 0.01, "uv": [0, 43]},
						{"origin": [-6.32433, 44.98204, -8.00627], "size": [2, 3, 4], "pivot": [-2.32433, 39.30704, -8.58127], "rotation": [0, 57.5, 0], "uv": [0, 120]},
						{"origin": [4.32433, 44.98204, -8.00627], "size": [2, 3, 4], "pivot": [2.32433, 39.30704, -8.58127], "rotation": [0, -57.5, 0], "uv": [61, 119]},
						{"origin": [2, 44.98204, -11.91957], "size": [2, 3, 7], "inflate": 0.01, "uv": [102, 81]}
					]
				},
				{
					"name": "neck3",
					"parent": "neck2",
					"pivot": [-0.69617, 40.60949, -6.9598],
					"cubes": [
						{"origin": [-3.50786, 40.3094, -10.95187], "size": [7, 6, 6], "pivot": [-0.00786, 41.3844, -8.80187], "rotation": [11.68305, 0, 0], "uv": [0, 63]},
						{"origin": [2, 41.38763, -13.26696], "size": [2, 5, 5], "pivot": [0, 39.31263, -9.29196], "rotation": [-10.25, 0, 0], "uv": [0, 18]}
					]
				},
				{
					"name": "head",
					"parent": "neck3",
					"pivot": [-0.08333, 44.10396, -10.15213],
					"cubes": [
						{"origin": [-3.5, 42.78006, -18.89745], "size": [7, 4, 9], "pivot": [0, 41.83006, -8.74745], "rotation": [4.25, 0, 0], "uv": [29, 50]},
						{"origin": [-2, 45.78006, -18.37245], "size": [4, 2, 11], "pivot": [0, 41.83006, -8.74745], "rotation": [4.25, 0, 0], "uv": [53, 39]},
						{"origin": [1.96112, 46.18318, -18.31173], "size": [2, 1, 9], "pivot": [2.13612, 47.15818, -15.81173], "rotation": [3.63517, -2.20331, 31.18007], "uv": [14, 79]},
						{"origin": [-3.96112, 46.18318, -18.31173], "size": [2, 1, 9], "pivot": [-2.13612, 47.15818, -15.81173], "rotation": [3.63517, 2.20331, -31.18007], "uv": [74, 61]},
						{"origin": [-1, 45.28006, -19.37245], "size": [2, 2, 1], "pivot": [0, 41.83006, -8.74745], "rotation": [4.25, 0, 0], "uv": [40, 3]}
					]
				},
				{
					"name": "mouth",
					"parent": "head",
					"pivot": [0, 42.64717, -12.91663],
					"cubes": [
						{"origin": [-3, 41.28006, -17.89745], "size": [6, 2, 8], "pivot": [0, 41.83006, -8.74745], "rotation": [4.25, 0, 0], "uv": [54, 56]}
					]
				},
				{
					"name": "eyelid_right",
					"parent": "head",
					"pivot": [-3.5, 44.85186, -14.63758],
					"cubes": [
						{"origin": [-3.5, 43.35186, -17.13758], "size": [0, 3, 5], "pivot": [-3.5, 44.85186, -14.63758], "rotation": [4.25, 0, 0], "uv": [137, -5]}
					]
				},
				{
					"name": "eyelid_left",
					"parent": "head",
					"pivot": [3.5, 44.85186, -14.63758],
					"cubes": [
						{"origin": [3.5, 43.35186, -17.13758], "size": [0, 3, 5], "pivot": [3.5, 44.85186, -14.63758], "rotation": [4.25, 0, 0], "uv": [137, -5], "mirror": true}
					]
				},
				{
					"name": "eye_right",
					"parent": "head",
					"pivot": [-3.55, 45.01807, -14.64994],
					"cubes": [
						{"origin": [-3.55, 43.78006, -15.89745], "size": [0, 3, 3], "pivot": [0, 41.83006, -8.74745], "rotation": [4.25, 0, 0], "uv": [16, 18]},
						{"origin": [-3.575, 44.78006, -14.89745], "size": [0, 2, 1], "pivot": [0, 41.83006, -8.74745], "rotation": [4.25, 0, 0], "uv": [0, 18]},
						{"origin": [-3.525, 43.78006, -16.89745], "size": [0, 3, 5], "pivot": [0, 41.83006, -8.74745], "rotation": [4.25, 0, 0], "uv": [0, 0]}
					]
				},
				{
					"name": "eye_left",
					"parent": "head",
					"pivot": [3.55, 45.01807, -14.64994],
					"cubes": [
						{"origin": [3.575, 44.78006, -14.89745], "size": [0, 2, 1], "pivot": [0, 41.83006, -8.74745], "rotation": [4.25, 0, 0], "uv": [0, 18], "mirror": true},
						{"origin": [3.525, 43.78006, -16.89745], "size": [0, 3, 5], "pivot": [0, 41.83006, -8.74745], "rotation": [4.25, 0, 0], "uv": [0, 0], "mirror": true},
						{"origin": [3.55, 43.78006, -15.89745], "size": [0, 3, 3], "pivot": [0, 41.83006, -8.74745], "rotation": [4.25, 0, 0], "uv": [16, 18], "mirror": true}
					]
				},
				{
					"name": "horn_right_1",
					"parent": "neck",
					"pivot": [-2, 46.27088, -14.82011],
					"cubes": [
						{"origin": [-3, 45.02088, -15.82011], "size": [2, 7, 2], "uv": [24, 120]}
					]
				},
				{
					"name": "horn_right_2",
					"parent": "horn_right_1",
					"pivot": [-2, 51.77088, -14.82011],
					"cubes": [
						{"origin": [-3, 51.27088, -15.82011], "size": [2, 5, 2], "uv": [110, 120]},
						{"origin": [-3, 54.02088, -15.82011], "size": [2, 2, 2], "inflate": 0.03, "uv": [0, 104]}
					]
				},
				{
					"name": "horn_right_3",
					"parent": "horn_right_2",
					"pivot": [-2, 55.77088, -14.82011],
					"cubes": [
						{"origin": [-3, 56.02088, -15.82011], "size": [2, 2, 2], "inflate": 0.03, "uv": [108, 41]},
						{"origin": [-3, 55.77088, -15.82011], "size": [2, 5, 2], "uv": [101, 120]},
						{"origin": [-3, 58.52088, -15.82011], "size": [2, 2, 2], "inflate": 0.03, "uv": [117, 100]}
					]
				},
				{
					"name": "horn_right_4",
					"parent": "horn_right_3",
					"pivot": [-2, 60.27088, -14.82011],
					"cubes": [
						{"origin": [-3, 60.52088, -15.82011], "size": [2, 2, 2], "inflate": 0.03, "uv": [121, 7]},
						{"origin": [-3, 60.27088, -15.82011], "size": [2, 4, 2], "uv": [13, 122]},
						{"origin": [-2.5, 64.27088, -15.32011], "size": [1, 3, 1], "uv": [6, 0]}
					]
				},
				{
					"name": "horn_left_1",
					"parent": "neck",
					"pivot": [2, 46.27088, -14.82011],
					"cubes": [
						{"origin": [1, 45.02088, -15.82011], "size": [2, 7, 2], "uv": [28, 0]}
					]
				},
				{
					"name": "horn_left_2",
					"parent": "horn_left_1",
					"pivot": [2, 51.77088, -14.82011],
					"cubes": [
						{"origin": [1, 51.27088, -15.82011], "size": [2, 5, 2], "uv": [92, 120]},
						{"origin": [1, 54.02088, -15.82011], "size": [2, 2, 2], "inflate": 0.03, "uv": [96, 100]}
					]
				},
				{
					"name": "horn_left_3",
					"parent": "horn_left_2",
					"pivot": [2, 55.77088, -14.82011],
					"cubes": [
						{"origin": [1, 56.02088, -15.82011], "size": [2, 2, 2], "inflate": 0.03, "uv": [38, 96]},
						{"origin": [1, 55.77088, -15.82011], "size": [2, 5, 2], "uv": [83, 120]},
						{"origin": [1, 58.52088, -15.82011], "size": [2, 2, 2], "inflate": 0.03, "uv": [90, 34]}
					]
				},
				{
					"name": "horn_left_4",
					"parent": "horn_left_3",
					"pivot": [2, 60.27088, -14.82011],
					"cubes": [
						{"origin": [1, 60.52088, -15.82011], "size": [2, 2, 2], "inflate": 0.03, "uv": [53, 53]},
						{"origin": [1, 60.27088, -15.82011], "size": [2, 4, 2], "uv": [119, 120]},
						{"origin": [1.5, 64.27088, -15.32011], "size": [1, 3, 1], "uv": [0, 0]}
					]
				},
				{
					"name": "ass",
					"parent": "body",
					"pivot": [0, 20.3, -3],
					"cubes": [
						{"origin": [-4, 17.1, -2.5], "size": [8, 6, 11], "uv": [0, 0]},
						{"origin": [-1, 19.6, 7], "size": [2, 4, 2], "uv": [33, 122]},
						{"origin": [0, 19.6, 6], "size": [0, 13, 9], "uv": [68, 73]},
						{"origin": [-4.5, 18, 4.5], "size": [9, 3, 3], "uv": [97, 70]}
					]
				},
				{
					"name": "leg_left_back",
					"parent": "ironcrown2",
					"pivot": [5.25, 19.63325, 6.04505],
					"cubes": [
						{"origin": [6.10079, 19.68145, 8.0115], "size": [1, 3, 3], "pivot": [0, 19.27728, 7.58232], "rotation": [21.69304, 9.30727, 20.57639], "uv": [127, 0], "mirror": true},
						{"origin": [6.07998, 15.8542, 7.9804], "size": [1, 3, 3], "pivot": [0, 19.27728, 7.58232], "rotation": [-68.30696, -9.30727, -20.57639], "uv": [127, 9], "mirror": true},
						{"origin": [3.75, 15.4, 3.88553], "size": [4, 5, 6], "pivot": [5.25, 17, 7.03553], "rotation": [-26.75, 0, 0], "uv": [93, 40]},
						{"origin": [3.75, 17, 3.5], "size": [4, 7, 6], "inflate": 0.01, "uv": [78, 47]},
						{"origin": [4.75, 17.5, 2.5], "size": [2, 6, 2], "uv": [74, 120]}
					]
				},
				{
					"name": "leg_left_back2",
					"parent": "leg_left_back",
					"pivot": [5.25, 16.25, 9.5],
					"cubes": [
						{"origin": [4.25, 11.5, 8.5], "size": [3, 6, 3], "inflate": 0.01, "uv": [119, 41]},
						{"origin": [3.75, 7, 8], "size": [4, 5, 4], "inflate": 0.01, "uv": [110, 110]},
						{"origin": [3.25, 3.5, 7.5], "size": [5, 4, 5], "uv": [33, 102]},
						{"origin": [3.25, -1, 7.5], "size": [5, 5, 5], "inflate": 0.01, "uv": [96, 16]},
						{"origin": [6.75, 3.5, 7], "size": [2, 1, 6], "inflate": 0.01, "uv": [34, 114]},
						{"origin": [4.75, 3.5, 10], "size": [2, 1, 3], "inflate": 0.01, "uv": [74, 96]},
						{"origin": [2.75, 3.5, 7], "size": [2, 1, 6], "inflate": 0.01, "uv": [114, 33]},
						{"origin": [3.675, 4.1, 7.025], "size": [3, 1, 1], "inflate": 0.01, "pivot": [3.575, 4, 10], "rotation": [0, 0, 61.5], "uv": [99, 13]},
						{"origin": [5.1351, 2.35762, 7.05], "size": [3, 1, 1], "inflate": 0.01, "pivot": [6.5851, 2.85762, 7.525], "rotation": [0, 0, -60.5], "uv": [11, 90]}
					]
				},
				{
					"name": "leg_left_back3",
					"parent": "leg_left_back2",
					"pivot": [5.25, 1, 8],
					"cubes": [
						{"origin": [4.25, -0.975, 5.5], "size": [3, 2, 3], "inflate": 0.01, "uv": [119, 67]}
					]
				},
				{
					"name": "leg_right_back",
					"parent": "ironcrown2",
					"pivot": [-5.25, 19.63325, 6.04505],
					"cubes": [
						{"origin": [-7.75, 15.4, 3.88553], "size": [4, 5, 6], "pivot": [-5.25, 17, 7.03553], "rotation": [-26.75, 0, 0], "uv": [48, 90]},
						{"origin": [-7.75, 17, 3.5], "size": [4, 7, 6], "inflate": 0.01, "uv": [78, 7]},
						{"origin": [-7.07998, 15.8542, 7.9804], "size": [1, 3, 3], "pivot": [0, 19.27728, 7.58232], "rotation": [-68.30696, 9.30727, 20.57639], "uv": [127, 9]},
						{"origin": [-7.10079, 19.68145, 8.0115], "size": [1, 3, 3], "pivot": [0, 19.27728, 7.58232], "rotation": [21.69304, -9.30727, -20.57639], "uv": [127, 0]},
						{"origin": [-6.75, 17.5, 2.5], "size": [2, 6, 2], "uv": [29, 50]}
					]
				},
				{
					"name": "leg_right_back2",
					"parent": "leg_right_back",
					"pivot": [-5.25, 16.25, 9.5],
					"cubes": [
						{"origin": [-7.25, 11.5, 8.5], "size": [3, 6, 3], "inflate": 0.01, "uv": [114, 77]},
						{"origin": [-7.75, 7, 8], "size": [4, 5, 4], "inflate": 0.01, "uv": [93, 110]},
						{"origin": [-8.25, 3.5, 7.5], "size": [5, 4, 5], "uv": [101, 100]},
						{"origin": [-8.25, -1, 7.5], "size": [5, 5, 5], "inflate": 0.01, "uv": [95, 2]},
						{"origin": [-8.75, 3.5, 7], "size": [2, 1, 6], "inflate": 0.01, "uv": [9, 114]},
						{"origin": [-6.75, 3.5, 10], "size": [2, 1, 3], "inflate": 0.01, "uv": [64, 34]},
						{"origin": [-4.75, 3.5, 7], "size": [2, 1, 6], "inflate": 0.01, "uv": [23, 112]},
						{"origin": [-6.675, 4.1, 7.025], "size": [3, 1, 1], "inflate": 0.01, "pivot": [-3.575, 4, 10], "rotation": [0, 0, -61.5], "uv": [28, 85]},
						{"origin": [-8.1351, 2.35762, 7.05], "size": [3, 1, 1], "inflate": 0.01, "pivot": [-6.5851, 2.85762, 7.525], "rotation": [0, 0, 60.5], "uv": [48, 82]}
					]
				},
				{
					"name": "leg_right_back3",
					"parent": "leg_right_back2",
					"pivot": [-5.25, 1, 8],
					"cubes": [
						{"origin": [-7.25, -0.975, 5.5], "size": [3, 2, 3], "inflate": 0.01, "uv": [112, 15]}
					]
				},
				{
					"name": "leg_left_front",
					"parent": "ironcrown2",
					"pivot": [4.75, 19.63325, -6.04505],
					"cubes": [
						{"origin": [3.25, 14.22849, -10.18427], "size": [5, 5, 6], "inflate": 0.01, "pivot": [4.75, 17.54244, -7.54556], "rotation": [56.5, 0, 0], "uv": [0, 76]},
						{"origin": [3.75, 14.33732, -11.42219], "size": [4, 3, 3], "pivot": [4.75, 17.54244, -7.54556], "rotation": [20.25, 0, 0], "uv": [111, 0]},
						{"origin": [3.75, 16.33732, -12.42219], "size": [4, 1, 1], "pivot": [4.75, 17.54244, -7.54556], "rotation": [20.25, 0, 0], "uv": [37, 0]},
						{"origin": [3.25, 16.713, -9.31726], "size": [5, 7, 7], "pivot": [4.75, 17.54244, -7.54556], "rotation": [-7.25, 0, 0], "uv": [52, 67]}
					]
				},
				{
					"name": "leg_left_front2",
					"parent": "leg_left_front",
					"pivot": [5.75, 14.25, -9.5],
					"cubes": [
						{"origin": [4.25, 9.75, -11], "size": [3, 5, 3], "inflate": 0.01, "uv": [48, 119]},
						{"origin": [3.75, 5.25, -11.5], "size": [4, 5, 4], "inflate": 0.01, "uv": [76, 110]},
						{"origin": [3.25, 1.75, -12], "size": [5, 4, 5], "uv": [80, 100]},
						{"origin": [3.25, -3.75, -13.5], "size": [5, 6, 5], "inflate": 0.01, "pivot": [5.75, 0.25, -10.25], "rotation": [-180, 0, 180], "uv": [17, 91]},
						{"origin": [6.75, 1.75, -14], "size": [2, 1, 6], "inflate": 0.01, "pivot": [5.75, 0.25, -10.25], "rotation": [-180, 0, 180], "uv": [59, 111]},
						{"origin": [4.75, 1.75, -14], "size": [2, 1, 3], "inflate": 0.01, "pivot": [5.75, 0.25, -10.25], "rotation": [-180, 0, 180], "uv": [21, 63]},
						{"origin": [2.75, 1.75, -14], "size": [2, 1, 6], "inflate": 0.01, "pivot": [5.75, 0.25, -10.25], "rotation": [-180, 0, 180], "uv": [111, 21]},
						{"origin": [3.28805, -0.45332, -9.025], "size": [3, 1, 1], "inflate": 0.01, "pivot": [5.9, 0.25, -10.25], "rotation": [180, 0, 118.5], "uv": [17, 76]},
						{"origin": [5.19649, -0.40221, -9.05], "size": [3, 1, 1], "inflate": 0.01, "pivot": [5.575, 0.25, -10.25], "rotation": [180, 0, -119.5], "uv": [73, 46]}
					]
				},
				{
					"name": "leg_left_front3",
					"parent": "leg_left_front2",
					"pivot": [5.75, -1.75, -11],
					"cubes": [
						{"origin": [4.25, -3.725, -9.5], "size": [3, 2, 3], "inflate": 0.01, "pivot": [5.75, -0.725, -10.25], "rotation": [-180, 0, 180], "uv": [28, 79]}
					]
				},
				{
					"name": "leg_right_front",
					"parent": "ironcrown2",
					"pivot": [-4.75, 19.63325, -6.04505],
					"cubes": [
						{"origin": [-8.25, 14.22849, -10.18427], "size": [5, 5, 6], "inflate": 0.01, "pivot": [-4.75, 17.54244, -7.54556], "rotation": [56.5, 0, 0], "uv": [73, 34]},
						{"origin": [-7.75, 14.33732, -11.42219], "size": [4, 3, 3], "pivot": [-4.75, 17.54244, -7.54556], "rotation": [20.25, 0, 0], "uv": [54, 82]},
						{"origin": [-7.75, 16.33732, -12.42219], "size": [4, 1, 1], "pivot": [-4.75, 17.54244, -7.54556], "rotation": [20.25, 0, 0], "uv": [0, 29]},
						{"origin": [-8.25, 16.713, -9.31726], "size": [5, 7, 7], "pivot": [-4.75, 17.54244, -7.54556], "rotation": [-7.25, 0, 0], "uv": [27, 64]}
					]
				},
				{
					"name": "leg_right_front2",
					"parent": "leg_right_front",
					"pivot": [-5.75, 14.25, -9.5],
					"cubes": [
						{"origin": [-7.25, 9.75, -11], "size": [3, 5, 3], "inflate": 0.01, "uv": [118, 89]},
						{"origin": [-7.75, 5.25, -11.5], "size": [4, 5, 4], "inflate": 0.01, "uv": [110, 57]},
						{"origin": [-8.25, 1.75, -12], "size": [5, 4, 5], "uv": [99, 29]},
						{"origin": [-8.25, -3.75, -13.5], "size": [5, 6, 5], "inflate": 0.01, "pivot": [-5.75, 0.25, -10.25], "rotation": [-180, 0, -180], "uv": [86, 88]},
						{"origin": [-8.75, 1.75, -14], "size": [2, 1, 6], "inflate": 0.01, "pivot": [-5.75, 0.25, -10.25], "rotation": [-180, 0, -180], "uv": [110, 7]},
						{"origin": [-6.75, 1.75, -14], "size": [2, 1, 3], "inflate": 0.01, "pivot": [-5.75, 0.25, -10.25], "rotation": [-180, 0, -180], "uv": [25, 28]},
						{"origin": [-4.75, 1.75, -14], "size": [2, 1, 6], "inflate": 0.01, "pivot": [-5.75, 0.25, -10.25], "rotation": [-180, 0, -180], "uv": [107, 92]},
						{"origin": [-6.31305, -0.45332, -9.025], "size": [3, 1, 1], "inflate": 0.01, "pivot": [-5.925, 0.25, -10.25], "rotation": [180, 0, -118.5], "uv": [70, 67]},
						{"origin": [-8.22149, -0.40221, -9.05], "size": [3, 1, 1], "inflate": 0.01, "pivot": [-5.6, 0.25, -10.25], "rotation": [180, 0, 119.5], "uv": [62, 53]}
					]
				},
				{
					"name": "leg_right_front3",
					"parent": "leg_right_front2",
					"pivot": [-5.75, -1.75, -11],
					"cubes": [
						{"origin": [-7.25, -3.725, -9.5], "size": [3, 2, 3], "inflate": 0.01, "pivot": [-5.75, -0.725, -10.25], "rotation": [-180, 0, -180], "uv": [78, 72]}
					]
				}
			]
		}
	]
}