{
	"format_version": "1.12.0",
	"minecraft:geometry": [
		{
			"description": {
				"identifier": "geometry.iron_boulder",
				"texture_width": 256,
				"texture_height": 256,
				"visible_bounds_width": 5,
				"visible_bounds_height": 4.5,
				"visible_bounds_offset": [0, 1.75, 0]
			},
			"bones": [
				{
					"name": "ironboulder",
					"pivot": [0, 0, 0]
				},
				{
					"name": "body",
					"parent": "ironboulder",
					"pivot": [0, 0, 0]
				},
				{
					"name": "torso",
					"parent": "body",
					"pivot": [0, 4, 0],
					"cubes": [
						{"origin": [-7, 19, 2], "size": [14, 13, 15], "uv": [51, 38]}
					]
				},
				{
					"name": "tail",
					"parent": "torso",
					"pivot": [0, 31, 17],
					"rotation": [-17.5, 0, 0],
					"cubes": [
						{"origin": [0, 28, 16.01], "size": [7, 3, 8], "pivot": [0, 31, 16], "rotation": [0, 0, 24.67348], "uv": [135, 160]},
						{"origin": [-7, 28, 16.01], "size": [7, 3, 8], "pivot": [0, 31, 16], "rotation": [0, 0, -24.67348], "uv": [135, 160], "mirror": true}
					]
				},
				{
					"name": "tail2",
					"parent": "tail",
					"pivot": [0, 31, 23],
					"rotation": [20, 0, 0],
					"cubes": [
						{"origin": [-7, 31, 23], "size": [7, 0, 7], "pivot": [0, 31, 16], "rotation": [0, 0, -24.67348], "uv": [45, 37]},
						{"origin": [0, 31, 23], "size": [7, 0, 7], "pivot": [0, 31, 16], "rotation": [0, 0, 24.67348], "uv": [111, 86]}
					]
				},
				{
					"name": "torso2",
					"parent": "torso",
					"pivot": [0.00167, 27.58763, 2.36829],
					"rotation": [5, 0, 0],
					"cubes": [
						{"origin": [-9.5, 28.5, -10.5], "size": [19, 8, 14], "uv": [0, 31]},
						{"origin": [-9.5, 20.5, -1.5], "size": [0, 8, 8], "pivot": [-9.5, 28.5, 2.5], "rotation": [0, 0, 5], "uv": [108, 161], "mirror": true},
						{"origin": [9.5, 20.5, -1.5], "size": [0, 8, 8], "pivot": [9.5, 28.5, 2.5], "rotation": [0, 0, -5], "uv": [108, 161]},
						{"origin": [9.5, 28.5, 3.5], "size": [0, 4, 3], "pivot": [9.5, 28.5, 5], "rotation": [0, 0, -15], "uv": [0, 38]},
						{"origin": [-9.5, 28.5, 3.5], "size": [0, 4, 3], "pivot": [-9.5, 28.5, 5], "rotation": [0, 0, 15], "uv": [0, 38], "mirror": true},
						{"origin": [-9, 22.5, 3], "size": [18, 12, 6], "uv": [56, 66]},
						{"origin": [-9, 16, -9], "size": [18, 19, 12], "uv": [0, 0]},
						{"origin": [-9.49, 16.5, -14], "size": [19, 14, 6], "pivot": [0, 26.5, -16], "rotation": [-5, 0, 0], "uv": [60, 0]},
						{"origin": [-10, 17.5, -19], "size": [20, 21, 8], "pivot": [0, 26.5, -16], "rotation": [-12.5, 0, 0], "uv": [0, 58]}
					]
				},
				{
					"name": "fin2",
					"parent": "torso2",
					"pivot": [-4.90903, 35.72464, 3.24431],
					"rotation": [0, -7.5, -17.5],
					"cubes": [
						{"origin": [-6.02666, 31.43281, -12.99409], "size": [1, 11, 16], "uv": [24, 121]},
						{"origin": [-6.02666, 40.43281, 3.00591], "size": [1, 1, 15], "pivot": [-5.52666, 41.43281, 3.00591], "rotation": [-47.71881, 7.72929, -3.04092], "uv": [136, 102]},
						{"origin": [-6.02666, 39.43281, 4.00591], "size": [1, 1, 13], "pivot": [-5.52666, 41.43281, 3.00591], "rotation": [-47.71881, 7.72929, -3.04092], "uv": [153, 94]},
						{"origin": [-6.02666, 38.43281, 5.00591], "size": [1, 1, 12], "pivot": [-5.52666, 41.43281, 3.00591], "rotation": [-47.71881, 7.72929, -3.04092], "uv": [164, 27]},
						{"origin": [-6.02666, 37.43281, 5.00591], "size": [1, 1, 12], "pivot": [-5.52666, 41.43281, 3.00591], "rotation": [-47.71881, 7.72929, -3.04092], "uv": [16, 164]},
						{"origin": [-6.02666, 36.43281, 6.00591], "size": [1, 1, 11], "pivot": [-5.52666, 41.43281, 3.00591], "rotation": [-47.71881, 7.72929, -3.04092], "uv": [166, 40]},
						{"origin": [-6.02666, 42.43281, -10.99409], "size": [1, 2, 13], "uv": [149, 27]}
					]
				},
				{
					"name": "fin",
					"parent": "torso2",
					"pivot": [4.90903, 35.72464, 3.24431],
					"rotation": [0, 7.5, 17.5],
					"cubes": [
						{"origin": [5.02666, 31.43281, -12.99409], "size": [1, 11, 16], "uv": [24, 121], "mirror": true},
						{"origin": [5.02666, 40.43281, 3.00591], "size": [1, 1, 15], "pivot": [5.52666, 41.43281, 3.00591], "rotation": [-47.71881, -7.72929, 3.04092], "uv": [136, 102], "mirror": true},
						{"origin": [5.02666, 39.43281, 4.00591], "size": [1, 1, 13], "pivot": [5.52666, 41.43281, 3.00591], "rotation": [-47.71881, -7.72929, 3.04092], "uv": [153, 94], "mirror": true},
						{"origin": [5.02666, 38.43281, 5.00591], "size": [1, 1, 12], "pivot": [5.52666, 41.43281, 3.00591], "rotation": [-47.71881, -7.72929, 3.04092], "uv": [164, 27], "mirror": true},
						{"origin": [5.02666, 37.43281, 5.00591], "size": [1, 1, 12], "pivot": [5.52666, 41.43281, 3.00591], "rotation": [-47.71881, -7.72929, 3.04092], "uv": [16, 164], "mirror": true},
						{"origin": [5.02666, 36.43281, 6.00591], "size": [1, 1, 11], "pivot": [5.52666, 41.43281, 3.00591], "rotation": [-47.71881, -7.72929, 3.04092], "uv": [166, 40], "mirror": true},
						{"origin": [5.02666, 42.43281, -10.99409], "size": [1, 2, 13], "uv": [149, 27], "mirror": true}
					]
				},
				{
					"name": "head",
					"parent": "torso2",
					"pivot": [-0.47658, 29.80765, -17.08324],
					"rotation": [-4.83903, 0, 0],
					"cubes": [
						{"origin": [-7.5, 22.5, -20.85], "size": [15, 13, 6], "pivot": [-0.5, 28.81178, -19.16348], "rotation": [7.59674, 0, 0], "uv": [20, 196]}
					]
				},
				{
					"name": "head2",
					"parent": "head",
					"pivot": [0, 28.5508, -21.20462],
					"cubes": [
						{"origin": [-6, 26.5, -29.10462], "size": [12, 7, 10], "pivot": [-0.5, 32.46757, -19.60462], "rotation": [2.5, 0, 0], "uv": [128, 211]},
						{"origin": [-6.1, 26.5, -24.4], "size": [0, 3, 1], "pivot": [-6, 28.82882, -23.44956], "rotation": [10, 0, 0], "uv": [13, 110]},
						{"origin": [6.1, 26.5, -24.4], "size": [0, 3, 1], "pivot": [6, 28.82882, -23.44956], "rotation": [10, 0, 0], "uv": [13, 110], "mirror": true},
						{"origin": [-0.5, 26.46757, -29.12], "size": [1, 3, 0], "pivot": [-0.5, 32.46757, -19.60462], "rotation": [2.5, 0, 0], "uv": [97, 239]},
						{"origin": [5, 33.46757, -24.10462], "size": [0, 8, 9], "pivot": [0.5, 32.46757, -19.60462], "rotation": [50.77711, 1.10544, 21.36424], "uv": [70, 216], "mirror": true},
						{"origin": [-5, 33.46757, -24.10462], "size": [0, 8, 9], "pivot": [-0.5, 32.46757, -19.60462], "rotation": [50.77711, -1.10544, -21.36424], "uv": [70, 216]},
						{"origin": [-5, 33.1, -26.85], "size": [10, 2, 9], "pivot": [-0.5, 27.91178, -19.16348], "rotation": [2.59674, 0, 0], "uv": [25, 219]},
						{"origin": [-6.5, 33.04985, -29.161], "size": [6, 5, 0], "pivot": [-2.5, 33, -29.161], "rotation": [-17.5, 0, 0], "uv": [97, 223]},
						{"origin": [0.5, 33.04985, -29.161], "size": [6, 5, 0], "pivot": [2.5, 33, -29.161], "rotation": [-17.5, 0, 0], "uv": [97, 223], "mirror": true}
					]
				},
				{
					"name": "right_eye",
					"parent": "head2",
					"pivot": [-6.01, 31.22861, -25.05576],
					"rotation": [-2.5, 0, 0],
					"cubes": [
						{"origin": [-6.01, 29.5, -28.05576], "size": [0, 3, 6], "pivot": [-6.01, 31.22861, -25.05576], "rotation": [17.5, 0, 0], "uv": [110, 230], "mirror": true}
					]
				},
				{
					"name": "right_puple",
					"parent": "right_eye",
					"pivot": [-6.01, 31.22861, -25.05576],
					"cubes": [
						{"origin": [-6.02, 29.5, -26.8], "size": [0, 2, 2], "pivot": [-6.01, 31.22861, -25.05576], "rotation": [17.5, 0, 0], "uv": [109, 240], "mirror": true},
						{"origin": [-6.03, 29.3, -26.3], "size": [0, 2, 1], "pivot": [-6.01, 31.22861, -25.05576], "rotation": [17.5, 0, 0], "uv": [101, 244], "mirror": true}
					]
				},
				{
					"name": "left_eye",
					"parent": "head2",
					"pivot": [6.01, 31.22861, -25.05576],
					"rotation": [-2.5, 0, 0],
					"cubes": [
						{"origin": [6.01, 29.5, -28.05576], "size": [0, 3, 6], "pivot": [6.01, 31.22861, -25.05576], "rotation": [17.5, 0, 0], "uv": [110, 230]}
					]
				},
				{
					"name": "left_puple",
					"parent": "left_eye",
					"pivot": [6.01, 31.22861, -25.05576],
					"cubes": [
						{"origin": [6.02, 29.5, -26.8], "size": [0, 2, 2], "pivot": [6.01, 31.22861, -25.05576], "rotation": [17.5, 0, 0], "uv": [109, 240]},
						{"origin": [6.03, 29.3, -26.3], "size": [0, 2, 1], "pivot": [6.01, 31.22861, -25.05576], "rotation": [17.5, 0, 0], "uv": [101, 244]}
					]
				},
				{
					"name": "mouth",
					"parent": "head2",
					"pivot": [0, 25.80023, -20.27366],
					"cubes": [
						{"origin": [-5.98, 23.30023, -28.77366], "size": [12, 3, 11], "uv": [79, 200]}
					]
				},
				{
					"name": "horns",
					"parent": "head2",
					"pivot": [0, 35, -24]
				},
				{
					"name": "left_horn",
					"parent": "horns",
					"pivot": [6.45, 35.29004, -23.403],
					"rotation": [48.48084, 11.43563, 9.77243],
					"cubes": [
						{"origin": [6.7, 35.27, -26.903], "size": [6, 0, 5], "uv": [43, 0], "mirror": true},
						{"origin": [13.0276, 35.29004, -24.37382], "size": [7, 0, 9], "pivot": [19.7, 35.29004, -24.403], "rotation": [0, -27.5, 0], "uv": [25, 87], "mirror": true},
						{"origin": [12.0276, 35.28, -41.37382], "size": [8, 0, 17], "pivot": [19.7, 35.29004, -24.403], "rotation": [0, 15, 0], "uv": [43, 20], "mirror": true}
					]
				},
				{
					"name": "attack_left_horn",
					"parent": "left_horn",
					"pivot": [15.95221, 35.305, -25.30698],
					"cubes": [
						{"origin": [16.0276, 35.31, -24.37382], "size": [11, 0, 13], "pivot": [19.7, 35.29004, -24.403], "rotation": [0, -27.5, 0], "uv": [85, 97], "mirror": true},
						{"origin": [14.0276, 35.3, -41.37382], "size": [11, 0, 22], "pivot": [19.7, 35.29004, -24.403], "rotation": [0, 15, 0], "uv": [53, 93], "mirror": true},
						{"origin": [8, 35.3, -56.69051], "size": [12, 0, 16], "pivot": [18.62106, 35.3, -41.89255], "rotation": [0, 55, 0], "uv": [60, 124], "mirror": true},
						{"origin": [16.0276, 35.11, -24.37382], "size": [11, 0, 13], "pivot": [19.7, 35.09004, -24.403], "rotation": [0, -27.5, 0], "uv": [85, 97], "mirror": true},
						{"origin": [14.0276, 35.1, -41.37382], "size": [11, 0, 22], "pivot": [19.7, 35.09004, -24.403], "rotation": [0, 15, 0], "uv": [53, 93], "mirror": true},
						{"origin": [8, 35.1, -56.69051], "size": [12, 0, 16], "pivot": [18.62106, 35.1, -41.89255], "rotation": [0, 55, 0], "uv": [60, 124], "mirror": true}
					]
				},
				{
					"name": "right_horn",
					"parent": "horns",
					"pivot": [-6.45, 35.29004, -23.403],
					"rotation": [48.48084, -11.43563, -9.77243],
					"cubes": [
						{"origin": [-12.7, 35.27, -26.903], "size": [6, 0, 5], "uv": [43, 0]},
						{"origin": [-20.0276, 35.29004, -24.37382], "size": [7, 0, 9], "pivot": [-19.7, 35.29004, -24.403], "rotation": [0, 27.5, 0], "uv": [25, 87]},
						{"origin": [-20.0276, 35.28, -41.37382], "size": [8, 0, 17], "pivot": [-19.7, 35.29004, -24.403], "rotation": [0, -15, 0], "uv": [43, 20]}
					]
				},
				{
					"name": "attack_right_horn",
					"parent": "right_horn",
					"pivot": [-15.95221, 35.305, -25.30698],
					"cubes": [
						{"origin": [-27.0276, 35.31, -24.37382], "size": [11, 0, 13], "pivot": [-19.7, 35.29004, -24.403], "rotation": [0, 27.5, 0], "uv": [85, 97]},
						{"origin": [-25.0276, 35.3, -41.37382], "size": [11, 0, 22], "pivot": [-19.7, 35.29004, -24.403], "rotation": [0, -15, 0], "uv": [53, 93]},
						{"origin": [-20, 35.3, -56.69051], "size": [12, 0, 16], "pivot": [-18.62106, 35.3, -41.89255], "rotation": [0, -55, 0], "uv": [60, 124]},
						{"origin": [-27.0276, 35.21, -24.37382], "size": [11, 0, 13], "pivot": [-19.7, 35.19004, -24.403], "rotation": [0, 27.5, 0], "uv": [85, 97]},
						{"origin": [-25.0276, 35.2, -41.37382], "size": [11, 0, 22], "pivot": [-19.7, 35.19004, -24.403], "rotation": [0, -15, 0], "uv": [53, 93]},
						{"origin": [-20, 35.2, -56.69051], "size": [12, 0, 16], "pivot": [-18.62106, 35.2, -41.89255], "rotation": [0, -55, 0], "uv": [60, 124]}
					]
				},
				{
					"name": "back_left_leg",
					"parent": "body",
					"pivot": [7.16759, 18.90535, 9.5025],
					"cubes": [
						{"origin": [7, 17, 8], "size": [6, 8, 3], "uv": [162, 173]},
						{"origin": [6, 16.01, 10.01], "size": [8, 10, 6], "uv": [154, 78]},
						{"origin": [7, 16, 16], "size": [7, 7, 3], "uv": [124, 171]},
						{"origin": [8, 17, 17], "size": [4, 4, 4], "pivot": [10, 19, 20], "rotation": [0, -45, 0], "uv": [43, 109]}
					]
				},
				{
					"name": "back_left_leg2",
					"parent": "back_left_leg",
					"pivot": [11.50123, 16.03936, 18.89111],
					"cubes": [
						{"origin": [7.5, 6, 16.5], "size": [7, 11, 7], "uv": [0, 152]},
						{"origin": [14.5, 17, 16.5], "size": [0, 5, 7], "pivot": [14.5, 17, 20], "rotation": [0, 0, 25], "uv": [14, 46]},
						{"origin": [5, 6.5, 14], "size": [12, 4, 12], "uv": [98, 54]},
						{"origin": [6, 0.02, 15], "size": [10, 12, 10], "uv": [106, 115]},
						{"origin": [13, 0, 14], "size": [4, 4, 12], "uv": [134, 125]},
						{"origin": [9, 0, 16], "size": [4, 4, 10], "uv": [157, 131]},
						{"origin": [5, 0, 14], "size": [4, 4, 12], "uv": [0, 136]},
						{"origin": [13, 3, 14.01], "size": [4, 7, 1], "pivot": [15, 3, 14.5], "rotation": [0, 0, -30], "uv": [59, 121]},
						{"origin": [2, 14, 14.01], "size": [4, 7, 1], "pivot": [-15, 3, 14.5], "rotation": [0, 0, 30], "uv": [42, 121]}
					]
				},
				{
					"name": "back_left_hoove",
					"parent": "back_left_leg2",
					"pivot": [11, 1.69164, 14.44624],
					"cubes": [
						{"origin": [11.25, 0, 12.5], "size": [2, 4, 3], "pivot": [12, 2.5, 14], "rotation": [0, 0, 0], "uv": [67, 196]},
						{"origin": [8.75, 0, 12.5], "size": [2, 4, 3], "pivot": [10, 2.5, 14], "rotation": [0, 0, 0], "uv": [67, 196]}
					]
				},
				{
					"name": "back_right_leg",
					"parent": "body",
					"pivot": [-7.16759, 18.90535, 9.5025],
					"cubes": [
						{"origin": [-13, 17, 8], "size": [6, 8, 3], "uv": [162, 173], "mirror": true},
						{"origin": [-14, 16.01, 10.01], "size": [8, 10, 6], "uv": [154, 78], "mirror": true},
						{"origin": [-14, 16, 16], "size": [7, 7, 3], "uv": [124, 171], "mirror": true},
						{"origin": [-12, 17, 17], "size": [4, 4, 4], "pivot": [-10, 19, 20], "rotation": [0, 45, 0], "uv": [43, 109], "mirror": true}
					]
				},
				{
					"name": "back_right_leg2",
					"parent": "back_right_leg",
					"pivot": [-11.50123, 16.03936, 18.89111],
					"cubes": [
						{"origin": [-14.5, 6, 16.5], "size": [7, 11, 7], "uv": [0, 152], "mirror": true},
						{"origin": [-14.5, 17, 16.5], "size": [0, 5, 7], "pivot": [-14.5, 17, 20], "rotation": [0, 0, -25], "uv": [14, 46], "mirror": true},
						{"origin": [-17, 6.5, 14], "size": [12, 4, 12], "uv": [98, 54], "mirror": true},
						{"origin": [-16, 0.02, 15], "size": [10, 12, 10], "uv": [106, 115], "mirror": true},
						{"origin": [-17, 0, 14], "size": [4, 4, 12], "uv": [134, 125], "mirror": true},
						{"origin": [-13, 0, 16], "size": [4, 4, 10], "uv": [46, 159], "mirror": true},
						{"origin": [-9, 0, 14], "size": [4, 4, 12], "uv": [0, 136], "mirror": true},
						{"origin": [-17, 3, 14.01], "size": [4, 7, 1], "pivot": [-15, 3, 14.5], "rotation": [0, 0, 30], "uv": [59, 121], "mirror": true},
						{"origin": [-6, 14, 14.01], "size": [4, 7, 1], "pivot": [15, 3, 14.5], "rotation": [0, 0, -30], "uv": [42, 121], "mirror": true}
					]
				},
				{
					"name": "back_right_hoove",
					"parent": "back_right_leg2",
					"pivot": [-11, 1.69164, 14.44624],
					"cubes": [
						{"origin": [-13.25, 0, 12.5], "size": [2, 4, 3], "pivot": [-12, 2.5, 14], "rotation": [0, 0, 0], "uv": [67, 196], "mirror": true},
						{"origin": [-10.75, 0, 12.5], "size": [2, 4, 3], "pivot": [-10, 2.5, 14], "rotation": [0, 0, 0], "uv": [67, 196], "mirror": true}
					]
				},
				{
					"name": "frount_left_leg",
					"parent": "body",
					"pivot": [9, 23.31029, -8.89525],
					"cubes": [
						{"origin": [11, 18, -10.5], "size": [7, 10, 8], "uv": [106, 137]},
						{"origin": [17, 24, -8.5], "size": [3, 4, 3], "pivot": [17.5, 26, -5], "rotation": [31.32178, 0.29816, 16.666], "uv": [94, 36]},
						{"origin": [17, 24, -5.5], "size": [3, 4, 3], "pivot": [17.5, 26, -5], "rotation": [33.80377, -20.87347, 3.06689], "uv": [92, 20]},
						{"origin": [9, 19, -9.5], "size": [4, 8, 6], "uv": [166, 145]}
					]
				},
				{
					"name": "frount_left_leg2",
					"parent": "frount_left_leg",
					"pivot": [15.4011, 17.18542, -9.148],
					"cubes": [
						{"origin": [13, 16, -12.5], "size": [4, 4, 6], "uv": [168, 94]},
						{"origin": [11.5, 6, -11.5], "size": [7, 11, 7], "uv": [0, 152]},
						{"origin": [18.5, 17, -11.5], "size": [0, 5, 7], "pivot": [18.5, 17, -8], "rotation": [0, 0, 25], "uv": [14, 46]},
						{"origin": [10, 0.02, -13], "size": [10, 12, 10], "uv": [106, 115]},
						{"origin": [9, 6.5, -14], "size": [12, 4, 12], "uv": [98, 54]},
						{"origin": [17, 3, -13.99], "size": [4, 7, 1], "pivot": [19, 3, -13.5], "rotation": [0, 0, -30], "uv": [59, 121]},
						{"origin": [17, 0.01, -14], "size": [4, 4, 12], "uv": [134, 125]},
						{"origin": [6, 14, -13.99], "size": [4, 7, 1], "pivot": [-11, 3, -13.5], "rotation": [0, 0, 30], "uv": [42, 121]},
						{"origin": [9, 0.01, -14], "size": [4, 4, 12], "uv": [0, 136]},
						{"origin": [13, 0, -12], "size": [4, 4, 10], "uv": [157, 131]}
					]
				},
				{
					"name": "frount_left_hoove",
					"parent": "frount_left_leg2",
					"pivot": [15, 1.69164, -13.55376],
					"cubes": [
						{"origin": [15.25, 0, -15.5], "size": [2, 4, 3], "pivot": [16, 2.5, -14], "rotation": [0, 0, 0], "uv": [67, 196]},
						{"origin": [12.75, 0, -15.5], "size": [2, 4, 3], "pivot": [14, 2.5, -14], "rotation": [0, 0, 0], "uv": [67, 196]}
					]
				},
				{
					"name": "frount_right_leg",
					"parent": "body",
					"pivot": [-9, 23.31029, -8.89525],
					"cubes": [
						{"origin": [-18, 18, -10.5], "size": [7, 10, 8], "uv": [106, 137], "mirror": true},
						{"origin": [-20, 24, -8.5], "size": [3, 4, 3], "pivot": [-17.5, 26, -5], "rotation": [31.32178, -0.29816, -16.666], "uv": [94, 36], "mirror": true},
						{"origin": [-20, 24, -5.5], "size": [3, 4, 3], "pivot": [-17.5, 26, -5], "rotation": [33.80377, 20.87347, -3.06689], "uv": [92, 20], "mirror": true},
						{"origin": [-13, 19, -9.5], "size": [4, 8, 6], "uv": [166, 145], "mirror": true}
					]
				},
				{
					"name": "frount_right_leg2",
					"parent": "frount_right_leg",
					"pivot": [-15.4011, 17.18542, -9.148],
					"cubes": [
						{"origin": [-17, 16, -12.5], "size": [4, 4, 6], "uv": [168, 94], "mirror": true},
						{"origin": [-18.5, 6, -11.5], "size": [7, 11, 7], "uv": [0, 152], "mirror": true},
						{"origin": [-18.5, 17, -11.5], "size": [0, 5, 7], "pivot": [-18.5, 17, -8], "rotation": [0, 0, -25], "uv": [14, 46], "mirror": true},
						{"origin": [-20, 0.02, -13], "size": [10, 12, 10], "uv": [106, 115], "mirror": true},
						{"origin": [-21, 6.5, -14], "size": [12, 4, 12], "uv": [98, 54], "mirror": true},
						{"origin": [-21, 3, -13.99], "size": [4, 7, 1], "pivot": [-19, 3, -13.5], "rotation": [0, 0, 30], "uv": [59, 121], "mirror": true},
						{"origin": [-21, 0.01, -14], "size": [4, 4, 12], "uv": [134, 125], "mirror": true},
						{"origin": [-10, 14, -13.99], "size": [4, 7, 1], "pivot": [11, 3, -13.5], "rotation": [0, 0, -30], "uv": [42, 121], "mirror": true},
						{"origin": [-13, 0.01, -14], "size": [4, 4, 12], "uv": [0, 136], "mirror": true},
						{"origin": [-17, 0, -12], "size": [4, 4, 10], "uv": [157, 131], "mirror": true}
					]
				},
				{
					"name": "frount_right_hoove",
					"parent": "frount_right_leg2",
					"pivot": [-15, 1.69164, -13.55376],
					"cubes": [
						{"origin": [-17.25, 0, -15.5], "size": [2, 4, 3], "pivot": [-16, 2.5, -14], "rotation": [0, 0, 0], "uv": [67, 196], "mirror": true},
						{"origin": [-14.75, 0, -15.5], "size": [2, 4, 3], "pivot": [-14, 2.5, -14], "rotation": [0, 0, 0], "uv": [67, 196], "mirror": true}
					]
				}
			]
		}
	]
}