{
	"format_version": "1.12.0",
	"minecraft:geometry": [
		{
			"description": {
				"identifier": "geometry.karrablast",
				"texture_width": 64,
				"texture_height": 64,
				"visible_bounds_width": 3,
				"visible_bounds_height": 3.5,
				"visible_bounds_offset": [0, 1.25, 0]
			},
			"bones": [
				{
					"name": "karrablast",
					"pivot": [0, 0, 0]
				},
				{
					"name": "body",
					"parent": "karrablast",
					"pivot": [0, 3, 0]
				},
				{
					"name": "head",
					"parent": "body",
					"pivot": [0, 3, 0],
					"cubes": [
						{"origin": [-5, 3, -4], "size": [10, 14, 8], "uv": [0, 0]},
						{"origin": [-3, 17, -3], "size": [6, 3, 6], "uv": [0, 22]},
						{"origin": [-2, 20, -1.5], "size": [4, 4, 3], "uv": [24, 22]},
						{"origin": [-3.5, 24, 0], "size": [7, 5, 0], "uv": [24, 35]}
					]
				},
				{
					"name": "arm_left",
					"parent": "head",
					"pivot": [5, 11, -1],
					"cubes": [
						{"origin": [4.25, 9.5, -2.5], "size": [4.5, 3, 3], "uv": [21, 29]}
					]
				},
				{
					"name": "arm_right",
					"parent": "head",
					"pivot": [-5, 11, -1],
					"cubes": [
						{"origin": [-8.75, 9.5, -2.5], "size": [4.5, 3, 3], "uv": [28, 0]}
					]
				},
				{
					"name": "face",
					"parent": "head",
					"pivot": [0, 12, -4.01]
				},
				{
					"name": "eyes",
					"parent": "face",
					"pivot": [0, 13.5, -4.01]
				},
				{
					"name": "eye_left",
					"parent": "eyes",
					"pivot": [2.5, 13.5, -4.01],
					"cubes": [
						{"origin": [0.5, 11.5, -4.01], "size": [4, 4, 0], "uv": [0, 4]},
						{"origin": [2, 12, -4.02], "size": [1, 2, 0], "uv": [36, 8]}
					]
				},
				{
					"name": "eye_right",
					"parent": "eyes",
					"pivot": [-2.5, 13.5, -4.01],
					"cubes": [
						{"origin": [-4.5, 11.5, -4.01], "size": [4, 4, 0], "uv": [0, 0]},
						{"origin": [-3, 12, -4.02], "size": [1, 2, 0], "uv": [36, 6]}
					]
				},
				{
					"name": "mouth",
					"parent": "face",
					"pivot": [0, 12, -4.01],
					"cubes": [
						{"origin": [-2.5, 9.75, -4.01], "size": [5, 2, 0], "uv": [38, 27]}
					]
				},
				{
					"name": "mouth_open",
					"parent": "mouth",
					"pivot": [0, 12, -3.02],
					"cubes": [
						{"origin": [-2.5, 7.25, -3.02], "size": [5, 5, 0], "uv": [35, 29]}
					]
				},
				{
					"name": "legs",
					"parent": "body",
					"pivot": [0, 3, 0]
				},
				{
					"name": "leg_left",
					"parent": "legs",
					"pivot": [2.5, 3, 0],
					"cubes": [
						{"origin": [1, 0, -1.5], "size": [3, 4, 3], "uv": [12, 32]}
					]
				},
				{
					"name": "leg_right",
					"parent": "legs",
					"pivot": [-2.5, 3, 0],
					"cubes": [
						{"origin": [-4, 0, -1.5], "size": [3, 4, 3], "uv": [0, 31]}
					]
				}
			]
		}
	]
}