{
	"format_version": "1.12.0",
	"minecraft:geometry": [
		{
			"description": {
				"identifier": "geometry.unknown",
				"texture_width": 64,
				"texture_height": 64,
				"visible_bounds_width": 3,
				"visible_bounds_height": 3.5,
				"visible_bounds_offset": [0, 1.25, 0]
			},
			"bones": [
				{
					"name": "kingambit",
					"pivot": [0, 1, 0]
				},
				{
					"name": "body",
					"parent": "kingambit",
					"pivot": [0, 1, 0]
				},
				{
					"name": "torso",
					"parent": "body",
					"pivot": [0, 11.33377, 0.66314],
					"cubes": [
						{"origin": [-2, 10.73389, -0.83686], "size": [4, 7, 3], "uv": [18, 37]},
						{"origin": [-7.5, 11.73389, -3.33686], "size": [15, 0, 6], "uv": [0, 0]},
						{"origin": [-7.5, 13.23389, -3.33686], "size": [15, 0, 6], "uv": [0, 0]},
						{"origin": [-0.48689, 14.2004, -1.33686], "size": [4, 2, 4], "inflate": -0.001, "pivot": [1.26311, 15.7004, 0.66314], "rotation": [0, 0, -75.5], "uv": [36, 0]},
						{"origin": [-0.23689, 15.4504, -1.33686], "size": [4, 1, 4], "inflate": 0.001, "pivot": [1.26311, 15.7004, 0.66314], "rotation": [0, 0, -75.5], "uv": [0, 41]},
						{"origin": [0.44311, 13.23376, -0.83686], "size": [3, 2, 3], "inflate": 0.001, "pivot": [0.94311, 15.73376, 0.66314], "rotation": [0, 0, -67.5], "uv": [40, 44]},
						{"origin": [1.34267, 17.00414, -1.33686], "size": [3, 1, 4], "uv": [42, 6]},
						{"origin": [-4.34267, 17.00414, -1.33686], "size": [3, 1, 4], "uv": [42, 6], "mirror": true},
						{"origin": [-5.59267, 16.00414, -0.83686], "size": [3, 1, 3], "uv": [44, 37], "mirror": true},
						{"origin": [-3.44311, 13.23376, -0.83686], "size": [3, 2, 3], "inflate": 0.001, "pivot": [-0.94311, 15.73376, 0.66314], "rotation": [0, 0, 67.5], "uv": [40, 44], "mirror": true},
						{"origin": [-3.51311, 14.2004, -1.33686], "size": [4, 2, 4], "inflate": -0.001, "pivot": [-1.26311, 15.7004, 0.66314], "rotation": [0, 0, 75.5], "uv": [36, 0], "mirror": true},
						{"origin": [-3.76311, 15.4504, -1.33686], "size": [4, 1, 4], "inflate": 0.001, "pivot": [-1.26311, 15.7004, 0.66314], "rotation": [0, 0, 75.5], "uv": [0, 41], "mirror": true},
						{"origin": [2.59267, 16.00414, -0.83686], "size": [3, 1, 3], "uv": [44, 37]}
					]
				},
				{
					"name": "leftarm",
					"parent": "torso",
					"pivot": [3.2706, 15.63717, 0.66314],
					"cubes": [
						{"origin": [3.78701, 11.29098, 0.16314], "size": [1, 5, 1], "pivot": [3.78701, 13.29098, 0.66314], "rotation": [0, 0, -22.5], "uv": [40, 49]}
					]
				},
				{
					"name": "lefthand",
					"parent": "leftarm",
					"pivot": [4.87969, 11.53681, 0.66314],
					"cubes": [
						{"origin": [3.38701, 7.29098, -0.33686], "size": [2, 4, 2], "pivot": [3.88701, 13.29098, 0.66314], "rotation": [0, 0, -22.5], "uv": [20, 47]}
					]
				},
				{
					"name": "leftspike",
					"parent": "lefthand",
					"pivot": [6.51812, 10.61135, 0.66314],
					"cubes": [
						{"origin": [6.80357, 9.41949, -1.08686], "size": [0, 3, 2], "pivot": [6.80357, 10.16949, 0.66314], "rotation": [0, -90, -22.5], "uv": [0, 24]},
						{"origin": [7.26812, 9.61135, 0.66314], "size": [0, 3, 2], "pivot": [7.01812, 11.61135, 1.66314], "rotation": [-180, -67.5, 157.5], "uv": [0, 24]},
						{"origin": [7.01812, 9.61135, -1.58686], "size": [0, 3, 2], "pivot": [7.01812, 11.61135, -0.58686], "rotation": [0, -67.5, -22.5], "uv": [0, 24]}
					]
				},
				{
					"name": "leftbigfing",
					"parent": "lefthand",
					"pivot": [7.54833, 8.29345, 0.66314],
					"cubes": [
						{"origin": [6.83639, 5.97711, -0.33686], "size": [1, 2, 2], "pivot": [6.83639, 7.47711, 0.66314], "rotation": [0, 0, -22.5], "uv": [0, 0]}
					]
				},
				{
					"name": "leftbigfing2",
					"parent": "leftbigfing",
					"pivot": [8.26908, 6.45323, 0.66314],
					"cubes": [
						{"origin": [6.83639, 4.97711, 0.16314], "size": [1, 1, 1], "pivot": [6.83639, 7.47711, 0.66314], "rotation": [0, 0, -22.5], "uv": [14, 6]}
					]
				},
				{
					"name": "leftthumb",
					"parent": "lefthand",
					"pivot": [5.47983, 8.0683, 0.16314],
					"cubes": [
						{"origin": [5.83639, 6.47711, -0.33686], "size": [0, 2, 1], "pivot": [6.83639, 7.47711, 0.66314], "rotation": [0, 0, -22.5], "uv": [16, 14]}
					]
				},
				{
					"name": "rightarm",
					"parent": "torso",
					"pivot": [-3.2706, 15.63717, 0.66314],
					"cubes": [
						{"origin": [-4.78701, 11.29098, 0.16314], "size": [1, 5, 1], "pivot": [-3.78701, 13.29098, 0.66314], "rotation": [0, 0, 22.5], "uv": [40, 49], "mirror": true}
					]
				},
				{
					"name": "righthand",
					"parent": "rightarm",
					"pivot": [-4.87969, 11.53681, 0.66314],
					"cubes": [
						{"origin": [-5.38701, 7.29098, -0.33686], "size": [2, 4, 2], "pivot": [-3.88701, 13.29098, 0.66314], "rotation": [0, 0, 22.5], "uv": [20, 47]}
					]
				},
				{
					"name": "rightspike",
					"parent": "righthand",
					"pivot": [-6.51812, 10.61135, 0.66314],
					"cubes": [
						{"origin": [-6.80357, 9.41949, -1.08686], "size": [0, 3, 2], "pivot": [-6.80357, 10.16949, 0.66314], "rotation": [0, 90, 22.5], "uv": [0, 24], "mirror": true},
						{"origin": [-7.26812, 9.61135, 0.66314], "size": [0, 3, 2], "pivot": [-7.01812, 11.61135, 1.66314], "rotation": [-180, 67.5, -157.5], "uv": [0, 24], "mirror": true},
						{"origin": [-7.01812, 9.61135, -1.58686], "size": [0, 3, 2], "pivot": [-7.01812, 11.61135, -0.58686], "rotation": [0, 67.5, 22.5], "uv": [0, 24], "mirror": true}
					]
				},
				{
					"name": "rightbigfing",
					"parent": "righthand",
					"pivot": [-7.54833, 8.29345, 0.66314],
					"cubes": [
						{"origin": [-7.83639, 5.97711, -0.33686], "size": [1, 2, 2], "pivot": [-6.83639, 7.47711, 0.66314], "rotation": [0, 0, 22.5], "uv": [0, 0], "mirror": true}
					]
				},
				{
					"name": "rightbigfing2",
					"parent": "rightbigfing",
					"pivot": [-8.26908, 6.45323, 0.66314],
					"cubes": [
						{"origin": [-7.83639, 4.97711, 0.16314], "size": [1, 1, 1], "pivot": [-6.83639, 7.47711, 0.66314], "rotation": [0, 0, 22.5], "uv": [14, 6], "mirror": true}
					]
				},
				{
					"name": "rightthumb",
					"parent": "righthand",
					"pivot": [-5.47983, 8.0683, 0.16314],
					"cubes": [
						{"origin": [-5.83639, 6.47711, -0.33686], "size": [0, 2, 1], "pivot": [-6.83639, 7.47711, 0.66314], "rotation": [0, 0, 22.5], "uv": [16, 14]}
					]
				},
				{
					"name": "neck",
					"parent": "torso",
					"pivot": [0, 17.73389, 0.91314],
					"cubes": [
						{"origin": [-1, 16.73389, -0.08686], "size": [2, 2, 2], "uv": [48, 0]}
					]
				},
				{
					"name": "head_ai",
					"parent": "neck",
					"pivot": [0, 18.75, 1]
				},
				{
					"name": "head",
					"parent": "head_ai",
					"pivot": [0, 18.75, 1],
					"cubes": [
						{"origin": [-1.97227, 17.73389, -1.9038], "size": [2, 1, 2], "pivot": [0, 18.73389, -1.87607], "rotation": [14.93656, 44.5119, 10.54684], "uv": [14, 34]},
						{"origin": [-2, 18.73389, -1.08686], "size": [4, 3, 4], "pivot": [0, 19.73389, 0.91314], "rotation": [0, 45, 0], "uv": [32, 37]},
						{"origin": [1.87584, 18.44734, 0.43771], "size": [3, 2, 0], "inflate": 0.001, "pivot": [2.8311, 20.37625, 0.39486], "rotation": [-15.06344, -44.5119, -10.54684], "uv": [0, 4]},
						{"origin": [-1.75873, 18.7986, 2.83117], "size": [7, 2, 0], "inflate": 0.001, "pivot": [1.78601, 20.82751, 2.78833], "rotation": [32.43656, 44.5119, 10.54684], "uv": [0, 6]},
						{"origin": [-4.87584, 18.44734, 0.43771], "size": [3, 2, 0], "inflate": 0.001, "pivot": [-2.8311, 20.37625, 0.39486], "rotation": [-15.06344, 44.5119, 10.54684], "uv": [0, 4], "mirror": true},
						{"origin": [-5.24127, 18.7986, 2.83117], "size": [7, 2, 0], "inflate": 0.001, "pivot": [-1.78601, 20.82751, 2.78833], "rotation": [32.43656, -44.5119, -10.54684], "uv": [0, 6], "mirror": true},
						{"origin": [-2.75, 20.43389, -1.33686], "size": [5, 3, 5], "inflate": 0.001, "pivot": [0, 19.73389, 0.91314], "rotation": [14.93656, 44.5119, 10.54684], "uv": [28, 29]},
						{"origin": [0, 19.43389, -3.58686], "size": [0, 18, 8], "inflate": 0.001, "pivot": [0.25, 23.43389, 1.16314], "rotation": [10, 0, 0], "uv": [0, 0]},
						{"origin": [-4.5, 9.73389, -2.08686], "size": [4, 13, 0], "pivot": [4, 13.73389, 0.66314], "rotation": [0, 0, 90], "uv": [32, 44]},
						{"origin": [0.5, 9.73389, -2.08686], "size": [4, 13, 0], "pivot": [-4, 13.73389, 0.66314], "rotation": [0, 0, -90], "uv": [32, 44], "mirror": true}
					]
				},
				{
					"name": "hair",
					"parent": "head",
					"pivot": [0, 18.75, 2.5],
					"cubes": [
						{"origin": [-2.5, 17.48389, 3.16314], "size": [5, 3, 2], "pivot": [0.5, 17.48389, 4.66314], "rotation": [45, 0, 0], "uv": [43, 27]}
					]
				},
				{
					"name": "hair2",
					"parent": "hair",
					"pivot": [0, 17.73389, 3.91314],
					"cubes": [
						{"origin": [-5, 12.23389, 3.16314], "size": [10, 6, 3], "uv": [16, 6]}
					]
				},
				{
					"name": "hair3",
					"parent": "hair2",
					"pivot": [0, 12.23389, 5.41314],
					"cubes": [
						{"origin": [-4.5, 6.23389, 3.16314], "size": [9, 6, 3], "uv": [16, 15]}
					]
				},
				{
					"name": "hair4",
					"parent": "hair3",
					"pivot": [0, 6.23389, 4.66314],
					"cubes": [
						{"origin": [-3.5, 0.23389, 2.16314], "size": [7, 7, 3], "uv": [13, 24]}
					]
				},
				{
					"name": "hair5",
					"parent": "hair4",
					"pivot": [0, 2.23389, 4.16314],
					"cubes": [
						{"origin": [-1.5, -1.76611, 3.16314], "size": [3, 5, 2], "inflate": -0.001, "uv": [0, 46]}
					]
				},
				{
					"name": "hair6",
					"parent": "hair5",
					"pivot": [0, -1.76611, 3.41314],
					"cubes": [
						{"origin": [-0.5, -8.76611, 3.41314], "size": [1, 8, 1], "uv": [28, 47]}
					]
				},
				{
					"name": "hip",
					"parent": "body",
					"pivot": [0, 11.33125, 0.66467],
					"cubes": [
						{"origin": [-2.5, 8.3286, -1.3338], "size": [5, 3, 4], "inflate": -0.002, "uv": [0, 34]},
						{"origin": [-0.5, 8.33389, -1.33686], "size": [1, 3, 4], "inflate": 0.005, "uv": [0, 26]}
					]
				},
				{
					"name": "leftleg",
					"parent": "hip",
					"pivot": [1.37825, 9.90589, 0.6672],
					"cubes": [
						{"origin": [0.39782, 7.05257, -1.57789], "size": [3, 4, 4], "pivot": [2.89782, 9.05748, 0.67211], "rotation": [-90, 0, -22.49306], "uv": [40, 11]}
					]
				},
				{
					"name": "leftleg2",
					"parent": "leftleg",
					"pivot": [2.11842, 7.24146, 0.58828],
					"cubes": [
						{"origin": [0.77904, 4.13208, -1.8328], "size": [3, 3, 5], "pivot": [2.52904, 5.63208, 0.6672], "rotation": [-90, 0, 0.00694], "uv": [35, 19]}
					]
				},
				{
					"name": "leftleg3",
					"parent": "leftleg2",
					"pivot": [2.61842, 3.74249, 0.50975],
					"cubes": [
						{"origin": [2.11842, 5.24146, 2.58828], "size": [1, 1, 3], "pivot": [2.61842, 5.74146, 0.58828], "rotation": [-91.5, 0, 0], "uv": [46, 19]}
					]
				},
				{
					"name": "hoof",
					"parent": "leftleg3",
					"pivot": [2.61842, 1.05454, 0.62531],
					"cubes": [
						{"origin": [1.61842, 0.00757, -1.49987], "size": [2, 1, 3], "inflate": 0.001, "uv": [10, 46]}
					]
				},
				{
					"name": "rightleg",
					"parent": "hip",
					"pivot": [-1.37825, 9.90589, 0.6672],
					"cubes": [
						{"origin": [-3.39782, 7.05257, -1.57789], "size": [3, 4, 4], "pivot": [-2.89782, 9.05748, 0.67211], "rotation": [-90, 0, 22.49306], "uv": [40, 11], "mirror": true}
					]
				},
				{
					"name": "rightleg2",
					"parent": "rightleg",
					"pivot": [-2.11842, 7.24146, 0.58828],
					"cubes": [
						{"origin": [-3.77904, 4.13208, -1.8328], "size": [3, 3, 5], "pivot": [-2.52904, 5.63208, 0.6672], "rotation": [-90, 0, -0.00694], "uv": [35, 19], "mirror": true}
					]
				},
				{
					"name": "rightleg3",
					"parent": "rightleg2",
					"pivot": [-2.61842, 3.74249, 0.50975],
					"cubes": [
						{"origin": [-3.11842, 5.24146, 2.58828], "size": [1, 1, 3], "pivot": [-2.61842, 5.74146, 0.58828], "rotation": [-91.5, 0, 0], "uv": [46, 19], "mirror": true}
					]
				},
				{
					"name": "hoof2",
					"parent": "rightleg3",
					"pivot": [-2.61842, 1.05454, 0.62531],
					"cubes": [
						{"origin": [-3.61842, 0.00757, -1.49987], "size": [2, 1, 3], "inflate": 0.001, "uv": [10, 46], "mirror": true}
					]
				}
			]
		}
	]
}