{
	"format_version": "1.12.0",
	"minecraft:geometry": [
		{
			"description": {
				"identifier": "geometry.gengar",
				"texture_width": 64,
				"texture_height": 64,
				"visible_bounds_width": 3,
				"visible_bounds_height": 2.5,
				"visible_bounds_offset": [0, 0.75, 0]
			},
			"bones": [
				{
					"name": "gengar",
					"pivot": [0, 0, 0]
				},
				{
					"name": "body",
					"parent": "gengar",
					"pivot": [0, 10, 0.5]
				},
				{
					"name": "torso",
					"parent": "body",
					"pivot": [0, 6, 0.25],
					"cubes": [
						{"origin": [-5.5, 3.5, -4], "size": [11, 13, 10], "inflate": 0.5, "uv": [0, 0]},
						{"origin": [-5.25, 10.5, 3.25], "size": [0, 8, 5], "pivot": [-5.5, 12.5, 7.5], "rotation": [0, -20, 5], "uv": [0, 28]},
						{"origin": [0, 8.75, 6], "size": [0, 10, 4], "uv": [20, 29]},
						{"origin": [5.25, 10.5, 3.25], "size": [0, 8, 5], "pivot": [5.5, 12.5, 7.5], "rotation": [0, 20, -5], "uv": [10, 28]},
						{"origin": [-5, 7, -5.55], "size": [10, 10, 1], "uv": [42, 53]},
						{"origin": [5, 13, -4.95], "size": [1.3, 1, 11.2], "uv": [9, 52]},
						{"origin": [-6.5, 13, -4.95], "size": [1.3, 1, 11.2], "uv": [9, 52]},
						{"origin": [6, 13, -6.05], "size": [1, 1, 12.8], "pivot": [0, 6, 0.25], "rotation": [0, -90, 0], "uv": [8, 51]}
					]
				},
				{
					"name": "eye_right",
					"parent": "torso",
					"pivot": [-2.25, 11.75, -4.5],
					"cubes": [
						{"origin": [-5.046, 10.88749, -4.5], "size": [4, 4, 0], "inflate": 0.01, "uv": [52, 28], "mirror": true},
						{"origin": [-3.05, 11.9, -4.525], "size": [1, 2, 0], "inflate": 0.01, "uv": [9, 50], "mirror": true}
					]
				},
				{
					"name": "eye_left",
					"parent": "torso",
					"pivot": [3.25, 11.75, -4.5],
					"cubes": [
						{"origin": [1.046, 10.88749, -4.5], "size": [4, 4, 0], "inflate": 0.01, "uv": [52, 28]},
						{"origin": [2.05, 11.9, -4.525], "size": [1, 2, 0], "inflate": 0.01, "uv": [9, 50]}
					]
				},
				{
					"name": "mouth",
					"parent": "torso",
					"pivot": [0, 10, -4.5],
					"cubes": [
						{"origin": [-5, 7.45, -4.5], "size": [10, 3, 0], "inflate": 0.01, "uv": [0, 53]}
					]
				},
				{
					"name": "mouth_open",
					"parent": "torso",
					"pivot": [0, 7.45, -4.4],
					"cubes": [
						{"origin": [-5, 4.45, -4.3], "size": [10, 6, 0], "uv": [0, 56]}
					]
				},
				{
					"name": "tounge",
					"parent": "torso",
					"pivot": [0, 7, 4.5],
					"cubes": [
						{"origin": [-3.5, 7, 1.5], "size": [7, 0, 3], "uv": [43, 19]}
					]
				},
				{
					"name": "tounge2",
					"parent": "tounge",
					"pivot": [0, 7, 1.5],
					"cubes": [
						{"origin": [-3.5, 7, -1.5], "size": [7, 0, 3], "uv": [43, 16]}
					]
				},
				{
					"name": "tounge3",
					"parent": "tounge2",
					"pivot": [0, 7, -1.5],
					"cubes": [
						{"origin": [-3, 7, -4.5], "size": [6, 0, 3], "uv": [44, 13]}
					]
				},
				{
					"name": "ear_right",
					"parent": "torso",
					"pivot": [-3.75, 15.25, 0.5],
					"rotation": [-20, 20, -35],
					"cubes": [
						{"origin": [-6.25, 15.75, 0.5], "size": [5, 8, 0], "uv": [0, 0]},
						{"origin": [-7.35, 15.45, -0.5], "size": [2, 2, 2], "uv": [55, 46]}
					]
				},
				{
					"name": "ear_left",
					"parent": "torso",
					"pivot": [3.75, 15.25, 0.5],
					"rotation": [-20, -20, 35],
					"cubes": [
						{"origin": [1.25, 15.75, 0.5], "size": [5, 8, 0], "uv": [0, 41]},
						{"origin": [5.75, 15.25, -0.5], "size": [2, 2, 2], "uv": [55, 46]}
					]
				},
				{
					"name": "spikes_top",
					"parent": "torso",
					"pivot": [0, 16.5, 1.75],
					"rotation": [-17.5, 0, 0],
					"cubes": [
						{"origin": [0, 16.80071, 2.95372], "size": [0, 4, 2], "uv": [0, 21]},
						{"origin": [0.92432, 17.05704, 2.6546], "size": [0, 3, 2], "pivot": [1.5, 16.5, 2], "rotation": [-20, 22.5, -5], "uv": [17, 21]},
						{"origin": [-0.92432, 17.05704, 2.6546], "size": [0, 3, 2], "pivot": [-1.5, 16.5, 2], "rotation": [-20, -22.5, 5], "uv": [13, 21]}
					]
				},
				{
					"name": "arm_right",
					"parent": "torso",
					"pivot": [-5.5, 10.25, -0.25],
					"cubes": [
						{"origin": [-8.5, 8.75, -1.75], "size": [3, 3, 3], "uv": [10, 41]}
					]
				},
				{
					"name": "arm_right2",
					"parent": "arm_right",
					"pivot": [-8.5, 10.25, 1.25],
					"cubes": [
						{"origin": [-11.5, 8.75, -1.75], "size": [3, 3, 3], "uv": [25, 41]}
					]
				},
				{
					"name": "finger_right_index",
					"parent": "arm_right2",
					"pivot": [-11.25, 10.25, -1.25],
					"rotation": [0, -30, 0],
					"cubes": [
						{"origin": [-12.25, 10.25, -1.75], "size": [1, 0, 1], "uv": [2, 9]}
					]
				},
				{
					"name": "finger_right_middle",
					"parent": "arm_right2",
					"pivot": [-11.5, 10.25, -0.25],
					"cubes": [
						{"origin": [-12.5, 10.25, -0.75], "size": [1, 0, 1], "uv": [0, 9]}
					]
				},
				{
					"name": "finger_right_ring",
					"parent": "arm_right2",
					"pivot": [-11.25, 10.25, 0.75],
					"rotation": [0, 30, 0],
					"cubes": [
						{"origin": [-12.25, 10.25, 0.25], "size": [1, 0, 1], "uv": [6, 8]}
					]
				},
				{
					"name": "arm_left",
					"parent": "torso",
					"pivot": [5.5, 10.25, -0.25],
					"cubes": [
						{"origin": [5.5, 8.75, -1.75], "size": [3, 3, 3], "uv": [39, 38]}
					]
				},
				{
					"name": "arm_left2",
					"parent": "arm_left",
					"pivot": [8.5, 10.25, 1.25],
					"cubes": [
						{"origin": [8.5, 8.75, -1.75], "size": [3, 3, 3], "uv": [36, 23]}
					]
				},
				{
					"name": "finger_left_index",
					"parent": "arm_left2",
					"pivot": [11.25, 10.25, -1.25],
					"rotation": [0, 30, 0],
					"cubes": [
						{"origin": [11.25, 10.25, -1.75], "size": [1, 0, 1], "uv": [4, 8]}
					]
				},
				{
					"name": "finger_left_middle",
					"parent": "arm_left2",
					"pivot": [11.5, 10.25, -0.25],
					"cubes": [
						{"origin": [11.5, 10.25, -0.75], "size": [1, 0, 1], "uv": [2, 8]}
					]
				},
				{
					"name": "finger_left_ring",
					"parent": "arm_left2",
					"pivot": [11.25, 10.25, 0.75],
					"rotation": [0, -30, 0],
					"cubes": [
						{"origin": [11.25, 10.25, 0.25], "size": [1, 0, 1], "uv": [0, 8]}
					]
				},
				{
					"name": "tail",
					"parent": "torso",
					"pivot": [0, 7.5, 6.5],
					"rotation": [-20, 0, 0],
					"cubes": [
						{"origin": [-2.5, 3.5, 6.5], "size": [5, 4, 2], "uv": [28, 35]}
					]
				},
				{
					"name": "tail2",
					"parent": "tail",
					"pivot": [0, 3.5, 8.5],
					"rotation": [5, 0, 0],
					"cubes": [
						{"origin": [-1.5, 3.5, 8.5], "size": [3, 3, 3], "uv": [42, 6]}
					]
				},
				{
					"name": "leg_right",
					"parent": "body",
					"pivot": [-4.5, 6, 0.5],
					"cubes": [
						{"origin": [-6.5, 2, -2], "size": [4, 5, 5], "inflate": 0.01, "uv": [18, 23]}
					]
				},
				{
					"name": "leg_right2",
					"parent": "leg_right",
					"pivot": [-4.5, 3, -1.5],
					"cubes": [
						{"origin": [-6.5, 0, -1.5], "size": [4, 2, 4], "uv": [32, 29]}
					]
				},
				{
					"name": "toes_right",
					"parent": "leg_right2",
					"pivot": [-4.5, 1, -1.5],
					"cubes": [
						{"origin": [-3.07905, 0, -2.4695], "size": [0, 1, 1], "pivot": [-3.07905, 0, -1.9695], "rotation": [0, -20, 0], "uv": [21, 23]},
						{"origin": [-4.5, 0, -2.5], "size": [0, 1, 1], "uv": [13, 25]},
						{"origin": [-5.92107, 0, -2.47019], "size": [0, 1, 1], "pivot": [-5.92107, 0, -1.97019], "rotation": [0, 20, 0], "uv": [21, 24]}
					]
				},
				{
					"name": "leg_left",
					"parent": "body",
					"pivot": [4.5, 6, 0.5],
					"cubes": [
						{"origin": [2.5, 2, -2], "size": [4, 5, 5], "inflate": 0.01, "uv": [0, 23]}
					]
				},
				{
					"name": "leg_left2",
					"parent": "leg_left",
					"pivot": [4.5, 3, -1.5],
					"cubes": [
						{"origin": [2.5, 0, -1.5], "size": [4, 2, 4], "uv": [32, 0]}
					]
				},
				{
					"name": "toes_left",
					"parent": "leg_left2",
					"pivot": [4.5, 1, -1.5],
					"cubes": [
						{"origin": [3.07905, 0, -2.4695], "size": [0, 1, 1], "pivot": [3.07905, 0, -1.9695], "rotation": [0, 20, 0], "uv": [21, 22]},
						{"origin": [4.5, 0, -2.5], "size": [0, 1, 1], "uv": [7, 8]},
						{"origin": [5.92107, 0, -2.47019], "size": [0, 1, 1], "pivot": [5.92107, 0, -1.97019], "rotation": [0, -20, 0], "uv": [5, 8]}
					]
				}
			]
		}
	]
}