{
	"format_version": "1.12.0",
	"minecraft:geometry": [
		{
			"description": {
				"identifier": "geometry.unknown",
				"texture_width": 128,
				"texture_height": 128,
				"visible_bounds_width": 4,
				"visible_bounds_height": 2.5,
				"visible_bounds_offset": [0, 0.75, 0]
			},
			"bones": [
				{
					"name": "klawf",
					"pivot": [0, 0, 0]
				},
				{
					"name": "klawf1",
					"parent": "klawf",
					"pivot": [0, 0, 0]
				},
				{
					"name": "body",
					"parent": "klawf1",
					"pivot": [0, 8.5, 0.16667],
					"cubes": [
						{"origin": [-4, 6, -7], "size": [8, 1, 0], "uv": [36, 35]},
						{"origin": [5, 8, -7], "size": [2, 2, 2], "uv": [47, 0]},
						{"origin": [-2, 8, -7], "size": [4, 2, 2], "uv": [15, 96]},
						{"origin": [1, 8.2, -8.325], "size": [0, 2, 2], "pivot": [1, 9.2, -7.325], "rotation": [35.26439, 30, 159.98561], "uv": [26, 18]},
						{"origin": [1, 8.2, -8.325], "size": [0, 2, 2], "pivot": [1, 9.2, -7.325], "rotation": [-35.26439, 30, 50.51439], "uv": [0, 18]},
						{"origin": [-1, 8.2, -8.325], "size": [0, 2, 2], "pivot": [-1, 9.2, -7.325], "rotation": [35.26439, -30, -159.98561], "uv": [0, 0]},
						{"origin": [-1, 8.2, -8.325], "size": [0, 2, 2], "pivot": [-1, 9.2, -7.325], "rotation": [-35.26439, -30, -50.51439], "uv": [6, 0]},
						{"origin": [-7, 8, -7], "size": [2, 2, 2], "uv": [32, 18]},
						{"origin": [4, 5, -7], "size": [3, 3, 2], "uv": [96, 40]},
						{"origin": [-4, 7, -7], "size": [8, 1, 2], "uv": [36, 37]},
						{"origin": [-7, 5, -7], "size": [3, 3, 2], "uv": [37, 96]},
						{"origin": [-7, 5, -5], "size": [14, 5, 12], "uv": [0, 0]},
						{"origin": [-2.5, 10, -2], "size": [5, 1, 6], "inflate": 0.03, "uv": [0, 34]},
						{"origin": [-6.25, 10, -0.125], "size": [3, 1, 4], "inflate": 0.03, "uv": [11, 89]},
						{"origin": [3.25, 10, -1.825], "size": [3, 1, 4], "inflate": 0.03, "uv": [0, 86]},
						{"origin": [2, 4.1, -5.8], "size": [4, 1, 3], "inflate": 0.01, "uv": [96, 28]},
						{"origin": [2, 4.35, -2.6], "size": [4, 1, 3], "inflate": 0.01, "uv": [0, 95]},
						{"origin": [2, 4.35, 0.6], "size": [4, 1, 3], "inflate": 0.01, "uv": [66, 94]},
						{"origin": [2, 4.35, 3.8], "size": [4, 1, 3], "inflate": 0.01, "uv": [92, 17]},
						{"origin": [-6, 4.1, -5.8], "size": [4, 1, 3], "inflate": 0.01, "uv": [87, 65]},
						{"origin": [-6, 4.35, -2.6], "size": [4, 1, 3], "inflate": 0.01, "uv": [39, 91]},
						{"origin": [-6, 4.35, 0.6], "size": [4, 1, 3], "inflate": 0.01, "uv": [54, 91]},
						{"origin": [-6, 4.35, 3.8], "size": [4, 1, 3], "inflate": 0.01, "uv": [92, 12]},
						{"origin": [5, 9, -8.5], "size": [5, 0, 15], "uv": [26, 19]},
						{"origin": [-10, 9, -8.5], "size": [5, 0, 15], "uv": [0, 18]},
						{"origin": [3, 8.8, -6.7], "size": [1, 1, 2], "pivot": [3.5, 9.65, -6.25], "rotation": [-22.5, 0, 0], "uv": [7, 29]},
						{"origin": [-4, 8.8, -6.7], "size": [1, 1, 2], "pivot": [-3.5, 9.65, -6.25], "rotation": [-22.5, 0, 0], "uv": [0, 29]}
					]
				},
				{
					"name": "mouth",
					"parent": "body",
					"pivot": [0, 5.5, -4.25],
					"cubes": [
						{"origin": [-4, 6, -6.75], "size": [8, 1, 0], "uv": [6, 42]},
						{"origin": [-4, 5, -6.75], "size": [8, 1, 2], "inflate": 0.01, "uv": [17, 35]}
					]
				},
				{
					"name": "eye_left",
					"parent": "body",
					"pivot": [3.5, 9.65, -6.25],
					"cubes": [
						{"origin": [2.5, 8.65, -8.25], "size": [2, 2, 2], "uv": [24, 39]}
					]
				},
				{
					"name": "pupil",
					"parent": "eye_left",
					"pivot": [3.375, 9.475, -8.325],
					"cubes": [
						{"origin": [2.875, 8.975, -8.325], "size": [1, 1, 0], "uv": [11, 23]}
					]
				},
				{
					"name": "eye_right",
					"parent": "body",
					"pivot": [-3.5, 9.65, -6.25],
					"cubes": [
						{"origin": [-4.5, 8.65, -8.25], "size": [2, 2, 2], "uv": [6, 18]}
					]
				},
				{
					"name": "pupil2",
					"parent": "eye_right",
					"pivot": [-3.375, 9.475, -8.325],
					"cubes": [
						{"origin": [-3.875, 8.975, -8.325], "size": [1, 1, 0], "uv": [9, 0]}
					]
				},
				{
					"name": "leg_left_front_1",
					"parent": "klawf1",
					"pivot": [5, 4.6, -4.3],
					"cubes": [
						{"origin": [5, 3.6, -5.8], "size": [4, 2, 3], "uv": [71, 88]}
					]
				},
				{
					"name": "leg_left_front2",
					"parent": "leg_left_front_1",
					"pivot": [9.03125, 4.6, -4.3],
					"cubes": [
						{"origin": [9.25, 3.6, -5.3], "size": [3, 2, 2], "uv": [26, 99]},
						{"origin": [10.5, 2.1, -6.8], "size": [0, 5, 5], "pivot": [10.5, 4.6, -4.3], "rotation": [0, 0, 90], "uv": [51, 80]},
						{"origin": [10.5, 2.1, -6.8], "size": [0, 5, 5], "pivot": [10.5, 4.6, -4.3], "rotation": [0, 0, 45], "uv": [81, 11]},
						{"origin": [10.5, 2.1, -6.8], "size": [0, 5, 5], "pivot": [10.5, 4.6, -4.3], "rotation": [0, 0, -45], "uv": [63, 80]},
						{"origin": [10.5, 2.1, -6.8], "size": [0, 5, 5], "pivot": [10.5, 4.6, -4.3], "rotation": [0, 90, 90], "uv": [76, 59]},
						{"origin": [10.5, 2.1, -6.8], "size": [0, 5, 5], "pivot": [10.5, 4.6, -4.3], "rotation": [-90, 45, 0], "uv": [76, 76]},
						{"origin": [10.5, 2.1, -6.8], "size": [0, 5, 5], "pivot": [10.5, 4.6, -4.3], "rotation": [-90, 0, 0], "uv": [11, 78]},
						{"origin": [10.5, 2.1, -6.8], "size": [0, 5, 5], "pivot": [10.5, 4.6, -4.3], "rotation": [-90, -45, 0], "uv": [39, 80]}
					]
				},
				{
					"name": "leg_left_front3",
					"parent": "leg_left_front2",
					"pivot": [11.5, 4.85, -4.3],
					"cubes": [
						{"origin": [11.5, 3.1, -5.8], "size": [3, 3, 3], "uv": [26, 91]},
						{"origin": [14.5, 4.1, -5.3], "size": [3, 2, 2], "uv": [90, 97]}
					]
				},
				{
					"name": "finger_left_front",
					"parent": "leg_left_front3",
					"pivot": [14.5, 3.6, -4.3],
					"cubes": [
						{"origin": [14.5, 3.1, -4.8], "size": [2, 1, 1], "uv": [45, 57]}
					]
				},
				{
					"name": "leg_left_front_2",
					"parent": "klawf1",
					"pivot": [4, 4.35, -1.1],
					"cubes": [
						{"origin": [4, 3.35, -2.6], "size": [4, 2, 3], "uv": [86, 34]}
					]
				},
				{
					"name": "leg_left_front8",
					"parent": "leg_left_front_2",
					"pivot": [8.03125, 4.35, -1.1],
					"cubes": [
						{"origin": [8.25, 3.35, -2.1], "size": [3, 2, 2], "uv": [96, 52]},
						{"origin": [9.5, 1.85, -3.6], "size": [0, 5, 5], "pivot": [9.5, 4.35, -1.1], "rotation": [0, 0, 90], "uv": [0, 64]},
						{"origin": [9.5, 1.85, -3.6], "size": [0, 5, 5], "pivot": [9.5, 4.35, -1.1], "rotation": [0, 0, 45], "uv": [63, 30]},
						{"origin": [9.5, 1.85, -3.6], "size": [0, 5, 5], "pivot": [9.5, 4.35, -1.1], "rotation": [0, 0, -45], "uv": [45, 62]},
						{"origin": [9.5, 1.85, -3.6], "size": [0, 5, 5], "pivot": [9.5, 4.35, -1.1], "rotation": [0, 90, 90], "uv": [33, 62]},
						{"origin": [9.5, 1.85, -3.6], "size": [0, 5, 5], "pivot": [9.5, 4.35, -1.1], "rotation": [-90, 45, 0], "uv": [22, 61]},
						{"origin": [9.5, 1.85, -3.6], "size": [0, 5, 5], "pivot": [9.5, 4.35, -1.1], "rotation": [-90, 0, 0], "uv": [58, 58]},
						{"origin": [9.5, 1.85, -3.6], "size": [0, 5, 5], "pivot": [9.5, 4.35, -1.1], "rotation": [-90, -45, 0], "uv": [58, 41]}
					]
				},
				{
					"name": "leg_left_front9",
					"parent": "leg_left_front8",
					"pivot": [11, 4.6, -1.1],
					"cubes": [
						{"origin": [11, 3.35, -2.6], "size": [4, 2, 3], "inflate": 0.05, "uv": [86, 22]}
					]
				},
				{
					"name": "finger_left_front4",
					"parent": "leg_left_front9",
					"pivot": [14.5, 4.35, -1.1],
					"cubes": [
						{"origin": [14.5, 3.85, -1.6], "size": [2, 1, 1], "uv": [6, 44]}
					]
				},
				{
					"name": "leg_left_front_3",
					"parent": "klawf1",
					"pivot": [4, 4.35, 2.1],
					"cubes": [
						{"origin": [4, 3.35, 0.6], "size": [4, 2, 3], "uv": [87, 0]}
					]
				},
				{
					"name": "leg_left_front6",
					"parent": "leg_left_front_3",
					"pivot": [8.03125, 4.35, 2.1],
					"cubes": [
						{"origin": [8.25, 3.35, 1.1], "size": [3, 2, 2], "uv": [96, 70]},
						{"origin": [9.5, 1.85, -0.4], "size": [0, 5, 5], "pivot": [9.5, 4.35, 2.1], "rotation": [0, 0, 90], "uv": [51, 68]},
						{"origin": [9.5, 1.85, -0.4], "size": [0, 5, 5], "pivot": [9.5, 4.35, 2.1], "rotation": [0, 0, 45], "uv": [39, 68]},
						{"origin": [9.5, 1.85, -0.4], "size": [0, 5, 5], "pivot": [9.5, 4.35, 2.1], "rotation": [0, 0, -45], "uv": [11, 67]},
						{"origin": [9.5, 1.85, -0.4], "size": [0, 5, 5], "pivot": [9.5, 4.35, 2.1], "rotation": [0, 90, 90], "uv": [64, 64]},
						{"origin": [9.5, 1.85, -0.4], "size": [0, 5, 5], "pivot": [9.5, 4.35, 2.1], "rotation": [-90, 45, 0], "uv": [64, 47]},
						{"origin": [9.5, 1.85, -0.4], "size": [0, 5, 5], "pivot": [9.5, 4.35, 2.1], "rotation": [-90, 0, 0], "uv": [64, 12]},
						{"origin": [9.5, 1.85, -0.4], "size": [0, 5, 5], "pivot": [9.5, 4.35, 2.1], "rotation": [-90, -45, 0], "uv": [64, 0]}
					]
				},
				{
					"name": "leg_left_front7",
					"parent": "leg_left_front6",
					"pivot": [11, 4.6, 2.1],
					"cubes": [
						{"origin": [11, 3.35, 0.6], "size": [4, 2, 3], "inflate": 0.05, "uv": [86, 46]}
					]
				},
				{
					"name": "finger_left_front3",
					"parent": "leg_left_front7",
					"pivot": [14.5, 4.35, 2.1],
					"cubes": [
						{"origin": [14.5, 3.85, 1.6], "size": [2, 1, 1], "uv": [28, 50]}
					]
				},
				{
					"name": "leg_left_front_4",
					"parent": "klawf1",
					"pivot": [4, 4.35, 5.3],
					"cubes": [
						{"origin": [4, 3.35, 3.8], "size": [4, 2, 3], "uv": [87, 59]}
					]
				},
				{
					"name": "leg_left_front4",
					"parent": "leg_left_front_4",
					"pivot": [8.03125, 4.35, 5.3],
					"cubes": [
						{"origin": [8.25, 3.35, 4.3], "size": [3, 2, 2], "uv": [96, 82]},
						{"origin": [9.5, 1.85, 2.8], "size": [0, 5, 5], "pivot": [9.5, 4.35, 5.3], "rotation": [0, 0, 90], "uv": [33, 74]},
						{"origin": [9.5, 1.85, 2.8], "size": [0, 5, 5], "pivot": [9.5, 4.35, 5.3], "rotation": [0, 0, 45], "uv": [22, 72]},
						{"origin": [9.5, 1.85, 2.8], "size": [0, 5, 5], "pivot": [9.5, 4.35, 5.3], "rotation": [0, 0, -45], "uv": [70, 70]},
						{"origin": [9.5, 1.85, 2.8], "size": [0, 5, 5], "pivot": [9.5, 4.35, 5.3], "rotation": [0, 90, 90], "uv": [70, 53]},
						{"origin": [9.5, 1.85, 2.8], "size": [0, 5, 5], "pivot": [9.5, 4.35, 5.3], "rotation": [-90, 45, 0], "uv": [70, 6]},
						{"origin": [9.5, 1.85, 2.8], "size": [0, 5, 5], "pivot": [9.5, 4.35, 5.3], "rotation": [-90, 0, 0], "uv": [69, 36]},
						{"origin": [9.5, 1.85, 2.8], "size": [0, 5, 5], "pivot": [9.5, 4.35, 5.3], "rotation": [-90, -45, 0], "uv": [69, 23]}
					]
				},
				{
					"name": "leg_left_front5",
					"parent": "leg_left_front4",
					"pivot": [11, 4.6, 5.3],
					"cubes": [
						{"origin": [11, 3.35, 3.8], "size": [4, 2, 3], "inflate": 0.05, "uv": [87, 6]}
					]
				},
				{
					"name": "finger_left_front2",
					"parent": "leg_left_front5",
					"pivot": [14.5, 4.35, 5.3],
					"cubes": [
						{"origin": [14.5, 3.85, 4.8], "size": [2, 1, 1], "uv": [39, 51]}
					]
				},
				{
					"name": "leg_right_front_1",
					"parent": "klawf1",
					"pivot": [-5, 4.6, -4.3],
					"cubes": [
						{"origin": [-9, 3.6, -5.8], "size": [4, 2, 3], "uv": [87, 76]}
					]
				},
				{
					"name": "leg_right_front2",
					"parent": "leg_right_front_1",
					"pivot": [-9.03125, 4.6, -4.3],
					"cubes": [
						{"origin": [-12.25, 3.6, -5.3], "size": [3, 2, 2], "uv": [97, 88]},
						{"origin": [-10.5, 2.1, -6.8], "size": [0, 5, 5], "pivot": [-10.5, 4.6, -4.3], "rotation": [0, 0, -90], "uv": [76, 0]},
						{"origin": [-10.5, 2.1, -6.8], "size": [0, 5, 5], "pivot": [-10.5, 4.6, -4.3], "rotation": [0, 0, -45], "uv": [75, 42]},
						{"origin": [-10.5, 2.1, -6.8], "size": [0, 5, 5], "pivot": [-10.5, 4.6, -4.3], "rotation": [0, 0, 45], "uv": [75, 29]},
						{"origin": [-10.5, 2.1, -6.8], "size": [0, 5, 5], "pivot": [-10.5, 4.6, -4.3], "rotation": [0, -90, -90], "uv": [75, 17]},
						{"origin": [-10.5, 2.1, -6.8], "size": [0, 5, 5], "pivot": [-10.5, 4.6, -4.3], "rotation": [-90, -45, 0], "uv": [0, 75]},
						{"origin": [-10.5, 2.1, -6.8], "size": [0, 5, 5], "pivot": [-10.5, 4.6, -4.3], "rotation": [-90, 0, 0], "uv": [57, 74]},
						{"origin": [-10.5, 2.1, -6.8], "size": [0, 5, 5], "pivot": [-10.5, 4.6, -4.3], "rotation": [-90, 45, 0], "uv": [45, 74]}
					]
				},
				{
					"name": "leg_right_front3",
					"parent": "leg_right_front2",
					"pivot": [-11.5, 4.85, -4.3],
					"cubes": [
						{"origin": [-14.5, 3.1, -5.8], "size": [3, 3, 3], "uv": [86, 90]},
						{"origin": [-17.5, 4.1, -5.3], "size": [3, 2, 2], "uv": [79, 97]}
					]
				},
				{
					"name": "finger_right_front1",
					"parent": "leg_right_front3",
					"pivot": [-14.5, 3.6, -4.3],
					"cubes": [
						{"origin": [-16.5, 3.1, -4.8], "size": [2, 1, 1], "uv": [52, 29]}
					]
				},
				{
					"name": "leg_right_front_2",
					"parent": "klawf1",
					"pivot": [-4, 4.35, -1.1],
					"cubes": [
						{"origin": [-8, 3.35, -2.6], "size": [4, 2, 3], "uv": [22, 85]}
					]
				},
				{
					"name": "leg_right_front8",
					"parent": "leg_right_front_2",
					"pivot": [-8.03125, 4.35, -1.1],
					"cubes": [
						{"origin": [-11.25, 3.35, -2.1], "size": [3, 2, 2], "uv": [48, 96]},
						{"origin": [-9.5, 1.85, -3.6], "size": [0, 5, 5], "pivot": [-9.5, 4.35, -1.1], "rotation": [0, 0, -90], "uv": [58, 19]},
						{"origin": [-9.5, 1.85, -3.6], "size": [0, 5, 5], "pivot": [-9.5, 4.35, -1.1], "rotation": [0, 0, -45], "uv": [58, 6]},
						{"origin": [-9.5, 1.85, -3.6], "size": [0, 5, 5], "pivot": [-9.5, 4.35, -1.1], "rotation": [0, 0, 45], "uv": [39, 56]},
						{"origin": [-9.5, 1.85, -3.6], "size": [0, 5, 5], "pivot": [-9.5, 4.35, -1.1], "rotation": [0, -90, -90], "uv": [11, 56]},
						{"origin": [-9.5, 1.85, -3.6], "size": [0, 5, 5], "pivot": [-9.5, 4.35, -1.1], "rotation": [-90, -45, 0], "uv": [0, 53]},
						{"origin": [-9.5, 1.85, -3.6], "size": [0, 5, 5], "pivot": [-9.5, 4.35, -1.1], "rotation": [-90, 0, 0], "uv": [52, 52]},
						{"origin": [-9.5, 1.85, -3.6], "size": [0, 5, 5], "pivot": [-9.5, 4.35, -1.1], "rotation": [-90, 45, 0], "uv": [52, 35]}
					]
				},
				{
					"name": "leg_right_front9",
					"parent": "leg_right_front8",
					"pivot": [-11, 4.6, -1.1],
					"cubes": [
						{"origin": [-15, 3.35, -2.6], "size": [4, 2, 3], "inflate": 0.05, "uv": [84, 84]}
					]
				},
				{
					"name": "finger_right_front4",
					"parent": "leg_right_front9",
					"pivot": [-14.5, 4.35, -1.1],
					"cubes": [
						{"origin": [-16.5, 3.85, -1.6], "size": [2, 1, 1], "uv": [35, 40]}
					]
				},
				{
					"name": "leg_right_front_3",
					"parent": "klawf1",
					"pivot": [-4, 4.35, 2.1],
					"cubes": [
						{"origin": [-8, 3.35, 0.6], "size": [4, 2, 3], "uv": [81, 70]}
					]
				},
				{
					"name": "leg_right_front6",
					"parent": "leg_right_front_3",
					"pivot": [-8.03125, 4.35, 2.1],
					"cubes": [
						{"origin": [-11.25, 3.35, 1.1], "size": [3, 2, 2], "uv": [70, 0]},
						{"origin": [-9.5, 1.85, -0.4], "size": [0, 5, 5], "pivot": [-9.5, 4.35, 2.1], "rotation": [0, 0, -90], "uv": [52, 13]},
						{"origin": [-9.5, 1.85, -0.4], "size": [0, 5, 5], "pivot": [-9.5, 4.35, 2.1], "rotation": [0, 0, -45], "uv": [52, 0]},
						{"origin": [-9.5, 1.85, -0.4], "size": [0, 5, 5], "pivot": [-9.5, 4.35, 2.1], "rotation": [0, 0, 45], "uv": [33, 50]},
						{"origin": [-9.5, 1.85, -0.4], "size": [0, 5, 5], "pivot": [-9.5, 4.35, 2.1], "rotation": [0, -90, -90], "uv": [22, 50]},
						{"origin": [-9.5, 1.85, -0.4], "size": [0, 5, 5], "pivot": [-9.5, 4.35, 2.1], "rotation": [-90, -45, 0], "uv": [46, 46]},
						{"origin": [-9.5, 1.85, -0.4], "size": [0, 5, 5], "pivot": [-9.5, 4.35, 2.1], "rotation": [-90, 0, 0], "uv": [11, 45]},
						{"origin": [-9.5, 1.85, -0.4], "size": [0, 5, 5], "pivot": [-9.5, 4.35, 2.1], "rotation": [-90, 45, 0], "uv": [0, 42]}
					]
				},
				{
					"name": "leg_right_front7",
					"parent": "leg_right_front6",
					"pivot": [-11, 4.6, 2.1],
					"cubes": [
						{"origin": [-15, 3.35, 0.6], "size": [4, 2, 3], "inflate": 0.05, "uv": [81, 53]}
					]
				},
				{
					"name": "finger_right_front3",
					"parent": "leg_right_front7",
					"pivot": [-14.5, 4.35, 2.1],
					"cubes": [
						{"origin": [-16.5, 3.85, 1.6], "size": [2, 1, 1], "uv": [33, 29]}
					]
				},
				{
					"name": "leg_right_front_4",
					"parent": "klawf1",
					"pivot": [-4, 4.35, 5.3],
					"cubes": [
						{"origin": [-8, 3.35, 3.8], "size": [4, 2, 3], "uv": [81, 40]}
					]
				},
				{
					"name": "leg_right_front4",
					"parent": "leg_right_front_4",
					"pivot": [-8.03125, 4.35, 5.3],
					"cubes": [
						{"origin": [-11.25, 3.35, 4.3], "size": [3, 2, 2], "uv": [58, 0]},
						{"origin": [-9.5, 1.85, 2.8], "size": [0, 5, 5], "pivot": [-9.5, 4.35, 5.3], "rotation": [0, 0, -90], "uv": [41, 0]},
						{"origin": [-9.5, 1.85, 2.8], "size": [0, 5, 5], "pivot": [-9.5, 4.35, 5.3], "rotation": [0, 0, -45], "uv": [40, 40]},
						{"origin": [-9.5, 1.85, 2.8], "size": [0, 5, 5], "pivot": [-9.5, 4.35, 5.3], "rotation": [0, 0, 45], "uv": [29, 39]},
						{"origin": [-9.5, 1.85, 2.8], "size": [0, 5, 5], "pivot": [-9.5, 4.35, 5.3], "rotation": [0, -90, -90], "uv": [18, 39]},
						{"origin": [-9.5, 1.85, 2.8], "size": [0, 5, 5], "pivot": [-9.5, 4.35, 5.3], "rotation": [-90, -45, 0], "uv": [26, 18]},
						{"origin": [-9.5, 1.85, 2.8], "size": [0, 5, 5], "pivot": [-9.5, 4.35, 5.3], "rotation": [-90, 0, 0], "uv": [0, 18]},
						{"origin": [-9.5, 1.85, 2.8], "size": [0, 5, 5], "pivot": [-9.5, 4.35, 5.3], "rotation": [-90, 45, 0], "uv": [0, 0]}
					]
				},
				{
					"name": "leg_right_front5",
					"parent": "leg_right_front4",
					"pivot": [-11, 4.6, 5.3],
					"cubes": [
						{"origin": [-15, 3.35, 3.8], "size": [4, 2, 3], "inflate": 0.05, "uv": [81, 28]}
					]
				},
				{
					"name": "finger_right_front2",
					"parent": "leg_right_front5",
					"pivot": [-14.5, 4.35, 5.3],
					"cubes": [
						{"origin": [-16.5, 3.85, 4.8], "size": [2, 1, 1], "uv": [26, 29]}
					]
				}
			]
		}
	]
}