{
	"format_version": "1.12.0",
	"minecraft:geometry": [
		{
			"description": {
				"identifier": "geometry.koraidon",
				"texture_width": 256,
				"texture_height": 256,
				"visible_bounds_width": 7,
				"visible_bounds_height": 8,
				"visible_bounds_offset": [0, 3, 0]
			},
			"bones": [
				{
					"name": "koraidon",
					"pivot": [0, 0, 0]
				},
				{
					"name": "body",
					"parent": "koraidon",
					"pivot": [21.81453, 39.01239, 0.41219]
				},
				{
					"name": "torso",
					"parent": "body",
					"pivot": [0, 22.48513, 4.42238],
					"cubes": [
						{"origin": [-4, 22.15339, -3.11314], "size": [8, 11, 9], "inflate": 0.02, "pivot": [0, 35.40314, 12.12598], "rotation": [10, 0, 0], "uv": [66, 43]},
						{"origin": [-4, 22.57559, -3.04937], "size": [8, 6, 9], "inflate": 0.01, "pivot": [0, 38.07559, 5.15063], "rotation": [20, 0, 0], "uv": [89, 178]}
					]
				},
				{
					"name": "chest",
					"parent": "torso",
					"pivot": [0, 27.98141, 9.20616],
					"rotation": [0, 0, 0],
					"cubes": [
						{"origin": [-5.88975, 28.15534, -2.77713], "size": [4, 8, 12], "pivot": [-3.88975, 32.15534, 3.32287], "rotation": [-1, 1, -30], "uv": [85, 83]},
						{"origin": [-7.79853, 34.70352, -2.68979], "size": [5, 8, 12], "inflate": -0.01, "pivot": [-5.79853, 38.70352, 3.31021], "rotation": [-0.42523, 1.34875, -2.49628], "uv": [64, 63], "mirror": true},
						{"origin": [2.79853, 34.70352, -2.68979], "size": [5, 8, 12], "inflate": -0.01, "pivot": [5.79853, 38.70352, 3.31021], "rotation": [-0.42523, -1.34875, 2.49628], "uv": [64, 63]},
						{"origin": [1.88975, 28.15534, -2.77713], "size": [4, 8, 12], "pivot": [3.88975, 32.15534, 3.32287], "rotation": [-1, -1, 30], "uv": [85, 83], "mirror": true},
						{"origin": [-4, 21.57559, 0.2906], "size": [8, 19, 9], "inflate": -0.01, "pivot": [0, 35.40314, 12.12598], "rotation": [0, 0, 0], "uv": [0, 47]},
						{"origin": [-4, 39.9809, 4.47078], "size": [8, 2, 6], "inflate": 0.01, "pivot": [0, 35.40314, 12.12598], "rotation": [-5, 0, 0], "uv": [105, 87]},
						{"origin": [4.06539, 35.81168, 4.47078], "size": [2, 2, 6], "inflate": -0.01, "pivot": [0, 35.40314, 12.12598], "rotation": [-3.54002, -3.53329, -44.89078], "uv": [146, 120]},
						{"origin": [-6.06539, 35.81168, 4.47078], "size": [2, 2, 6], "inflate": -0.01, "pivot": [0, 35.40314, 12.12598], "rotation": [-3.54002, 3.53329, 44.89078], "uv": [146, 120], "mirror": true},
						{"origin": [0.40853, 35.81168, 8.47078], "size": [5, 5, 2], "inflate": -0.02, "pivot": [0, 35.40314, 12.12598], "rotation": [-3.54002, -3.53329, -44.89078], "uv": [15, 124], "mirror": true}
					]
				},
				{
					"name": "front_wheel",
					"parent": "chest",
					"pivot": [0, 24.7, -1.4],
					"rotation": [1, 0, 0],
					"cubes": [
						{"origin": [-4.5, 33.21119, -8.27436], "size": [9, 8, 9], "pivot": [0, 36.4292, 12.34089], "rotation": [2.5, 0, 0], "uv": [49, 83]},
						{"origin": [-4, 33.21119, -13.27436], "size": [8, 8, 5], "pivot": [0, 36.4292, 12.34089], "rotation": [2.5, 0, 0], "uv": [122, 95]},
						{"origin": [-4, 41.21119, -13.27436], "size": [8, 5, 15], "pivot": [0, 36.4292, 12.34089], "rotation": [2.5, 0, 0], "uv": [31, 9]},
						{"origin": [0, 33.65588, -14.63219], "size": [0, 2, 2], "pivot": [0, 36.00588, -15.28219], "rotation": [47.5, 0, 0], "uv": [72, 67]},
						{"origin": [0, 37.65588, -10.63219], "size": [0, 2, 2], "pivot": [0, 36.00588, -15.28219], "rotation": [47.5, 0, 0], "uv": [72, 65]},
						{"origin": [0, 29.65588, -18.63219], "size": [0, 2, 2], "pivot": [0, 36.00588, -15.28219], "rotation": [47.5, 0, 0], "uv": [70, 0]},
						{"origin": [0, 25.75588, -19.53219], "size": [0, 2, 2], "pivot": [0, 36.00588, -15.28219], "rotation": [47.5, 0, 0], "uv": [62, 59]},
						{"origin": [0, 36.95588, -5.53219], "size": [0, 2, 2], "pivot": [0, 36.00588, -15.28219], "rotation": [47.5, 0, 0], "uv": [25, 47]},
						{"origin": [0, 32.95588, -1.53219], "size": [0, 2, 2], "pivot": [0, 36.00588, -15.28219], "rotation": [47.5, 0, 0], "uv": [25, 45]},
						{"origin": [0, 21.75588, -15.53219], "size": [0, 2, 2], "pivot": [0, 36.00588, -15.28219], "rotation": [47.5, 0, 0], "uv": [44, 62]},
						{"origin": [-1.5, 30.59867, -5.80912], "size": [3, 6, 5], "pivot": [0, 37.4292, 12.34089], "rotation": [27.5, 0, 0], "uv": [0, 24]},
						{"origin": [-4, 28.21119, -13.27436], "size": [8, 5, 15], "pivot": [0, 36.4292, 12.34089], "rotation": [2.5, 0, 0], "uv": [29, 32]}
					]
				},
				{
					"name": "neck",
					"parent": "chest",
					"pivot": [0, 40.09429, 11.05114],
					"rotation": [0, 0, 0],
					"cubes": [
						{"origin": [-4.65328, 38.40639, -1.22717], "size": [6, 14, 5], "pivot": [0, 54.26929, 0.92614], "rotation": [17.75937, -7.00461, -3.42385], "uv": [105, 104]},
						{"origin": [-4.65328, 39.44486, -3.29519], "size": [7, 10, 2], "pivot": [0, 54.26929, 0.92614], "rotation": [18.75937, -7.00461, -3.42385], "uv": [143, 88]},
						{"origin": [-4, 40.56309, -0.92032], "size": [8, 13, 7], "pivot": [0, 54.26929, 0.92614], "rotation": [25, 0, 0], "uv": [96, 0]},
						{"origin": [-1.34672, 38.40639, -1.22717], "size": [6, 14, 5], "pivot": [0, 54.26929, 0.92614], "rotation": [17.75937, 7.00461, 3.42385], "uv": [105, 104], "mirror": true},
						{"origin": [-2.34672, 39.44486, -3.29519], "size": [7, 9, 2], "pivot": [0, 54.26929, 0.92614], "rotation": [18.75937, 7.00461, 3.42385], "uv": [143, 89], "mirror": true},
						{"origin": [-4, 39.9809, 4.47078], "size": [8, 4, 6], "inflate": 0.01, "pivot": [0, 33.40314, 12.12598], "rotation": [-5, 0, 0], "uv": [105, 83]}
					]
				},
				{
					"name": "head",
					"parent": "neck",
					"pivot": [0, 47.26929, 0.92614],
					"cubes": [
						{"origin": [6.3613, 51.07115, -11.18886], "size": [1, 1, 1], "pivot": [0, 54.26929, 0.92614], "rotation": [19.79592, 41.09712, -3.54779], "uv": [58, 75]},
						{"origin": [-7.3613, 51.07115, -11.18886], "size": [1, 1, 1], "pivot": [0, 54.26929, 0.92614], "rotation": [19.79592, -41.09712, 3.54779], "uv": [58, 75], "mirror": true},
						{"origin": [-7.3613, 51.57115, -11.18886], "size": [1, 1, 1], "pivot": [0, 54.26929, 0.92614], "rotation": [19.79592, -41.09712, 3.54779], "uv": [31, 0], "mirror": true},
						{"origin": [6.3613, 51.57115, -11.18886], "size": [1, 1, 1], "pivot": [0, 54.26929, 0.92614], "rotation": [19.79592, 41.09712, -3.54779], "uv": [31, 0]},
						{"origin": [-5.5, 47.37535, -2.5937], "size": [11, 2, 5], "inflate": -0.01, "pivot": [0, 54.26929, 0.92614], "rotation": [15, 0, 0], "uv": [116, 52]},
						{"origin": [-5.5, 48.77535, -2.5937], "size": [11, 4, 5], "pivot": [0, 54.26929, 0.92614], "rotation": [15, 0, 0], "uv": [31, 0]},
						{"origin": [-6.1548, 49.75898, -11.64273], "size": [4, 3, 11], "pivot": [0, 54.26929, 0.92614], "rotation": [15.72787, -17.45834, -4.29024], "uv": [21, 107]},
						{"origin": [-2, 49.10484, -12.89428], "size": [4, 1, 0], "pivot": [0, 54.26929, 0.92614], "rotation": [15, 0, 0], "uv": [0, 39]},
						{"origin": [2.1548, 49.75898, -11.64273], "size": [4, 3, 11], "pivot": [0, 54.26929, 0.92614], "rotation": [15.72787, 17.45834, 4.29024], "uv": [21, 107], "mirror": true},
						{"origin": [6.17388, 49.08828, -11.57651], "size": [0, 1, 11], "pivot": [0, 54.26929, 0.92614], "rotation": [15.72787, 17.45834, 4.29024], "uv": [25, 44], "mirror": true},
						{"origin": [-6.17388, 49.08828, -11.57651], "size": [0, 1, 11], "pivot": [0, 54.26929, 0.92614], "rotation": [15.72787, -17.45834, -4.29024], "uv": [25, 44]},
						{"origin": [-2, 49.77553, -12.9093], "size": [4, 3, 11], "pivot": [0, 54.26929, 0.92614], "rotation": [15, 0, 0], "uv": [0, 110]},
						{"origin": [-3.5, 53.12501, -8.21396], "size": [7, 1, 14], "inflate": 0.01, "pivot": [0, 54.26929, 0.92614], "rotation": [15, 0, 0], "uv": [34, 52]},
						{"origin": [-4.5, 52.12501, -4.21396], "size": [1, 2, 10], "pivot": [0, 54.26929, 0.92614], "rotation": [15, 0, 0], "uv": [114, 134]},
						{"origin": [3.5, 52.12501, -4.21396], "size": [1, 2, 10], "pivot": [0, 54.26929, 0.92614], "rotation": [15, 0, 0], "uv": [114, 134], "mirror": true},
						{"origin": [-3, 52.12501, -9.71396], "size": [6, 2, 2], "inflate": -0.01, "pivot": [0, 54.26929, 0.92614], "rotation": [15, 0, 0], "uv": [151, 135]},
						{"origin": [-5.50778, 53.12501, -8.13574], "size": [1, 1, 5], "pivot": [0, 54.26929, 0.92614], "rotation": [15.34721, -12.06754, -3.28396], "uv": [153, 155]},
						{"origin": [4.50778, 53.12501, -8.13574], "size": [1, 1, 5], "pivot": [0, 54.26929, 0.92614], "rotation": [15.34721, 12.06754, 3.28396], "uv": [153, 155], "mirror": true}
					]
				},
				{
					"name": "jaw",
					"parent": "head",
					"pivot": [0, 48.26929, -0.07386],
					"rotation": [-2.5, 0, 0],
					"cubes": [
						{"origin": [-6.01559, 47.00505, -11.12321], "size": [4.1, 2, 11], "inflate": -0.01, "pivot": [0, 54.26929, 0.92614], "rotation": [10.4982, -17.75186, -2.96835], "uv": [166, 1], "mirror": true},
						{"origin": [-2, 47.04927, -12.37307], "size": [4, 2, 12], "inflate": 0.01, "pivot": [0, 54.26929, 0.92614], "rotation": [10, 0, 0], "uv": [194, 4]},
						{"origin": [-2, 48.54927, -10.37307], "size": [4, 1, 10], "inflate": 0.01, "pivot": [0, 54.26929, 0.92614], "rotation": [10, 0, 0], "uv": [115, 184]},
						{"origin": [1.91559, 47.00505, -11.12321], "size": [4.1, 2, 11], "inflate": -0.01, "pivot": [0, 54.26929, 0.92614], "rotation": [10.4982, 17.75186, 2.96835], "uv": [166, 1]}
					]
				},
				{
					"name": "small_antenna2",
					"parent": "head",
					"pivot": [2, 49.26929, -11.07386],
					"rotation": [38.4407, 30.9547, 20.0614],
					"cubes": [
						{"origin": [1.3812, 48.83435, -11.46148], "size": [1, 1, 5], "uv": [158, 63]}
					]
				},
				{
					"name": "small_antenna",
					"parent": "head",
					"pivot": [-2, 49.26929, -11.07386],
					"rotation": [38.4407, -30.9547, -20.0614],
					"cubes": [
						{"origin": [-2.3812, 48.83435, -11.46148], "size": [1, 1, 5], "uv": [158, 63], "mirror": true}
					]
				},
				{
					"name": "antennae",
					"parent": "head",
					"pivot": [0, 50, -10]
				},
				{
					"name": "antenna_right",
					"parent": "antennae",
					"pivot": [-0.7225, 49.58203, -10.3529],
					"rotation": [45.47008, -12.35882, -43.27285],
					"cubes": [
						{"origin": [-1.4648, 48.11664, -11.47155], "size": [2, 7, 2], "uv": [60, 162]}
					]
				},
				{
					"name": "antenna_right2",
					"parent": "antenna_right",
					"pivot": [-0.5687, 55.10919, -11.43691],
					"rotation": [0, 0, 0],
					"cubes": [
						{"origin": [-1.4748, 55.10664, -11.48155], "size": [2, 7, 2], "inflate": -0.01, "uv": [146, 160], "mirror": true}
					]
				},
				{
					"name": "antenna_right3",
					"parent": "antenna_right2",
					"pivot": [-0.45405, 62.01748, -11.35707],
					"rotation": [0, 0, 0],
					"cubes": [
						{"origin": [-1.4648, 62.09664, -11.47155], "size": [2, 7, 2], "uv": [154, 161]}
					]
				},
				{
					"name": "antenna_right4",
					"parent": "antenna_right3",
					"pivot": [-0.55533, 69.1513, -11.46056],
					"rotation": [0, 0, 0],
					"cubes": [
						{"origin": [-1.4748, 69.08664, -11.48155], "size": [2, 7, 2], "inflate": -0.01, "uv": [130, 160], "mirror": true}
					]
				},
				{
					"name": "antenna_right5",
					"parent": "antenna_right4",
					"pivot": [-0.46601, 76.09486, -11.45563],
					"rotation": [0, 0, 0],
					"cubes": [
						{"origin": [-1.4648, 76.07664, -11.47155], "size": [2, 8, 2], "uv": [20, 159]}
					]
				},
				{
					"name": "antenna_right6",
					"parent": "antenna_right5",
					"pivot": [-0.48002, 84.02681, -11.48761],
					"rotation": [0, 0, 0],
					"cubes": [
						{"origin": [-1.4748, 84.06664, -11.48155], "size": [2, 8, 2], "inflate": -0.01, "uv": [130, 160], "mirror": true}
					]
				},
				{
					"name": "antenna_right7",
					"parent": "antenna_right6",
					"pivot": [-0.47235, 92.09532, -11.5132],
					"rotation": [0, 0, 0],
					"cubes": [
						{"origin": [-1.4648, 92.05664, -11.47155], "size": [2, 8, 2], "uv": [78, 158]}
					]
				},
				{
					"name": "antenna_right8",
					"parent": "antenna_right7",
					"pivot": [-0.44415, 100.08316, -9.51084],
					"rotation": [0, 0, 0],
					"cubes": [
						{"origin": [-1.4748, 100.04664, -11.48155], "size": [2, 8, 2], "inflate": -0.01, "uv": [114, 156], "mirror": true}
					]
				},
				{
					"name": "antenna_right9",
					"parent": "antenna_right8",
					"pivot": [-0.46914, 107.01424, -10.40512],
					"cubes": [
						{"origin": [-0.9648, 108.03664, -10.97155], "size": [1, 8, 1], "uv": [62, 52]}
					]
				},
				{
					"name": "antenna_left",
					"parent": "antennae",
					"pivot": [0.7225, 49.58203, -10.3529],
					"rotation": [45.47008, 12.35882, 43.27285],
					"cubes": [
						{"origin": [-0.5352, 48.11664, -11.47155], "size": [2, 7, 2], "uv": [60, 162], "mirror": true}
					]
				},
				{
					"name": "antenna_left2",
					"parent": "antenna_left",
					"pivot": [0.5687, 55.10919, -11.43691],
					"rotation": [0, 0, 0],
					"cubes": [
						{"origin": [-0.5252, 55.10664, -11.48155], "size": [2, 7, 2], "inflate": -0.01, "uv": [146, 160]}
					]
				},
				{
					"name": "antenna_left3",
					"parent": "antenna_left2",
					"pivot": [0.45405, 62.01748, -11.35707],
					"rotation": [0, 0, 0],
					"cubes": [
						{"origin": [-0.5352, 62.09664, -11.47155], "size": [2, 7, 2], "uv": [154, 161], "mirror": true}
					]
				},
				{
					"name": "antenna_left4",
					"parent": "antenna_left3",
					"pivot": [0.55533, 69.1513, -11.46056],
					"rotation": [0, 0, 0],
					"cubes": [
						{"origin": [-0.5252, 69.08664, -11.48155], "size": [2, 7, 2], "inflate": -0.01, "uv": [130, 160]}
					]
				},
				{
					"name": "antenna_left5",
					"parent": "antenna_left4",
					"pivot": [0.46601, 76.09486, -11.45563],
					"rotation": [0, 0, 0],
					"cubes": [
						{"origin": [-0.5352, 76.07664, -11.47155], "size": [2, 8, 2], "uv": [20, 159], "mirror": true}
					]
				},
				{
					"name": "antenna_left6",
					"parent": "antenna_left5",
					"pivot": [0.48002, 84.02681, -11.48761],
					"rotation": [0, 0, 0],
					"cubes": [
						{"origin": [-0.5252, 84.06664, -11.48155], "size": [2, 8, 2], "inflate": -0.01, "uv": [130, 160]}
					]
				},
				{
					"name": "antenna_left7",
					"parent": "antenna_left6",
					"pivot": [0.47235, 92.09532, -11.5132],
					"rotation": [0, 0, 0],
					"cubes": [
						{"origin": [-0.5352, 92.05664, -11.47155], "size": [2, 8, 2], "uv": [78, 158], "mirror": true}
					]
				},
				{
					"name": "antenna_left8",
					"parent": "antenna_left7",
					"pivot": [0.44415, 100.08316, -9.51084],
					"rotation": [0, 0, 0],
					"cubes": [
						{"origin": [-0.5252, 100.04664, -11.48155], "size": [2, 8, 2], "inflate": -0.01, "uv": [114, 156]}
					]
				},
				{
					"name": "antenna_left9",
					"parent": "antenna_left8",
					"pivot": [-0.03086, 108.01424, -10.40512],
					"cubes": [
						{"origin": [-0.0352, 108.03664, -10.97155], "size": [1, 8, 1], "uv": [62, 52], "mirror": true}
					]
				},
				{
					"name": "head_feathers_right",
					"parent": "head",
					"pivot": [-4.7, 50.76929, 3.42614]
				},
				{
					"name": "head_feathers2",
					"parent": "head_feathers_right",
					"pivot": [0, 54.26929, 0.92614]
				},
				{
					"name": "head_feather_bottom",
					"parent": "head_feathers2",
					"pivot": [-5.19096, 49.87951, 3.85827],
					"rotation": [23, -14, -10],
					"cubes": [
						{"origin": [-5.18271, 48.2787, -0.2873], "size": [0, 3, 9], "uv": [70, 173], "mirror": true}
					]
				},
				{
					"name": "head_feather_top",
					"parent": "head_feathers2",
					"pivot": [-5.22448, 52.57354, 4.43925],
					"rotation": [35, 0, 0],
					"cubes": [
						{"origin": [-5.02448, 50.27354, -0.56075], "size": [0, 4, 9], "pivot": [-5.22448, 52.27354, 1.23925], "rotation": [0, -8, 0], "uv": [70, 177], "mirror": true}
					]
				},
				{
					"name": "head_feathers_left",
					"parent": "head",
					"pivot": [0, 54.26929, 0.92614]
				},
				{
					"name": "head_feather_bottom2",
					"parent": "head_feathers_left",
					"pivot": [5.19096, 49.87951, 3.85827],
					"rotation": [23, 14, 11],
					"cubes": [
						{"origin": [5.18271, 48.2787, -0.2873], "size": [0, 3, 9], "uv": [70, 173]}
					]
				},
				{
					"name": "head_feather_top2",
					"parent": "head_feathers_left",
					"pivot": [5.22448, 52.57354, 4.43925],
					"rotation": [35, 0, 0],
					"cubes": [
						{"origin": [5.02448, 50.27354, -0.56075], "size": [0, 4, 9], "pivot": [5.22448, 52.27354, 1.23925], "rotation": [0, 8, 0], "uv": [70, 177]}
					]
				},
				{
					"name": "left_eye",
					"parent": "head",
					"pivot": [1.94516, 48.98453, -8.45136],
					"cubes": [
						{"origin": [3.9956, 49.2786, -8.60367], "size": [3, 2, 1], "pivot": [0, 54.26929, 0.92614], "rotation": [7.83915, 22.66556, 3.95441], "uv": [124, 59]},
						{"origin": [4.9856, 51.79434, -9.209], "size": [2, 2, 3], "pivot": [0, 54.26929, 0.92614], "rotation": [25.83915, 22.66556, 3.95441], "uv": [165, 52]}
					]
				},
				{
					"name": "eyelid",
					"parent": "left_eye",
					"pivot": [1.94516, 48.98453, -8.45136],
					"cubes": [
						{"origin": [2.9956, 49.2786, -8.60367], "size": [3, 2, 1], "inflate": 0.01, "pivot": [-1, 54.26929, 0.92614], "rotation": [7.83915, 22.66556, 3.95441], "uv": [115, 182]},
						{"origin": [3.9856, 51.79434, -9.209], "size": [2, 2, 3], "inflate": 0.01, "pivot": [-1, 54.26929, 0.92614], "rotation": [25.83915, 22.66556, 3.95441], "uv": [117, 176]}
					]
				},
				{
					"name": "right_eye",
					"parent": "head",
					"pivot": [0, 54.26929, 0.92614],
					"cubes": [
						{"origin": [-6.9856, 51.79434, -9.209], "size": [2, 2, 3], "pivot": [0, 54.26929, 0.92614], "rotation": [25.83915, -22.66556, -3.95441], "uv": [165, 52], "mirror": true},
						{"origin": [-6.9956, 49.2786, -8.60367], "size": [3, 2, 1], "pivot": [0, 54.26929, 0.92614], "rotation": [7.83915, -22.66556, -3.95441], "uv": [124, 59], "mirror": true}
					]
				},
				{
					"name": "eyelid4",
					"parent": "right_eye",
					"pivot": [0, 54.26929, 0.92614],
					"cubes": [
						{"origin": [-5.9956, 49.2786, -8.60367], "size": [3, 2, 1], "inflate": 0.01, "pivot": [1, 54.26929, 0.92614], "rotation": [7.83915, -22.66556, -3.95441], "uv": [115, 182], "mirror": true},
						{"origin": [-5.9856, 51.79434, -9.209], "size": [2, 2, 3], "inflate": 0.01, "pivot": [1, 54.26929, 0.92614], "rotation": [25.83915, -22.66556, -3.95441], "uv": [117, 176], "mirror": true}
					]
				},
				{
					"name": "head_feathers",
					"parent": "head",
					"pivot": [0, 50.26929, -6.07386],
					"cubes": [
						{"origin": [-5.22937, 57.91656, -1.07669], "size": [0, 6, 4], "pivot": [0, 54.21627, 0.95617], "rotation": [-3.09196, 3.40487, -19.71975], "uv": [16, 186], "mirror": true},
						{"origin": [-5.73614, 61.32943, -5.99883], "size": [0, 7, 4], "pivot": [0, 54.21627, 0.95617], "rotation": [17.01242, -7.11947, -22.92571], "uv": [34, 182], "mirror": true},
						{"origin": [-5.38178, 58.43048, -3.8204], "size": [0, 7, 4], "pivot": [0, 54.21627, 0.95617], "rotation": [6.89598, 0.4266, -20.08042], "uv": [25, 184], "mirror": true},
						{"origin": [-6.65432, 62.832, -8.75521], "size": [0, 7, 4], "pivot": [0, 54.21627, 0.95617], "rotation": [21.43268, -14.28412, -25.18418], "uv": [43, 181], "mirror": true},
						{"origin": [-8.75018, 64.69337, -8.79819], "size": [0, 8, 4], "pivot": [0, 54.21627, 0.95617], "rotation": [32.85243, -30.20507, -35.41545], "uv": [52, 178], "mirror": true},
						{"origin": [-13.07605, 65.90537, -1.16982], "size": [0, 9, 4], "inflate": 0.01, "pivot": [0, 54.21627, 0.95617], "rotation": [90, -60, -90], "uv": [61, 175], "mirror": true},
						{"origin": [-5.22937, 54.91656, -1.07669], "size": [0, 3, 4], "pivot": [0, 54.21627, 0.95617], "rotation": [-3.09196, 3.40487, -19.71975], "uv": [16, 192], "mirror": true},
						{"origin": [-5.22937, 53.91656, -1.07669], "size": [0, 1, 4], "pivot": [0, 54.21627, 0.95617], "rotation": [-3.09196, 3.40487, -19.71975], "uv": [16, 195], "mirror": true},
						{"origin": [-5.38178, 55.43048, -3.8204], "size": [0, 3, 4], "pivot": [0, 54.21627, 0.95617], "rotation": [6.89598, 0.4266, -20.08042], "uv": [25, 191], "mirror": true},
						{"origin": [-5.38178, 53.43048, -3.8204], "size": [0, 2, 4], "pivot": [0, 54.21627, 0.95617], "rotation": [6.89598, 0.4266, -20.08042], "uv": [25, 194], "mirror": true},
						{"origin": [-5.73614, 54.32943, -5.99883], "size": [0, 2, 4], "pivot": [0, 54.21627, 0.95617], "rotation": [17.01242, -7.11947, -22.92571], "uv": [34, 194], "mirror": true},
						{"origin": [-5.73614, 56.32943, -5.99883], "size": [0, 5, 4], "pivot": [0, 54.21627, 0.95617], "rotation": [17.01242, -7.11947, -22.92571], "uv": [34, 189], "mirror": true},
						{"origin": [-6.65432, 56.832, -8.75521], "size": [0, 6, 4], "pivot": [0, 54.21627, 0.95617], "rotation": [21.43268, -14.28412, -25.18418], "uv": [43, 188], "mirror": true},
						{"origin": [-6.65432, 54.832, -8.75521], "size": [0, 2, 4], "pivot": [0, 54.21627, 0.95617], "rotation": [21.43268, -14.28412, -25.18418], "uv": [43, 194], "mirror": true},
						{"origin": [-8.75018, 58.69337, -8.79819], "size": [0, 6, 4], "pivot": [0, 54.21627, 0.95617], "rotation": [32.85243, -30.20507, -35.41545], "uv": [52, 186], "mirror": true},
						{"origin": [-8.75018, 54.69337, -8.79819], "size": [0, 4, 4], "pivot": [0, 54.21627, 0.95617], "rotation": [32.85243, -30.20507, -35.41545], "uv": [52, 192], "mirror": true},
						{"origin": [-13.07605, 60.90537, -1.16982], "size": [0, 5, 4], "inflate": 0.01, "pivot": [0, 54.21627, 0.95617], "rotation": [90, -60, -90], "uv": [61, 184], "mirror": true},
						{"origin": [-13.07605, 53.90537, -1.16982], "size": [0, 7, 4], "inflate": 0.01, "pivot": [0, 54.21627, 0.95617], "rotation": [90, -60, -90], "uv": [61, 189], "mirror": true},
						{"origin": [8.75018, 58.69337, -8.79819], "size": [0, 6, 4], "pivot": [0, 54.21627, 0.95617], "rotation": [32.85243, 30.20507, 35.41545], "uv": [52, 186]},
						{"origin": [8.75018, 64.69337, -8.79819], "size": [0, 8, 4], "pivot": [0, 54.21627, 0.95617], "rotation": [32.85243, 30.20507, 35.41545], "uv": [52, 178]},
						{"origin": [6.65432, 56.832, -8.75521], "size": [0, 6, 4], "pivot": [0, 54.21627, 0.95617], "rotation": [21.43268, 14.28412, 25.18418], "uv": [43, 188]},
						{"origin": [6.65432, 62.832, -8.75521], "size": [0, 7, 4], "pivot": [0, 54.21627, 0.95617], "rotation": [21.43268, 14.28412, 25.18418], "uv": [43, 181]},
						{"origin": [5.73614, 56.32943, -5.99883], "size": [0, 5, 4], "pivot": [0, 54.21627, 0.95617], "rotation": [17.01242, 7.11947, 22.92571], "uv": [34, 189]},
						{"origin": [5.73614, 61.32943, -5.99883], "size": [0, 7, 4], "pivot": [0, 54.21627, 0.95617], "rotation": [17.01242, 7.11947, 22.92571], "uv": [34, 182]},
						{"origin": [5.38178, 55.43048, -3.8204], "size": [0, 3, 4], "pivot": [0, 54.21627, 0.95617], "rotation": [6.89598, -0.4266, 20.08042], "uv": [25, 191]},
						{"origin": [5.38178, 58.43048, -3.8204], "size": [0, 7, 4], "pivot": [0, 54.21627, 0.95617], "rotation": [6.89598, -0.4266, 20.08042], "uv": [25, 184]},
						{"origin": [5.22937, 54.91656, -1.07669], "size": [0, 3, 4], "pivot": [0, 54.21627, 0.95617], "rotation": [-3.09196, -3.40487, 19.71975], "uv": [16, 192]},
						{"origin": [5.22937, 57.91656, -1.07669], "size": [0, 6, 4], "pivot": [0, 54.21627, 0.95617], "rotation": [-3.09196, -3.40487, 19.71975], "uv": [16, 186]},
						{"origin": [5.22937, 53.91656, -1.07669], "size": [0, 1, 4], "pivot": [0, 54.21627, 0.95617], "rotation": [-3.09196, -3.40487, 19.71975], "uv": [16, 195]},
						{"origin": [5.38178, 53.43048, -3.8204], "size": [0, 2, 4], "pivot": [0, 54.21627, 0.95617], "rotation": [6.89598, -0.4266, 20.08042], "uv": [25, 194]},
						{"origin": [5.73614, 54.32943, -5.99883], "size": [0, 2, 4], "pivot": [0, 54.21627, 0.95617], "rotation": [17.01242, 7.11947, 22.92571], "uv": [34, 194]},
						{"origin": [6.65432, 54.832, -8.75521], "size": [0, 2, 4], "pivot": [0, 54.21627, 0.95617], "rotation": [21.43268, 14.28412, 25.18418], "uv": [43, 194]},
						{"origin": [8.75018, 54.69337, -8.79819], "size": [0, 4, 4], "pivot": [0, 54.21627, 0.95617], "rotation": [32.85243, 30.20507, 35.41545], "uv": [52, 192]}
					]
				},
				{
					"name": "head_feather_extra_1",
					"parent": "head_feathers",
					"pivot": [0, 49.44698, -11.46997],
					"rotation": [-12.5, 0, 0],
					"cubes": [
						{"origin": [0, 49.44698, -15.96997], "size": [0, 2, 7], "uv": [0, 6]}
					]
				},
				{
					"name": "head_feather_extra_2",
					"parent": "head_feather_extra_1",
					"pivot": [0, 51.44698, -15.96997],
					"rotation": [70, 0, 0],
					"cubes": [
						{"origin": [-0.01, 49.44698, -20.96997], "size": [0, 2, 5], "uv": [34, 59]}
					]
				},
				{
					"name": "neckfeathers3",
					"parent": "neck",
					"pivot": [4.45497, 46.76372, 5.32649],
					"rotation": [17.86958, 9.38483, 4.19656],
					"cubes": [
						{"origin": [4.43495, 40.67307, 4.94744], "size": [0, 4, 6], "uv": [88, 190], "mirror": true},
						{"origin": [4.53495, 44.89564, 5.46583], "size": [0, 4, 6], "uv": [88, 190], "mirror": true},
						{"origin": [4.46292, 49.13079, 5.32133], "size": [0, 4, 6], "uv": [88, 190], "mirror": true}
					]
				},
				{
					"name": "neck_feathers_middle",
					"parent": "neck",
					"pivot": [0, 49.69271, 8.6362],
					"rotation": [25, 0, 0],
					"cubes": [
						{"origin": [0, 44.36309, 2.67968], "size": [0, 12, 12], "uv": [56, 88]}
					]
				},
				{
					"name": "neck_feathers_lower",
					"parent": "neck",
					"pivot": [0, 41.29271, 11.1362],
					"rotation": [-5, 0, 0],
					"cubes": [
						{"origin": [0, 38.193, 4.848], "size": [0, 6, 11], "uv": [50, 56]}
					]
				},
				{
					"name": "neckfeathers",
					"parent": "neck",
					"pivot": [-4.45497, 46.76372, 5.32649],
					"rotation": [17.86958, -9.38483, -4.19656],
					"cubes": [
						{"origin": [-4.43495, 40.67307, 4.94744], "size": [0, 4, 6], "uv": [88, 190]},
						{"origin": [-4.53495, 44.89564, 5.46583], "size": [0, 4, 6], "uv": [88, 190]},
						{"origin": [-4.46292, 49.13079, 5.32133], "size": [0, 4, 6], "uv": [88, 190]}
					]
				},
				{
					"name": "arms",
					"parent": "chest",
					"pivot": [0, 39, 4]
				},
				{
					"name": "right_arm",
					"parent": "arms",
					"pivot": [-8.49196, 39.06724, 3.88376],
					"cubes": [
						{"origin": [-11.84667, 36.06724, 1.21936], "size": [5, 6, 5], "pivot": [0, 35.40314, 12.12598], "rotation": [0, 0, 0], "uv": [19, 135], "mirror": true}
					]
				},
				{
					"name": "right_shoulder2",
					"parent": "right_arm",
					"pivot": [-11.67305, 38.70475, 3.9662],
					"cubes": [
						{"origin": [-20.22444, 36.40739, 2.04653], "size": [10, 4, 4], "uv": [70, 133], "mirror": true},
						{"origin": [-14.22444, 40.40739, 3.54653], "size": [3, 0, 1], "inflate": 0.01, "uv": [175, 37], "mirror": true},
						{"origin": [-18.22444, 40.40739, 3.54653], "size": [3, 0, 1], "inflate": 0.01, "uv": [175, 37], "mirror": true}
					]
				},
				{
					"name": "right_forearm",
					"parent": "right_shoulder2",
					"pivot": [-19.121, 38.55772, 6.01536],
					"cubes": [
						{"origin": [-26.073, 36.22996, 2.01758], "size": [7, 5, 5], "uv": [127, 78], "mirror": true}
					]
				},
				{
					"name": "right_hand",
					"parent": "right_forearm",
					"pivot": [-26.6212, 38.45761, 4.55658],
					"cubes": [
						{"origin": [-29.1212, 36.95761, 2.05658], "size": [5, 3, 5], "pivot": [-26.6212, 38.45761, 4.55658], "rotation": [0, 45, 0], "uv": [143, 68], "mirror": true}
					]
				},
				{
					"name": "rightarm_finger_left",
					"parent": "right_hand",
					"pivot": [-26.63253, 39.84421, 7.13549],
					"rotation": [0, 67.5, 0],
					"cubes": [
						{"origin": [-29.63253, 37.84421, 6.13549], "size": [3, 2, 2], "uv": [165, 63], "mirror": true}
					]
				},
				{
					"name": "lower_finger3",
					"parent": "rightarm_finger_left",
					"pivot": [-29.63136, 39.47028, 7.13549],
					"rotation": [0, 0, -40],
					"cubes": [
						{"origin": [-32.18136, 38.47028, 6.63549], "size": [3, 1, 1], "uv": [166, 81], "mirror": true}
					]
				},
				{
					"name": "web",
					"parent": "right_hand",
					"pivot": [-28, 38, 4.4],
					"rotation": [0, 90, 0],
					"cubes": [
						{"origin": [-29.95, 38, 1.3], "size": [4, 0, 2], "uv": [48, 73], "mirror": true}
					]
				},
				{
					"name": "web_bottom",
					"parent": "web",
					"pivot": [-28.15, 38, 1.3],
					"rotation": [17.5, 0, 0],
					"cubes": [
						{"origin": [-30.8, 38, -0.7], "size": [5, 0, 2], "uv": [56, 2], "mirror": true}
					]
				},
				{
					"name": "leftarm_finger_middle_right",
					"parent": "right_hand",
					"pivot": [-28.96591, 39.59494, 5.59701],
					"rotation": [0, 45, 0],
					"cubes": [
						{"origin": [-31.88013, 37.59494, 4.59701], "size": [4, 2, 2], "uv": [36, 166], "mirror": true}
					]
				},
				{
					"name": "lower_finger2",
					"parent": "leftarm_finger_middle_right",
					"pivot": [-31.86901, 39.14387, 5.59701],
					"rotation": [0, 0, -40],
					"cubes": [
						{"origin": [-34.46901, 38.14387, 5.09701], "size": [3, 1, 1], "uv": [167, 5], "mirror": true}
					]
				},
				{
					"name": "leftarm_finger_left",
					"parent": "right_hand",
					"pivot": [-26.61992, 39.76396, 1.92683],
					"rotation": [0, 22.5, 0],
					"cubes": [
						{"origin": [-27.61992, 37.76396, -1.07317], "size": [2, 2, 3], "uv": [162, 75], "mirror": true}
					]
				},
				{
					"name": "lower_finger4",
					"parent": "leftarm_finger_left",
					"pivot": [-26.61992, 39.24767, -1.07245],
					"rotation": [40, 0, 0],
					"cubes": [
						{"origin": [-27.11992, 38.24767, -3.74745], "size": [1, 1, 3], "uv": [161, 96], "mirror": true}
					]
				},
				{
					"name": "rightarm_finger_middle_left",
					"parent": "right_hand",
					"pivot": [-29.10917, 39.59622, 3.41662],
					"rotation": [0, 45, 0],
					"cubes": [
						{"origin": [-30.10917, 37.59622, 0.50241], "size": [2, 2, 4], "uv": [106, 162], "mirror": true}
					]
				},
				{
					"name": "lower_finger",
					"parent": "rightarm_finger_middle_left",
					"pivot": [-29.10917, 39.02486, 0.4887],
					"rotation": [40, 0, 0],
					"cubes": [
						{"origin": [-29.60917, 38.02486, -2.0363], "size": [1, 1, 3], "uv": [163, 25], "mirror": true}
					]
				},
				{
					"name": "right_arm_feather2",
					"parent": "right_shoulder2",
					"pivot": [-18.66668, 38.64853, 6.26836],
					"cubes": [
						{"origin": [-18.16955, 38.80739, -2.45798], "size": [8, 0, 3], "pivot": [-21.81453, 39.01239, 0.41219], "rotation": [-1.44865, -66.67416, 1.3344], "uv": [67, 191], "mirror": true},
						{"origin": [-18.83831, 38.60739, 3.9901], "size": [5, 0, 2], "pivot": [-21.81453, 39.01239, 0.41219], "rotation": [-0.58569, -11.68023, 0.12268], "uv": [68, 198], "mirror": true},
						{"origin": [-19.38503, 38.70739, -2.43969], "size": [7, 0, 2], "pivot": [-21.81453, 39.01239, 0.41219], "rotation": [-9.80964, -86.63168, 9.79712], "uv": [68, 195], "mirror": true}
					]
				},
				{
					"name": "left_arm",
					"parent": "arms",
					"pivot": [8.49196, 39.06724, 3.88376],
					"cubes": [
						{"origin": [6.84667, 36.06724, 1.21936], "size": [5, 6, 5], "pivot": [0, 35.40314, 12.12598], "rotation": [0, 0, 0], "uv": [19, 135]}
					]
				},
				{
					"name": "left_shoulder2",
					"parent": "left_arm",
					"pivot": [11.67305, 38.70475, 3.9662],
					"cubes": [
						{"origin": [10.22444, 36.40739, 2.04653], "size": [10, 4, 4], "uv": [70, 133]},
						{"origin": [11.22444, 40.40739, 3.54653], "size": [3, 0, 1], "inflate": 0.01, "uv": [175, 37]},
						{"origin": [15.22444, 40.40739, 3.54653], "size": [3, 0, 1], "inflate": 0.01, "uv": [175, 37]}
					]
				},
				{
					"name": "left_forearm",
					"parent": "left_shoulder2",
					"pivot": [19.121, 38.55772, 6.01536],
					"cubes": [
						{"origin": [19.073, 36.22996, 2.01758], "size": [7, 5, 5], "uv": [127, 78]}
					]
				},
				{
					"name": "left_hand",
					"parent": "left_forearm",
					"pivot": [26.6212, 38.45761, 4.55658],
					"cubes": [
						{"origin": [24.1212, 36.95761, 2.05658], "size": [5, 3, 5], "pivot": [26.6212, 38.45761, 4.55658], "rotation": [0, -45, 0], "uv": [143, 68]}
					]
				},
				{
					"name": "rightarm_finger_left2",
					"parent": "left_hand",
					"pivot": [26.63253, 39.84421, 7.13549],
					"rotation": [0, -67.5, 0],
					"cubes": [
						{"origin": [26.63253, 37.84421, 6.13549], "size": [3, 2, 2], "uv": [165, 63]}
					]
				},
				{
					"name": "lower_finger5",
					"parent": "rightarm_finger_left2",
					"pivot": [29.63136, 39.47028, 7.13549],
					"rotation": [0, 0, 40],
					"cubes": [
						{"origin": [29.18136, 38.47028, 6.63549], "size": [3, 1, 1], "uv": [166, 81]}
					]
				},
				{
					"name": "web2",
					"parent": "left_hand",
					"pivot": [28.15349, 38.52515, 4.33076],
					"rotation": [-8.6173, -90, 7.826],
					"cubes": [
						{"origin": [26.4, 38.49753, 1.3], "size": [4, 0, 2], "uv": [48, 73]}
					]
				},
				{
					"name": "web_bottom2",
					"parent": "web2",
					"pivot": [28.39097, 38.51748, 1.3],
					"cubes": [
						{"origin": [25.8, 38.51748, -0.7], "size": [5, 0, 2], "uv": [56, 2]}
					]
				},
				{
					"name": "leftarm_finger_middle_left",
					"parent": "left_hand",
					"pivot": [28.96591, 39.59494, 5.59701],
					"rotation": [0, -45, 0],
					"cubes": [
						{"origin": [27.88013, 37.59494, 4.59701], "size": [4, 2, 2], "uv": [36, 166]}
					]
				},
				{
					"name": "lower_finger6",
					"parent": "leftarm_finger_middle_left",
					"pivot": [31.86901, 39.14387, 5.59701],
					"rotation": [0, 0, 40],
					"cubes": [
						{"origin": [31.46901, 38.14387, 5.09701], "size": [3, 1, 1], "uv": [167, 5]}
					]
				},
				{
					"name": "leftarm_finger_left2",
					"parent": "left_hand",
					"pivot": [26.61992, 39.76396, 1.92683],
					"rotation": [0, -22.5, 0],
					"cubes": [
						{"origin": [25.61992, 37.76396, -1.07317], "size": [2, 2, 3], "uv": [162, 75]}
					]
				},
				{
					"name": "lower_finger7",
					"parent": "leftarm_finger_left2",
					"pivot": [26.61992, 39.24767, -1.07245],
					"rotation": [40, 0, 0],
					"cubes": [
						{"origin": [26.11992, 38.24767, -3.74745], "size": [1, 1, 3], "uv": [161, 96]}
					]
				},
				{
					"name": "rightarm_finger_middle_left2",
					"parent": "left_hand",
					"pivot": [29.10917, 39.59622, 3.41662],
					"rotation": [0, -45, 0],
					"cubes": [
						{"origin": [28.10917, 37.59622, 0.50241], "size": [2, 2, 4], "uv": [106, 162]}
					]
				},
				{
					"name": "lower_finger8",
					"parent": "rightarm_finger_middle_left2",
					"pivot": [29.10917, 39.02486, 0.4887],
					"rotation": [40, 0, 0],
					"cubes": [
						{"origin": [28.60917, 38.02486, -1.8363], "size": [1, 1, 3], "uv": [163, 25]}
					]
				},
				{
					"name": "left_arm_feather2",
					"parent": "left_shoulder2",
					"pivot": [18.66668, 38.64853, 6.26836],
					"cubes": [
						{"origin": [10.16955, 38.80739, -2.45798], "size": [8, 0, 3], "pivot": [21.81453, 39.01239, 0.41219], "rotation": [-1.44865, 66.67416, -1.3344], "uv": [67, 191]},
						{"origin": [13.83831, 38.60739, 3.9901], "size": [5, 0, 2], "pivot": [21.81453, 39.01239, 0.41219], "rotation": [-0.58569, 11.68023, -0.12268], "uv": [68, 198]},
						{"origin": [12.38503, 38.70739, -2.43969], "size": [7, 0, 2], "pivot": [21.81453, 39.01239, 0.41219], "rotation": [-9.80964, 86.63168, -9.79712], "uv": [68, 195]}
					]
				},
				{
					"name": "handlebar_right2",
					"parent": "chest",
					"pivot": [-7.43255, 39.47971, 1.46666],
					"rotation": [0.1516, 0, 0],
					"cubes": [
						{"origin": [-10.57836, 49.47525, 9.98962], "size": [2, 2, 4], "inflate": -0.01, "pivot": [0.1, 35.40314, 12.12598], "rotation": [80.75339, -15.29724, -13.9041], "uv": [155, 28], "mirror": true},
						{"origin": [-11.09666, 48.11172, 7.07154], "size": [3, 3, 8], "pivot": [0.1, 35.40314, 12.12598], "rotation": [65.15162, -12.94565, -1.24214], "uv": [100, 138], "mirror": true},
						{"origin": [-11.09666, 41.70816, -0.87114], "size": [3, 3, 10], "inflate": -0.01, "pivot": [0.1, 35.40314, 12.12598], "rotation": [0.15162, -12.94565, -1.24214], "uv": [20, 121], "mirror": true},
						{"origin": [-10.59666, 32.42682, 6.82494], "size": [2, 5, 2], "inflate": -0.01, "pivot": [0.1, 35.40314, 12.12598], "rotation": [-27.34838, -12.94565, -1.24214], "uv": [162, 164], "mirror": true},
						{"origin": [-10.59666, 38.70816, 8.12886], "size": [2, 5, 2], "inflate": -0.01, "pivot": [0.1, 35.40314, 12.12598], "rotation": [0.15162, -12.94565, -1.24214], "uv": [165, 137], "mirror": true}
					]
				},
				{
					"name": "handlebar7",
					"parent": "handlebar_right2",
					"pivot": [-8.79603, 43.56801, 4.97426],
					"rotation": [22.4489, -12.5743, -1.9575],
					"cubes": [
						{"origin": [-9.8936, 42.20635, 2.56846], "size": [3, 3, 9], "uv": [100, 124], "mirror": true}
					]
				},
				{
					"name": "handlebar8",
					"parent": "handlebar7",
					"pivot": [-8.26417, 43.74135, 10.33443],
					"cubes": [
						{"origin": [-9.3936, 42.57771, 9.99163], "size": [2, 2, 6], "uv": [148, 100], "mirror": true}
					]
				},
				{
					"name": "handlebar9",
					"parent": "handlebar8",
					"pivot": [-8.36394, 43.60305, 15.8224],
					"cubes": [
						{"origin": [-8.8936, 43.17664, 15.21743], "size": [1, 1, 6], "uv": [151, 128], "mirror": true}
					]
				},
				{
					"name": "handlebar_left2",
					"parent": "chest",
					"pivot": [7.43255, 39.47971, 1.46666],
					"rotation": [0.1516, 0, 0],
					"cubes": [
						{"origin": [8.57836, 49.47525, 9.98962], "size": [2, 2, 4], "inflate": -0.01, "pivot": [-0.1, 35.40314, 12.12598], "rotation": [80.75339, 15.29724, 13.9041], "uv": [155, 28]},
						{"origin": [8.09666, 48.11172, 7.07154], "size": [3, 3, 8], "pivot": [-0.1, 35.40314, 12.12598], "rotation": [65.15162, 12.94565, 1.24214], "uv": [100, 138]},
						{"origin": [8.09666, 41.70816, -0.87114], "size": [3, 3, 10], "inflate": -0.01, "pivot": [-0.1, 35.40314, 12.12598], "rotation": [0.15162, 12.94565, 1.24214], "uv": [20, 121]},
						{"origin": [8.59666, 32.42682, 6.82494], "size": [2, 5, 2], "inflate": -0.01, "pivot": [-0.1, 35.40314, 12.12598], "rotation": [-27.34838, 12.94565, 1.24214], "uv": [162, 164]},
						{"origin": [8.59666, 38.70816, 8.12886], "size": [2, 5, 2], "inflate": -0.01, "pivot": [-0.1, 35.40314, 12.12598], "rotation": [0.15162, 12.94565, 1.24214], "uv": [165, 137]}
					]
				},
				{
					"name": "handlebar13",
					"parent": "handlebar_left2",
					"pivot": [8.79603, 43.56801, 4.97426],
					"rotation": [22.4489, 12.5743, 1.9575],
					"cubes": [
						{"origin": [6.8936, 42.20635, 2.56846], "size": [3, 3, 9], "uv": [100, 124]}
					]
				},
				{
					"name": "handlebar14",
					"parent": "handlebar13",
					"pivot": [8.26417, 43.74135, 10.33443],
					"cubes": [
						{"origin": [7.3936, 42.57771, 9.99163], "size": [2, 2, 6], "uv": [148, 100]}
					]
				},
				{
					"name": "handlebar15",
					"parent": "handlebar14",
					"pivot": [8.36394, 43.60305, 15.8224],
					"cubes": [
						{"origin": [7.8936, 43.17664, 15.21743], "size": [1, 1, 6], "uv": [151, 128]}
					]
				},
				{
					"name": "tail_feathers",
					"parent": "torso",
					"pivot": [0, 22.8356, 9.76538],
					"cubes": [
						{"origin": [-5.7, 22.51456, 8.22785], "size": [6, 4, 0], "pivot": [-2.7, 21.01988, 7.50155], "rotation": [-38.94972, -34.59308, -83.57181], "uv": [3, 196]},
						{"origin": [-5.7, 26.51456, 8.22785], "size": [6, 4, 0], "pivot": [-2.7, 21.01988, 7.50155], "rotation": [-38.94972, -34.59308, -83.57181], "uv": [3, 192], "mirror": true},
						{"origin": [-5.7, 30.51456, 8.22785], "size": [6, 13, 0], "pivot": [-2.7, 21.01988, 7.50155], "rotation": [-38.94972, -34.59308, -83.57181], "uv": [3, 179], "mirror": true},
						{"origin": [-5.7, 31.51456, 8.22785], "size": [6, 12.7, 0], "pivot": [-2.7, 21.01988, 7.50155], "rotation": [-45.51332, -30.76481, -63.24454], "uv": [3, 180], "mirror": true},
						{"origin": [-5.7, 27.51456, 8.22785], "size": [6, 4, 0], "pivot": [-2.7, 21.01988, 7.50155], "rotation": [-45.51332, -30.76481, -63.24454], "uv": [3, 192], "mirror": true},
						{"origin": [-5.7, 23.51456, 8.22785], "size": [6, 4, 0], "pivot": [-2.7, 21.01988, 7.50155], "rotation": [-45.51332, -30.76481, -63.24454], "uv": [3, 196]},
						{"origin": [-5.7, 28.51456, 8.12785], "size": [6, 4, 0], "pivot": [-2.7, 21.01988, 7.50155], "rotation": [-47.9898, -24.07531, -44.99157], "uv": [3, 192], "mirror": true},
						{"origin": [-5.7, 32.51456, 8.12785], "size": [6, 13.7, 0], "pivot": [-2.7, 21.01988, 7.50155], "rotation": [-47.9898, -24.07531, -44.99157], "uv": [3, 179], "mirror": true},
						{"origin": [-5.7, 24.51456, 8.12785], "size": [6, 4, 0], "pivot": [-2.7, 21.01988, 7.50155], "rotation": [-47.9898, -24.07531, -44.99157], "uv": [3, 196]},
						{"origin": [-5.7, 28.51456, 8.02785], "size": [6, 4, 0], "pivot": [-2.7, 21.01988, 7.50155], "rotation": [-47.5223, -15.46191, -28.77659], "uv": [3, 192], "mirror": true},
						{"origin": [-5.85522, 24.97853, 8.29445], "size": [6, 4, 0], "pivot": [-1.85522, 21.48385, 7.76815], "rotation": [-47.5223, -15.46191, -28.77659], "uv": [3, 196]},
						{"origin": [-5.7, 32.51456, 8.02785], "size": [6, 14.7, 0], "pivot": [-2.7, 21.01988, 7.50155], "rotation": [-47.5223, -15.46191, -28.77659], "uv": [3, 178], "mirror": true},
						{"origin": [-5.7, 24.51456, 7.92785], "size": [5, 4, 0], "pivot": [-2.7, 21.01988, 7.50155], "rotation": [-45.74013, -6.05768, -14.34186], "uv": [3, 196]},
						{"origin": [-5.7, 28.51456, 7.92785], "size": [6, 4, 0], "pivot": [-2.7, 21.01988, 7.50155], "rotation": [-45.74013, -6.05768, -14.34186], "uv": [3, 192], "mirror": true},
						{"origin": [-5.7, 32.51456, 7.92785], "size": [6, 15, 0], "pivot": [-2.7, 21.01988, 7.50155], "rotation": [-45.74013, -6.05768, -14.34186], "uv": [3, 177], "mirror": true},
						{"origin": [-3, 22.51988, 15.40155], "size": [6, 5, 0], "pivot": [0, 29.01988, 13.80155], "rotation": [-45, 0, 0], "uv": [3, 196]},
						{"origin": [-3, 27.51988, 15.40155], "size": [6, 4, 0], "pivot": [0, 29.01988, 13.80155], "rotation": [-45, 0, 0], "uv": [3, 192]},
						{"origin": [-3, 31.51988, 15.40155], "size": [6, 16, 0], "pivot": [0, 29.01988, 13.80155], "rotation": [-45, 0, 0], "uv": [3, 176]},
						{"origin": [0.7, 24.51456, 7.92785], "size": [5, 4, 0], "pivot": [2.7, 21.01988, 7.50155], "rotation": [-45.74013, 6.05768, 14.34186], "uv": [3, 196], "mirror": true},
						{"origin": [-0.3, 28.51456, 7.92785], "size": [6, 4, 0], "pivot": [2.7, 21.01988, 7.50155], "rotation": [-45.74013, 6.05768, 14.34186], "uv": [3, 192]},
						{"origin": [-0.3, 32.51456, 7.92785], "size": [6, 15, 0], "pivot": [2.7, 21.01988, 7.50155], "rotation": [-45.74013, 6.05768, 14.34186], "uv": [3, 177]},
						{"origin": [-0.14478, 24.97853, 8.29445], "size": [6, 4, 0], "pivot": [1.85522, 21.48385, 7.76815], "rotation": [-47.5223, 15.46191, 28.77659], "uv": [3, 196], "mirror": true},
						{"origin": [-0.3, 28.51456, 8.02785], "size": [6, 4, 0], "pivot": [2.7, 21.01988, 7.50155], "rotation": [-47.5223, 15.46191, 28.77659], "uv": [3, 192]},
						{"origin": [-0.3, 32.51456, 8.02785], "size": [6, 14.7, 0], "pivot": [2.7, 21.01988, 7.50155], "rotation": [-47.5223, 15.46191, 28.77659], "uv": [3, 178]},
						{"origin": [-0.3, 24.51456, 8.12785], "size": [6, 4, 0], "pivot": [2.7, 21.01988, 7.50155], "rotation": [-47.9898, 24.07531, 44.99157], "uv": [3, 196], "mirror": true},
						{"origin": [-0.3, 28.51456, 8.12785], "size": [6, 4, 0], "pivot": [2.7, 21.01988, 7.50155], "rotation": [-47.9898, 24.07531, 44.99157], "uv": [3, 192]},
						{"origin": [-0.3, 32.51456, 8.12785], "size": [6, 13.7, 0], "pivot": [2.7, 21.01988, 7.50155], "rotation": [-47.9898, 24.07531, 44.99157], "uv": [3, 179]},
						{"origin": [-0.3, 22.51456, 8.22785], "size": [6, 4, 0], "pivot": [2.7, 21.01988, 7.50155], "rotation": [-38.94972, 34.59308, 83.57181], "uv": [3, 196], "mirror": true},
						{"origin": [-0.3, 23.51456, 8.22785], "size": [6, 4, 0], "pivot": [2.7, 21.01988, 7.50155], "rotation": [-45.51332, 30.76481, 63.24454], "uv": [3, 196], "mirror": true},
						{"origin": [-0.3, 27.51456, 8.22785], "size": [6, 4, 0], "pivot": [2.7, 21.01988, 7.50155], "rotation": [-45.51332, 30.76481, 63.24454], "uv": [3, 192]},
						{"origin": [-0.3, 26.51456, 8.22785], "size": [6, 4, 0], "pivot": [2.7, 21.01988, 7.50155], "rotation": [-38.94972, 34.59308, 83.57181], "uv": [3, 192]},
						{"origin": [-0.3, 31.51456, 8.22785], "size": [6, 12.7, 0], "pivot": [2.7, 21.01988, 7.50155], "rotation": [-45.51332, 30.76481, 63.24454], "uv": [3, 180]},
						{"origin": [-0.3, 30.51456, 8.22785], "size": [6, 13, 0], "pivot": [2.7, 21.01988, 7.50155], "rotation": [-38.94972, 34.59308, 83.57181], "uv": [3, 179]},
						{"origin": [-5, 18.21988, 14.75155], "size": [10, 7, 2], "inflate": 0.01, "pivot": [0, 29.71988, 13.90155], "rotation": [-45, 0, 0], "uv": [137, 59]}
					]
				},
				{
					"name": "tail",
					"parent": "torso",
					"pivot": [0, 21, -0.8]
				},
				{
					"name": "tail2",
					"parent": "tail",
					"pivot": [0, 20.9999, -0.77951],
					"rotation": [-52.5, 0, 0],
					"cubes": [
						{"origin": [-4, 20.31322, 0.30228], "size": [8, 9, 15], "pivot": [0, 25.14332, 7.55049], "rotation": [0, 0, 0], "uv": [0, 0]},
						{"origin": [0, 23.57613, 13.8614], "size": [0, 2, 2], "pivot": [0, 25.14332, 7.55049], "rotation": [40, 0, 0], "uv": [0, 24], "mirror": true},
						{"origin": [-3.5, 23.18464, 3.87851], "size": [7, 7, 10], "pivot": [0, 25.14332, 7.55049], "rotation": [-5, 0, 0], "uv": [22, 90]},
						{"origin": [0, 26.32613, 11.5114], "size": [0, 2, 2], "pivot": [0, 25.14332, 7.55049], "rotation": [40, 0, 0], "uv": [11, 24], "mirror": true},
						{"origin": [-2, 19.31322, -0.79772], "size": [4, 2, 6], "pivot": [0, 25.14332, 7.55049], "rotation": [0, 0, 0], "uv": [175, 54]}
					]
				},
				{
					"name": "tail3",
					"parent": "tail2",
					"pivot": [0, 25.20179, 15.31617],
					"cubes": [
						{"origin": [-3.5, 20.82382, 13.01473], "size": [7, 8, 7], "pivot": [0, 25.12491, 29.94052], "rotation": [0, 0, 0], "uv": [94, 35]},
						{"origin": [0, 35.03398, 22.91735], "size": [0, 2, 2], "pivot": [0, 25.12491, 29.94052], "rotation": [45, 0, 0], "uv": [12, 33]}
					]
				},
				{
					"name": "tail4",
					"parent": "tail3",
					"pivot": [0, 24.94594, 20.02299],
					"cubes": [
						{"origin": [-3, 21.35089, 18.56381], "size": [6, 7, 12], "pivot": [0, 25.12491, 30.94052], "rotation": [0, 0, 2.5], "uv": [4, 28]},
						{"origin": [0, 28.53398, 29.66735], "size": [0, 2, 2], "pivot": [0, 25.12491, 30.94052], "rotation": [45, 0, 0], "uv": [31, 0]},
						{"origin": [0, 31.78398, 26.41735], "size": [0, 2, 2], "pivot": [0, 25.12491, 30.94052], "rotation": [45, 0, 0], "uv": [12, 35]}
					]
				},
				{
					"name": "tail5",
					"parent": "tail4",
					"pivot": [0, 25.12491, 30.56552],
					"cubes": [
						{"origin": [-2.5, 22.30746, 28.49786], "size": [5, 5, 12], "uv": [96, 66]}
					]
				},
				{
					"name": "tail6",
					"parent": "tail5",
					"pivot": [0, 24.70078, 40.49505],
					"cubes": [
						{"origin": [-2, 23.18444, 38.67559], "size": [4, 3, 11], "uv": [59, 114]}
					]
				},
				{
					"name": "legs",
					"parent": "body",
					"pivot": [0, 22.6728, 3.7286]
				},
				{
					"name": "leg_left",
					"parent": "legs",
					"pivot": [4.23912, 22.67281, 3.72863],
					"cubes": [
						{"origin": [3.81915, 14.36284, -0.61064], "size": [8, 13, 8], "uv": [69, 21]},
						{"origin": [11.84413, 19.47281, -0.11636], "size": [0, 2, 2], "uv": [188, 25]},
						{"origin": [10.33411, 19.47281, -0.62637], "size": [1, 2, 0], "uv": [190, 27]}
					]
				},
				{
					"name": "legfeather_left",
					"parent": "leg_left",
					"pivot": [10.63736, 21.62794, 7.38255],
					"rotation": [-37.5, 0, 0],
					"cubes": [
						{"origin": [10.68605, 18.49325, 0.67926], "size": [0, 3, 11], "uv": [25, 41]},
						{"origin": [10.58605, 21.03194, 3.10517], "size": [0, 3, 10], "pivot": [10.63605, 21.34684, 7.03116], "rotation": [0, 0, 0.53569], "uv": [76, 73]}
					]
				},
				{
					"name": "lowerleg_left",
					"parent": "leg_left",
					"pivot": [7.23147, 14.57223, 1.21373],
					"cubes": [
						{"origin": [4.9531, 11.71111, -0.92956], "size": [4, 4, 5], "uv": [145, 48]},
						{"origin": [4.29348, 6.80883, 0.12545], "size": [5, 8, 5], "uv": [136, 134]},
						{"origin": [4.19348, 2.80883, -0.47455], "size": [6, 9, 6], "uv": [120, 14]}
					]
				},
				{
					"name": "leftfoot",
					"parent": "lowerleg_left",
					"pivot": [7.84744, 2.43751, 1.67221],
					"cubes": [
						{"origin": [3.86369, -0.06249, -1.27581], "size": [7, 3, 7], "uv": [124, 29]}
					]
				},
				{
					"name": "leftfoot_righttoe",
					"parent": "leftfoot",
					"pivot": [4.94409, 1.83751, -1.27021],
					"rotation": [0, 75, 0],
					"cubes": [
						{"origin": [4.26896, -0.16249, -2.14885], "size": [5, 2, 2], "uv": [174, 40]}
					]
				},
				{
					"name": "leftfoot_lefttoe",
					"parent": "leftfoot",
					"pivot": [10.86462, 1.83751, 4.2565],
					"rotation": [0, 15, 0],
					"cubes": [
						{"origin": [9.21462, -0.16249, 3.2565], "size": [6, 2, 2], "uv": [174, 40]}
					]
				},
				{
					"name": "webbedtoe",
					"parent": "leftfoot",
					"pivot": [10.91568, 1.02218, -1.33636]
				},
				{
					"name": "web4",
					"parent": "webbedtoe",
					"pivot": [10.41568, 1.07218, -0.83636],
					"rotation": [18.88172, 41.64114, 27.23631],
					"cubes": [
						{"origin": [6.51568, 1.07218, -3.33636], "size": [7, 0, 5], "uv": [26, 10]}
					]
				},
				{
					"name": "leftfoot_middletoe_right",
					"parent": "webbedtoe",
					"pivot": [7.46765, 1.81622, -1.26594],
					"rotation": [0, 55, 0],
					"cubes": [
						{"origin": [5.53869, -0.16249, -2.293], "size": [7, 2, 2], "pivot": [5.57323, 1.13751, -1.4304], "rotation": [0, 0, 0], "uv": [174, 46]}
					]
				},
				{
					"name": "leftfoot_middletoe_left",
					"parent": "webbedtoe",
					"pivot": [10.86765, 1.84122, 2.20906],
					"rotation": [0, 35, 0],
					"cubes": [
						{"origin": [8.9431, -0.16249, 1.1032], "size": [7, 2, 2], "uv": [174, 46]}
					]
				},
				{
					"name": "leg_right",
					"parent": "legs",
					"pivot": [-4.23912, 22.67281, 3.72863],
					"cubes": [
						{"origin": [-11.81915, 14.36284, -0.61064], "size": [8, 13, 8], "uv": [69, 21], "mirror": true},
						{"origin": [-11.84413, 19.47281, -0.11636], "size": [0, 2, 2], "uv": [188, 25], "mirror": true},
						{"origin": [-11.33411, 19.47281, -0.62637], "size": [1, 2, 0], "uv": [190, 27], "mirror": true}
					]
				},
				{
					"name": "legfeather_right",
					"parent": "leg_right",
					"pivot": [-10.63736, 21.62794, 7.38255],
					"rotation": [-37.5, 0, 0],
					"cubes": [
						{"origin": [-10.68605, 18.49325, 0.67926], "size": [0, 3, 11], "uv": [25, 41], "mirror": true},
						{"origin": [-10.58605, 21.03194, 3.10517], "size": [0, 3, 10], "pivot": [-10.63605, 21.34684, 7.03116], "rotation": [0, 0, -0.53569], "uv": [76, 73], "mirror": true}
					]
				},
				{
					"name": "lowerleg_right",
					"parent": "leg_right",
					"pivot": [-7.23147, 14.57223, 1.21373],
					"cubes": [
						{"origin": [-8.9531, 11.71111, -0.92956], "size": [4, 4, 5], "uv": [145, 48], "mirror": true},
						{"origin": [-9.29348, 6.80883, 0.12545], "size": [5, 8, 5], "uv": [136, 134], "mirror": true},
						{"origin": [-10.19348, 2.80883, -0.47455], "size": [6, 9, 6], "uv": [120, 14], "mirror": true}
					]
				},
				{
					"name": "rightfoot",
					"parent": "lowerleg_right",
					"pivot": [-7.84744, 2.43751, 1.67221],
					"cubes": [
						{"origin": [-10.86369, -0.06249, -1.27581], "size": [7, 3, 7], "uv": [124, 29], "mirror": true}
					]
				},
				{
					"name": "leftfoot_righttoe2",
					"parent": "rightfoot",
					"pivot": [-4.94409, 1.83751, -1.27021],
					"rotation": [0, -75, 0],
					"cubes": [
						{"origin": [-9.26896, -0.16249, -2.14885], "size": [5, 2, 2], "uv": [174, 40], "mirror": true}
					]
				},
				{
					"name": "rightfoot_lefttoe",
					"parent": "rightfoot",
					"pivot": [-10.86462, 1.83751, 4.2565],
					"rotation": [0, -15, 0],
					"cubes": [
						{"origin": [-15.21462, -0.16249, 3.2565], "size": [6, 2, 2], "uv": [174, 40], "mirror": true}
					]
				},
				{
					"name": "webbedtoe2",
					"parent": "rightfoot",
					"pivot": [-10.91568, 1.02218, -1.33636]
				},
				{
					"name": "web5",
					"parent": "webbedtoe2",
					"pivot": [-10.41568, 1.07218, -0.83636],
					"rotation": [18.88172, -41.64114, -27.23631],
					"cubes": [
						{"origin": [-13.51568, 1.07218, -3.33636], "size": [7, 0, 5], "uv": [26, 10], "mirror": true}
					]
				},
				{
					"name": "leftfoot_middletoe_right2",
					"parent": "webbedtoe2",
					"pivot": [-7.46765, 1.81622, -1.26594],
					"rotation": [0, -55, 0],
					"cubes": [
						{"origin": [-12.53869, -0.16249, -2.293], "size": [7, 2, 2], "pivot": [-5.57323, 1.13751, -1.4304], "rotation": [0, 0, 0], "uv": [174, 46], "mirror": true}
					]
				},
				{
					"name": "rightfoot_middletoe_left",
					"parent": "webbedtoe2",
					"pivot": [-10.86765, 1.84122, 2.20906],
					"rotation": [0, -35, 0],
					"cubes": [
						{"origin": [-15.9431, -0.16249, 1.1032], "size": [7, 2, 2], "uv": [174, 46], "mirror": true}
					]
				}
			]
		}
	]
}