{
	"format_version": "1.12.0",
	"minecraft:geometry": [
		{
			"description": {
				"identifier": "geometry.unknown",
				"texture_width": 256,
				"texture_height": 256,
				"visible_bounds_width": 13,
				"visible_bounds_height": 4.5,
				"visible_bounds_offset": [0, 1.75, 0]
			},
			"bones": [
				{
					"name": "landorus",
					"pivot": [0, 0, 0]
				},
				{
					"name": "landorus2",
					"parent": "landorus",
					"pivot": [0, 23, 0]
				},
				{
					"name": "body",
					"parent": "landorus2",
					"pivot": [0, 26, 0.25],
					"cubes": [
						{"origin": [-5, 26, -3.25], "size": [10, 8, 7], "uv": [108, 46]}
					]
				},
				{
					"name": "chest",
					"parent": "body",
					"pivot": [0, 34, 0],
					"cubes": [
						{"origin": [-6, 34, -4], "size": [12, 7, 8], "uv": [61, 0]}
					]
				},
				{
					"name": "head",
					"parent": "chest",
					"pivot": [0.025, 40.49726, 0.10875],
					"cubes": [
						{"origin": [-5, 40.3, -4.75], "size": [10, 9, 9], "uv": [70, 116]},
						{"origin": [-7, 40.425, -4.8], "size": [14, 5, 0], "uv": [102, 20]},
						{"origin": [-1, 42.925, -4.825], "size": [2, 3, 0], "uv": [55, 8]},
						{"origin": [2.175, 48.075, -4.575], "size": [2, 3, 2], "pivot": [3, 50.3, -3.25], "rotation": [20.94102, -8.42106, 20.94102], "uv": [46, 0]},
						{"origin": [-0.825, 48.375, -3.15], "size": [2, 3, 2], "pivot": [0.175, 49.575, -2.575], "rotation": [9, 0, 0], "uv": [0, 28]},
						{"origin": [-4.175, 48.075, -4.575], "size": [2, 3, 2], "pivot": [-3, 50.3, -3.25], "rotation": [20.94102, 8.42106, -20.94102], "uv": [46, 6]},
						{"origin": [3.45, 45.3, -0.25], "size": [8, 7, 7], "pivot": [8, 48.3, 3.25], "rotation": [0, 0, -7.25], "uv": [90, 135]},
						{"origin": [-4, 44.3, -0.75], "size": [8, 8, 8], "uv": [119, 85]},
						{"origin": [-11.45, 45.3, -0.25], "size": [8, 7, 7], "pivot": [-8, 48.3, 3.25], "rotation": [0, 0, 7.25], "uv": [59, 135]}
					]
				},
				{
					"name": "eye_left",
					"parent": "head",
					"pivot": [2.18017, 46.95505, -4.85899],
					"cubes": [
						{"origin": [0.725, 46.9, -5], "size": [1, 2, 1], "pivot": [1.5, 47.8, -5], "rotation": [0.27587, 1.15447, 50.19974], "uv": [8, 49]},
						{"origin": [1, 45.3, -4.85], "size": [3, 3, 0], "uv": [48, 70]},
						{"origin": [1, 45.3, -4.8], "size": [3, 3, 0], "inflate": 0.03, "uv": [41, 70]},
						{"origin": [1.75, 46.05, -4.85], "size": [1, 1, 0], "inflate": 0.03, "uv": [54, 50]},
						{"origin": [1.75, 46.05, -4.9], "size": [1, 1, 0], "uv": [54, 52]}
					]
				},
				{
					"name": "eye_right",
					"parent": "head",
					"pivot": [-2.18017, 46.95505, -4.85899],
					"cubes": [
						{"origin": [-1.725, 46.9, -5], "size": [1, 2, 1], "pivot": [-1.5, 47.8, -5], "rotation": [0.27587, -1.15447, -50.19974], "uv": [8, 46]},
						{"origin": [-4, 45.3, -4.85], "size": [3, 3, 0], "uv": [0, 70]},
						{"origin": [-4, 45.3, -4.8], "size": [3, 3, 0], "inflate": 0.03, "uv": [62, 0]},
						{"origin": [-2.75, 46.05, -4.85], "size": [1, 1, 0], "inflate": 0.03, "uv": [9, 53]},
						{"origin": [-2.75, 46.05, -4.9], "size": [1, 1, 0], "uv": [7, 28]}
					]
				},
				{
					"name": "eyelids",
					"parent": "head",
					"pivot": [0, 46.8, -4.75],
					"cubes": [
						{"origin": [1, 45.3, -4.75], "size": [3, 3, 0], "inflate": 0.01, "uv": [34, 70]},
						{"origin": [-4, 45.3, -4.75], "size": [3, 3, 0], "inflate": 0.01, "uv": [55, 0]}
					]
				},
				{
					"name": "mouth",
					"parent": "head",
					"pivot": [0, 41.1199, -4.76963],
					"rotation": [7.5, 0, 0],
					"cubes": [
						{"origin": [-1, 40.825, -4.75], "size": [2, 1, 0], "pivot": [0, 41.225, -4.675], "rotation": [-3.75, 0, 0], "uv": [9, 12]}
					]
				},
				{
					"name": "ear_left",
					"parent": "head",
					"pivot": [5.25, 45.8, -1.75],
					"rotation": [0, 0, -45],
					"cubes": [
						{"origin": [2.75, 44.3, -2.75], "size": [5, 3, 2], "uv": [0, 6]}
					]
				},
				{
					"name": "ear_right",
					"parent": "head",
					"pivot": [-5.25, 45.8, -1.75],
					"rotation": [0, 0, 45],
					"cubes": [
						{"origin": [-7.75, 44.3, -2.75], "size": [5, 3, 2], "uv": [0, 0]}
					]
				},
				{
					"name": "arm_left",
					"parent": "chest",
					"pivot": [6, 37.5, 0],
					"cubes": [
						{"origin": [4.5, 34.5, -3], "size": [11, 6, 6], "uv": [131, 102]}
					]
				},
				{
					"name": "arm_left_1",
					"parent": "arm_left",
					"pivot": [15.5, 37.5, 0],
					"cubes": [
						{"origin": [15.5, 35, -2.5], "size": [6, 5, 5], "uv": [0, 137]}
					]
				},
				{
					"name": "hand_left",
					"parent": "arm_left_1",
					"pivot": [21.5, 37.5, 1],
					"cubes": [
						{"origin": [21.5, 35, -1.5], "size": [5, 5, 3], "uv": [143, 51]}
					]
				},
				{
					"name": "thumb_left",
					"parent": "hand_left",
					"pivot": [25, 40, 0.5],
					"cubes": [
						{"origin": [24.5, 40, -0.5], "size": [1, 2, 1], "inflate": 0.02, "uv": [0, 74]}
					]
				},
				{
					"name": "fingertip_left_5",
					"parent": "thumb_left",
					"pivot": [25, 42, 0.5],
					"cubes": [
						{"origin": [24.5, 42, -0.5], "size": [1, 2, 1], "uv": [63, 42]}
					]
				},
				{
					"name": "finger_left_1",
					"parent": "hand_left",
					"pivot": [26.5, 39.25, 1.5],
					"cubes": [
						{"origin": [26.5, 38.75, 0.5], "size": [3, 1, 1], "inflate": 0.02, "uv": [45, 53]}
					]
				},
				{
					"name": "fingertip_left_1",
					"parent": "finger_left_1",
					"pivot": [29.5, 39.25, 1.5],
					"cubes": [
						{"origin": [29.5, 38.75, 0.5], "size": [3, 1, 1], "uv": [54, 5]}
					]
				},
				{
					"name": "finger_left_2",
					"parent": "hand_left",
					"pivot": [26.5, 38, 1.5],
					"cubes": [
						{"origin": [26.5, 37.5, 0.5], "size": [3, 1, 1], "inflate": 0.02, "uv": [0, 53]}
					]
				},
				{
					"name": "fingertip_left_2",
					"parent": "finger_left_2",
					"pivot": [29.5, 38, 1.5],
					"cubes": [
						{"origin": [29.5, 37.5, 0.5], "size": [3, 1, 1], "uv": [45, 50]}
					]
				},
				{
					"name": "finger_left_3",
					"parent": "hand_left",
					"pivot": [26.5, 36.75, 1.25],
					"cubes": [
						{"origin": [26.5, 36.25, 0.25], "size": [3, 1, 1], "inflate": 0.02, "uv": [0, 50]}
					]
				},
				{
					"name": "fingertip_left_3",
					"parent": "finger_left_3",
					"pivot": [29.5, 36.75, 1.25],
					"cubes": [
						{"origin": [29.5, 36.25, 0.25], "size": [2, 1, 1], "uv": [34, 74]}
					]
				},
				{
					"name": "finger_left_4",
					"parent": "hand_left",
					"pivot": [26.5, 35.5, 1],
					"cubes": [
						{"origin": [26.5, 35, 0], "size": [2, 1, 1], "inflate": 0.02, "uv": [6, 73]}
					]
				},
				{
					"name": "fingertip_left_4",
					"parent": "finger_left_4",
					"pivot": [28.5, 35.5, 1],
					"cubes": [
						{"origin": [28.5, 35, 0], "size": [2, 1, 1], "uv": [61, 47]}
					]
				},
				{
					"name": "arm_right",
					"parent": "chest",
					"pivot": [-6, 37.5, 0],
					"cubes": [
						{"origin": [-15.5, 34.5, -3], "size": [11, 6, 6], "uv": [129, 20]}
					]
				},
				{
					"name": "arm_right_1",
					"parent": "arm_right",
					"pivot": [-15.5, 37.5, 0],
					"cubes": [
						{"origin": [-21.5, 35, -2.5], "size": [6, 5, 5], "uv": [82, 62]}
					]
				},
				{
					"name": "hand_right",
					"parent": "arm_right_1",
					"pivot": [-21.5, 37.5, 1],
					"cubes": [
						{"origin": [-26.5, 35, -1.5], "size": [5, 5, 3], "uv": [100, 116]}
					]
				},
				{
					"name": "thumb_right",
					"parent": "hand_right",
					"pivot": [-25, 40, 0.5],
					"cubes": [
						{"origin": [-25.5, 40, -0.5], "size": [1, 2, 1], "inflate": 0.02, "uv": [63, 38]}
					]
				},
				{
					"name": "fingertip_right_5",
					"parent": "thumb_right",
					"pivot": [-25, 42, 0.5],
					"cubes": [
						{"origin": [-25.5, 42, -0.5], "size": [1, 2, 1], "uv": [63, 4]}
					]
				},
				{
					"name": "finger_right_1",
					"parent": "hand_right",
					"pivot": [-26.5, 39.25, 1.5],
					"cubes": [
						{"origin": [-29.5, 38.75, 0.5], "size": [3, 1, 1], "inflate": 0.02, "uv": [45, 47]}
					]
				},
				{
					"name": "fingertip_right_1",
					"parent": "finger_right_1",
					"pivot": [-29.5, 39.25, 1.5],
					"cubes": [
						{"origin": [-32.5, 38.75, 0.5], "size": [3, 1, 1], "uv": [0, 47]}
					]
				},
				{
					"name": "finger_right_2",
					"parent": "hand_right",
					"pivot": [-26.5, 38, 1.5],
					"cubes": [
						{"origin": [-29.5, 37.5, 0.5], "size": [3, 1, 1], "inflate": 0.02, "uv": [46, 12]}
					]
				},
				{
					"name": "fingertip_right_2",
					"parent": "finger_right_2",
					"pivot": [-29.5, 38, 1.5],
					"cubes": [
						{"origin": [-32.5, 37.5, 0.5], "size": [3, 1, 1], "uv": [0, 34]}
					]
				},
				{
					"name": "finger_right_3",
					"parent": "hand_right",
					"pivot": [-26.5, 36.75, 1.25],
					"cubes": [
						{"origin": [-29.5, 36.25, 0.25], "size": [3, 1, 1], "inflate": 0.02, "uv": [0, 12]}
					]
				},
				{
					"name": "fingertip_right_3",
					"parent": "finger_right_3",
					"pivot": [-29.5, 36.75, 1.25],
					"cubes": [
						{"origin": [-31.5, 36.25, 0.25], "size": [2, 1, 1], "uv": [45, 56]}
					]
				},
				{
					"name": "finger_right_4",
					"parent": "hand_right",
					"pivot": [-26.5, 35.5, 1],
					"cubes": [
						{"origin": [-28.5, 35, 0], "size": [2, 1, 1], "inflate": 0.02, "uv": [0, 56]}
					]
				},
				{
					"name": "fingertip_right_4",
					"parent": "finger_right_4",
					"pivot": [-28.5, 35.5, 1],
					"cubes": [
						{"origin": [-30.5, 35, 0], "size": [2, 1, 1], "uv": [54, 47]}
					]
				},
				{
					"name": "cloud",
					"parent": "landorus2",
					"pivot": [-0.70833, 17.08333, 0.33333],
					"cubes": [
						{"origin": [-11, 11, -3], "size": [21, 8, 10], "uv": [0, 28]},
						{"origin": [-8, 16, -9], "size": [15, 12, 15], "uv": [0, 0]},
						{"origin": [-10, 12, -10], "size": [19, 9, 10], "uv": [53, 18]},
						{"origin": [-7, 13, -2], "size": [13, 11, 12], "uv": [57, 38]},
						{"origin": [1, 13, -8], "size": [13, 11, 11], "uv": [95, 62]},
						{"origin": [2, 17, -4], "size": [10, 12, 13], "uv": [0, 71]},
						{"origin": [-13, 17, -4], "size": [16, 10, 12], "uv": [0, 47]},
						{"origin": [-10, 24, -7], "size": [5, 5, 11], "uv": [26, 126]},
						{"origin": [-15, 13, -8], "size": [13, 11, 11], "uv": [47, 84]},
						{"origin": [-6, 9, -7], "size": [12, 8, 13], "uv": [44, 62]}
					]
				},
				{
					"name": "cloud2",
					"parent": "cloud",
					"pivot": [0, 9, 1],
					"cubes": [
						{"origin": [0, 1, 0], "size": [0, 6, 8], "uv": [7, 140]},
						{"origin": [-2, 6, 0], "size": [4, 3, 6], "uv": [58, 107]}
					]
				},
				{
					"name": "tail",
					"parent": "cloud",
					"pivot": [-0.5, 24.25, 6],
					"cubes": [
						{"origin": [-3.19591, 21.25, 5], "size": [6, 6, 12], "uv": [0, 118]},
						{"origin": [-5.19591, 22.75, 7], "size": [6, 3, 6], "uv": [85, 85]}
					]
				},
				{
					"name": "tail2",
					"parent": "tail",
					"pivot": [-0.5, 24.25, 17],
					"cubes": [
						{"origin": [-3.19591, 21.25, 17], "size": [6, 6, 12], "uv": [109, 116]},
						{"origin": [-5.19591, 22.75, 24], "size": [6, 3, 6], "uv": [133, 62]},
						{"origin": [2.80409, 22.75, 17], "size": [2, 3, 6], "uv": [48, 126]}
					]
				},
				{
					"name": "tail3",
					"parent": "tail2",
					"pivot": [-0.5, 24.25, 29],
					"cubes": [
						{"origin": [-3.69591, 21.25, 29], "size": [7, 6, 12], "uv": [31, 107]},
						{"origin": [3.30409, 22.75, 36], "size": [2, 3, 6], "uv": [32, 143]}
					]
				},
				{
					"name": "tail4",
					"parent": "tail3",
					"pivot": [-0.5, 24.25, 41],
					"cubes": [
						{"origin": [-4.19591, 20.75, 41], "size": [8, 7, 12], "uv": [102, 0]},
						{"origin": [-6.19591, 22.75, 47], "size": [3, 3, 6], "uv": [141, 129]}
					]
				},
				{
					"name": "tail5",
					"parent": "tail4",
					"pivot": [-0.5, 24.25, 53],
					"cubes": [
						{"origin": [-4.19591, 20.75, 53], "size": [8, 7, 12], "uv": [100, 26]},
						{"origin": [3.80409, 22.75, 53], "size": [2, 3, 6], "uv": [140, 142]}
					]
				},
				{
					"name": "tail6",
					"parent": "tail5",
					"pivot": [-0.5, 24.25, 65],
					"cubes": [
						{"origin": [-4.69591, 20.25, 65], "size": [9, 8, 12], "uv": [0, 97]},
						{"origin": [-7.69591, 22.25, 70], "size": [4, 4, 7], "uv": [136, 39]},
						{"origin": [3.30409, 22.25, 66], "size": [4, 4, 7], "uv": [131, 0]}
					]
				},
				{
					"name": "tail7",
					"parent": "tail6",
					"pivot": [-0.5, 24.25, 77],
					"cubes": [
						{"origin": [-5.69591, 20.25, 77], "size": [11, 8, 12], "uv": [84, 95]},
						{"origin": [0.32909, 20.75, 87.625], "size": [7, 7, 5], "pivot": [1.80409, 24.25, 87.5], "rotation": [0, 65, 0], "uv": [121, 135]},
						{"origin": [-7.09591, 20.75, 88.175], "size": [7, 7, 5], "pivot": [-1.19591, 24.25, 87.5], "rotation": [0, -65, 0], "uv": [134, 115]}
					]
				}
			]
		}
	]
}