{
	"format_version": "1.12.0",
	"minecraft:geometry": [
		{
			"description": {
				"identifier": "geometry.landorus",
				"texture_width": 128,
				"texture_height": 128,
				"visible_bounds_width": 5,
				"visible_bounds_height": 4.5,
				"visible_bounds_offset": [0, 1.75, 0]
			},
			"bones": [
				{
					"name": "landorus",
					"pivot": [0, 0, 0]
				},
				{
					"name": "body",
					"parent": "landorus",
					"pivot": [0, 18.02839, -2.31139],
					"cubes": [
						{"origin": [-6.5, 12.6584, -10.5968], "size": [13, 12, 9], "pivot": [0.5, 19.1584, -8.5968], "rotation": [-15, 0, 0], "uv": [0, 66]}
					]
				},
				{
					"name": "neck",
					"parent": "body",
					"pivot": [0, 20.85601, -9.97316],
					"cubes": [
						{"origin": [-3.5, 18.61263, -13.27503], "size": [7, 7, 6], "pivot": [-0.5, 22.51263, -12.47503], "rotation": [-37.5, 0, 0], "uv": [60, 38]}
					]
				},
				{
					"name": "head",
					"parent": "neck",
					"pivot": [0, 22.60476, -11.18528],
					"cubes": [
						{"origin": [-4.5, 19.75903, -17.12255], "size": [9, 8, 8], "pivot": [-0.5, 24.65903, -14.32255], "rotation": [-90, 0, 0], "uv": [45, 71]},
						{"origin": [0, 25.25903, -19.82255], "size": [0, 8, 10], "pivot": [0, 31.45903, -15.22255], "rotation": [-62.5, 0, 0], "uv": [87, 73]},
						{"origin": [2.3, 25.45903, -18.62255], "size": [0, 8, 10], "pivot": [0, 31.45903, -15.22255], "rotation": [-62.13918, 8.86042, 4.65468], "uv": [87, 73]},
						{"origin": [-2.3, 25.45903, -18.62255], "size": [0, 8, 10], "pivot": [0, 31.45903, -15.22255], "rotation": [-62.13918, -8.86042, -4.65468], "uv": [87, 73], "mirror": true},
						{"origin": [-9, 24.45903, -16.22255], "size": [18, 7, 7], "pivot": [0, 27.95903, -12.72255], "rotation": [-107.5, 0, 0], "uv": [0, 0]},
						{"origin": [-4, 24.45903, -18.22255], "size": [8, 7, 2], "pivot": [-5, 27.95903, -12.72255], "rotation": [-107.5, 0, 0], "uv": [0, 15]},
						{"origin": [2.24968, 26.40021, -19.22255], "size": [3, 2, 3], "pivot": [3.74968, 27.40021, -17.72255], "rotation": [-100, 0, 32.5], "uv": [53, 5]},
						{"origin": [-2.4, 20.45903, -18.12255], "size": [3, 2, 2], "pivot": [0, 21.95903, -19.62255], "rotation": [-90, 7.5, 90], "uv": [13, 28], "mirror": true},
						{"origin": [-0.6, 20.45903, -18.12255], "size": [3, 2, 2], "pivot": [0, 21.95903, -19.62255], "rotation": [-90, -7.5, -90], "uv": [13, 28]},
						{"origin": [0.59589, 23.86836, -17.81852], "size": [3, 0, 2], "pivot": [-1.00411, 24.26836, -19.31852], "rotation": [-93.18458, 6.79382, 64.81092], "uv": [78, 79], "mirror": true},
						{"origin": [-3.59589, 23.86836, -17.81852], "size": [3, 0, 2], "pivot": [1.00411, 24.26836, -19.31852], "rotation": [-93.18458, -6.79382, -64.81092], "uv": [78, 79]},
						{"origin": [-5.24968, 26.40021, -19.22255], "size": [3, 2, 3], "pivot": [-3.74968, 27.40021, -17.72255], "rotation": [-100, 0, -32.5], "uv": [53, 5], "mirror": true},
						{"origin": [2.61612, 23.45903, -20.11801], "size": [7, 0, 8], "pivot": [6.11612, 23.45903, -16.11801], "rotation": [-90, -62.5, 0], "uv": [79, 73]},
						{"origin": [-9.61612, 23.45903, -20.11801], "size": [7, 0, 8], "pivot": [-6.11612, 23.45903, -16.11801], "rotation": [-90, 62.5, 0], "uv": [79, 73], "mirror": true},
						{"origin": [-5.01117, 26.35294, -21.32255], "size": [5, 0, 3], "pivot": [-2.61117, 26.05294, -19.92255], "rotation": [-88.89307, 12.45167, 20.12076], "uv": [73, 90]},
						{"origin": [0.01117, 26.35294, -21.32255], "size": [5, 0, 3], "pivot": [2.61117, 26.05294, -19.92255], "rotation": [-88.89307, -12.45167, -20.12076], "uv": [73, 90], "mirror": true},
						{"origin": [-2.77279, 19.55903, -22.92255], "size": [3, 4, 3], "pivot": [-1.27279, 21.95903, -19.62255], "rotation": [-106.3249, 15.6999, 42.7342], "uv": [0, 25]}
					]
				},
				{
					"name": "right_leg",
					"parent": "body",
					"pivot": [-5.8262, 19.11913, -7.6459],
					"cubes": [
						{"origin": [-7.6, 13.93782, -10.40385], "size": [4, 6, 5], "uv": [27, 54]}
					]
				},
				{
					"name": "right_leg2",
					"parent": "right_leg",
					"pivot": [-5.85448, 13.76679, -7.61365],
					"cubes": [
						{"origin": [-8.1, 8.50434, -10.62848], "size": [5, 6, 6], "pivot": [-11.6, 11.50434, -7.92848], "rotation": [10, 0, 0], "uv": [52, 23]}
					]
				},
				{
					"name": "right_foot",
					"parent": "right_leg2",
					"pivot": [-5.89083, 9.79684, -7.61089],
					"cubes": [
						{"origin": [-8.7, 3.97086, -10.75311], "size": [6, 6, 7], "uv": [0, 52]}
					]
				},
				{
					"name": "right_cloud",
					"parent": "right_foot",
					"pivot": [-5.92264, 4.26784, -7.67051],
					"cubes": [
						{"origin": [-9.32085, 1.28097, -11.40385], "size": [7, 4, 8], "uv": [21, 15]},
						{"origin": [-7.95776, 1.2547, -14.40385], "size": [0, 4, 3], "uv": [80, 81]},
						{"origin": [-5.95776, 1.2547, -14.40385], "size": [0, 4, 3], "uv": [80, 81]},
						{"origin": [-3.95776, 1.2547, -14.40385], "size": [0, 4, 3], "uv": [80, 81]}
					]
				},
				{
					"name": "right_cloud2",
					"parent": "right_cloud",
					"pivot": [-5.92085, 3.28097, -3.45385],
					"cubes": [
						{"origin": [-8.42085, 1.78097, -3.40385], "size": [5, 3, 3], "uv": [24, 28]}
					]
				},
				{
					"name": "right_cloud3",
					"parent": "right_cloud2",
					"pivot": [-5.92085, 3.28097, -0.50385],
					"cubes": [
						{"origin": [-5.92085, -0.21903, -2.50385], "size": [0, 7, 9], "uv": [77, 86]}
					]
				},
				{
					"name": "left_leg",
					"parent": "body",
					"pivot": [5.8262, 19.11913, -7.6459],
					"cubes": [
						{"origin": [3.6, 13.93782, -10.40385], "size": [4, 6, 5], "uv": [27, 54], "mirror": true}
					]
				},
				{
					"name": "left_leg2",
					"parent": "left_leg",
					"pivot": [5.85448, 13.76679, -7.61365],
					"cubes": [
						{"origin": [3.1, 8.50434, -10.62848], "size": [5, 6, 6], "pivot": [11.6, 11.50434, -7.92848], "rotation": [10, 0, 0], "uv": [52, 23], "mirror": true}
					]
				},
				{
					"name": "left_foot",
					"parent": "left_leg2",
					"pivot": [5.89083, 9.79684, -7.61089],
					"cubes": [
						{"origin": [2.7, 3.97086, -10.75311], "size": [6, 6, 7], "uv": [0, 52], "mirror": true}
					]
				},
				{
					"name": "left_cloud",
					"parent": "left_foot",
					"pivot": [5.92264, 4.26784, -7.67051],
					"cubes": [
						{"origin": [2.32085, 1.28097, -11.40385], "size": [7, 4, 8], "uv": [21, 15], "mirror": true},
						{"origin": [7.95776, 1.2547, -14.40385], "size": [0, 4, 3], "uv": [80, 81], "mirror": true},
						{"origin": [5.95776, 1.2547, -14.40385], "size": [0, 4, 3], "uv": [80, 81], "mirror": true},
						{"origin": [3.95776, 1.2547, -14.40385], "size": [0, 4, 3], "uv": [80, 81], "mirror": true}
					]
				},
				{
					"name": "left_cloud2",
					"parent": "left_cloud",
					"pivot": [5.92085, 3.28097, -3.45385],
					"cubes": [
						{"origin": [3.42085, 1.78097, -3.40385], "size": [5, 3, 3], "uv": [24, 28], "mirror": true}
					]
				},
				{
					"name": "left_cloud3",
					"parent": "left_cloud2",
					"pivot": [5.92085, 3.28097, -0.50385],
					"cubes": [
						{"origin": [5.92085, -0.21903, -2.50385], "size": [0, 7, 9], "uv": [77, 86], "mirror": true}
					]
				},
				{
					"name": "body2",
					"parent": "landorus",
					"pivot": [-0.02866, 17.31518, -2.33424],
					"cubes": [
						{"origin": [-4, 12.1, -3], "size": [8, 9, 8], "uv": [65, 52]},
						{"origin": [-4.5, 12.1, 5], "size": [9, 9, 7], "uv": [0, 35]}
					]
				},
				{
					"name": "lowerbody",
					"parent": "body2",
					"pivot": [0.09503, 13.16587, 4.74147]
				},
				{
					"name": "right_backleg",
					"parent": "lowerbody",
					"pivot": [-6.55755, 18.22723, 8.7141],
					"cubes": [
						{"origin": [-9, 11.8, 5.3], "size": [5, 9, 8], "pivot": [-5, 16.6, 9], "rotation": [-7.5, 0, 5], "uv": [33, 34]}
					]
				},
				{
					"name": "right_backleg2",
					"parent": "right_backleg",
					"pivot": [-7.1732, 13.70671, 8.43177],
					"cubes": [
						{"origin": [-8.95755, 7.72723, 7.7141], "size": [4, 7, 5], "pivot": [-5.55755, 10.22723, 10.7141], "rotation": [30, 0, 5], "uv": [46, 53]}
					]
				},
				{
					"name": "right_foot2",
					"parent": "right_backleg2",
					"pivot": [-8.50776, 9.3547, 11.09615],
					"cubes": [
						{"origin": [-9.65129, 4.58372, 8.59615], "size": [5, 5, 6], "uv": [52, 11]}
					]
				},
				{
					"name": "right_cloud4",
					"parent": "right_foot2",
					"pivot": [-7.12264, 4.26784, 11.32949],
					"cubes": [
						{"origin": [-10.52085, 1.28097, 7.59615], "size": [7, 4, 8], "uv": [21, 15]},
						{"origin": [-9.15776, 1.2547, 4.59615], "size": [0, 4, 3], "uv": [80, 81]},
						{"origin": [-7.15776, 1.2547, 4.59615], "size": [0, 4, 3], "uv": [80, 81]},
						{"origin": [-5.15776, 1.2547, 4.59615], "size": [0, 4, 3], "uv": [80, 81]}
					]
				},
				{
					"name": "right_cloud5",
					"parent": "right_cloud4",
					"pivot": [-7.12085, 3.28097, 15.54615],
					"cubes": [
						{"origin": [-9.62085, 1.78097, 15.59615], "size": [5, 3, 3], "uv": [24, 28]}
					]
				},
				{
					"name": "right_cloud6",
					"parent": "right_cloud5",
					"pivot": [-7.12085, 3.28097, 18.49615],
					"cubes": [
						{"origin": [-7.12085, -0.21903, 16.49615], "size": [0, 7, 9], "uv": [77, 86]}
					]
				},
				{
					"name": "left_backleg",
					"parent": "lowerbody",
					"pivot": [6.55755, 18.22723, 8.7141],
					"cubes": [
						{"origin": [4, 11.8, 5.3], "size": [5, 9, 8], "pivot": [5, 16.6, 9], "rotation": [-7.5, 0, -5], "uv": [33, 34], "mirror": true}
					]
				},
				{
					"name": "left_backleg2",
					"parent": "left_backleg",
					"pivot": [7.1732, 13.70671, 8.43177],
					"cubes": [
						{"origin": [4.95755, 7.72723, 7.7141], "size": [4, 7, 5], "pivot": [5.55755, 10.22723, 10.7141], "rotation": [30, 0, -5], "uv": [46, 53], "mirror": true}
					]
				},
				{
					"name": "left_foot2",
					"parent": "left_backleg2",
					"pivot": [8.50776, 9.3547, 11.09615],
					"cubes": [
						{"origin": [4.65129, 4.58372, 8.59615], "size": [5, 5, 6], "uv": [52, 11], "mirror": true}
					]
				},
				{
					"name": "left_cloud4",
					"parent": "left_foot2",
					"pivot": [7.12264, 4.26784, 11.32949],
					"cubes": [
						{"origin": [3.52085, 1.28097, 7.59615], "size": [7, 4, 8], "uv": [21, 15], "mirror": true},
						{"origin": [9.15776, 1.2547, 4.59615], "size": [0, 4, 3], "uv": [80, 81], "mirror": true},
						{"origin": [7.15776, 1.2547, 4.59615], "size": [0, 4, 3], "uv": [80, 81], "mirror": true},
						{"origin": [5.15776, 1.2547, 4.59615], "size": [0, 4, 3], "uv": [80, 81], "mirror": true}
					]
				},
				{
					"name": "left_cloud5",
					"parent": "left_cloud4",
					"pivot": [7.12085, 3.28097, 15.54615],
					"cubes": [
						{"origin": [4.62085, 1.78097, 15.59615], "size": [5, 3, 3], "uv": [24, 28], "mirror": true}
					]
				},
				{
					"name": "left_cloud6",
					"parent": "left_cloud5",
					"pivot": [7.12085, 3.28097, 18.49615],
					"cubes": [
						{"origin": [7.12085, -0.21903, 16.49615], "size": [0, 7, 9], "uv": [77, 86], "mirror": true}
					]
				},
				{
					"name": "tail",
					"parent": "body2",
					"pivot": [0, 18.25, 12.09167],
					"cubes": [
						{"origin": [-2, 17.1, 12], "size": [4, 3, 12], "uv": [33, 88]},
						{"origin": [1, 16, 16.7], "size": [4, 4, 4], "uv": [66, 2], "mirror": true},
						{"origin": [-5, 16, 19], "size": [4, 4, 4], "uv": [66, 2]}
					]
				},
				{
					"name": "tail2",
					"parent": "tail",
					"pivot": [0, 18.26667, 23.62778],
					"cubes": [
						{"origin": [-2, 17.1, 24], "size": [4, 3, 12], "inflate": 0.3, "uv": [0, 104]},
						{"origin": [-5, 16.1, 32], "size": [4, 4, 4], "uv": [66, 2]},
						{"origin": [1, 16.1, 29.7], "size": [4, 4, 4], "uv": [66, 2], "mirror": true}
					]
				},
				{
					"name": "tail3",
					"parent": "tail2",
					"pivot": [0, 18.26667, 36.36667],
					"cubes": [
						{"origin": [-2, 17.1, 36.65], "size": [4, 3, 12], "inflate": 0.5, "uv": [33, 105]},
						{"origin": [-5, 16.1, 44], "size": [4, 4, 4], "uv": [66, 2]},
						{"origin": [1, 16.1, 41.7], "size": [4, 4, 4], "uv": [66, 2], "mirror": true}
					]
				},
				{
					"name": "tail4",
					"parent": "tail3",
					"pivot": [0, 18.26667, 48.86667],
					"cubes": [
						{"origin": [-2, 17.1, 49.65], "size": [4, 3, 12], "inflate": 0.8, "uv": [0, 88]},
						{"origin": [-5, 16.1, 57], "size": [4, 4, 4], "uv": [66, 2]},
						{"origin": [1, 16.1, 54.7], "size": [4, 4, 4], "uv": [66, 2], "mirror": true}
					]
				}
			]
		}
	]
}