{
  "name": "Slurpuff",
  "nationalPokedexNumber": 685,
  "primaryType": "fairy",
  "abilities": [
    "sweetveil",
    "h:unburden"
  ],
  "baseStats": {
    "hp": 82,
    "attack": 80,
    "defence": 86,
    "special_attack": 85,
    "special_defence": 75,
    "speed": 72
  },
  "catchRate": 140,
  "maleRatio": 0.5,
  "shoulderMountable": false,
  "baseExperienceYield": 168,
  "experienceGroup": "medium_fast",
  "eggCycles": 20,
  "eggGroups": [
    "fairy"
  ],
  "moves": [
    "1:sweetscent",
    "1:tackle",
    "5:fairywind",
    "8:playnice",
    "10:faketears",
    "13:round",
    "17:cottonspore",
    "21:endeavor",
    "21:stringshot",
    "26:aromatherapy",
    "31:drainingkiss",
    "36:energyball",
    "41:cottonguard",
    "42:stickyweb",
    "45:wish",
    "49:playrough",
    "58:lightscreen",
    "67:safeguard",
    "tm:amnesia",
    "tm:attract",
    "tm:calmmind",
    "tm:charm",
    "tm:confide",
    "tm:dazzlinggleam",
    "tm:doubleteam",
    "tm:drainingkiss",
    "tm:drainpunch",
    "tm:dreameater",
    "tm:endure",
    "tm:energyball",
    "tm:facade",
    "tm:faketears",
    "tm:flamethrower",
    "tm:flash",
    "tm:frustration",
    "tm:gigaimpact",
    "tm:helpinghand",
    "tm:hiddenpower",
    "tm:hyperbeam",
    "tm:lightscreen",
    "tm:metronome",
    "tm:playrough",
    "tm:protect",
    "tm:psychic",
    "tm:psychup",
    "tm:raindance",
    "tm:rest",
    "tm:return",
    "tm:round",
    "tm:safeguard",
    "tm:secretpower",
    "tm:sleeptalk",
    "tm:snore",
    "tm:substitute",
    "tm:sunnyday",
    "tm:surf",
    "tm:swagger",
    "tm:thief",
    "tm:thunder",
    "tm:thunderbolt",
    "tm:toxic",
    "tutor:afteryou",
    "tutor:covet",
    "tutor:drainpunch",
    "tutor:endeavor",
    "tutor:gastroacid",
    "tutor:healbell",
    "tutor:helpinghand",
    "tutor:magiccoat",
    "tutor:mistyexplosion",
    "tutor:snore"
  ],
  "labels": [
    "gen6"
  ],
  "pokedex": [
    "cobblemon.species.slurpuff.desc"
  ],
  "preEvolution": "swirlix",
  "evolutions": [],
  "baseScale": 1,
  "hitbox": {
    "width": 1,
    "height": 1,
    "fixed": false
  },
  "baseFriendship": 50,
  "evYield": {
    "hp": 0,
    "attack": 0,
    "defence": 2,
    "special_attack": 0,
    "special_defence": 0,
    "speed": 0
  },
  "height": 8,
  "weight": 50,
  "aspects": [],
  "cannotDynamax": false
}