{
  "format_version": "1.12.0",
  "minecraft:geometry": [
    {
      "description": {
        "identifier": "geometry.drilbur",
        "texture_width": 64,
        "texture_height": 64,
        "visible_bounds_width": 3,
        "visible_bounds_height": 2.5,
        "visible_bounds_offset": [0, 0.75, 0]
      },
      "bones": [
        {
          "name": "all",
          "pivot": [0, 0, 0]
        },
        {
          "name": "leg_right",
          "parent": "all",
          "pivot": [-3, 3, 1],
          "cubes": [{ "origin": [-5, 1, -2], "size": [4, 4, 5], "uv": [21, 6] }]
        },
        {
          "name": "foot_right",
          "parent": "leg_right",
          "pivot": [-3, 1, 0.5],
          "cubes": [
            { "origin": [-4, 0, -1.5], "size": [2, 1, 3], "uv": [29, 29] }
          ]
        },
        {
          "name": "leg_left",
          "parent": "all",
          "pivot": [3, 3, 1],
          "cubes": [{ "origin": [1, 1, -2], "size": [4, 4, 5], "uv": [19, 17] }]
        },
        {
          "name": "foot_left",
          "parent": "leg_left",
          "pivot": [3, 1, 0.5],
          "cubes": [
            { "origin": [2, 0, -1.5], "size": [2, 1, 3], "uv": [5, 32] }
          ]
        },
        {
          "name": "body",
          "parent": "all",
          "pivot": [0, 3, 1],
          "cubes": [
            { "origin": [-4, 2, -1.5], "size": [8, 6, 5], "uv": [0, 0] }
          ]
        },
        {
          "name": "head",
          "parent": "body",
          "pivot": [0, 8, 0.49833],
          "cubes": [
            { "origin": [-3, 8, -2.5], "size": [6, 5, 6], "uv": [0, 11] }
          ]
        },
        {
          "name": "snoot",
          "parent": "head",
          "pivot": [0, 10.5, -2.5],
          "cubes": [
            { "origin": [-1.5, 9, -5.5], "size": [3, 3, 3], "uv": [26, 0] }
          ]
        },
        {
          "name": "nose",
          "parent": "snoot",
          "pivot": [0, 11, -5.5],
          "cubes": [
            { "origin": [-1, 10, -7.5], "size": [2, 2, 2], "uv": [32, 15] }
          ]
        },
        {
          "name": "eyelid_right",
          "parent": "head",
          "pivot": [-2.5, 10.5, -1.5],
          "cubes": [
            {
              "origin": [-3, 9, -2.5],
              "size": [1, 3, 2],
              "inflate": 0.01,
              "uv": [38, 0]
            }
          ]
        },
        {
          "name": "eyelid_left",
          "parent": "head",
          "pivot": [2.5, 10.5, -1.5],
          "cubes": [
            {
              "origin": [2, 9, -2.5],
              "size": [1, 3, 2],
              "inflate": 0.01,
              "uv": [43, 0]
            }
          ]
        },
        {
          "name": "mouth",
          "parent": "head",
          "pivot": [0, 8.5, -2.51],
          "cubes": [
            { "origin": [-1, 8, -2.51], "size": [2, 1, 0], "uv": [0, 4] }
          ]
        },
        {
          "name": "arm_right",
          "parent": "body",
          "pivot": [-4, 7.5, 1.5],
          "cubes": [
            { "origin": [-8, 5, 0.5], "size": [4, 5, 2], "uv": [12, 26] },
            { "origin": [-7, 6.5, 0.49], "size": [2, 2, 0], "uv": [15, 33] }
          ]
        },
        {
          "name": "claw_right_bottom",
          "parent": "arm_right",
          "pivot": [-8, 6.25, 0.75],
          "cubes": [
            { "origin": [-11, 5, 0.5], "size": [3, 2, 1], "uv": [24, 37] },
            { "origin": [-12, 6, 0.5], "size": [1, 1, 0], "uv": [2, 11] }
          ]
        },
        {
          "name": "claw_right_middle",
          "parent": "arm_right",
          "pivot": [-8, 7.5, 0.75],
          "cubes": [
            { "origin": [-11, 6, 0.5], "size": [3, 3, 1], "uv": [24, 33] },
            { "origin": [-12, 7, 0.5], "size": [1, 1, 0], "uv": [0, 11] }
          ]
        },
        {
          "name": "claw_right_top",
          "parent": "arm_right",
          "pivot": [-8, 9, 0.75],
          "cubes": [
            { "origin": [-11, 8, 0.5], "size": [3, 2, 1], "uv": [24, 26] },
            { "origin": [-12, 8, 0.5], "size": [1, 1, 0], "uv": [2, 11] }
          ]
        },
        {
          "name": "arm_left",
          "parent": "body",
          "pivot": [4, 7.5, 1.5],
          "cubes": [
            { "origin": [4, 5, 0.5], "size": [4, 5, 2], "uv": [0, 22] },
            { "origin": [5, 6.5, 0.49], "size": [2, 2, 0], "uv": [19, 33] }
          ]
        },
        {
          "name": "claw_left_bottom",
          "parent": "arm_left",
          "pivot": [8, 6, 0.75],
          "cubes": [
            { "origin": [8, 5, 0.5], "size": [3, 2, 1], "uv": [0, 36] },
            { "origin": [11, 6, 0.5], "size": [1, 1, 0], "uv": [2, 11] }
          ]
        },
        {
          "name": "claw_left_middle",
          "parent": "arm_left",
          "pivot": [8, 7.5, 0.75],
          "cubes": [
            { "origin": [8, 6, 0.5], "size": [3, 3, 1], "uv": [0, 39] },
            { "origin": [11, 7, 0.5], "size": [1, 1, 0], "uv": [0, 11] }
          ]
        },
        {
          "name": "claw_left_top",
          "parent": "arm_left",
          "pivot": [8, 9, 0.75],
          "cubes": [
            { "origin": [8, 8, 0.5], "size": [3, 2, 1], "uv": [0, 29] },
            { "origin": [11, 8, 0.5], "size": [1, 1, 0], "uv": [2, 11] }
          ]
        }
      ]
    }
  ]
}
