{
  "name": "Hippowdon",
  "nationalPokedexNumber": 450,
  "primaryType": "ground",
  "abilities": [
    "sandstream",
    "h:sandforce"
  ],
  "baseStats": {
    "hp": 108,
    "attack": 112,
    "defence": 118,
    "special_attack": 68,
    "special_defence": 72,
    "speed": 47
  },
  "catchRate": 60,
  "maleRatio": 0.5,
  "shoulderMountable": false,
  "baseExperienceYield": 184,
  "experienceGroup": "slow",
  "eggCycles": 30,
  "eggGroups": [
    "field"
  ],
  "moves": [
    "1:bite",
    "1:firefang",
    "1:icefang",
    "1:sandattack",
    "1:tackle",
    "1:thunderfang",
    "1:yawn",
    "19:dig",
    "19:takedown",
    "24:sandstorm",
    "25:sandtomb",
    "31:crunch",
    "32:roar",
    "38:rest",
    "40:earthquake",
    "50:doubleedge",
    "60:fissure",
    "62:slackoff",
    "tm:amnesia",
    "tm:attract",
    "tm:bodypress",
    "tm:bodyslam",
    "tm:bulldoze",
    "tm:captivate",
    "tm:confide",
    "tm:crunch",
    "tm:dig",
    "tm:doubleteam",
    "tm:earthpower",
    "tm:earthquake",
    "tm:endure",
    "tm:facade",
    "tm:firefang",
    "tm:frustration",
    "tm:gigaimpact",
    "tm:heavyslam",
    "tm:helpinghand",
    "tm:hiddenpower",
    "tm:highhorsepower",
    "tm:hyperbeam",
    "tm:hypervoice",
    "tm:icefang",
    "tm:ironhead",
    "tm:irontail",
    "tm:muddywater",
    "tm:mudshot",
    "tm:mudslap",
    "tm:naturalgift",
    "tm:protect",
    "tm:rest",
    "tm:return",
    "tm:revenge",
    "tm:roar",
    "tm:rockslide",
    "tm:rocksmash",
    "tm:rocktomb",
    "tm:round",
    "tm:sandstorm",
    "tm:sandtomb",
    "tm:secretpower",
    "tm:sleeptalk",
    "tm:snore",
    "tm:stealthrock",
    "tm:stompingtantrum",
    "tm:stoneedge",
    "tm:strength",
    "tm:substitute",
    "tm:sunnyday",
    "tm:superpower",
    "tm:swagger",
    "tm:takedown",
    "tm:terablast",
    "tm:thunderfang",
    "tm:toxic",
    "tm:waterpulse",
    "tm:weatherball",
    "tutor:earthpower",
    "tutor:headbutt",
    "tutor:ironhead",
    "tutor:irontail",
    "tutor:mudslap",
    "tutor:scorchingsands",
    "tutor:sleeptalk",
    "tutor:snore",
    "tutor:stealthrock",
    "tutor:stompingtantrum",
    "tutor:superpower",
    "tutor:waterpulse"
  ],
  "labels": [
    "gen4"
  ],
  "pokedex": [
    "cobblemon.species.hippowdon.desc"
  ],
  "preEvolution": "hippopotas",
  "evolutions": [],
  "baseScale": 1.35,
  "hitbox": {
    "width": 1,
    "height": 1,
    "fixed": false
  },
  "baseFriendship": 50,
  "evYield": {
    "hp": 0,
    "attack": 0,
    "defence": 2,
    "special_attack": 0,
    "special_defence": 0,
    "speed": 0
  },
  "height": 20,
  "weight": 3000,
  "aspects": [],
  "cannotDynamax": false
}