{
  "implemented": true,
  "name": "Ukulele Pichu",
  "nationalPokedexNumber": 172,
  "primaryType": "electric",
  "abilities": [
    "soundproof"
  ],
  "drops": {
    "amount": 2,
    "entries": [
      {
        "item": "cobblemon:thunder_stone",
        "percentage": 2.5
      },
      {
        "item": "cobblemon:oran_berry",
        "percentage": 2.5
      }
    ]
  },
  "baseStats": {
    "hp": 40,
    "attack": 60,
    "defence": 35,
    "special_attack": 60,
    "special_defence": 55,
    "speed": 75
  },
  "catchRate": 190,
  "maleRatio": 0.5,
  "shoulderMountable": true,
  "forms": [
  ],
  "baseExperienceYield": 41,
  "experienceGroup": "medium_fast",
  "eggCycles": 10,
  "eggGroups": [
    "undiscovered"
  ],
  "moves": [
    "1:tailwhip",
    "1:thundershock",
    "4:playnice",
    "8:sweetkiss",
    "12:nuzzle",
    "14:uproar",
    "16:nastyplot",
    "18:sing",
    "20:charm",
    "28:torchsong",
    "35:overdrive",
    "50:boomburst",
    "egg:bestow",
    "egg:bide",
    "egg:charge",
    "egg:disarmingvoice",
    "egg:doubleslap",
    "egg:electricterrain",
    "egg:encore",
    "egg:endure",
    "egg:fakeout",
    "egg:flail",
    "egg:luckychant",
    "egg:present",
    "egg:reversal",
    "egg:thunderpunch",
    "egg:tickle",
    "egg:volttackle",
    "egg:wish",
    "form_change:volttackle",
    "tm:attract",
    "tm:bodyslam",
    "tm:captivate",
    "tm:charge",
    "tm:chargebeam",
    "tm:charm",
    "tm:confide",
    "tm:disarmingvoice",
    "tm:doubleteam",
    "tm:echoedvoice",
    "tm:electricterrain",
    "tm:electroball",
    "tm:electroweb",
    "tm:encore",
    "tm:endure",
    "tm:facade",
    "tm:flash",
    "tm:fling",
    "tm:frustration",
    "tm:grassknot",
    "tm:helpinghand",
    "tm:hiddenpower",
    "tm:irontail",
    "tm:lightscreen",
    "tm:megakick",
    "tm:megapunch",
    "tm:nastyplot",
    "tm:naturalgift",
    "tm:playrough",
    "tm:protect",
    "tm:raindance",
    "tm:reflect",
    "tm:rest",
    "tm:return",
    "tm:reversal",
    "tm:round",
    "tm:secretpower",
    "tm:shockwave",
    "tm:sleeptalk",
    "tm:snore",
    "tm:substitute",
    "tm:surf",
    "tm:swagger",
    "tm:swift",
    "tm:takedown",
    "tm:terablast",
    "tm:thunder",
    "tm:thunderbolt",
    "tm:thunderpunch",
    "tm:thunderwave",
    "tm:toxic",
    "tm:trailblaze",
    "tm:uproar",
    "tm:voltswitch",
    "tm:wildcharge",
    "tutor:attract",
    "tutor:bide",
    "tutor:bodyslam",
    "tutor:charm",
    "tutor:counter",
    "tutor:covet",
    "tutor:curse",
    "tutor:defensecurl",
    "tutor:detect",
    "tutor:doubleedge",
    "tutor:doubleslap",
    "tutor:doubleteam",
    "tutor:electroweb",
    "tutor:encore",
    "tutor:endeavor",
    "tutor:flash",
    "tutor:followme",
    "tutor:frustration",
    "tutor:grassknot",
    "tutor:headbutt",
    "tutor:hiddenpower",
    "tutor:irontail",
    "tutor:magnetrise",
    "tutor:megakick",
    "tutor:megapunch",
    "tutor:mimic",
    "tutor:mudslap",
    "tutor:present",
    "tutor:protect",
    "tutor:raindance",
    "tutor:rest",
    "tutor:return",
    "tutor:reversal",
    "tutor:rollout",
    "tutor:seismictoss",
    "tutor:shockwave",
    "tutor:signalbeam",
    "tutor:sleeptalk",
    "tutor:snore",
    "tutor:substitute",
    "tutor:surf",
    "tutor:swagger",
    "tutor:sweetkiss",
    "tutor:swift",
    "tutor:tailwhip",
    "tutor:teeterdance",
    "tutor:thunder",
    "tutor:thunderbolt",
    "tutor:thunderpunch",
    "tutor:thundershock",
    "tutor:thunderwave",
    "tutor:toxic",
    "tutor:uproar",
    "tutor:wish",
    "tutor:zapcannon"
  ],
  "labels": [
    "gen2",
    "baby"
  ],
  "pokedex": [
    "cobblemon.species.ukuele_pichu.desc"
  ],
  "evolutions": [
  ],
  "baseScale": 0.4,
  "hitbox": {
    "width": 0.6,
    "height": 0.9,
    "fixed": false
  },
  "baseFriendship": 50,
  "evYield": {
    "hp": 0,
    "attack": 0,
    "defence": 0,
    "special_attack": 0,
    "special_defence": 0,
    "speed": 1
  },
  "height": 3,
  "weight": 20,
  "aspects": [],
  "cannotDynamax": false
}
