{
  "format_version": "1.12.0",
  "minecraft:geometry": [
    {
      "description": {
        "identifier": "geometry.unknown",
        "texture_width": 128,
        "texture_height": 128,
        "visible_bounds_width": 6,
        "visible_bounds_height": 3.5,
        "visible_bounds_offset": [0, 1.25, 0]
      },
      "bones": [
        {
          "name": "lycanroc",
          "pivot": [0, 0, 0]
        },
        {
          "name": "body",
          "parent": "lycanroc",
          "pivot": [0.5, 0, 1.66752]
        },
        {
          "name": "torso",
          "parent": "body",
          "pivot": [0, 11.025, -1.25748],
          "cubes": [
            {
              "origin": [-4, 9.175, 0.74252],
              "size": [8, 7, 10],
              "uv": [34, 10]
            },
            {
              "origin": [-4.5, 8.2, -9.25748],
              "size": [9, 9, 11],
              "uv": [0, 20]
            },
            { "origin": [0, 5.2, -11.25748], "size": [0, 5, 11], "uv": [0, 50] }
          ]
        },
        {
          "name": "head",
          "parent": "torso",
          "pivot": [0, 16.625, -12.825],
          "cubes": [
            {
              "origin": [-4, 15.025, -19.075],
              "size": [8, 7, 8],
              "uv": [34, 48]
            },
            {
              "origin": [-0.5, 16.225, -23.075],
              "size": [1, 1, 1],
              "inflate": 0.01,
              "uv": [6, 0]
            }
          ]
        },
        {
          "name": "eye_left2",
          "parent": "head",
          "pivot": [0, 4.025, -10.075],
          "cubes": [
            {
              "origin": [-3, 18.15, -19.4],
              "size": [1, 2, 1],
              "inflate": -0.3,
              "uv": [0, 95],
              "mirror": true
            }
          ]
        },
        {
          "name": "eye_right2",
          "parent": "head",
          "pivot": [0, 4.025, -10.075],
          "cubes": [
            {
              "origin": [0.975, 19.475, -19.125],
              "size": [3, 1, 0],
              "pivot": [3, 20.05, -19.075],
              "rotation": [0, 0, -25],
              "uv": [0, 94]
            },
            {
              "origin": [-3.975, 19.475, -19.125],
              "size": [3, 1, 0],
              "pivot": [-3, 20.05, -19.075],
              "rotation": [0, 0, 25],
              "uv": [0, 94],
              "mirror": true
            },
            {
              "origin": [2, 18.15, -19.4],
              "size": [1, 2, 1],
              "inflate": -0.3,
              "uv": [0, 95]
            }
          ]
        },
        {
          "name": "mouth",
          "parent": "head",
          "pivot": [-2, 15.325, -19.675]
        },
        {
          "name": "mouth_top",
          "parent": "mouth",
          "pivot": [-2, 15.325, -19.675],
          "cubes": [
            {
              "origin": [-2, 15.225, -23.075],
              "size": [4, 3, 5],
              "uv": [70, 13]
            },
            {
              "origin": [1.4, 14.175, -20.675],
              "size": [0, 1, 1],
              "pivot": [2, 15.325, -19.675],
              "rotation": [-45, 0, 0],
              "uv": [8, 1]
            },
            {
              "origin": [-1.4, 14.175, -20.675],
              "size": [0, 1, 1],
              "pivot": [-2, 15.325, -19.675],
              "rotation": [-45, 0, 0],
              "uv": [8, 1],
              "mirror": true
            }
          ]
        },
        {
          "name": "jaw",
          "parent": "mouth",
          "pivot": [0, 14.725, -16.075],
          "cubes": [
            {
              "origin": [-1.5, 14.225, -22.375],
              "size": [3, 1, 7],
              "uv": [33, 0]
            }
          ]
        },
        {
          "name": "mask_left2",
          "parent": "head",
          "pivot": [-2, 16.025, -17.075],
          "rotation": [-11.18109, 28.03749, -28.07796],
          "cubes": [
            {
              "origin": [-7.81281, 14.6322, -16.83698],
              "size": [7, 3, 0],
              "pivot": [-4.58781, 16.0572, -16.83698],
              "rotation": [7.36822, -19.18167, -12.16617],
              "uv": [43, 27]
            },
            {
              "origin": [-7.81457, 17.49113, -16.03832],
              "size": [7, 5, 0],
              "pivot": [-1.5, 20.525, -17.075],
              "rotation": [-0.09853, -20.4981, 9.59834],
              "uv": [57, 80]
            }
          ]
        },
        {
          "name": "mask_right2",
          "parent": "head",
          "pivot": [2, 16.025, -17.075],
          "rotation": [-11.18109, -28.03749, 28.07796],
          "cubes": [
            {
              "origin": [0.81281, 14.6322, -16.83698],
              "size": [7, 3, 0],
              "pivot": [4.58781, 16.0572, -16.83698],
              "rotation": [7.36822, 19.18167, 12.16617],
              "uv": [23, 48]
            },
            {
              "origin": [0.81457, 17.49113, -16.03832],
              "size": [7, 5, 0],
              "pivot": [1.5, 20.525, -17.075],
              "rotation": [-0.09853, 20.4981, -9.59834],
              "uv": [71, 80]
            }
          ]
        },
        {
          "name": "mask_right",
          "parent": "head",
          "pivot": [-2, 16.025, -17.075],
          "rotation": [-11.18109, 28.03749, -28.07796]
        },
        {
          "name": "eyes",
          "parent": "head",
          "pivot": [-1.5, 17.025, -16.325]
        },
        {
          "name": "eye_right",
          "parent": "eyes",
          "pivot": [2.5, 18.425, -19.085]
        },
        {
          "name": "eyelid_right",
          "parent": "eye_right",
          "pivot": [-2.5, 18.025, -18.575]
        },
        {
          "name": "eye_left",
          "parent": "eyes",
          "pivot": [-2.5, 18.425, -19.085]
        },
        {
          "name": "eyelid_left",
          "parent": "eye_left",
          "pivot": [2.4, 18.025, -18.475]
        },
        {
          "name": "ear_left",
          "parent": "head",
          "pivot": [2.1052, 21.03831, -15.325],
          "rotation": [0, 0, 9],
          "cubes": [
            {
              "origin": [0.92965, 21.3955, -16.575],
              "size": [3, 4, 2],
              "uv": [24, 57]
            },
            {
              "origin": [1.50465, 25.3955, -15.575],
              "size": [2, 3, 1],
              "uv": [33, 0]
            }
          ]
        },
        {
          "name": "ear_right",
          "parent": "head",
          "pivot": [-2.8302, 21.03831, -15.325],
          "rotation": [0, 0, -9],
          "cubes": [
            {
              "origin": [-3.93858, 21.28209, -16.575],
              "size": [3, 4, 2],
              "uv": [36, 84]
            },
            {
              "origin": [-3.51358, 25.28209, -15.575],
              "size": [2, 3, 1],
              "uv": [23, 40]
            }
          ]
        },
        {
          "name": "tail_base",
          "parent": "torso",
          "pivot": [0, 15.025, 10.34252],
          "rotation": [30, 0, 0],
          "cubes": [
            {
              "origin": [-1, 14.025, 9.84252],
              "size": [2, 2, 3],
              "uv": [10, 87]
            }
          ]
        },
        {
          "name": "tail_2",
          "parent": "tail_base",
          "pivot": [0, 15, 13.16752],
          "rotation": [-15, 0, 0],
          "cubes": [
            { "origin": [-2, 13, 12.66752], "size": [4, 4, 5], "uv": [16, 68] }
          ]
        },
        {
          "name": "tail3",
          "parent": "tail_2",
          "pivot": [0, 15.25, 17],
          "rotation": [-12.5, 0, 0],
          "cubes": [
            { "origin": [-3, 12, 16.5], "size": [6, 6, 7], "uv": [59, 41] },
            { "origin": [0, 18, 16.5], "size": [0, 3, 7], "uv": [29, 20] }
          ]
        },
        {
          "name": "tail4",
          "parent": "tail3",
          "pivot": [0, 15, 21.5],
          "rotation": [-35, 0, 0],
          "cubes": [
            { "origin": [-4, 11, 21], "size": [8, 8, 10], "uv": [30, 30] },
            { "origin": [0, 19, 21], "size": [0, 4, 12], "uv": [0, 45] }
          ]
        },
        {
          "name": "tail5",
          "parent": "tail4",
          "pivot": [0, 15, 30.5],
          "rotation": [-15, 0, 0],
          "cubes": [
            { "origin": [-3, 12, 26.5], "size": [6, 6, 7], "uv": [56, 27] }
          ]
        },
        {
          "name": "bone3",
          "parent": "tail5",
          "pivot": [0, 15, 33],
          "rotation": [32.5, 0, 0],
          "cubes": [
            { "origin": [0, 12.375, 31.5], "size": [0, 6, 7], "uv": [60, 5] }
          ]
        },
        {
          "name": "neck_ruff_big",
          "parent": "torso",
          "pivot": [0, 15.66541, -8.34577],
          "cubes": [
            {
              "origin": [-5.5, 12.19041, -13.84577],
              "size": [11, 9, 11],
              "pivot": [0, 15.66541, -8.34577],
              "rotation": [-20, 0, 0],
              "uv": [0, 0]
            }
          ]
        },
        {
          "name": "spike7",
          "parent": "neck_ruff_big",
          "pivot": [2.35869, 18.53295, -7.789],
          "rotation": [-52.25639, 16.27682, 33.40144],
          "cubes": [
            {
              "origin": [0.39619, 17.28295, -9.314],
              "size": [4, 7, 3],
              "uv": [54, 70]
            },
            {
              "origin": [0.82119, 24.28295, -8.764],
              "size": [3, 3, 2],
              "uv": [56, 85]
            }
          ]
        },
        {
          "name": "spike8",
          "parent": "neck_ruff_big",
          "pivot": [-2.35869, 18.53295, -7.789],
          "rotation": [-52.25639, -16.27682, -33.40144],
          "cubes": [
            {
              "origin": [-4.39619, 17.28295, -9.314],
              "size": [4, 7, 3],
              "uv": [54, 70],
              "mirror": true
            },
            {
              "origin": [-3.82119, 24.28295, -8.764],
              "size": [3, 3, 2],
              "uv": [56, 85],
              "mirror": true
            }
          ]
        },
        {
          "name": "spike11",
          "parent": "neck_ruff_big",
          "pivot": [-3.20869, 17.95795, -12.264],
          "rotation": [-52.66506, -20.66348, -89.59331],
          "cubes": [
            {
              "origin": [-5.24619, 18.70795, -13.789],
              "size": [4, 4, 3],
              "uv": [79, 64],
              "mirror": true
            },
            {
              "origin": [-4.67119, 22.70795, -13.239],
              "size": [3, 3, 2],
              "uv": [85, 46],
              "mirror": true
            }
          ]
        },
        {
          "name": "spike10",
          "parent": "neck_ruff_big",
          "pivot": [3.20869, 17.95795, -12.264],
          "rotation": [-52.66506, 20.66348, 89.59331],
          "cubes": [
            {
              "origin": [1.24619, 18.70795, -13.789],
              "size": [4, 4, 3],
              "uv": [79, 64]
            },
            {
              "origin": [1.67119, 22.70795, -13.239],
              "size": [3, 3, 2],
              "uv": [85, 46]
            }
          ]
        },
        {
          "name": "spike6",
          "parent": "neck_ruff_big",
          "pivot": [1.95869, 19.35795, -9.964],
          "rotation": [-19.97858, 15.71923, 53.61751],
          "cubes": [
            {
              "origin": [-0.00381, 18.10795, -11.489],
              "size": [4, 7, 3],
              "uv": [76, 0]
            },
            {
              "origin": [0.42119, 25.10795, -10.939],
              "size": [3, 3, 2],
              "uv": [86, 86]
            },
            {
              "origin": [0.42119, 28.10795, -9.939],
              "size": [3, 3, 0],
              "uv": [0, 99]
            }
          ]
        },
        {
          "name": "spike4",
          "parent": "neck_ruff_big",
          "pivot": [1.35869, 15.69205, -11.689],
          "rotation": [7.87151, -6.37409, -57.91764],
          "cubes": [
            {
              "origin": [-0.60381, 9.94205, -13.214],
              "size": [4, 7, 3],
              "uv": [31, 74]
            },
            {
              "origin": [-0.17881, 6.94205, -12.664],
              "size": [3, 3, 2],
              "uv": [86, 19]
            },
            {
              "origin": [-0.17881, 3.94205, -11.664],
              "size": [3, 3, 0],
              "uv": [0, 102]
            }
          ]
        },
        {
          "name": "spike3",
          "parent": "neck_ruff_big",
          "pivot": [-1.35869, 15.69205, -11.689],
          "rotation": [7.87151, 6.37409, 57.91764],
          "cubes": [
            {
              "origin": [-3.39619, 9.94205, -13.214],
              "size": [4, 7, 3],
              "uv": [75, 21]
            },
            {
              "origin": [-2.82119, 6.94205, -12.664],
              "size": [3, 3, 2],
              "uv": [76, 86]
            },
            {
              "origin": [-2.82119, 3.94205, -11.664],
              "size": [3, 3, 0],
              "uv": [0, 102],
              "mirror": true
            }
          ]
        },
        {
          "name": "spike2",
          "parent": "neck_ruff_big",
          "pivot": [-1.95869, 19.35795, -9.964],
          "rotation": [-19.97858, -15.71923, -53.61751],
          "cubes": [
            {
              "origin": [-3.99619, 18.10795, -11.489],
              "size": [4, 7, 3],
              "uv": [76, 0],
              "mirror": true
            },
            {
              "origin": [-3.42119, 25.10795, -10.939],
              "size": [3, 3, 2],
              "uv": [86, 86],
              "mirror": true
            },
            {
              "origin": [-3.42881, 28.10795, -9.939],
              "size": [3, 3, 0],
              "uv": [0, 99],
              "mirror": true
            }
          ]
        },
        {
          "name": "spike9",
          "parent": "neck_ruff_big",
          "pivot": [0, 18.0404, -6.21827],
          "rotation": [-64, 0, 0],
          "cubes": [
            {
              "origin": [-1.9625, 16.78774, -8.08012],
              "size": [4, 7, 4],
              "uv": [38, 63]
            },
            {
              "origin": [-1.5375, 23.78774, -7.53012],
              "size": [3, 4, 3],
              "uv": [46, 0]
            },
            {
              "origin": [0, 27.78774, -8.03012],
              "size": [0, 3, 3],
              "uv": [0, 102]
            }
          ]
        },
        {
          "name": "spike5",
          "parent": "neck_ruff_big",
          "pivot": [0, 20.2904, -10.46827],
          "rotation": [-50, 0, 0],
          "cubes": [
            {
              "origin": [-1.9625, 20.03774, -12.33012],
              "size": [4, 6, 4],
              "uv": [0, 66]
            },
            {
              "origin": [-1.5375, 26.03774, -11.78012],
              "size": [3, 4, 3],
              "uv": [45, 77]
            }
          ]
        },
        {
          "name": "neck",
          "parent": "torso",
          "pivot": [0, 12.22749, -12.11432],
          "rotation": [-8.5, 0, 0],
          "cubes": [
            {
              "origin": [-3, 12.33405, -16.92946],
              "size": [6, 6, 11],
              "pivot": [0, 14.25945, -13.11624],
              "rotation": [-32.5, 0, 0],
              "uv": [0, 40]
            },
            {
              "origin": [0, 7.79675, -14.45963],
              "size": [0, 5, 8],
              "pivot": [0, 14.79675, -11.95963],
              "rotation": [-32.5, 0, 0],
              "uv": [22, 55]
            }
          ]
        },
        {
          "name": "leg",
          "parent": "body",
          "pivot": [2.5, 3.3, -3.05]
        },
        {
          "name": "leg_front_right4",
          "parent": "leg",
          "pivot": [-5, 15.27324, -5.45835],
          "rotation": [7.5, 0, 0],
          "cubes": [
            {
              "origin": [-6.5, 9.42943, -8.84138],
              "size": [3, 6, 4],
              "inflate": 0.01,
              "uv": [77, 54]
            }
          ]
        },
        {
          "name": "leg_front_right5",
          "parent": "leg_front_right4",
          "pivot": [-4.5, 9.55995, -5.83282],
          "rotation": [-15, 0, 0],
          "cubes": [
            {
              "origin": [-5.5, 0.69048, -6.84138],
              "size": [2, 9, 2],
              "uv": [0, 20]
            }
          ]
        },
        {
          "name": "leg_front_right6",
          "parent": "leg_front_right5",
          "pivot": [-4.5, 0.55995, -5.83282],
          "rotation": [7.4, 0, 0],
          "cubes": [
            {
              "origin": [-6.1, -0.07951, -8.8745],
              "size": [3, 1, 4],
              "inflate": 0.01,
              "uv": [83, 10]
            },
            {
              "origin": [-3.3, -0.07951, -9.8745],
              "size": [0, 1, 1],
              "uv": [0, 20]
            },
            {
              "origin": [-4.5, -0.07951, -9.8745],
              "size": [0, 1, 1],
              "uv": [8, 19]
            },
            {
              "origin": [-5.9, -0.07951, -9.8745],
              "size": [0, 1, 1],
              "uv": [6, 19]
            }
          ]
        },
        {
          "name": "leg_front_left4",
          "parent": "leg",
          "pivot": [5, 15.27324, -5.45835],
          "rotation": [7.5, 0, 0],
          "cubes": [
            {
              "origin": [3.5, 9.63733, -8.97383],
              "size": [3, 6, 4],
              "inflate": 0.01,
              "uv": [14, 77]
            }
          ]
        },
        {
          "name": "leg_front_left5",
          "parent": "leg_front_left4",
          "pivot": [4.5, 9.76786, -5.96527],
          "rotation": [-15, 0, 0],
          "cubes": [
            {
              "origin": [3.5, 0.89839, -6.97383],
              "size": [2, 9, 2],
              "uv": [0, 0]
            }
          ]
        },
        {
          "name": "leg_front_left6",
          "parent": "leg_front_left5",
          "pivot": [4.5, 0.76786, -5.96527],
          "rotation": [7.4, 0, 0],
          "cubes": [
            {
              "origin": [3.1, 0.00924, -9.01523],
              "size": [3, 1, 4],
              "inflate": 0.01,
              "uv": [82, 73]
            },
            {
              "origin": [3.3, 0.00924, -10.01523],
              "size": [0, 1, 1],
              "uv": [0, 19]
            },
            {
              "origin": [4.5, 0.00924, -10.01523],
              "size": [0, 1, 1],
              "uv": [8, 9]
            },
            {
              "origin": [5.9, 0.00924, -10.01523],
              "size": [0, 1, 1],
              "uv": [8, 8]
            }
          ]
        },
        {
          "name": "leg_back_right4",
          "parent": "leg",
          "pivot": [-3.55, 13.96641, 7.52103],
          "rotation": [5, 0, 0],
          "cubes": [
            {
              "origin": [-5.05, 7.47783, 4.75956],
              "size": [3, 7, 5],
              "inflate": 0.01,
              "uv": [60, 0]
            }
          ]
        },
        {
          "name": "leg_back_right5",
          "parent": "leg_back_right4",
          "pivot": [-4.05, 7.78146, 7.98943],
          "rotation": [-10, 0, 0],
          "cubes": [
            {
              "origin": [-5.05, 0.82704, 7.51037],
              "size": [2, 8, 2],
              "uv": [0, 40]
            }
          ]
        },
        {
          "name": "leg_back_right6",
          "parent": "leg_back_right5",
          "pivot": [-3.55, 0.76419, 9.50657],
          "rotation": [5, 0, 0],
          "cubes": [
            {
              "origin": [-5.45, 0.00176, 5.47632],
              "size": [3, 1, 4],
              "inflate": 0.01,
              "uv": [81, 81]
            },
            {
              "origin": [-5.25, -0.00093, 4.61402],
              "size": [0, 1, 1],
              "uv": [8, 4]
            },
            {
              "origin": [-3.85, -0.00093, 4.61402],
              "size": [0, 1, 1],
              "uv": [8, 3]
            },
            {
              "origin": [-2.65, -0.00093, 4.61402],
              "size": [0, 1, 1],
              "uv": [8, 2]
            }
          ]
        },
        {
          "name": "leg_back_left4",
          "parent": "leg",
          "pivot": [3.55, 13.96641, 7.52103],
          "rotation": [5, 0, 0],
          "cubes": [
            {
              "origin": [2.05, 7.47783, 4.75956],
              "size": [3, 7, 5],
              "inflate": 0.01,
              "uv": [61, 58]
            }
          ]
        },
        {
          "name": "leg_back_left5",
          "parent": "leg_back_left4",
          "pivot": [4.05, 7.78146, 7.98943],
          "rotation": [-10, 0, 0],
          "cubes": [
            {
              "origin": [3.05, 0.82704, 7.51037],
              "size": [2, 8, 2],
              "uv": [28, 84]
            }
          ]
        },
        {
          "name": "leg_back_left6",
          "parent": "leg_back_left5",
          "pivot": [3.55, 0.76419, 8.50657],
          "rotation": [5, 0, 0],
          "cubes": [
            {
              "origin": [2.45, -0.0854, 5.47252],
              "size": [3, 1, 4],
              "inflate": 0.01,
              "uv": [82, 31]
            },
            {
              "origin": [5.25, -0.08809, 4.61021],
              "size": [0, 1, 1],
              "uv": [8, 5]
            },
            {
              "origin": [3.85, -0.08809, 4.61021],
              "size": [0, 1, 1],
              "uv": [8, 6]
            },
            {
              "origin": [2.65, -0.08809, 4.61021],
              "size": [0, 1, 1],
              "uv": [8, 7]
            }
          ]
        }
      ]
    }
  ]
}
