{
  "format_version": "1.12.0",
  "minecraft:geometry": [
    {
      "description": {
        "identifier": "geometry.guzzlord",
        "texture_width": 2048,
        "texture_height": 1024,
        "visible_bounds_width": 50,
        "visible_bounds_height": 22,
        "visible_bounds_offset": [0, 8, 0]
      },
      "bones": [
        {
          "name": "all",
          "pivot": [0, 0, 0]
        },
        {
          "name": "rotation",
          "parent": "all",
          "pivot": [0, 0, 0],
          "rotation": [0, 180, 0]
        },
        {
          "name": "body",
          "parent": "rotation",
          "pivot": [0, 43.425, -2.47222],
          "cubes": [
            {
              "origin": [-86, 168.75, 36.5],
              "size": [172, 0, 44],
              "uv": [-44, 936]
            },
            {
              "origin": [86, 17, 36.5],
              "size": [0, 152, 44],
              "uv": [936, 676]
            },
            {
              "origin": [-86, 17, 36.5],
              "size": [0, 152, 44],
              "uv": [936, 524]
            },
            {
              "origin": [-86, 30.9, 36.5],
              "size": [172, 0, 44],
              "uv": [-44, 980]
            },
            {
              "origin": [-86, 17, -80.5],
              "size": [172, 152, 161],
              "uv": [0, 0]
            },
            {
              "origin": [-86, 17, 80.5],
              "size": [172, 152, 0],
              "uv": [1420, 872]
            },
            {
              "origin": [26, 11, -11.5],
              "size": [22, 19, 94],
              "uv": [618, 629]
            },
            { "origin": [34, 15, 80.5], "size": [6, 35, 4], "uv": [756, 684] },
            { "origin": [37, 13, 82.5], "size": [0, 35, 12], "uv": [776, 676] },
            {
              "origin": [-11, 11, -11.5],
              "size": [22, 19, 94],
              "uv": [618, 629]
            },
            { "origin": [-3, 15, 80.5], "size": [6, 35, 4], "uv": [756, 684] },
            { "origin": [0, 13, 82.5], "size": [0, 35, 12], "uv": [776, 676] },
            {
              "origin": [-48, 11, -11.5],
              "size": [22, 19, 94],
              "uv": [618, 629]
            },
            { "origin": [-40, 15, 80.5], "size": [6, 35, 4], "uv": [756, 684] },
            {
              "origin": [-37, 13, 82.5],
              "size": [0, 35, 12],
              "uv": [776, 676]
            },
            {
              "origin": [0, 133, -119.5],
              "size": [0, 110, 125],
              "uv": [0, 348]
            },
            {
              "origin": [-86, 17, 36.5],
              "size": [172, 152, 0],
              "uv": [680, 872]
            },
            {
              "origin": [-64, 169, -52.5],
              "size": [128, 27, 133],
              "uv": [0, 313]
            }
          ]
        },
        {
          "name": "wing_small_left",
          "parent": "body",
          "pivot": [-86, 75, -50.5],
          "cubes": [
            {
              "origin": [-112, 59, -50.5],
              "size": [26, 33, 0],
              "uv": [107, 79]
            }
          ]
        },
        {
          "name": "wing_big_left",
          "parent": "body",
          "pivot": [-86, 133, -50.5],
          "cubes": [
            {
              "origin": [-112, 115, -50.5],
              "size": [26, 33, 0],
              "uv": [0, 717]
            }
          ]
        },
        {
          "name": "wing_small_right",
          "parent": "body",
          "pivot": [86, 75, -50.5],
          "cubes": [
            { "origin": [86, 59, -50.5], "size": [26, 33, 0], "uv": [107, 0] }
          ]
        },
        {
          "name": "wing_big_right",
          "parent": "body",
          "pivot": [86, 133, -50.5],
          "cubes": [
            {
              "origin": [86, 115, -50.5],
              "size": [26, 33, 0],
              "uv": [389, 313]
            }
          ]
        },
        {
          "name": "tongue",
          "parent": "body",
          "pivot": [0, 57.61227, -28.66551],
          "cubes": [
            {
              "origin": [-42, 27, -48.5],
              "size": [84, 41, 114],
              "uv": [1024, 869]
            },
            {
              "origin": [-41.5, 68, -34.5],
              "size": [83, 17, 0],
              "uv": [1138, 845]
            },
            {
              "origin": [-42, 68, -18.5],
              "size": [84, 17, 0],
              "uv": [1138, 828]
            },
            {
              "origin": [-41.5, 68, -1.5],
              "size": [83, 17, 0],
              "uv": [1138, 845]
            },
            {
              "origin": [-42, 68, 14.5],
              "size": [84, 17, 0],
              "uv": [1138, 828]
            },
            {
              "origin": [-41.5, 68, 31.5],
              "size": [83, 17, 0],
              "uv": [1138, 845]
            },
            {
              "origin": [-42, 68, 46.5],
              "size": [84, 17, 0],
              "uv": [1138, 828]
            },
            {
              "origin": [-41.5, 68, 65.5],
              "size": [83, 17, 0],
              "pivot": [0, 68, 65.5],
              "rotation": [-45, 0, 0],
              "uv": [1138, 845]
            },
            {
              "origin": [-42, 46, 65.5],
              "size": [84, 17, 0],
              "pivot": [0, 46, 65.5],
              "rotation": [-90, 0, 0],
              "uv": [1138, 828]
            }
          ]
        },
        {
          "name": "tail_1",
          "parent": "body",
          "pivot": [0, 82, -80.5],
          "cubes": [
            {
              "origin": [-64, 26, -160.5],
              "size": [128, 107, 80],
              "uv": [442, 393]
            },
            { "origin": [0, 133, -123], "size": [0, 14, 23], "uv": [141, 718] },
            { "origin": [0, 133, -158], "size": [0, 14, 23], "uv": [141, 718] }
          ]
        },
        {
          "name": "tail_2",
          "parent": "tail_1",
          "pivot": [0, 65, -160.5],
          "cubes": [
            {
              "origin": [-41.5, 29, -238.5],
              "size": [83, 77, 78],
              "uv": [505, 0]
            },
            { "origin": [0, 106, -197], "size": [0, 14, 23], "uv": [858, 450] },
            { "origin": [0, 106, -227], "size": [0, 8, 15], "uv": [0, 28] }
          ]
        },
        {
          "name": "tail_3",
          "parent": "tail_2",
          "pivot": [0, 76, -238.5],
          "cubes": [
            {
              "origin": [-25.5, 35, -285.5],
              "size": [51, 52, 47],
              "uv": [558, 753]
            },
            { "origin": [0, 87, -270], "size": [0, 8, 15], "uv": [0, 28] }
          ]
        },
        {
          "name": "tail_4",
          "parent": "tail_3",
          "pivot": [0, 60.5, -285.5],
          "cubes": [
            {
              "origin": [-16.5, 44, -297.5],
              "size": [33, 33, 21],
              "uv": [389, 387]
            }
          ]
        },
        {
          "name": "tail_5",
          "parent": "tail_4",
          "pivot": [0, 60.5, -297.5],
          "cubes": [
            {
              "origin": [-30.1, 83, -307],
              "size": [0, 28, 18],
              "pivot": [-30.5, 92, -298],
              "rotation": [-45, -45, 0],
              "uv": [36, 61]
            },
            {
              "origin": [41.52868, 76, -296.62868],
              "size": [0, 28, 18],
              "pivot": [41.37868, 106, -286.37868],
              "rotation": [-45, 45, 0],
              "uv": [36, 61]
            },
            {
              "origin": [-30.5, 31, -358.5],
              "size": [61, 61, 61],
              "uv": [0, 595]
            },
            {
              "origin": [-60.25, 66.25, -337],
              "size": [0, 28, 18],
              "pivot": [-43.25, 79, -328],
              "rotation": [0, 0, -90],
              "uv": [36, 61]
            },
            {
              "origin": [-44.5, 48, -337],
              "size": [0, 28, 18],
              "pivot": [-44.5, 62, -328],
              "rotation": [0, -90, -90],
              "uv": [36, 61]
            },
            {
              "origin": [0, 92, -337],
              "size": [0, 28, 18],
              "pivot": [0, 106, -328],
              "rotation": [0, -90, 0],
              "uv": [36, 61]
            },
            { "origin": [0, 92, -337], "size": [0, 28, 18], "uv": [36, 61] },
            {
              "origin": [39.85, -11.75, -297.8],
              "size": [0, 28, 18],
              "pivot": [40.5, 17, -288.5],
              "rotation": [-135, 45, 0],
              "uv": [36, 61]
            },
            {
              "origin": [-39.5, -11.25, -298.3],
              "size": [0, 28, 18],
              "pivot": [-39.5, 17, -288.5],
              "rotation": [-135, -45, 0],
              "uv": [36, 61]
            },
            {
              "origin": [0, 3, -337],
              "size": [0, 28, 18],
              "pivot": [0, 17, -328],
              "rotation": [180, -90, 0],
              "uv": [36, 61]
            },
            {
              "origin": [0, 3, -337],
              "size": [0, 28, 18],
              "pivot": [0, 17, -328],
              "rotation": [180, 0, 0],
              "uv": [36, 61]
            },
            {
              "origin": [39.3, -10.5, -375.2],
              "size": [0, 28, 18],
              "pivot": [38.5, 17, -367.5],
              "rotation": [135, -45, 0],
              "uv": [36, 61]
            },
            {
              "origin": [-39.5, -11, -375.6],
              "size": [0, 28, 18],
              "pivot": [-39.5, 17, -367.5],
              "rotation": [135, 45, 0],
              "uv": [36, 61]
            },
            {
              "origin": [0, 48, -381.5],
              "size": [0, 28, 18],
              "pivot": [0, 62, -372.5],
              "rotation": [90, 0, 90],
              "uv": [36, 61]
            },
            {
              "origin": [0, 63.5, -394],
              "size": [0, 28, 18],
              "pivot": [0, 76, -371],
              "rotation": [90, 0, 0],
              "uv": [36, 61]
            },
            {
              "origin": [-39.79289, 77.5, -377.45711],
              "size": [0, 28, 18],
              "pivot": [-39.79289, 106, -368.20711],
              "rotation": [45, 45, 0],
              "uv": [36, 61]
            },
            {
              "origin": [33.93934, 80.80761, -371.06066],
              "size": [0, 28, 18],
              "pivot": [33.93934, 96.80761, -362.06066],
              "rotation": [45, -45, 0],
              "uv": [36, 61]
            },
            {
              "origin": [44.5, 48, -337],
              "size": [0, 28, 18],
              "pivot": [44.5, 62, -328],
              "rotation": [0, 0, 90],
              "uv": [36, 61]
            },
            {
              "origin": [44.5, 48, -337],
              "size": [0, 28, 18],
              "pivot": [44.5, 62, -328],
              "rotation": [0, -90, 90],
              "uv": [36, 61]
            }
          ]
        },
        {
          "name": "head_small",
          "parent": "body",
          "pivot": [0, 196, 30.5],
          "cubes": [
            {
              "origin": [-17, 196, 13.5],
              "size": [34, 11, 34],
              "uv": [485, 313]
            },
            {
              "origin": [-14, 207, 16.5],
              "size": [28, 13, 28],
              "uv": [250, 473]
            },
            {
              "origin": [-9, 220, 21.5],
              "size": [18, 7, 18],
              "uv": [537, 367]
            },
            { "origin": [-5, 227, 25.5], "size": [10, 7, 10], "uv": [0, 0] },
            { "origin": [-3, 212, 44.5], "size": [6, 16, 6], "uv": [105, 392] },
            { "origin": [0, 228, 44.5], "size": [0, 8, 6], "uv": [30, 29] },
            { "origin": [-20, 212, 27.5], "size": [6, 16, 6], "uv": [0, 392] },
            { "origin": [-20, 228, 30.5], "size": [6, 8, 0], "uv": [36, 25] },
            { "origin": [14, 212, 27.5], "size": [6, 16, 6], "uv": [81, 392] },
            { "origin": [14, 228, 30.5], "size": [6, 8, 0], "uv": [30, 0] },
            { "origin": [-3, 212, 10.5], "size": [6, 16, 6], "uv": [0, 313] },
            { "origin": [0, 228, 10.5], "size": [0, 8, 6], "uv": [27, 11] }
          ]
        },
        {
          "name": "horn_left",
          "parent": "body",
          "pivot": [-24.75, 196, 33.5],
          "rotation": [0, 0, -20],
          "cubes": [
            {
              "origin": [-52, 196, 20],
              "size": [27, 21, 27],
              "uv": [646, 580]
            },
            { "origin": [-49, 217, 20], "size": [24, 21, 27], "uv": [666, 155] }
          ]
        },
        {
          "name": "horn_left_tip",
          "parent": "horn_left",
          "pivot": [-41, 238, 33.5],
          "rotation": [0, 0, 40],
          "cubes": [
            {
              "origin": [-41, 238, 24],
              "size": [16, 30, 19],
              "uv": [754, 580]
            },
            { "origin": [-36, 268, 24], "size": [11, 8, 19], "uv": [848, 413] }
          ]
        },
        {
          "name": "horn_right",
          "parent": "body",
          "pivot": [24.75, 196, 33.5],
          "rotation": [0, 0, 20],
          "cubes": [
            { "origin": [25, 217, 20], "size": [24, 21, 27], "uv": [344, 656] },
            { "origin": [25, 196, 20], "size": [27, 21, 27], "uv": [0, 392] }
          ]
        },
        {
          "name": "horn_right_tip",
          "parent": "horn_right",
          "pivot": [41, 238, 33.5],
          "rotation": [0, 0, -40],
          "cubes": [
            { "origin": [25, 238, 24], "size": [16, 30, 19], "uv": [778, 418] },
            { "origin": [25, 268, 24], "size": [11, 8, 19], "uv": [848, 440] }
          ]
        },
        {
          "name": "arm_right",
          "parent": "body",
          "pivot": [71, 169, 27.25],
          "cubes": [
            { "origin": [57, 169, 13], "size": [29, 50, 29], "uv": [754, 753] },
            { "origin": [86, 209, 27], "size": [5, 9, 0], "uv": [0, 0] }
          ]
        },
        {
          "name": "forearm_right",
          "parent": "arm_right",
          "pivot": [71.5, 219, 27.5],
          "cubes": [
            { "origin": [61, 219, 17], "size": [21, 50, 21], "uv": [214, 755] }
          ]
        },
        {
          "name": "hand_right",
          "parent": "forearm_right",
          "pivot": [71.5, 269, 27.5],
          "cubes": [
            { "origin": [60, 269, 16], "size": [23, 15, 23], "uv": [598, 347] }
          ]
        },
        {
          "name": "finger_right_1",
          "parent": "hand_right",
          "pivot": [71.5, 276.5, 16],
          "cubes": [
            { "origin": [65, 270, -1], "size": [13, 13, 17], "uv": [448, 580] },
            { "origin": [67, 272, -10], "size": [9, 9, 9], "uv": [0, 79] }
          ]
        },
        {
          "name": "finger_right_2",
          "parent": "hand_right",
          "pivot": [83, 276.5, 38.5],
          "cubes": [
            { "origin": [83, 270, 32], "size": [17, 13, 13], "uv": [0, 613] },
            { "origin": [100, 272, 34], "size": [9, 9, 9], "uv": [0, 97] }
          ]
        },
        {
          "name": "finger_right_3",
          "parent": "hand_right",
          "pivot": [60, 276.5, 38.5],
          "cubes": [
            { "origin": [43, 270, 32], "size": [17, 13, 13], "uv": [448, 610] },
            { "origin": [34, 272, 34], "size": [9, 9, 9], "uv": [0, 17] }
          ]
        },
        {
          "name": "arm_left",
          "parent": "body",
          "pivot": [-71, 169, 27.25],
          "cubes": [
            { "origin": [-86, 169, 13], "size": [29, 50, 29], "uv": [0, 313] },
            { "origin": [-91, 209, 27], "size": [5, 9, 0], "uv": [40, 8] }
          ]
        },
        {
          "name": "forearm_left",
          "parent": "arm_left",
          "pivot": [-71.5, 219, 27.5],
          "cubes": [
            { "origin": [-82, 219, 17], "size": [21, 50, 21], "uv": [778, 347] }
          ]
        },
        {
          "name": "hand_left",
          "parent": "forearm_left",
          "pivot": [-71.5, 269, 27.5],
          "cubes": [
            { "origin": [-83, 269, 16], "size": [23, 15, 23], "uv": [501, 719] }
          ]
        },
        {
          "name": "finger_left_1",
          "parent": "hand_left",
          "pivot": [-71.5, 276.5, 16],
          "cubes": [
            { "origin": [-78, 270, -1], "size": [13, 13, 17], "uv": [0, 583] },
            { "origin": [-76, 272, -10], "size": [9, 9, 9], "uv": [87, 313] }
          ]
        },
        {
          "name": "finger_left_2",
          "parent": "hand_left",
          "pivot": [-83, 276.5, 38.5],
          "cubes": [
            {
              "origin": [-100, 270, 32],
              "size": [17, 13, 13],
              "uv": [707, 753]
            },
            { "origin": [-109, 272, 34], "size": [9, 9, 9], "uv": [107, 112] }
          ]
        },
        {
          "name": "finger_left_3",
          "parent": "hand_left",
          "pivot": [-60, 276.5, 38.5],
          "cubes": [
            {
              "origin": [-60, 270, 32],
              "size": [17, 13, 13],
              "uv": [666, 203]
            },
            { "origin": [-43, 272, 34], "size": [9, 9, 9], "uv": [107, 33] }
          ]
        },
        {
          "name": "muncher_left_1",
          "parent": "body",
          "pivot": [-65, 24, 44],
          "cubes": [
            { "origin": [-82, 7, 44], "size": [34, 34, 76], "uv": [590, 237] }
          ]
        },
        {
          "name": "muncher_left_2",
          "parent": "muncher_left_1",
          "pivot": [-65, 24, 120],
          "cubes": [
            { "origin": [-79, 10, 120], "size": [28, 28, 51], "uv": [0, 0] },
            { "origin": [-65, 38, 155], "size": [0, 8, 15], "uv": [0, 28] }
          ]
        },
        {
          "name": "muncher_left_3",
          "parent": "muncher_left_2",
          "pivot": [-65, 24, 171],
          "cubes": [
            {
              "origin": [-76, 13, 171],
              "size": [22, 22, 52],
              "uv": [389, 313]
            },
            { "origin": [-65, 35, 192], "size": [0, 8, 15], "uv": [0, 28] }
          ]
        },
        {
          "name": "muncher_left_head",
          "parent": "muncher_left_3",
          "pivot": [-65, 24, 223.5],
          "cubes": [
            {
              "origin": [-90, 13, 223],
              "size": [50, 38, 57],
              "inflate": 0.1,
              "uv": [0, 717]
            }
          ]
        },
        {
          "name": "muncher_left_jaw",
          "parent": "muncher_left_head",
          "pivot": [-65, 24, 223.5],
          "cubes": [
            { "origin": [-90, 1, 223], "size": [50, 38, 57], "uv": [187, 660] }
          ]
        },
        {
          "name": "muncher_right_1",
          "parent": "body",
          "pivot": [64, 24, 44],
          "cubes": [
            { "origin": [48, 7, 44], "size": [34, 34, 76], "uv": [590, 237] }
          ]
        },
        {
          "name": "muncher_right_2",
          "parent": "muncher_right_1",
          "pivot": [65, 24, 120],
          "cubes": [
            { "origin": [51, 10, 120], "size": [28, 28, 51], "uv": [0, 0] },
            { "origin": [65, 38, 155], "size": [0, 8, 15], "uv": [0, 28] }
          ]
        },
        {
          "name": "muncher_right_3",
          "parent": "muncher_right_2",
          "pivot": [64, 24, 171],
          "cubes": [
            { "origin": [54, 13, 171], "size": [22, 22, 52], "uv": [389, 313] },
            { "origin": [65, 35, 192], "size": [0, 8, 15], "uv": [0, 28] }
          ]
        },
        {
          "name": "muncher_right_head",
          "parent": "muncher_right_3",
          "pivot": [65, 24, 223.5],
          "cubes": [
            {
              "origin": [40, 13, 223],
              "size": [50, 38, 57],
              "inflate": 0.1,
              "uv": [0, 717]
            }
          ]
        },
        {
          "name": "muncher_right_jaw",
          "parent": "muncher_right_head",
          "pivot": [65, 24, 223.5],
          "cubes": [
            { "origin": [40, 1, 223], "size": [50, 38, 57], "uv": [187, 660] }
          ]
        },
        {
          "name": "tusk_right",
          "parent": "body",
          "pivot": [69, 140, 74],
          "cubes": [
            { "origin": [61, 132, 84], "size": [18, 43, 18], "uv": [505, 0] },
            { "origin": [61, 175, 84], "size": [12, 16, 18], "uv": [382, 509] },
            { "origin": [61, 132, 66], "size": [18, 18, 18], "uv": [362, 473] }
          ]
        },
        {
          "name": "tusk_left",
          "parent": "body",
          "pivot": [-69, 140, 74],
          "cubes": [
            {
              "origin": [-79, 132, 84],
              "size": [18, 43, 18],
              "uv": [734, 250]
            },
            {
              "origin": [-79, 132, 66],
              "size": [18, 18, 18],
              "uv": [690, 347]
            },
            { "origin": [-73, 175, 84], "size": [12, 16, 18], "uv": [382, 543] }
          ]
        },
        {
          "name": "eyebrow_right",
          "parent": "body",
          "pivot": [14, 172, 80.5],
          "rotation": [0, -5, 0],
          "cubes": [
            { "origin": [14, 172, 80.5], "size": [63, 48, 0], "uv": [1922, 0] }
          ]
        },
        {
          "name": "eyebrow_left",
          "parent": "body",
          "pivot": [-14, 172, 80.5],
          "rotation": [0, 5, 0],
          "cubes": [
            { "origin": [-77, 172, 80.5], "size": [63, 48, 0], "uv": [1796, 0] }
          ]
        },
        {
          "name": "head",
          "parent": "body",
          "pivot": [0, 43.425, -2.47222],
          "cubes": [
            {
              "origin": [-1, 91.425, -3.47222],
              "size": [2, 2, 2],
              "uv": [1599, 454]
            }
          ]
        },
        {
          "name": "leg_left",
          "parent": "rotation",
          "pivot": [-83, 40, -7],
          "cubes": [
            {
              "origin": [-119, 0, -40],
              "size": [66, 73, 66],
              "uv": [448, 580]
            },
            { "origin": [-131, 0, 20], "size": [12, 12, 0], "uv": [108, 414] },
            { "origin": [-131, 0, -7], "size": [12, 12, 0], "uv": [413, 346] },
            { "origin": [-131, 0, -34], "size": [12, 12, 0], "uv": [389, 346] }
          ]
        },
        {
          "name": "leg_right",
          "parent": "rotation",
          "pivot": [83, 40, -7],
          "cubes": [
            { "origin": [53, 0, -40], "size": [66, 73, 66], "uv": [184, 517] },
            { "origin": [119, 0, 20], "size": [12, 12, 0], "uv": [334, 473] },
            { "origin": [119, 0, -7], "size": [12, 12, 0], "uv": [108, 426] },
            { "origin": [119, 0, -34], "size": [12, 12, 0], "uv": [250, 473] }
          ]
        }
      ]
    }
  ]
}
