{
  "format_version": "1.12.0",
  "minecraft:geometry": [
    {
      "description": {
        "identifier": "geometry.hoppip",
        "texture_width": 64,
        "texture_height": 64,
        "visible_bounds_width": 3,
        "visible_bounds_height": 2.5,
        "visible_bounds_offset": [0, 0.75, 0]
      },
      "bones": [
        {
          "name": "hoppip",
          "pivot": [0, 0, 0]
        },
        {
          "name": "body",
          "parent": "hoppip",
          "pivot": [0, 7, 0]
        },
        {
          "name": "torso",
          "parent": "body",
          "pivot": [0, 3, 5.5],
          "cubes": [
            {
              "origin": [-2.5, 4.75, -5.5],
              "size": [5, 2, 0],
              "inflate": 0.02,
              "uv": [32, 32]
            },
            {
              "origin": [-5.5, 3, -5.5],
              "size": [11, 9, 11],
              "inflate": 0.01,
              "uv": [20, 43]
            }
          ]
        },
        {
          "name": "eyes",
          "parent": "torso",
          "pivot": [-3, 8.25, -5.5],
          "cubes": [
            {
              "origin": [2, 7.25, -5.5],
              "size": [2, 2, 0],
              "inflate": 0.02,
              "uv": [38, 34]
            },
            {
              "origin": [-4, 7.25, -5.5],
              "size": [2, 2, 0],
              "inflate": 0.02,
              "uv": [38, 36]
            }
          ]
        },
        {
          "name": "arm_left",
          "parent": "torso",
          "pivot": [5, 5, -4.5],
          "cubes": [
            { "origin": [5, 4, -5.5], "size": [3, 2, 2], "uv": [0, 32] }
          ]
        },
        {
          "name": "arm_right",
          "parent": "torso",
          "pivot": [-5, 5, -4.5],
          "cubes": [
            { "origin": [-8, 4, -5.5], "size": [3, 2, 2], "uv": [32, 28] }
          ]
        },
        {
          "name": "tail",
          "parent": "torso",
          "pivot": [0, 5, 5.5],
          "cubes": [
            {
              "origin": [-1, 4, 4.5],
              "size": [2, 2, 4],
              "inflate": 0.001,
              "uv": [10, 28]
            }
          ]
        },
        {
          "name": "tail2",
          "parent": "tail",
          "pivot": [0, 4, 8.5],
          "cubes": [{ "origin": [-1, 4, 8.5], "size": [2, 2, 3], "uv": [0, 6] }]
        },
        {
          "name": "ear_left",
          "parent": "torso",
          "pivot": [4.5, 11, 0],
          "cubes": [
            {
              "origin": [4, 9, -2.5],
              "size": [6, 4, 5],
              "pivot": [5.5, 9, 0],
              "rotation": [-10, 0, -52.5],
              "uv": [22, 19]
            },
            {
              "origin": [4.5, 9, -2],
              "size": [5, 0, 4],
              "inflate": 0.01,
              "pivot": [5.5, 9, 0],
              "rotation": [-10, 0, -52.5],
              "uv": [0, 28]
            }
          ]
        },
        {
          "name": "ear_right",
          "parent": "torso",
          "pivot": [-4.5, 11, 0],
          "cubes": [
            {
              "origin": [-10, 9, -2.5],
              "size": [6, 4, 5],
              "pivot": [-5.5, 9, 0],
              "rotation": [-10, 0, 52.5],
              "uv": [0, 19]
            },
            {
              "origin": [-9.5, 9, -2],
              "size": [5, 0, 4],
              "inflate": 0.01,
              "pivot": [-5.5, 9, 0],
              "rotation": [-10, 0, 52.5],
              "uv": [13, 19]
            }
          ]
        },
        {
          "name": "propeller",
          "parent": "torso",
          "pivot": [0, 12, 0]
        },
        {
          "name": "propeller_left",
          "parent": "propeller",
          "pivot": [0, 12, 0],
          "cubes": [
            {
              "origin": [0, 11.35355, -0.64645],
              "size": [0, 2, 2],
              "inflate": 0.01,
              "pivot": [0, 12, 0],
              "rotation": [45, 0, 0],
              "uv": [37, 7]
            },
            { "origin": [0, 12.25, -1], "size": [0, 2, 2], "uv": [0, 37] },
            { "origin": [-0.01, 11.25, -0.5], "size": [0, 3, 1], "uv": [0, 48] }
          ]
        },
        {
          "name": "propeller_left2",
          "parent": "propeller_left",
          "pivot": [0, 14.25, 0],
          "cubes": [
            {
              "origin": [0, 14.25, -1],
              "size": [0, 3, 2],
              "inflate": 0.01,
              "uv": [0, 26]
            },
            {
              "origin": [0, 14.25, -0.2],
              "size": [0, 2, 2],
              "pivot": [0, 15.75, 0.3],
              "rotation": [45, 0, 0],
              "uv": [28, 35]
            },
            {
              "origin": [0, 14.25, -1.8],
              "size": [0, 2, 2],
              "pivot": [0, 15.75, -0.3],
              "rotation": [-45, 0, 0],
              "uv": [24, 35]
            },
            { "origin": [-0.01, 14.25, -0.5], "size": [0, 3, 1], "uv": [0, 54] }
          ]
        },
        {
          "name": "propeller_left3",
          "parent": "propeller_left2",
          "pivot": [0, 17.25, 0],
          "cubes": [
            {
              "origin": [0, 17.25, -1],
              "size": [0, 3, 2],
              "inflate": 0.01,
              "uv": [7, 4]
            },
            {
              "origin": [0, 17.25, -0.2],
              "size": [0, 2, 2],
              "pivot": [0, 18.75, 0.3],
              "rotation": [45, 0, 0],
              "uv": [33, 7]
            },
            {
              "origin": [0, 17.25, -1.8],
              "size": [0, 2, 2],
              "pivot": [0, 18.75, -0.3],
              "rotation": [-45, 0, 0],
              "uv": [30, 26]
            },
            { "origin": [-0.01, 17.25, -0.5], "size": [0, 3, 1], "uv": [0, 43] }
          ]
        },
        {
          "name": "propeller_left4",
          "parent": "propeller_left3",
          "pivot": [0, 20.25, 0],
          "cubes": [
            {
              "origin": [0, 20.25, -1],
              "size": [0, 5, 2],
              "inflate": 0.02,
              "uv": [34, 32]
            },
            {
              "origin": [0, 20.75, -0.2],
              "size": [0, 3, 3],
              "pivot": [0, 22.25, 0.3],
              "rotation": [45, 0, 0],
              "uv": [28, 31]
            },
            {
              "origin": [0, 20.75, -2.8],
              "size": [0, 3, 3],
              "inflate": 0.01,
              "pivot": [0, 22.25, -0.3],
              "rotation": [-45, 0, 0],
              "uv": [22, 31]
            },
            { "origin": [-0.02, 20.25, -0.5], "size": [0, 5, 1], "uv": [4, 48] }
          ]
        },
        {
          "name": "propeller_left5",
          "parent": "propeller_left4",
          "pivot": [0, 25.25, 0],
          "cubes": [
            {
              "origin": [0, 25.25, -1],
              "size": [0, 5, 2],
              "inflate": 0.02,
              "uv": [0, 17]
            },
            {
              "origin": [0, 25.5, -0.2],
              "size": [0, 3, 3],
              "pivot": [0, 27, 0.3],
              "rotation": [45, 0, 0],
              "uv": [16, 31]
            },
            {
              "origin": [0, 25.525, -2.8],
              "size": [0, 3, 3],
              "inflate": 0.01,
              "pivot": [0, 27.025, -0.3],
              "rotation": [-45, 0, 0],
              "uv": [10, 31]
            },
            {
              "origin": [-0.02, 25.25, -0.5],
              "size": [0, 5, 1],
              "uv": [21, 46]
            }
          ]
        },
        {
          "name": "propeller_right",
          "parent": "propeller",
          "pivot": [0, 12, 0],
          "cubes": [
            {
              "origin": [0, 11.35355, -0.64645],
              "size": [0, 2, 2],
              "inflate": 0.01,
              "pivot": [0, 12, 0],
              "rotation": [45, 0, 0],
              "uv": [37, 7],
              "mirror": true
            },
            {
              "origin": [0, 12.25, -1],
              "size": [0, 2, 2],
              "uv": [0, 37],
              "mirror": true
            },
            {
              "origin": [0.02, 11.25, -0.5],
              "size": [0, 3, 1],
              "uv": [0, 48],
              "mirror": true
            }
          ]
        },
        {
          "name": "propeller_right2",
          "parent": "propeller_right",
          "pivot": [0, 14.25, 0],
          "cubes": [
            {
              "origin": [0, 14.25, -1],
              "size": [0, 3, 2],
              "inflate": 0.01,
              "uv": [0, 26],
              "mirror": true
            },
            {
              "origin": [0, 14.25, -0.2],
              "size": [0, 2, 2],
              "pivot": [0, 15.75, 0.3],
              "rotation": [45, 0, 0],
              "uv": [28, 35],
              "mirror": true
            },
            {
              "origin": [0, 14.25, -1.8],
              "size": [0, 2, 2],
              "pivot": [0, 15.75, -0.3],
              "rotation": [-45, 0, 0],
              "uv": [24, 35],
              "mirror": true
            },
            {
              "origin": [0.02, 14.25, -0.5],
              "size": [0, 3, 1],
              "uv": [0, 54],
              "mirror": true
            }
          ]
        },
        {
          "name": "propeller_right3",
          "parent": "propeller_right2",
          "pivot": [0, 17.25, 0],
          "cubes": [
            {
              "origin": [0, 17.25, -1],
              "size": [0, 3, 2],
              "inflate": 0.01,
              "uv": [7, 4],
              "mirror": true
            },
            {
              "origin": [0, 17.25, -0.2],
              "size": [0, 2, 2],
              "pivot": [0, 18.75, 0.3],
              "rotation": [45, 0, 0],
              "uv": [33, 7],
              "mirror": true
            },
            {
              "origin": [0, 17.25, -1.8],
              "size": [0, 2, 2],
              "pivot": [0, 18.75, -0.3],
              "rotation": [-45, 0, 0],
              "uv": [30, 26],
              "mirror": true
            },
            {
              "origin": [0.02, 17.25, -0.5],
              "size": [0, 3, 1],
              "uv": [0, 43],
              "mirror": true
            }
          ]
        },
        {
          "name": "propeller_right4",
          "parent": "propeller_right3",
          "pivot": [0, 20.25, 0],
          "cubes": [
            {
              "origin": [0, 20.25, -1],
              "size": [0, 5, 2],
              "inflate": 0.02,
              "uv": [34, 32],
              "mirror": true
            },
            {
              "origin": [0, 20.75, -0.2],
              "size": [0, 3, 3],
              "pivot": [0, 22.25, 0.3],
              "rotation": [45, 0, 0],
              "uv": [28, 31],
              "mirror": true
            },
            {
              "origin": [0, 20.75, -2.8],
              "size": [0, 3, 3],
              "inflate": 0.01,
              "pivot": [0, 22.25, -0.3],
              "rotation": [-45, 0, 0],
              "uv": [22, 31],
              "mirror": true
            },
            {
              "origin": [0.03, 20.25, -0.5],
              "size": [0, 5, 1],
              "uv": [4, 48],
              "mirror": true
            }
          ]
        },
        {
          "name": "propeller_right5",
          "parent": "propeller_right4",
          "pivot": [0, 25.25, 0],
          "cubes": [
            {
              "origin": [0, 25.25, -1],
              "size": [0, 5, 2],
              "inflate": 0.02,
              "uv": [0, 17],
              "mirror": true
            },
            {
              "origin": [0, 25.5, -0.2],
              "size": [0, 3, 3],
              "pivot": [0, 27, 0.3],
              "rotation": [45, 0, 0],
              "uv": [16, 31],
              "mirror": true
            },
            {
              "origin": [0, 25.525, -2.8],
              "size": [0, 3, 3],
              "inflate": 0.01,
              "pivot": [0, 27.025, -0.3],
              "rotation": [-45, 0, 0],
              "uv": [10, 31],
              "mirror": true
            },
            {
              "origin": [0.03, 25.25, -0.5],
              "size": [0, 5, 1],
              "uv": [21, 46],
              "mirror": true
            }
          ]
        },
        {
          "name": "eyelids",
          "parent": "torso",
          "pivot": [-3, 8.25, -5.4],
          "cubes": [
            {
              "origin": [2, 7.25, -5.4],
              "size": [2, 2, 0],
              "inflate": 0.02,
              "uv": [42, 34]
            },
            {
              "origin": [-4, 7.25, -5.4],
              "size": [2, 2, 0],
              "inflate": 0.02,
              "uv": [42, 36]
            }
          ]
        },
        {
          "name": "leg_left",
          "parent": "body",
          "pivot": [3.5, 3.5, 5.5],
          "cubes": [
            { "origin": [2, -0.5, 4.5], "size": [3, 4, 2], "uv": [0, 0] },
            {
              "origin": [2.5, 1, 6.5],
              "size": [2, 2, 0],
              "inflate": 0.01,
              "uv": [33, 0]
            }
          ]
        },
        {
          "name": "leg_right",
          "parent": "body",
          "pivot": [-3.5, 3.5, 5.5],
          "cubes": [
            { "origin": [-5, -0.5, 4.5], "size": [3, 4, 2], "uv": [22, 28] },
            {
              "origin": [-4.5, 1, 6.5],
              "size": [2, 2, 0],
              "inflate": 0.01,
              "uv": [37, 0]
            }
          ]
        }
      ]
    }
  ]
}
