{
  "head": "head",
  "portraitScale": 3.5,
  "portraitTranslation": [ -1.25, -2.75, 0 ],
  "profileScale": 1,
  "profileTranslation": [ 0, 0.2, 0 ],
  "poses": {
    "battle-idle": {
      "poseName": "battle-idle",
      "transformTicks": 10,
      "poseTypes": ["STAND"],
      "isBattle": true,
      "animations": ["bedrock(terapagos, battle_idle)"],
      "quirks": [
        {
          "name": "blink",
          "animations": ["bedrock(terapagos, blink)"]
        }
      ]
    },
    "standing": {
      "poseName": "standing",
      "transformTicks": 10,
      "poseTypes": ["STAND", "NONE", "PORTRAIT", "PROFILE"],
      "isBattle": false,
      "animations": [
        "look",
        "bedrock(terapagos, ground_idle)"],
        "quirks": [
          {
            "name": "blink",
            "animations": ["bedrock(terapagos, blink)"]
          }
        ]
    },
    "walking": {
      "poseName": "walking",
      "transformTicks": 10,
      "poseTypes": [ "WALK" ],
      "animations": [ 
        "look",
        "bedrock(terapagos, ground_walk)" ],
      "quirks": [
        {
          "name": "blink",
          "animations": ["bedrock(terapagos, blink)"]
        }
      ]
    }
  }
}