{
	"format_version": "1.12.0",
	"minecraft:geometry": [
		{
			"description": {
				"identifier": "geometry.giratinaegg",
				"texture_width": 128,
				"texture_height": 128,
				"visible_bounds_width": 2,
				"visible_bounds_height": 2.5,
				"visible_bounds_offset": [0, 0.75, 0]
			},
			"bones": [
				{
					"name": "giratinaegg",
					"pivot": [0, 0, 0]
				},
				{
					"name": "body",
					"parent": "giratinaegg",
					"pivot": [0, 0, 0],
					"cubes": [
						{"origin": [-7, 0, -7], "size": [14, 14, 14], "uv": [0, 0]},
						{"origin": [7, 9, -7], "size": [1, 1, 14], "uv": [50, 40]},
						{"origin": [7, 4, -7], "size": [1, 1, 14], "uv": [16, 44]},
						{"origin": [-8, 4, -7], "size": [1, 1, 14], "uv": [34, 39]},
						{"origin": [-7, 4, 7], "size": [14, 1, 1], "uv": [32, 55]},
						{"origin": [-7, 9, 7], "size": [14, 1, 1], "uv": [42, 12]},
						{"origin": [-8, 9, -7], "size": [1, 1, 14], "uv": [0, 43]},
						{"origin": [-7, 4, -8], "size": [2, 1, 1], "uv": [8, 0]},
						{"origin": [-7, 9, -8], "size": [2, 1, 1], "uv": [8, 2]},
						{"origin": [5, 4, -8], "size": [2, 1, 1], "uv": [0, 3]},
						{"origin": [5, 9, -8], "size": [2, 1, 1], "uv": [0, 7]},
						{"origin": [-4, 2, -8], "size": [1, 10, 1], "uv": [4, 28]},
						{"origin": [3, 2, -8], "size": [1, 10, 1], "uv": [0, 28]},
						{"origin": [2, 11, -8], "size": [1, 3, 1], "uv": [8, 32]},
						{"origin": [-1, 15, -7], "size": [2, 2, 1], "uv": [0, 0]},
						{"origin": [-5, 17, -6], "size": [10, 1, 1], "uv": [56, 14]},
						{"origin": [5, 17, -5], "size": [1, 1, 10], "uv": [54, 1]},
						{"origin": [-6, 17, -5], "size": [1, 1, 10], "uv": [42, 0]},
						{"origin": [-6, 18, -3], "size": [1, 1, 6], "uv": [0, 7]},
						{"origin": [5, 18, -3], "size": [1, 1, 6], "uv": [0, 0]},
						{"origin": [2, 0, -8], "size": [1, 3, 1], "uv": [8, 28]},
						{"origin": [-3, 0, -8], "size": [1, 3, 1], "uv": [8, 7]},
						{"origin": [-3, 11, -8], "size": [1, 3, 1], "uv": [0, 9]},
						{"origin": [-6, 14, -6], "size": [12, 3, 12], "uv": [0, 28]},
						{"origin": [-5, 17, -5], "size": [10, 1, 10], "uv": [36, 28]}
					]
				},
				{
					"name": "head",
					"parent": "body",
					"pivot": [-0.65543, 34.52143, -16.28374],
					"cubes": [
						{"origin": [-0.65543, 12.52143, -1.28374], "size": [2, 2, 2], "uv": [36, 28]}
					]
				}
			]
		}
	]
}