{
	"format_version": "1.8.0",
	"animations": {
		"animation.greattusk.ground_idle": {
			"loop": true,
			"bones": {
				"head": {
					"rotation": ["7.5+math.sin(q.anim_time*90*1.5-20)*1", "math.sin(q.anim_time*90*0.5-20)*2", 0]
				},
				"ear_left": {
					"rotation": [0, -5, "10-math.sin(q.anim_time*90*1.5-20)*2"]
				},
				"front_plate": {
					"rotation": [0, 0, 0]
				},
				"head_plate": {
					"rotation": ["math.sin(q.anim_time*90*1.5-20)*1", "math.sin(q.anim_time*90*0.5-20)*2", 0]
				},
				"trunk": {
					"rotation": [47.5, 0, 0]
				},
				"trunk2": {
					"rotation": [35, 0, 0]
				},
				"back_plate": {
					"rotation": [0, 0, 0]
				},
				"tail": {
					"rotation": ["-17.5+math.sin(q.anim_time*90*1.5-80)*1", 0, 0]
				},
				"tail2": {
					"rotation": ["35+math.sin(q.anim_time*90*1.5-100)*1.5", "math.sin(q.anim_time*90*0.5-100)*5", 0]
				},
				"ear_left2": {
					"rotation": [0, 0, "-17.5-math.sin(q.anim_time*90*1.5-60)*4"]
				},
				"trunk3": {
					"rotation": [55, 0, 0]
				},
				"ear_right": {
					"rotation": [0, 5, "-10-math.sin(q.anim_time*90*1.5-20)*2"]
				},
				"ear_right2": {
					"rotation": [0, 0, "17.5+math.sin(q.anim_time*90*1.5-60)*4"]
				},
				"tread3": {
					"rotation": [15, 0, 0]
				},
				"tread4": {
					"rotation": [0, 0, 0]
				},
				"tread5": {
					"rotation": [22.5, 0, 0],
					"position": [0, 0, 0]
				},
				"tread6": {
					"rotation": [7.5, 0, 0]
				},
				"eyelid_right": {
					"position": [0, 0, 0]
				},
				"torso_front": {
					"rotation": ["math.sin(q.anim_time*90*1.5)*0.5", 0, 0]
				},
				"tail3": {
					"rotation": ["math.sin(q.anim_time*90*1.5-120)*2", "math.sin(q.anim_time*90*0.5-120)*7", 0]
				},
				"tail4": {
					"rotation": ["25+math.sin(q.anim_time*90*1.5-140)*2.5", "math.sin(q.anim_time*90*0.5-140)*1", 0],
					"position": [-0.1, -2, -3]
				}
			}
		},
		"animation.greattusk.blink": {
			"animation_length": 0.1667,
			"bones": {
				"eyelid_left": {
					"position": {
						"0.0": [0.1, 0, -0.1],
						"0.125": [0.1, 0, -0.1],
						"0.1667": [0, 0, 0]
					}
				},
				"eyelid_right": {
					"position": {
						"0.0": [-0.1, 0, -0.1],
						"0.125": [-0.1, 0, -0.1],
						"0.1667": [0, 0, 0]
					}
				}
			}
		},
		"animation.greattusk.cry": {
			"animation_length": 1.5,
			"bones": {
				"neck": {
					"rotation": {
						"0.0": [0, 0, 0],
						"0.25": [10, 0, 0],
						"1.25": [10, 0, 0],
						"1.5": [0, 0, 0]
					}
				},
				"jaw": {
					"rotation": {
						"0.0": [0, 0, 0],
						"0.25": [17.5, 0, 0],
						"1.25": [17.5, 0, 0],
						"1.5": [0, 0, 0]
					}
				}
			}
		}
	}
}