{
	"format_version": "1.12.0",
	"minecraft:geometry": [
		{
			"description": {
				"identifier": "geometry.xerneassegg",
				"texture_width": 128,
				"texture_height": 128,
				"visible_bounds_width": 5,
				"visible_bounds_height": 2.5,
				"visible_bounds_offset": [0, 0.75, 0]
			},
			"bones": [
				{
					"name": "Mewtwoegg",
					"pivot": [0, 0, 0]
				},
				{
					"name": "body",
					"parent": "Mewtwoegg",
					"pivot": [0, 0, 0],
					"cubes": [
						{"origin": [-7, 0, -7], "size": [14, 13, 14], "uv": [0, 0]},
						{"origin": [-6, 13, -6], "size": [12, 3, 12], "uv": [0, 27]},
						{"origin": [-5, 16, -5], "size": [10, 1, 10], "uv": [36, 27]},
						{"origin": [5, 17, 0], "size": [0, 4, 5], "uv": [0, 4]},
						{"origin": [-5, 17, 0], "size": [0, 4, 5], "uv": [0, 0]}
					]
				},
				{
					"name": "head",
					"parent": "body",
					"pivot": [0, -1, 1],
					"cubes": [
						{"origin": [-1, 8, 0], "size": [2, 2, 2], "uv": [0, 124]}
					]
				}
			]
		}
	]
}