{
	"format_version": "1.12.0",
	"minecraft:geometry": [
		{
			"description": {
				"identifier": "geometry.arcegg",
				"texture_width": 128,
				"texture_height": 128,
				"visible_bounds_width": 3,
				"visible_bounds_height": 3.5,
				"visible_bounds_offset": [0, 1.25, 0]
			},
			"bones": [
				{
					"name": "zekromegg",
					"pivot": [0, 0, 0]
				},
				{
					"name": "body",
					"parent": "zekromegg",
					"pivot": [0, 0, 0],
					"cubes": [
						{"origin": [-7, 0, -7], "size": [14, 13, 14], "uv": [0, 0]},
						{"origin": [-6, 13, -6], "size": [12, 3, 12], "uv": [0, 27]},
						{"origin": [-5, 16, -5], "size": [10, 1, 10], "uv": [36, 27]}
					]
				},
				{
					"name": "tanduk",
					"parent": "body",
					"pivot": [0, 31.98074, 8.46532],
					"rotation": [5, 0, 0],
					"cubes": [
						{"origin": [-3.5, 17.22976, -7.60514], "size": [7, 3, 6], "pivot": [2, 28.7, 2.7], "rotation": [32.5, 0, 0], "uv": [102, 42]},
						{"origin": [-1, 17.87431, -5.37142], "size": [2, 2, 10], "pivot": [0.5, 30.7, 2.7], "rotation": [20, 0, 0], "uv": [103, 78]},
						{"origin": [1, 18.57431, -5.37142], "size": [1, 1, 7], "pivot": [2.5, 30.4, 2.7], "rotation": [20, 0, 0], "uv": [31, 120]},
						{"origin": [-2, 18.57431, -5.37142], "size": [1, 1, 7], "pivot": [-0.5, 30.4, 2.7], "rotation": [20, 0, 0], "uv": [108, 118]},
						{"origin": [-1.5, 17.22976, -4.10514], "size": [3, 3, 7], "pivot": [1, 28.7, 6.2], "rotation": [32.5, 0, 0], "uv": [82, 118]},
						{"origin": [-1.5, 29.13369, -5.54734], "size": [3, 3, 6], "pivot": [2, 32.6, 9.4], "rotation": [77.5, 0, 0], "uv": [0, 119]},
						{"origin": [-2.5, 19.2077, -1.15], "size": [5, 3, 4], "pivot": [2, 31.5, 7.9], "rotation": [25, 0, 0], "uv": [56, 121]},
						{"origin": [-1, 23.51345, 3.9578], "size": [2, 2, 3], "pivot": [2.5, 37.5, 11.6], "rotation": [17.5, 0, 0], "uv": [118, 99]},
						{"origin": [-0.5, 25.39345, 6.8078], "size": [1, 1, 3], "pivot": [2, 38.4, 14.4], "rotation": [17.5, 0, 0], "uv": [88, 37]},
						{"origin": [-1, 13.95267, 13.40708], "size": [2, 7, 2], "pivot": [1, 25.8, 8.3], "rotation": [-47.5, 0, 0], "uv": [0, 43]}
					]
				},
				{
					"name": "head",
					"parent": "body",
					"pivot": [1, 24, 0],
					"cubes": [
						{"origin": [0, 7, -1], "size": [2, 0, 2], "uv": [122, 0]}
					]
				}
			]
		}
	]
}