{
  "format_version": "1.12.0",
  "minecraft:geometry": [
    {
      "description": {
        "identifier": "geometry.gothitelle",
        "texture_width": 128,
        "texture_height": 128,
        "visible_bounds_width": 4,
        "visible_bounds_height": 4.5,
        "visible_bounds_offset": [0, 1.75, 0]
      },
      "bones": [
        {
          "name": "gothitelle",
          "pivot": [0, 0, 0]
        },
        {
          "name": "body",
          "parent": "gothitelle",
          "pivot": [0, 21, -0.5]
        },
        {
          "name": "hips",
          "parent": "body",
          "pivot": [0, 5.5, 2],
          "cubes": [
            { "origin": [-8, 9, -6.5], "size": [16, 2, 17], "uv": [0, 0] },
            { "origin": [-8, 0, -6.5], "size": [16, 9, 1], "uv": [66, 67] },
            { "origin": [-8, 0, 9.5], "size": [16, 9, 1], "uv": [32, 67] },
            { "origin": [7, 0, -5.5], "size": [1, 9, 15], "uv": [0, 57] },
            { "origin": [-7, 5.5, -5.5], "size": [14, 2, 15], "uv": [0, 19] },
            { "origin": [-8, 0, -5.5], "size": [1, 9, 15], "uv": [43, 21] }
          ]
        },
        {
          "name": "hips_bow",
          "parent": "hips",
          "pivot": [0, 7.05, -8.1],
          "cubes": [
            {
              "origin": [-2.49, 3.55, -8.1],
              "size": [3, 7, 5],
              "pivot": [0, 7.05, -8.1],
              "rotation": [-156.80327, 83.85951, -141.90874],
              "uv": [0, 0]
            },
            {
              "origin": [-0.51, 3.55, -8.1],
              "size": [3, 7, 5],
              "pivot": [0, 7.05, -8.1],
              "rotation": [-156.80327, -83.85951, 141.90874],
              "uv": [0, 0],
              "mirror": true
            }
          ]
        },
        {
          "name": "waist",
          "parent": "hips",
          "pivot": [0, 11.05, 0.8],
          "cubes": [
            { "origin": [-6.5, 10, -5.5], "size": [13, 8, 13], "uv": [0, 36] }
          ]
        },
        {
          "name": "waist_bow",
          "parent": "waist",
          "pivot": [0, 15.05, -6.7],
          "cubes": [
            {
              "origin": [-1.49, 12.55, -6.7],
              "size": [2, 5, 4],
              "pivot": [0, 15.05, -6.7],
              "rotation": [127.39455, 83.91725, 142.60545],
              "uv": [0, 19]
            },
            {
              "origin": [-0.51, 12.55, -6.7],
              "size": [2, 5, 4],
              "pivot": [0, 15.05, -6.7],
              "rotation": [127.39455, -83.91725, -142.60545],
              "uv": [0, 19],
              "mirror": true
            }
          ]
        },
        {
          "name": "torso",
          "parent": "waist",
          "pivot": [0, 18.05, 0.05],
          "cubes": [
            { "origin": [-5, 17, -4.5], "size": [10, 8, 9], "uv": [49, 0] }
          ]
        },
        {
          "name": "torso_bow",
          "parent": "torso",
          "pivot": [0, 22.05, -5.7],
          "cubes": [
            {
              "origin": [-1.49, 19.55, -5.7],
              "size": [2, 5, 4],
              "pivot": [0, 22.05, -5.7],
              "rotation": [112.70625, 82.14473, 128.02277],
              "uv": [0, 19]
            },
            {
              "origin": [-0.51, 19.55, -5.7],
              "size": [2, 5, 4],
              "pivot": [0, 22.05, -5.7],
              "rotation": [112.70625, -82.14473, -128.02277],
              "uv": [0, 19],
              "mirror": true
            }
          ]
        },
        {
          "name": "chest",
          "parent": "torso",
          "pivot": [0.25, 25, -0.45],
          "cubes": [
            { "origin": [-3.5, 24, -3.5], "size": [7, 7, 6], "uv": [74, 39] }
          ]
        },
        {
          "name": "chest_bow",
          "parent": "chest",
          "pivot": [0, 28, -4.7],
          "cubes": [
            {
              "origin": [-1.24, 26.25, -4.7],
              "size": [2, 4, 3],
              "pivot": [0.25, 28.75, -4.7],
              "rotation": [103.75504, 80.05611, 119.17743],
              "uv": [43, 19]
            },
            {
              "origin": [-0.76, 26.25, -4.7],
              "size": [2, 4, 3],
              "pivot": [-0.25, 28.75, -4.7],
              "rotation": [103.75504, -80.05611, -119.17743],
              "uv": [43, 19],
              "mirror": true
            }
          ]
        },
        {
          "name": "neck",
          "parent": "chest",
          "pivot": [0, 31, -0.5],
          "cubes": [
            { "origin": [-1, 30.5, -1.5], "size": [2, 3, 2], "uv": [49, 0] }
          ]
        },
        {
          "name": "head",
          "parent": "neck",
          "pivot": [0, 33, -0.5],
          "cubes": [
            {
              "origin": [-5.5, 33, -5.5],
              "size": [11, 10, 10],
              "uv": [42, 47]
            },
            {
              "origin": [0.25, 38, -5.53],
              "size": [5, 1, 0],
              "inflate": 0.02,
              "uv": [0, 16]
            },
            {
              "origin": [-5.25, 38, -5.53],
              "size": [5, 1, 0],
              "inflate": 0.02,
              "uv": [0, 16],
              "mirror": true
            },
            {
              "origin": [5.5, 33.6, -6],
              "size": [10, 1, 11],
              "pivot": [5.5, 34.6, -1.5],
              "rotation": [0, 0, 22],
              "uv": [60, 17],
              "mirror": true
            },
            {
              "origin": [5.5, 41.4, -6],
              "size": [10, 1, 11],
              "pivot": [5.5, 41.4, -1.5],
              "rotation": [0, 0, -22],
              "uv": [60, 17],
              "mirror": true
            },
            {
              "origin": [5.5, 36.2, -6],
              "size": [10, 1, 11],
              "pivot": [5.5, 37.2, -1.5],
              "rotation": [0, 0, 6],
              "uv": [60, 17],
              "mirror": true
            },
            {
              "origin": [5.5, 38.8, -6],
              "size": [10, 1, 11],
              "pivot": [5.5, 38.8, -1.5],
              "rotation": [0, 0, -6],
              "uv": [60, 17],
              "mirror": true
            },
            {
              "origin": [-15.5, 33.6, -6],
              "size": [10, 1, 11],
              "pivot": [-5.5, 34.6, -1.5],
              "rotation": [0, 0, -22],
              "uv": [60, 17]
            },
            {
              "origin": [-15.5, 36.2, -6],
              "size": [10, 1, 11],
              "pivot": [-5.5, 37.2, -1.5],
              "rotation": [0, 0, -6],
              "uv": [60, 17]
            },
            {
              "origin": [-15.5, 38.8, -6],
              "size": [10, 1, 11],
              "pivot": [-5.5, 38.8, -1.5],
              "rotation": [0, 0, 6],
              "uv": [60, 17]
            },
            {
              "origin": [-15.5, 41.4, -6],
              "size": [10, 1, 11],
              "pivot": [-5.5, 41.4, -1.5],
              "rotation": [0, 0, 22],
              "uv": [60, 17]
            },
            {
              "origin": [-2.5, 42.8, -1.25],
              "size": [5, 1, 5],
              "pivot": [0.5, 42.9, 0.75],
              "rotation": [-5, 0, 0],
              "uv": [17, 57]
            },
            {
              "origin": [-1.5, 43.8, 0.25],
              "size": [3, 1, 3],
              "pivot": [0.5, 42.9, 0.75],
              "rotation": [-5, 0, 0],
              "uv": [0, 44]
            },
            {
              "origin": [-1, 44.8, 1],
              "size": [2, 2, 2],
              "pivot": [0.5, 42.9, 0.75],
              "rotation": [-5, 0, 0],
              "uv": [49, 5]
            },
            {
              "origin": [-0.5, 46.8, 1.75],
              "size": [1, 1, 1],
              "pivot": [0.5, 42.9, 0.75],
              "rotation": [-5, 0, 0],
              "uv": [0, 2]
            }
          ]
        },
        {
          "name": "head_bow",
          "parent": "head",
          "pivot": [0, 43.75, 5.2],
          "cubes": [
            {
              "origin": [-1.49, 41.25, 1.2],
              "size": [2, 5, 4],
              "pivot": [0, 43.75, 5.2],
              "rotation": [123.97729, -75.39759, -109.50721],
              "uv": [0, 19]
            },
            {
              "origin": [-0.51, 41.25, 1.2],
              "size": [2, 5, 4],
              "pivot": [0, 43.75, 5.2],
              "rotation": [123.97729, 75.39759, 109.50721],
              "uv": [0, 19],
              "mirror": true
            }
          ]
        },
        {
          "name": "lip_top",
          "parent": "head",
          "pivot": [0, 34.5, -5.5],
          "cubes": [
            {
              "origin": [-1, 34.5, -6.25],
              "size": [2, 1, 1],
              "inflate": 0.01,
              "pivot": [0, 34.5, -5.25],
              "rotation": [-2.5, 0, 0],
              "uv": [8, 19]
            }
          ]
        },
        {
          "name": "lip_bottom",
          "parent": "head",
          "pivot": [0, 34.5, -5.5],
          "cubes": [
            {
              "origin": [-1, 33.7, -6.25],
              "size": [2, 1, 1],
              "pivot": [0, 34.7, -5.25],
              "rotation": [12.5, 0, 0],
              "uv": [11, 3]
            }
          ]
        },
        {
          "name": "eyes",
          "parent": "head",
          "pivot": [0, 0, 0]
        },
        {
          "name": "eye_left",
          "parent": "eyes",
          "pivot": [3, 37.5, -5.51],
          "cubes": [
            { "origin": [1, 36, -5.51], "size": [4, 3, 0], "uv": [50, 19] }
          ]
        },
        {
          "name": "eyelid_left",
          "parent": "eye_left",
          "pivot": [3, 37.475, -5.41],
          "cubes": [
            { "origin": [1, 35.975, -5.41], "size": [4, 3, 0], "uv": [43, 31] }
          ]
        },
        {
          "name": "iris_left",
          "parent": "eye_left",
          "pivot": [2.75, 37.25, -5.52],
          "cubes": [
            { "origin": [1.75, 36.25, -5.52], "size": [2, 2, 0], "uv": [0, 0] }
          ]
        },
        {
          "name": "pupil_left",
          "parent": "iris_left",
          "pivot": [2.75, 37.5, -5.53],
          "cubes": [
            { "origin": [2.25, 37, -5.53], "size": [1, 1, 0], "uv": [3, 2] }
          ]
        },
        {
          "name": "eye_right",
          "parent": "eyes",
          "pivot": [-3, 37.5, -5.51],
          "cubes": [
            {
              "origin": [-5, 36, -5.51],
              "size": [4, 3, 0],
              "uv": [50, 19],
              "mirror": true
            }
          ]
        },
        {
          "name": "eyelid_right",
          "parent": "eye_right",
          "pivot": [-3, 37.475, -5.41],
          "cubes": [
            {
              "origin": [-5, 35.975, -5.41],
              "size": [4, 3, 0],
              "uv": [43, 31],
              "mirror": true
            }
          ]
        },
        {
          "name": "iris_right",
          "parent": "eye_right",
          "pivot": [-2.75, 37.25, -5.52],
          "cubes": [
            {
              "origin": [-3.75, 36.25, -5.52],
              "size": [2, 2, 0],
              "uv": [0, 0],
              "mirror": true
            }
          ]
        },
        {
          "name": "pupil_right",
          "parent": "iris_right",
          "pivot": [-2.75, 37.5, -5.53],
          "cubes": [
            {
              "origin": [-3.25, 37, -5.53],
              "size": [1, 1, 0],
              "uv": [3, 2],
              "mirror": true
            }
          ]
        },
        {
          "name": "arm_left",
          "parent": "chest",
          "pivot": [3.5, 30, -0.5],
          "cubes": [
            { "origin": [3, 28, -1.5], "size": [6, 2, 2], "uv": [0, 12] }
          ]
        },
        {
          "name": "elbow_left",
          "parent": "arm_left",
          "pivot": [9, 28, 0.5],
          "cubes": [
            {
              "origin": [9, 28, -1.5],
              "size": [8, 2, 2],
              "inflate": 0.02,
              "uv": [60, 29]
            }
          ]
        },
        {
          "name": "wrist_left",
          "parent": "elbow_left",
          "pivot": [16, 28.5, 0],
          "cubes": [
            { "origin": [16, 25.5, -4], "size": [2, 7, 7], "uv": [25, 77] }
          ]
        },
        {
          "name": "hand_left",
          "parent": "wrist_left",
          "pivot": [18, 29, -0.5],
          "cubes": [
            { "origin": [17.5, 28, -2], "size": [3, 2, 3], "uv": [43, 26] }
          ]
        },
        {
          "name": "thumb_left",
          "parent": "hand_left",
          "pivot": [19, 30, -2],
          "cubes": [
            {
              "origin": [19, 29, -4],
              "size": [1, 1, 2],
              "inflate": 0.01,
              "uv": [11, 0]
            }
          ]
        },
        {
          "name": "fingers_left",
          "parent": "hand_left",
          "pivot": [20.5, 30, -0.5],
          "cubes": [
            {
              "origin": [20.5, 29, -2],
              "size": [2, 1, 3],
              "inflate": 0.01,
              "uv": [39, 45]
            }
          ]
        },
        {
          "name": "arm_right",
          "parent": "chest",
          "pivot": [-3.5, 30, -0.5],
          "cubes": [
            {
              "origin": [-9, 28, -1.5],
              "size": [6, 2, 2],
              "uv": [0, 12],
              "mirror": true
            }
          ]
        },
        {
          "name": "elbow_right",
          "parent": "arm_right",
          "pivot": [-9, 28, 0.5],
          "cubes": [
            {
              "origin": [-17, 28, -1.5],
              "size": [8, 2, 2],
              "inflate": 0.02,
              "uv": [60, 29],
              "mirror": true
            }
          ]
        },
        {
          "name": "wrist_right",
          "parent": "elbow_right",
          "pivot": [-16, 28.5, 0],
          "cubes": [
            {
              "origin": [-18, 25.5, -4],
              "size": [2, 7, 7],
              "uv": [25, 77],
              "mirror": true
            }
          ]
        },
        {
          "name": "hand_right",
          "parent": "wrist_right",
          "pivot": [-18, 29, -0.5],
          "cubes": [
            {
              "origin": [-20.5, 28, -2],
              "size": [3, 2, 3],
              "uv": [43, 26],
              "mirror": true
            }
          ]
        },
        {
          "name": "thumb_right",
          "parent": "hand_right",
          "pivot": [-19, 30, -2],
          "cubes": [
            {
              "origin": [-20, 29, -4],
              "size": [1, 1, 2],
              "inflate": 0.01,
              "uv": [11, 0],
              "mirror": true
            }
          ]
        },
        {
          "name": "fingers_right",
          "parent": "hand_right",
          "pivot": [-20.5, 30, -0.5],
          "cubes": [
            {
              "origin": [-22.5, 29, -2],
              "size": [2, 1, 3],
              "inflate": 0.01,
              "uv": [39, 45],
              "mirror": true
            }
          ]
        },
        {
          "name": "leg_right",
          "parent": "body",
          "pivot": [3.5, 5.5, 2],
          "cubes": [
            {
              "origin": [2.5, 2, 0.5],
              "size": [2, 5, 3],
              "uv": [0, 36],
              "mirror": true
            }
          ]
        },
        {
          "name": "foot_right",
          "parent": "leg_right",
          "pivot": [3.5, 2, 0.5],
          "cubes": [
            {
              "origin": [2.5, 0, -0.5],
              "size": [2, 2, 4],
              "inflate": 0.01,
              "uv": [0, 28],
              "mirror": true
            }
          ]
        },
        {
          "name": "leg_left",
          "parent": "body",
          "pivot": [-3.5, 5.5, 2],
          "cubes": [
            { "origin": [-4.5, 2, 0.5], "size": [2, 5, 3], "uv": [0, 36] }
          ]
        },
        {
          "name": "foot_left",
          "parent": "leg_left",
          "pivot": [-3.5, 2, 0.5],
          "cubes": [
            {
              "origin": [-4.5, 0, -0.5],
              "size": [2, 2, 4],
              "inflate": 0.01,
              "uv": [0, 28]
            }
          ]
        }
      ]
    }
  ]
}
