{
    "enabled": "true",
    "neededInstalledMods": [],
    "neededUninstalledMods": [],
    "spawns": [
        {
            "id": "accelgor-1",
            "pokemon": "accelgor",
            "presets": [
                "natural"
            ],
            "type": "pokemon",
            "context": "grounded",
            "bucket": "rare",
            "level": "14-37",
            "weight": 2.0,
            "condition": {
                "canSeeSky": true,
                "biomes": [
                    "#minecraft:is_beach"
                ]
            }
        }
    ]
}