{
    "enabled": "true",
    "neededInstalledMods": [],
    "neededUninstalledMods": [],
    "spawns": [
        {
            "id": "spritzee-1",
            "pokemon": "spritzee",
            "presets": [
                "natural",
				"wild"
            ],
            "type": "pokemon",
            "context": "grounded",
            "bucket": "uncommon",
            "level": "5-30",
            "weight": 7.0,
            "condition": {
                "biomes": [
                    "minecraft:dark_forest"
                ]
            }

        }
    ]
}