{
    "enabled": "true",
    "neededInstalledMods": [],
    "neededUninstalledMods": [],
    "spawns": [
        {
            "id": "binacle-1",
            "pokemon": "binacle",
            "presets": [
                "natural"
            ],
            "type": "pokemon",
            "context": "grounded",
            "bucket": "rare",
            "level": "5-30",
            "weight": 6.0,
            "condition": {
                "canSeeSky": true,
                "biomes": [
                    "#minecraft:is_beach"
                ]
            }
        }
    ]
}