{
    "enabled": "true",
    "neededInstalledMods": [],
    "neededUninstalledMods": [],
    "spawns": [
        {
            "id": "rolycoly-1",
            "pokemon": "rolycoly",
            "presets": [
                "natural"
            ],
            "type": "pokemon",
            "context": "grounded",
            "bucket": "uncommon",
            "level": "5-30",
            "weight": 8.0,
            "condition": {
                "canSeeSky": true,
                "biomes": [
                    "#cobblemon:is_cave"
                ]
            }
        }
    ]
}