{
    "enabled": "true",
    "neededInstalledMods": [],
    "neededUninstalledMods": [],
    "spawns": [
        {
            "id": "okidogi-1",
            "pokemon": "okidogi",
            "presets": [
                "natural"
            ],
            "type": "pokemon",
            "context": "grounded",
            "bucket": "ultra-rare",
            "level": "70-80",
            "weight": 0.01,
            "condition": {
                "canSeeSky": true,
                "biomes": [
                    "#minecraft:plains"
                ]
            }
        }
    ]
}