{
    "enabled": "true",
    "neededInstalledMods": [],
    "neededUninstalledMods": [],
    "spawns": [
        {
            "id": "gougingfire-1",
            "pokemon": "gougingfire",
            "presets": [
                "natural"
            ],
            "type": "pokemon",
            "context": "grounded",
            "bucket": "ultra-rare",
            "level": "60-70",
            "weight": 0.01,
            "condition": {
                "canSeeSky": true,
                "biomes": [
                    "minecraft:dark_forest"
                ]
            }
        }
    ]
}