{
	"format_version": "1.12.0",
	"minecraft:geometry": [
		{
			"description": {
				"identifier": "geometry.arcegg",
				"texture_width": 128,
				"texture_height": 128,
				"visible_bounds_width": 3,
				"visible_bounds_height": 3.5,
				"visible_bounds_offset": [0, 1.25, 0]
			},
			"bones": [
				{
					"name": "groudonegg",
					"pivot": [0, 0, 0]
				},
				{
					"name": "body",
					"parent": "groudonegg",
					"pivot": [0, 0, 0],
					"cubes": [
						{"origin": [-7, 0, -7], "size": [14, 13, 14], "uv": [0, 0]},
						{"origin": [-6, 13, -6], "size": [12, 3, 12], "uv": [0, 27]},
						{"origin": [-5, 16, -5], "size": [10, 1, 10], "uv": [36, 27]}
					]
				},
				{
					"name": "duri",
					"parent": "body",
					"pivot": [0, 0, 0]
				},
				{
					"name": "left",
					"parent": "duri",
					"pivot": [8, 1, 1],
					"cubes": [
						{"origin": [7, 5, -1], "size": [4, 3, 2], "uv": [0, 32]},
						{"origin": [7, 10, -1], "size": [4, 3, 2], "uv": [0, 42]},
						{"origin": [7, 0, -1], "size": [4, 3, 2], "uv": [42, 0]}
					]
				},
				{
					"name": "right",
					"parent": "duri",
					"pivot": [8, 1, 1],
					"cubes": [
						{"origin": [-9, 13, -1], "size": [4, 3, 2], "pivot": [-8, 13, 1], "rotation": [0, 0, -180], "uv": [0, 27]},
						{"origin": [-9, 3, -1], "size": [4, 3, 2], "pivot": [-8, 3, 1], "rotation": [0, 0, -180], "uv": [0, 5]},
						{"origin": [-9, 8, -1], "size": [4, 3, 2], "pivot": [-8, 8, 1], "rotation": [0, 0, -180], "uv": [0, 0]}
					]
				},
				{
					"name": "head",
					"parent": "body",
					"pivot": [1, 24, 0],
					"cubes": [
						{"origin": [0, 7, -1], "size": [2, 0, 2], "uv": [122, 0]}
					]
				}
			]
		}
	]
}