{
 "portraitScale": 2,
 "portraitTranslation": [-0.1, 0.3, 0],
 "profileScale": 0.55,
 "profileTranslation": [0, 1, 0],
 "animations": {
   "faint": "q.bedrock_primary('treecko', 'faint', q.curve('one'))",
   "cry": "q.bedrock_stateful('treecko', 'cry')",
   "physical": "q.bedrock_stateful('treecko', 'physical', q.curve('symmetrical_wide'))",
   "special": "q.bedrock_stateful('treecko', 'special', q.curve('symmetrical_wide'))"
 },
 "poses": {
   "battle-standing": {
     "poseTypes": ["STAND"],
     "isBattle": true,
     "animations": [
       "q.look('head')",
       "q.bedrock('treecko', 'battle_idle')"
     ],
     "quirks": ["q.bedrock_quirk('treecko', 'blink')"]
   },
   "standing": {
     "poseTypes": ["STAND", "NONE", "PORTRAIT", "PROFILE"],
     "isBattle": false,
     "animations": [
       "q.look('head')",
       "q.bedrock('treecko', 'ground_idle')"
     ],
     "quirks": [
       "q.bedrock_quirk('treecko', 'blink')"
     ]
   },
   "walking": {
     "poseTypes": ["WALK"],
     "animations": [
       "q.look('head')",
       "q.bedrock('treecko', 'ground_walk')"
     ],
     "quirks": ["q.bedrock_quirk('treecko', 'blink')"]
   },
   "sleep": {
     "poseTypes": ["SLEEP"],
     "animations": ["q.bedrock('treecko', 'sleep')"]
   }
 }
}