{
	"format_version": "1.8.0",
	"animations": {
		"animation.hatenna.blank": {
			"loop": true,
			"animation_length": 2,
			"bones": {
				"left_flaps": {
					"rotation": [0, 0, 45],
					"position": [0.3, 0.3, -0.5]
				},
				"left_flaps_end": {
					"rotation": [0, 0, -22.5]
				},
				"mouth_closed": {
					"position": [0, 0, 3]
				},
				"right_flaps": {
					"rotation": [0, 0, -45],
					"position": [0.3, 0.3, -0.5]
				},
				"right_flaps_end": {
					"rotation": [0, 0, 22.5]
				}
			}
		},
		"animation.hatenna.ground_idle": {
			"loop": true,
			"animation_length": 2,
			"bones": {
				"left_flaps": {
					"rotation": [0, 0, "45+math.sin(query.anim_time*90*2)*4"],
					"position": [0.3, 0.3, -0.5]
				},
				"left_flaps_end": {
					"rotation": [0, 0, "-47.5+math.sin(query.anim_time*90*2)*6"]
				},
				"mouth_closed": {
					"position": [0, 0, 3]
				},
				"right_flaps": {
					"rotation": [0, 0, "-45-math.sin(query.anim_time*90*2)*4"],
					"position": [0.3, 0.3, -0.5]
				},
				"right_flaps_end": {
					"rotation": [0, 0, "47.5-math.sin(query.anim_time*90*2)*6"]
				},
				"hat": {
					"rotation": [0, 0, "-math.sin(query.anim_time*90*2)*4"]
				},
				"hat_segment_2": {
					"rotation": [0, 0, "-math.sin(query.anim_time*90*2)*2"]
				},
				"hat_segment_pony": {
					"rotation": [0, 0, "-math.sin(query.anim_time*90*2)*6"]
				},
				"hair": {
					"rotation": ["math.sin(query.anim_time*90*2)*1", 0, 0]
				}
			}
		},
		"animation.hatenna.ground_walk": {
			"loop": true,
			"animation_length": 2,
			"bones": {
				"left_flaps": {
					"rotation": [0, "math.sin(query.anim_time*90*4)*6", 45],
					"position": [0.3, 0.3, -0.5]
				},
				"left_flaps_end": {
					"rotation": [0, "math.sin(query.anim_time*90*4)*8", -22.5]
				},
				"right_flaps": {
					"rotation": [0, "math.sin(query.anim_time*90*4)*6", -45],
					"position": [0.3, 0.3, -0.5]
				},
				"right_flaps_end": {
					"rotation": [0, "math.sin(query.anim_time*90*4)*8", 22.5]
				},
				"hat": {
					"rotation": ["0-math.sin(query.anim_time*90*4)*2", 0, 0]
				},
				"hat_segment_2": {
					"rotation": ["0-math.sin(query.anim_time*90*4)*6", 0, 0]
				},
				"mouth_closed": {
					"position": [0, 0, 2]
				},
				"left_leg": {
					"rotation": {
						"0.0": {
							"post": [-22.5, 0, 0],
							"lerp_mode": "catmullrom"
						},
						"0.25": {
							"post": [0, 0, 0],
							"lerp_mode": "catmullrom"
						},
						"0.5": {
							"post": [0, 0, 0],
							"lerp_mode": "catmullrom"
						},
						"0.75": {
							"post": [-11.25, 0, 0],
							"lerp_mode": "catmullrom"
						},
						"1.0": {
							"post": [-22.5, 0, 0],
							"lerp_mode": "catmullrom"
						},
						"1.25": {
							"post": [0, 0, 0],
							"lerp_mode": "catmullrom"
						},
						"1.5": {
							"post": [0, 0, 0],
							"lerp_mode": "catmullrom"
						},
						"1.75": {
							"post": [-11.25, 0, 0],
							"lerp_mode": "catmullrom"
						},
						"2.0": {
							"post": [-22.5, 0, 0],
							"lerp_mode": "catmullrom"
						}
					},
					"position": {
						"0.0": {
							"post": [1, 0, -3],
							"lerp_mode": "catmullrom"
						},
						"0.25": {
							"post": [0, 0, -3],
							"lerp_mode": "catmullrom"
						},
						"0.5": {
							"post": [0, 0, 1],
							"lerp_mode": "catmullrom"
						},
						"0.75": {
							"post": [0.5, 0, -1],
							"lerp_mode": "catmullrom"
						},
						"1.0": {
							"post": [1, 0, -3],
							"lerp_mode": "catmullrom"
						},
						"1.25": {
							"post": [0, 0, -3],
							"lerp_mode": "catmullrom"
						},
						"1.5": {
							"post": [0, 0, 1],
							"lerp_mode": "catmullrom"
						},
						"1.75": {
							"post": [0.5, 0, -1],
							"lerp_mode": "catmullrom"
						},
						"2.0": {
							"post": [1, 0, -3],
							"lerp_mode": "catmullrom"
						}
					}
				},
				"right_leg": {
					"rotation": {
						"0.0": {
							"post": [0, 0, 0],
							"lerp_mode": "catmullrom"
						},
						"0.25": {
							"post": [-22.5, 0, 0],
							"lerp_mode": "catmullrom"
						},
						"0.5": {
							"post": [0, 0, 0],
							"lerp_mode": "catmullrom"
						},
						"0.75": {
							"post": [1.41, 0, 0],
							"lerp_mode": "catmullrom"
						},
						"1.0": {
							"post": [0, 0, 0],
							"lerp_mode": "catmullrom"
						},
						"1.25": {
							"post": [-22.5, 0, 0],
							"lerp_mode": "catmullrom"
						},
						"1.5": {
							"post": [0, 0, 0],
							"lerp_mode": "catmullrom"
						},
						"1.75": {
							"post": [1.41, 0, 0],
							"lerp_mode": "catmullrom"
						},
						"2.0": {
							"post": [0, 0, 0],
							"lerp_mode": "catmullrom"
						}
					},
					"position": {
						"0.0": {
							"post": [0, 0, 1],
							"lerp_mode": "catmullrom"
						},
						"0.25": {
							"post": [-1, 0, -3],
							"lerp_mode": "catmullrom"
						},
						"0.5": {
							"post": [0, 0, -3],
							"lerp_mode": "catmullrom"
						},
						"0.75": {
							"post": [0.06, 0, -1],
							"lerp_mode": "catmullrom"
						},
						"1.0": {
							"post": [0, 0, 1],
							"lerp_mode": "catmullrom"
						},
						"1.25": {
							"post": [-1, 0, -3],
							"lerp_mode": "catmullrom"
						},
						"1.5": {
							"post": [0, 0, -3],
							"lerp_mode": "catmullrom"
						},
						"1.75": {
							"post": [0.06, 0, -1],
							"lerp_mode": "catmullrom"
						},
						"2.0": {
							"post": [0, 0, 1],
							"lerp_mode": "catmullrom"
						}
					}
				},
				"hat_segment_pony": {
					"rotation": ["0-math.sin(query.anim_time*90*4)*8", 0, 0]
				}
			}
		},
		"animation.hatenna.sleep": {
			"loop": true,
			"animation_length": 2,
			"bones": {
				"hatenna": {
					"rotation": [0, 0, -85],
					"position": [0, "-0.5+math.sin(query.anim_time*90*2)*0.07", 0]
				},
				"hat": {
					"rotation": [0, 0, -5]
				},
				"hat_segment_2": {
					"rotation": [10, 0, -5]
				},
				"hat_segment_3": {
					"rotation": [5, 0, -5]
				},
				"hat_segment_pony": {
					"rotation": [9.85108, 1.72794, 0.14892]
				},
				"hair": {
					"rotation": [0, 0, 0]
				},
				"left_flaps": {
					"rotation": ["24.1487+math.sin(query.anim_time*90*2)*2", "20.70480+math.sin(query.anim_time*90*2)*2", 76.50717],
					"position": [1, 0, 0]
				},
				"left_flaps_end": {
					"rotation": [0, 0, 45]
				},
				"right_flaps": {
					"rotation": [0, "-math.sin(query.anim_time*90*2)*2", 85]
				},
				"right_flaps_end": {
					"rotation": ["4.1141+math.sin(query.anim_time*90*2)*2", -22.13991, -10.80524],
					"position": [0.2, 0, -0.2]
				},
				"mouth_open": {
					"position": [0, 0, 1]
				},
				"left_leg": {
					"rotation": [0, 0, "30+math.sin(query.anim_time*90*2)*2"],
					"position": [0, 0.4, 0]
				}
			}
		},
		"animation.hatenna.faint": {
			"animation_length": 2,
			"bones": {
				"left_flaps": {
					"rotation": {
						"0.0": {
							"post": [0, 0, 45],
							"lerp_mode": "catmullrom"
						},
						"0.25": {
							"post": [0, 22.5, 45],
							"lerp_mode": "catmullrom"
						},
						"0.5": {
							"post": [-8.42413, -1.54217, 24.28734],
							"lerp_mode": "catmullrom"
						},
						"0.75": {
							"post": [-9.20908, -23.78348, 27.79982],
							"lerp_mode": "catmullrom"
						},
						"0.875": {
							"post": [-8.67719, -13.90434, 26.15927],
							"lerp_mode": "catmullrom"
						},
						"1.0": {
							"post": [-9.20908, -23.78348, 27.79982],
							"lerp_mode": "catmullrom"
						}
					},
					"position": {
						"0.0": {
							"post": [0.3, 0.3, -0.5],
							"lerp_mode": "catmullrom"
						}
					}
				},
				"left_flaps_end": {
					"rotation": {
						"0.0": {
							"post": [0, 0, -22.5],
							"lerp_mode": "catmullrom"
						},
						"0.25": {
							"post": [0, 45, -22.5],
							"lerp_mode": "catmullrom"
						},
						"0.5": {
							"post": [0, 22.5, -22.5],
							"lerp_mode": "catmullrom"
						},
						"0.75": {
							"post": [0, 0, -22.5],
							"lerp_mode": "catmullrom"
						},
						"0.875": {
							"post": [0, 5, -22.5],
							"lerp_mode": "catmullrom"
						},
						"1.0": {
							"post": [0, 0, -22.5],
							"lerp_mode": "catmullrom"
						}
					}
				},
				"mouth_closed": {
					"position": [0, 0, 3]
				},
				"right_flaps": {
					"rotation": {
						"0.0": {
							"post": [0, 0, -45],
							"lerp_mode": "catmullrom"
						},
						"0.25": {
							"post": [0, -22.5, -45],
							"lerp_mode": "catmullrom"
						},
						"0.5": {
							"post": [-8.42413, 1.54217, -24.28734],
							"lerp_mode": "catmullrom"
						},
						"0.75": {
							"post": [-9.20908, 23.78348, -27.79982],
							"lerp_mode": "catmullrom"
						},
						"0.875": {
							"post": [-8.67719, 13.90434, -26.15927],
							"lerp_mode": "catmullrom"
						},
						"1.0": {
							"post": [-9.20908, 23.78348, -27.79982],
							"lerp_mode": "catmullrom"
						}
					},
					"position": {
						"0.0": {
							"post": [0.3, 0.3, -0.5],
							"lerp_mode": "catmullrom"
						}
					}
				},
				"right_flaps_end": {
					"rotation": {
						"0.0": {
							"post": [0, 0, 22.5],
							"lerp_mode": "catmullrom"
						},
						"0.25": {
							"post": [0, -45, 22.5],
							"lerp_mode": "catmullrom"
						},
						"0.5": {
							"post": [0, -22.5, 22.5],
							"lerp_mode": "catmullrom"
						},
						"0.75": {
							"post": [0, 0, 22.5],
							"lerp_mode": "catmullrom"
						},
						"0.875": {
							"post": [0, -5, 22.5],
							"lerp_mode": "catmullrom"
						},
						"1.0": {
							"post": [0, 0, 22.5],
							"lerp_mode": "catmullrom"
						}
					}
				},
				"hatenna": {
					"rotation": {
						"0.0": {
							"post": [0, 0, 0],
							"lerp_mode": "catmullrom"
						},
						"0.5": {
							"post": [-45, 0, 0],
							"lerp_mode": "catmullrom"
						}
					}
				},
				"torso": {
					"rotation": {
						"0.0": {
							"post": [0, 0, 0],
							"lerp_mode": "catmullrom"
						},
						"0.25": {
							"post": [-22.5, 0, 0],
							"lerp_mode": "catmullrom"
						}
					},
					"position": {
						"0.0": {
							"post": [0, 0, 0],
							"lerp_mode": "catmullrom"
						},
						"0.25": {
							"post": [0, 0, 1],
							"lerp_mode": "catmullrom"
						}
					}
				},
				"hat_segment_2": {
					"rotation": {
						"0.0": {
							"post": [0, 0, 0],
							"lerp_mode": "catmullrom"
						},
						"0.5": {
							"post": [22.5, 0, 0],
							"lerp_mode": "catmullrom"
						},
						"0.75": {
							"post": [-22.5, 0, 0],
							"lerp_mode": "catmullrom"
						},
						"1.0": {
							"post": [-22.5, 0, 0],
							"lerp_mode": "catmullrom"
						}
					}
				},
				"hat_segment_3": {
					"rotation": {
						"0.0": {
							"post": [0, 0, 0],
							"lerp_mode": "catmullrom"
						},
						"0.5": {
							"post": [22.5, 0, 0],
							"lerp_mode": "catmullrom"
						},
						"0.75": {
							"post": [-22.5, 0, 0],
							"lerp_mode": "catmullrom"
						},
						"1.0": {
							"post": [-22.5, 0, 0],
							"lerp_mode": "catmullrom"
						}
					}
				},
				"hat_segment_pony": {
					"rotation": {
						"0.0": {
							"post": [0, 0, 0],
							"lerp_mode": "catmullrom"
						},
						"0.5": {
							"post": [22.5, 0, 0],
							"lerp_mode": "catmullrom"
						},
						"0.75": {
							"post": [0, 0, 0],
							"lerp_mode": "catmullrom"
						},
						"0.875": {
							"post": [10, 0, 0],
							"lerp_mode": "catmullrom"
						},
						"1.0": {
							"post": [0, 0, 0],
							"lerp_mode": "catmullrom"
						}
					}
				},
				"left_leg": {
					"rotation": {
						"0.0": {
							"post": [0, 0, 0],
							"lerp_mode": "catmullrom"
						},
						"0.25": {
							"post": [25, 0, 0],
							"lerp_mode": "catmullrom"
						},
						"0.5": {
							"post": [-22.5, 0, 0],
							"lerp_mode": "catmullrom"
						}
					},
					"position": {
						"0.0": {
							"post": [0, 0, 0],
							"lerp_mode": "catmullrom"
						},
						"0.25": {
							"post": [0, 0, 0],
							"lerp_mode": "catmullrom"
						},
						"0.5": {
							"post": [0, -0.3, 0],
							"lerp_mode": "catmullrom"
						}
					}
				},
				"right_leg": {
					"rotation": {
						"0.0": {
							"post": [0, 0, 0],
							"lerp_mode": "catmullrom"
						},
						"0.25": {
							"post": [-22.5, 0, 0],
							"lerp_mode": "catmullrom"
						}
					},
					"position": {
						"0.0": {
							"post": [0, 0, 0],
							"lerp_mode": "catmullrom"
						},
						"0.25": {
							"post": [0, 0, -1],
							"lerp_mode": "catmullrom"
						}
					}
				}
			}
		},
		"animation.hatenna.cry": {
			"animation_length": 2,
			"bones": {
				"torso": {
					"rotation": {
						"0.0": {
							"post": [0, 0, 0],
							"lerp_mode": "catmullrom"
						},
						"0.25": {
							"post": [10, 0, 0],
							"lerp_mode": "catmullrom"
						},
						"0.5": {
							"post": [-10, 0, 0],
							"lerp_mode": "catmullrom"
						},
						"0.5833": {
							"post": [-10.00933, 2.462, -0.43439],
							"lerp_mode": "catmullrom"
						},
						"0.625": {
							"post": [-10, 0, 0],
							"lerp_mode": "catmullrom"
						},
						"0.6667": {
							"post": [-10.00933, -2.462, 0.43439],
							"lerp_mode": "catmullrom"
						},
						"0.7083": {
							"post": [-10, 0, 0],
							"lerp_mode": "catmullrom"
						},
						"0.75": {
							"post": [-10.00933, 2.462, -0.43439],
							"lerp_mode": "catmullrom"
						},
						"0.7917": {
							"post": [-10, 0, 0],
							"lerp_mode": "catmullrom"
						},
						"0.8333": {
							"post": [-10.00933, -2.462, 0.43439],
							"lerp_mode": "catmullrom"
						},
						"0.875": {
							"post": [-10, 0, 0],
							"lerp_mode": "catmullrom"
						},
						"0.9167": {
							"post": [-10.00933, 2.462, -0.43439],
							"lerp_mode": "catmullrom"
						},
						"0.9583": {
							"post": [-10, 0, 0],
							"lerp_mode": "catmullrom"
						},
						"1.0": {
							"post": [-10.00933, -2.462, 0.43439],
							"lerp_mode": "catmullrom"
						},
						"1.25": {
							"post": [0, 0, 0],
							"lerp_mode": "catmullrom"
						}
					}
				},
				"mouth_open": {
					"position": {
						"0.0": [0, 0, 1],
						"0.5": {"pre": [0, 0, 1], "post": [0, 0, 0]},
						"1.25": {"pre": [0, 0, 0], "post": [0, 0, 1]}
					}
				},
				"mouth_closed": {
					"position": {
						"0.0": [0, 0, 0],
						"0.5": {"pre": [0, 0, 0], "post": [0, 0, 1]},
						"1.25": {"pre": [0, 0, 1], "post": [0, 0, 0]}
					}
				}
			}
		}
	}
}