{
    "portraitScale": 0.7,
    "portraitTranslation": [-1.4, 4.7, 0],
    "profileScale": 0.15,
    "profileTranslation": [0, 1.5, 0],
    "animations": {
      "faint": "q.bedrock_primary('lugia_shadow', 'faint', q.curve('one'))",
      "cry": "q.bedrock_stateful('lugia_shadow', 'cry')",
      "physical": "q.bedrock_primary('lugia_shadow', 'physical', q.curve('symmetrical_wide'))",
      "special": "q.bedrock_primary('lugia_shadow', 'special', q.curve('symmetrical_wide'))",
      "status": "q.bedrock_primary('lugia_shadow', 'status', q.curve('symmetrical_wide'))"
    },
    "poses": {
      "battle-standing": {
        "poseTypes": ["STAND"],
        "isBattle": true,
        "animations": ["q.look('head')", "q.bedrock('lugia_shadow', 'battle_idle')"],
        "quirks": ["q.bedrock_quirk('lugia_shadow', 'blink')"]
      },
      "standing": {
        "poseTypes": ["STAND", "NONE", "PORTRAIT", "PROFILE"],
        "isBattle": false,
        "animations": ["q.look('head')", "q.bedrock('lugia_shadow', 'ground_idle')"],
        "quirks": [
          {
            "name": "blink",
            "animations": ["bedrock(lugia_shadow, blink)"]
          }
        ]
      },
      "walking": {
        "poseTypes": ["WALK"],
        "animations": ["q.look('head')", "q.bedrock('lugia_shadow', 'ground_walk')"],
        "quirks": ["q.bedrock_quirk('lugia_shadow', 'blink')"]
      },
      "hover": {
        "poseTypes": ["HOVER"],
        "animations": [
          "q.look('head')",
          "q.bedrock('lugia_shadow', 'air_idle')"
        ],
        "quirks": ["q.bedrock_quirk('lugia_shadow', 'blink')"]
      },
      "fly": {
        "poseTypes": ["FLY"],
        "animations": [
          "q.look('head')",
          "q.bedrock('lugia_shadow', 'air_fly')"
        ],
        "quirks": ["q.bedrock_quirk('lugia_shadow', 'blink')"]
      },
      "float": {
        "poseTypes": ["FLOAT"],
        "animations": ["q.look('head')", "q.bedrock('lugia_shadow', 'water_idle')"],
        "quirks": ["q.bedrock_quirk('lugia_shadow', 'blink')"]
      },
      "swim": {
        "poseTypes": ["SWIM"],
        "animations": ["q.look('head')", "q.bedrock('lugia_shadow', 'water_swim')"],
        "quirks": ["q.bedrock_quirk('lugia_shadow', 'blink')"]
      },
      "sleep": {
        "poseTypes": ["SLEEP"],
        "animations": ["q.bedrock('lugia_shadow', 'sleep')"]
      },
      "shoulder_left": {
        "poseTypes": ["SHOULDER_LEFT"],
        "animations": ["q.look('head')", "q.bedrock('lugia_shadow', 'shoulder_left')"],
        "quirks": ["q.bedrock_quirk('lugia_shadow', 'blink')"]
      },
      "shoulder_right": {
        "poseTypes": ["SHOULDER_RIGHT"],
        "animations": [
          "q.look('head')",
          "q.bedrock('lugia_shadow', 'shoulder_right')"
        ],
        "quirks": ["q.bedrock_quirk('lugia_shadow', 'blink')"]
      }
    }
  }
  