{
	"format_version": "1.12.0",
	"minecraft:geometry": [
		{
			"description": {
				"identifier": "geometry.burmy_trash",
				"texture_width": 32,
				"texture_height": 32,
				"visible_bounds_width": 2,
				"visible_bounds_height": 2.5,
				"visible_bounds_offset": [0, 0.75, 0]
			},
			"bones": [
				{
					"name": "burmy_trash",
					"pivot": [0, -3, -1]
				},
				{
					"name": "head",
					"parent": "burmy_trash",
					"pivot": [0, 7, -1]
				},
				{
					"name": "base",
					"parent": "head",
					"pivot": [0, 7, -1],
					"cubes": [
						{"origin": [-3, 7, -2], "size": [6, 5, 5], "uv": [0, 0]}
					]
				},
				{
					"name": "second",
					"parent": "head",
					"pivot": [0, 7, -1],
					"cubes": [
						{"origin": [-1.95, 11.675, -1.4], "size": [4, 2, 4], "uv": [0, 10]}
					]
				},
				{
					"name": "third",
					"parent": "head",
					"pivot": [0.175, 9, -1],
					"cubes": [
						{"origin": [-1.05, 13, -1.075], "size": [3, 2, 3], "uv": [16, 10]}
					]
				},
				{
					"name": "fourth",
					"parent": "head",
					"pivot": [0, 7, -1],
					"cubes": [
						{"origin": [-0.1, 14.25, -0.625], "size": [2, 2, 2], "uv": [0, 16]}
					]
				},
				{
					"name": "topper",
					"parent": "head",
					"pivot": [0, 7, -1],
					"cubes": [
						{"origin": [0.675, 16.375, -0.075], "size": [1, 2, 1], "pivot": [0.875, 17.3, 0.35], "rotation": [0, 0, 21.5], "uv": [0, 22]}
					]
				},
				{
					"name": "mouth",
					"parent": "head",
					"pivot": [0, 7, -1],
					"cubes": [
						{"origin": [0, 7.025, -3.95], "size": [0, 3, 2], "uv": [9, 16]}
					]
				},
				{
					"name": "body",
					"parent": "burmy_trash",
					"pivot": [0, -3, -1]
				},
				{
					"name": "body_1",
					"parent": "body",
					"pivot": [0, -3, -1],
					"cubes": [
						{"origin": [-2.475, 4.625, -1.525], "size": [5, 3, 4], "inflate": 0.2, "uv": [14, 16]}
					]
				},
				{
					"name": "body_2",
					"parent": "body",
					"pivot": [0, -3, -1],
					"cubes": [
						{"origin": [-2, 2.625, -1.55], "size": [4, 2, 4], "uv": [16, 26]}
					]
				},
				{
					"name": "body_3",
					"parent": "body",
					"pivot": [0, -3, -1],
					"cubes": [
						{"origin": [-1, 1, -0.525], "size": [2, 2, 2], "uv": [9, 28]}
					]
				},
				{
					"name": "arms",
					"parent": "body",
					"pivot": [0, -3, -1]
				},
				{
					"name": "arm_1",
					"parent": "arms",
					"pivot": [0, -3, -1],
					"cubes": [
						{"origin": [-1.79168, 3.37181, -4.47355], "size": [0, 3, 3], "pivot": [-1.66668, 4.57181, -2.69855], "rotation": [-27.86209, 39.41537, -3.32795], "uv": [24, 2]}
					]
				},
				{
					"name": "arm_2",
					"parent": "arms",
					"pivot": [0, -3, -1],
					"cubes": [
						{"origin": [1.79168, 3.37181, -4.47355], "size": [0, 3, 3], "pivot": [1.66668, 4.57181, -2.69855], "rotation": [-27.86209, -39.41537, 3.32795], "uv": [24, 2], "mirror": true}
					]
				},
				{
					"name": "tail",
					"parent": "body",
					"pivot": [0, -3, -1]
				},
				{
					"name": "tail_1",
					"parent": "tail",
					"pivot": [0, -3, -1],
					"cubes": [
						{"origin": [-1.45259, -0.75275, 0.4], "size": [2, 2, 0], "pivot": [-0.30259, 0.09725, 0.4], "rotation": [0, 0, -15.75], "uv": [22, 1]}
					]
				},
				{
					"name": "tail_2",
					"parent": "tail",
					"pivot": [0, -3, -1],
					"cubes": [
						{"origin": [-0.54741, -0.75275, 0.4], "size": [2, 2, 0], "pivot": [0.30259, 0.09725, 0.4], "rotation": [0, 0, 15.75], "uv": [22, 1], "mirror": true}
					]
				},
				{
					"name": "tail_3",
					"parent": "tail",
					"pivot": [-0.41233, 0.2509, 0.4],
					"rotation": [0, 0, 30],
					"cubes": [
						{"origin": [-1.44741, -0.70275, 0.4], "size": [2, 2, 0], "pivot": [-0.59741, 0.14725, 0.4], "rotation": [0, 0, 15.75], "uv": [22, 1], "mirror": true}
					]
				}
			]
		}
	]
}