{
	"species": "cobblemon:zekrom",
	"order": 0,
	"variations": [
		{
			"aspects": [],
			"poser": "cobblemon:zekrom",
			"model": "cobblemon:zekrom.geo",
			"texture": "cobblemon:textures/pokemon/zekrom/zekrom.png",
			"layers": [
        {
              "name": "emissive",
              "emissive": true,
              "texture": "cobblemon:textures/pokemon/zekrom/zekrom_emissive.png",
              "translucent": true
        }
      ]
		},
		{
			"aspects": [ "shiny" ],
			"texture": "cobblemon:textures/pokemon/zekrom/zekrom_shiny.png"
		}
	]
}