{
	"format_version": "1.12.0",
	"minecraft:geometry": [
		{
			"description": {
				"identifier": "geometry.basculin_redstripe",
				"texture_width": 64,
				"texture_height": 64,
				"visible_bounds_width": 4,
				"visible_bounds_height": 2.5,
				"visible_bounds_offset": [0, 0.75, 0]
			},
			"bones": [
				{
					"name": "basculin",
					"pivot": [0, 0, 0]
				},
				{
					"name": "body",
					"parent": "basculin",
					"pivot": [0, 1, 0]
				},
				{
					"name": "torso",
					"parent": "body",
					"pivot": [0, 7.5, -3.5],
					"cubes": [
						{"origin": [-4, 1, -4.5], "size": [8, 14, 10], "uv": [0, 0]},
						{"origin": [0, 14, -4.9], "size": [0, 6, 10], "pivot": [0, 18.25, 1.25], "rotation": [-2.5, 0, 0], "uv": [0, 30]}
					]
				},
				{
					"name": "head",
					"parent": "torso",
					"pivot": [0, 8.5, -4],
					"rotation": [12.5, 0, 0],
					"cubes": [
						{"origin": [-3.5, 7.5, -11], "size": [7, 7, 9], "uv": [27, 16]},
						{"origin": [-3.15, 7, -9.25], "size": [0, 1, 1], "pivot": [-3.15, 7.5, -8.75], "rotation": [45, -10, 0], "uv": [8, 7]},
						{"origin": [-2.55, 7, -10.65], "size": [0, 1, 1], "pivot": [-2.55, 7.5, -10.15], "rotation": [45, -37.5, 0], "uv": [8, 6]},
						{"origin": [-1.2, 7, -11.25], "size": [0, 1, 1], "pivot": [-1.2, 7.5, -10.75], "rotation": [0, -85, 45], "uv": [8, 5]},
						{"origin": [3.15, 7, -9.25], "size": [0, 1, 1], "pivot": [3.15, 7.5, -8.75], "rotation": [45, 10, 0], "uv": [8, 4]},
						{"origin": [2.55, 7, -10.65], "size": [0, 1, 1], "pivot": [2.55, 7.5, -10.15], "rotation": [45, 37.5, 0], "uv": [8, 3]},
						{"origin": [1.2, 7, -11.25], "size": [0, 1, 1], "pivot": [1.2, 7.5, -10.75], "rotation": [0, 85, -45], "uv": [8, 2]},
						{"origin": [3.535, 6.5, -7.05], "size": [0, 2, 2], "pivot": [3.525, 7.5, -6.05], "rotation": [-45, 0, 0], "uv": [30, 6]},
						{"origin": [-3.535, 6.5, -7.05], "size": [0, 2, 2], "pivot": [-3.525, 7.5, -6.05], "rotation": [-45, 0, 0], "uv": [26, 6]}
					]
				},
				{
					"name": "eye_right",
					"parent": "head",
					"pivot": [-3.5, 10, -8.25],
					"rotation": [-5, 0, 0],
					"cubes": [
						{"origin": [-3.51, 8, -9.75], "size": [1, 5, 3], "inflate": 0.02, "uv": [48, 48]},
						{"origin": [-3.515, 8.5, -9.25], "size": [0, 3, 2], "inflate": 0.02, "uv": [24, 30]}
					]
				},
				{
					"name": "pupil_right",
					"parent": "eye_right",
					"pivot": [-3.5175, 10, -8.25],
					"cubes": [
						{"origin": [-3.5175, 9.5, -8.75], "size": [0, 1, 1], "inflate": 0.02, "uv": [0, 24]}
					]
				},
				{
					"name": "eyelid_right",
					"parent": "eye_right",
					"pivot": [-3.4, 10, -8.25],
					"cubes": [
						{"origin": [-3.41, 7.99952, -9.74681], "size": [1, 5, 3], "inflate": 0.03, "uv": [18, 43]}
					]
				},
				{
					"name": "eye_left",
					"parent": "head",
					"pivot": [3.5, 10, -8.25],
					"rotation": [-5, 0, 0],
					"cubes": [
						{"origin": [2.51, 8, -9.75], "size": [1, 5, 3], "inflate": 0.02, "uv": [0, 25]},
						{"origin": [3.515, 8.5, -9.25], "size": [0, 3, 2], "inflate": 0.02, "uv": [5, 23]}
					]
				},
				{
					"name": "pupil_left",
					"parent": "eye_left",
					"pivot": [3.5175, 10, -8.25],
					"cubes": [
						{"origin": [3.5175, 9.5, -8.75], "size": [0, 1, 1], "inflate": 0.02, "uv": [8, 8]}
					]
				},
				{
					"name": "eyelid_left",
					"parent": "eye_left",
					"pivot": [3.4, 10, -8.25],
					"cubes": [
						{"origin": [2.41, 7.99952, -9.74681], "size": [1, 5, 3], "inflate": 0.03, "uv": [0, 0]}
					]
				},
				{
					"name": "jaw",
					"parent": "head",
					"pivot": [0, 6.25, -4.3],
					"rotation": [-20, 0, 0],
					"cubes": [
						{"origin": [-3.5, 1.25, -12.3], "size": [7, 5, 10], "inflate": 0.01, "uv": [0, 25]},
						{"origin": [3.525, 5, -6.1], "size": [0, 2, 2], "pivot": [3.525, 6, -5.1], "rotation": [-45, 0, 0], "uv": [4, 6]},
						{"origin": [-3.525, 5, -6.1], "size": [0, 2, 2], "pivot": [-3.525, 6, -5.1], "rotation": [-45, 0, 0], "uv": [0, 6]},
						{"origin": [-1.95, 5.75, -11.75], "size": [0, 1, 1], "pivot": [-1.95, 6.25, -11.25], "rotation": [-45, -75, 0], "uv": [7, 1]},
						{"origin": [-3.1, 5.75, -10.6], "size": [0, 1, 1], "pivot": [-3.1, 6.25, -10.1], "rotation": [-45, -17.5, 0], "uv": [7, 0]},
						{"origin": [-3.3, 5.75, -8.55], "size": [0, 1, 1], "pivot": [-3.3, 6.25, -8.05], "rotation": [-45, 0, 0], "uv": [5, 1]},
						{"origin": [1.95, 5.75, -11.75], "size": [0, 1, 1], "pivot": [1.95, 6.25, -11.25], "rotation": [-45, 75, 0], "uv": [5, 0]},
						{"origin": [3.1, 5.75, -10.6], "size": [0, 1, 1], "pivot": [3.1, 6.25, -10.1], "rotation": [-45, 17.5, 0], "uv": [0, 1]},
						{"origin": [3.3, 5.75, -8.55], "size": [0, 1, 1], "pivot": [3.3, 6.25, -8.05], "rotation": [-45, 0, 0], "uv": [0, 0]}
					]
				},
				{
					"name": "fin_left",
					"parent": "torso",
					"pivot": [4, 7, -3],
					"cubes": [
						{"origin": [4, 3, -3], "size": [13, 8, 0], "uv": [36, 8]}
					]
				},
				{
					"name": "fin_right",
					"parent": "torso",
					"pivot": [-4, 7, -3],
					"cubes": [
						{"origin": [-17, 3, -3], "size": [13, 8, 0], "uv": [26, 0]}
					]
				},
				{
					"name": "tail",
					"parent": "torso",
					"pivot": [0, 7.25, 4.5],
					"cubes": [
						{"origin": [0, -3.5, 4.75], "size": [0, 6, 6], "pivot": [0, -0.5, 6.25], "rotation": [32.5, 0, 0], "uv": [44, 26]},
						{"origin": [-2.5, 2.25, 2.5], "size": [5, 11, 7], "uv": [27, 33]},
						{"origin": [0, 10, 6.5], "size": [0, 6, 7], "pivot": [0, 15, 9], "rotation": [-45, 0, 0], "uv": [18, 44]}
					]
				},
				{
					"name": "tail_fin",
					"parent": "tail",
					"pivot": [0, 6.25, 9.5],
					"cubes": [
						{"origin": [0, 1.75, 8.5], "size": [0, 9, 9], "uv": [0, 37]}
					]
				}
			]
		}
	]
}