{
	"format_version": "1.12.0",
	"minecraft:geometry": [
		{
			"description": {
				"identifier": "geometry.basculin_redstripe",
				"texture_width": 64,
				"texture_height": 64,
				"visible_bounds_width": 4,
				"visible_bounds_height": 2.5,
				"visible_bounds_offset": [0, 0.75, 0]
			},
			"bones": [
				{
					"name": "basculin",
					"pivot": [0, 0, 0]
				},
				{
					"name": "body",
					"parent": "basculin",
					"pivot": [0, 1, 0]
				},
				{
					"name": "torso",
					"parent": "body",
					"pivot": [0, 7.5, -3.5],
					"cubes": [
						{"origin": [-4, 1, -4.5], "size": [8, 14, 10], "uv": [0, 0]},
						{"origin": [0, 14, -4.9], "size": [0, 6, 10], "pivot": [0, 18.25, 1.25], "rotation": [-2.5, 0, 0], "uv": [0, 30]}
					]
				},
				{
					"name": "head",
					"parent": "torso",
					"pivot": [0, 8, -4.25],
					"rotation": [-2.5, 0, 0],
					"cubes": [
						{"origin": [-3.5, 7, -11.25], "size": [7, 7, 9], "uv": [0, 24]},
						{"origin": [-1.5, 6, -11.25], "size": [3, 1, 0], "uv": [0, 8]},
						{"origin": [-3.15, 6.5, -9.5], "size": [0, 1, 1], "pivot": [-3.15, 7, -9], "rotation": [45, -10, 0], "uv": [8, 5]},
						{"origin": [-2.55, 6.5, -10.9], "size": [0, 1, 1], "pivot": [-2.55, 7, -10.4], "rotation": [45, -37.5, 0], "uv": [8, 4]},
						{"origin": [-1.2, 6.5, -11.5], "size": [0, 1, 1], "pivot": [-1.2, 7, -11], "rotation": [0, -85, 45], "uv": [4, 8]},
						{"origin": [3.15, 6.5, -9.5], "size": [0, 1, 1], "pivot": [3.15, 7, -9], "rotation": [45, 10, 0], "uv": [7, 1]},
						{"origin": [2.55, 6.5, -10.9], "size": [0, 1, 1], "pivot": [2.55, 7, -10.4], "rotation": [45, 37.5, 0], "uv": [6, 7]},
						{"origin": [1.2, 6.5, -11.5], "size": [0, 1, 1], "pivot": [1.2, 7, -11], "rotation": [0, 85, -45], "uv": [0, 8]}
					]
				},
				{
					"name": "eye_left",
					"parent": "head",
					"pivot": [3.5, 9.75, -8.5],
					"rotation": [-5, 0, 0],
					"cubes": [
						{"origin": [2.51, 7.75, -10], "size": [1, 5, 3], "inflate": 0.02, "uv": [48, 46]},
						{"origin": [3.515, 8.25, -9.5], "size": [0, 3, 2], "inflate": 0.02, "uv": [23, 22]}
					]
				},
				{
					"name": "pupil_left",
					"parent": "eye_left",
					"pivot": [3.5175, 9.75, -8.5],
					"cubes": [
						{"origin": [3.5175, 9.25, -9], "size": [0, 1, 1], "inflate": 0.02, "uv": [0, 1]}
					]
				},
				{
					"name": "eyelid_left",
					"parent": "eye_left",
					"pivot": [3.4, 9.75, -8.5],
					"cubes": [
						{"origin": [2.41, 7.74952, -9.99681], "size": [1, 5, 3], "inflate": 0.03, "uv": [26, 0]}
					]
				},
				{
					"name": "eye_right",
					"parent": "head",
					"pivot": [-3.5, 9.75, -8.5],
					"rotation": [-5, 0, 0],
					"cubes": [
						{"origin": [-3.51, 7.75, -10], "size": [1, 5, 3], "inflate": 0.02, "uv": [0, 24]},
						{"origin": [-3.515, 8.25, -9.5], "size": [0, 3, 2], "inflate": 0.02, "uv": [5, 22]}
					]
				},
				{
					"name": "pupil_right",
					"parent": "eye_right",
					"pivot": [-3.5175, 9.75, -8.5],
					"cubes": [
						{"origin": [-3.5175, 9.25, -9], "size": [0, 1, 1], "inflate": 0.02, "uv": [0, 0]}
					]
				},
				{
					"name": "eyelid_right",
					"parent": "eye_right",
					"pivot": [-3.4, 9.75, -8.5],
					"cubes": [
						{"origin": [-3.41, 7.74952, -9.99681], "size": [1, 5, 3], "inflate": 0.03, "uv": [0, 0]}
					]
				},
				{
					"name": "jaw",
					"parent": "head",
					"pivot": [0, 7, -3.8],
					"rotation": [7.5, 0, 0],
					"cubes": [
						{"origin": [-3.5, 2, -10.8], "size": [7, 4, 9], "inflate": 0.01, "uv": [27, 15]},
						{"origin": [-1, 5.5, -10.825], "size": [2, 1, 0], "inflate": 0.01, "uv": [5, 0]},
						{"origin": [3.525, 6, -6.75], "size": [0, 3, 2], "uv": [27, 26]},
						{"origin": [-3.525, 6, -6.75], "size": [0, 3, 2], "uv": [23, 25]},
						{"origin": [-1.95, 5.5, -11], "size": [0, 1, 1], "pivot": [-1.95, 6, -10.5], "rotation": [-45, -75, 0], "uv": [2, 8]},
						{"origin": [-3.1, 5.5, -9.85], "size": [0, 1, 1], "pivot": [-3.1, 6, -9.35], "rotation": [-45, -17.5, 0], "uv": [8, 2]},
						{"origin": [-3.3, 5.5, -7.8], "size": [0, 1, 1], "pivot": [-3.3, 6, -7.3], "rotation": [-45, 0, 0], "uv": [8, 3]},
						{"origin": [1.95, 5.5, -11], "size": [0, 1, 1], "pivot": [1.95, 6, -10.5], "rotation": [-45, 75, 0], "uv": [5, 0]},
						{"origin": [3.1, 5.5, -9.85], "size": [0, 1, 1], "pivot": [3.1, 6, -9.35], "rotation": [-45, 17.5, 0], "uv": [5, 1]},
						{"origin": [3.3, 5.5, -7.8], "size": [0, 1, 1], "pivot": [3.3, 6, -7.3], "rotation": [-45, 0, 0], "uv": [7, 0]}
					]
				},
				{
					"name": "fin_left",
					"parent": "torso",
					"pivot": [4, 7, -3],
					"cubes": [
						{"origin": [4, 1, -3], "size": [8, 12, 0], "uv": [18, 46]}
					]
				},
				{
					"name": "fin_right",
					"parent": "torso",
					"pivot": [-4, 7, -3],
					"cubes": [
						{"origin": [-12, 1, -3], "size": [8, 12, 0], "uv": [36, 0]}
					]
				},
				{
					"name": "tail",
					"parent": "torso",
					"pivot": [0, 7.25, 4.5],
					"cubes": [
						{"origin": [0, -5, 5.25], "size": [0, 8, 5], "pivot": [0, 0, 5.75], "rotation": [32.5, 0, 0], "uv": [34, 47]},
						{"origin": [-2.5, 2.25, 2.5], "size": [5, 11, 7], "uv": [32, 28]},
						{"origin": [0, 10.5, 6.75], "size": [0, 6, 7], "pivot": [0, 15.5, 9.25], "rotation": [-45, 0, 0], "uv": [34, 39]}
					]
				},
				{
					"name": "tail_fin",
					"parent": "tail",
					"pivot": [0, 6.25, 9.5],
					"cubes": [
						{"origin": [0, 1.75, 8.5], "size": [0, 9, 9], "uv": [0, 37]}
					]
				}
			]
		}
	]
}