{
  "format_version": "1.12.0",
  "minecraft:geometry": [
    {
      "description": {
        "identifier": "geometry.scovillain",
        "texture_width": 64,
        "texture_height": 64,
        "visible_bounds_width": 3,
        "visible_bounds_height": 2.5,
        "visible_bounds_offset": [0, 0.75, 0]
      },
      "bones": [
        {
          "name": "all",
          "pivot": [0, 0, 0]
        },
        {
          "name": "neck_left",
          "parent": "all",
          "pivot": [1, 13, 0],
          "cubes": [
            { "origin": [0.5, 13, 0], "size": [3, 8, 0], "uv": [0, 39] },
            { "origin": [0.5, 18.5, -2.5], "size": [3, 0, 5], "uv": [11, 28] }
          ]
        },
        {
          "name": "head_left",
          "parent": "neck_left",
          "pivot": [3.5, 18.5, 0],
          "cubes": [
            { "origin": [3.5, 15, -3.5], "size": [7, 7, 7], "uv": [0, 0] },
            { "origin": [8.5, 15, 3.5], "size": [2, 7, 0], "uv": [48, 14] },
            { "origin": [8.5, 15, -3.5], "size": [2, 7, 0], "uv": [52, 14] },
            { "origin": [8.5, 18, -1.5], "size": [3, 1, 3], "uv": [20, 45] },
            { "origin": [9.5, 15, -3.5], "size": [1, 0, 7], "uv": [49, 14] },
            { "origin": [8.5, 22, -3.5], "size": [2, 0, 7], "uv": [53, 7] },
            { "origin": [9.5, 15, -3.5], "size": [0, 7, 7], "uv": [32, 37] },
            { "origin": [10.25, 17, -1.5], "size": [0, 1, 3], "uv": [0, 59] }
          ]
        },
        {
          "name": "jaw_green",
          "parent": "head_left",
          "pivot": [9.5, 15, 0],
          "cubes": [
            { "origin": [8.5, 14, -1.5], "size": [3, 1, 3], "uv": [35, 0] },
            { "origin": [10.25, 14.5, -2], "size": [0, 1, 4], "uv": [54, 58] },
            { "origin": [11.5, 15, -0.5], "size": [0, 1, 1], "uv": [24, 62] }
          ]
        },
        {
          "name": "tongue_left",
          "parent": "head_left",
          "pivot": [9.5, 15.5, 0],
          "cubes": [
            { "origin": [9.5, 15.5, -0.5], "size": [2, 0, 1], "uv": [24, 35] }
          ]
        },
        {
          "name": "neck_right",
          "parent": "all",
          "pivot": [-1, 13, 0],
          "cubes": [
            { "origin": [-3.5, 13, 0], "size": [3, 8, 0], "uv": [6, 39] },
            { "origin": [-3.5, 18.5, -2.5], "size": [3, 0, 5], "uv": [31, 20] }
          ]
        },
        {
          "name": "head_right",
          "parent": "neck_right",
          "pivot": [-3.5, 18.5, 0],
          "cubes": [
            { "origin": [-11.5, 18, -1.5], "size": [3, 1, 3], "uv": [20, 41] },
            { "origin": [-10.5, 15, -3.5], "size": [7, 7, 7], "uv": [0, 14] },
            { "origin": [-10.5, 22, -3.5], "size": [2, 0, 7], "uv": [47, 7] },
            { "origin": [-10.5, 15, -3.5], "size": [2, 7, 0], "uv": [46, 7] },
            { "origin": [-10.5, 15, 3.5], "size": [2, 7, 0], "uv": [50, 7] },
            { "origin": [-10.5, 15, -3.5], "size": [1, 0, 7], "uv": [51, 14] },
            { "origin": [-9.5, 15, -3.5], "size": [0, 7, 7], "uv": [32, 37] },
            { "origin": [-10.25, 17, -1.5], "size": [0, 1, 3], "uv": [32, 48] }
          ]
        },
        {
          "name": "jaw_red",
          "parent": "head_right",
          "pivot": [-9.5, 15, 0],
          "cubes": [
            { "origin": [-11.5, 15, -0.5], "size": [0, 1, 1], "uv": [22, 62] },
            { "origin": [-11.5, 14, -1.5], "size": [3, 1, 3], "uv": [49, 26] },
            {
              "origin": [-10.25, 14.5, -2.5],
              "size": [0, 1, 5],
              "uv": [54, -5]
            }
          ]
        },
        {
          "name": "tongue_right",
          "parent": "head_right",
          "pivot": [-9.5, 15.5, 0],
          "cubes": [
            { "origin": [-11.5, 15.5, -0.5], "size": [2, 0, 1], "uv": [24, 35] }
          ]
        },
        {
          "name": "body",
          "parent": "all",
          "pivot": [0, 13, 0],
          "cubes": [
            { "origin": [-3.5, 4, -3], "size": [7, 6, 6], "uv": [22, 8] },
            { "origin": [-2.5, 10, -2], "size": [5, 3, 4], "uv": [21, 0] }
          ]
        },
        {
          "name": "head",
          "parent": "body",
          "pivot": [0, 0, 0],
          "cubes": [
            { "origin": [-1.5, 8, -1], "size": [3, 3, 3], "uv": [40, 31] }
          ]
        },
        {
          "name": "leaf_front_right",
          "parent": "body",
          "pivot": [-1, 13, -2],
          "cubes": [
            { "origin": [-3.5, 13, -5], "size": [3, 0, 3], "uv": [-3, 0] }
          ]
        },
        {
          "name": "leaf_back_right",
          "parent": "body",
          "pivot": [-1, 13, 2],
          "cubes": [
            { "origin": [-3.5, 13, 2], "size": [3, 0, 3], "uv": [-3, 14] }
          ]
        },
        {
          "name": "leaf_front_left",
          "parent": "body",
          "pivot": [1, 13, -2],
          "cubes": [
            { "origin": [0.5, 13, -5], "size": [3, 0, 3], "uv": [-3, 3] }
          ]
        },
        {
          "name": "leaf_back_left",
          "parent": "body",
          "pivot": [1, 13, 2],
          "cubes": [
            { "origin": [0.5, 13, 2], "size": [3, 0, 3], "uv": [-3, 17] }
          ]
        },
        {
          "name": "arm_left",
          "parent": "body",
          "pivot": [2.5, 10.5, 0],
          "cubes": [
            { "origin": [2.5, 7, 0], "size": [4, 5, 0], "uv": [12, 41] }
          ]
        },
        {
          "name": "arm_right",
          "parent": "body",
          "pivot": [-2.5, 10.5, 0],
          "cubes": [
            { "origin": [-6.5, 7, 0], "size": [4, 5, 0], "uv": [40, 25] }
          ]
        },
        {
          "name": "leg_right",
          "parent": "body",
          "pivot": [-3.5, 6, -1.5],
          "cubes": [
            { "origin": [-5.5, 0, -3.5], "size": [4, 7, 4], "uv": [0, 28] }
          ]
        },
        {
          "name": "leg_left",
          "parent": "body",
          "pivot": [3.5, 6, -1.5],
          "cubes": [
            { "origin": [1.5, 0, -3.5], "size": [4, 7, 4], "uv": [24, 24] }
          ]
        },
        {
          "name": "tail_1",
          "parent": "body",
          "pivot": [0, 5.5, 3],
          "cubes": [
            { "origin": [-1.5, 4, 3], "size": [3, 3, 3], "uv": [16, 35] }
          ]
        },
        {
          "name": "tail_2",
          "parent": "tail_1",
          "pivot": [0, 5, 6],
          "cubes": [{ "origin": [-1, 4, 6], "size": [2, 2, 3], "uv": [28, 35] }]
        }
      ]
    }
  ]
}
