{
  "format_version": "1.12.0",
  "minecraft:geometry": [
    {
      "description": {
        "identifier": "geometry.greavard",
        "texture_width": 128,
        "texture_height": 128,
        "visible_bounds_width": 4,
        "visible_bounds_height": 3.5,
        "visible_bounds_offset": [0, 1.25, 0]
      },
      "bones": [
        {
          "name": "greavard",
          "pivot": [0, 0, 0]
        },
        {
          "name": "rightleg",
          "parent": "greavard",
          "pivot": [-2.5, 5.75, 3.5],
          "cubes": [
            { "origin": [-3.5, 2, 3], "size": [2, 4, 2], "uv": [42, 55] },
            { "origin": [-4.5, 0, 1], "size": [4, 3, 4], "uv": [49, 24] }
          ]
        },
        {
          "name": "leftleg2",
          "parent": "greavard",
          "pivot": [2.5, 6, -2.5],
          "cubes": [
            { "origin": [1.5, 3, -3], "size": [2, 3, 2], "uv": [22, 56] },
            { "origin": [0.5, 0, -5], "size": [4, 3, 4], "uv": [48, 48] }
          ]
        },
        {
          "name": "rightleg2",
          "parent": "greavard",
          "pivot": [-2.5, 6, -2.5],
          "cubes": [
            { "origin": [-4.5, 0, -5], "size": [4, 3, 4], "uv": [45, 31] },
            { "origin": [-3.5, 3, -3], "size": [2, 3, 2], "uv": [14, 56] }
          ]
        },
        {
          "name": "leftleg",
          "parent": "greavard",
          "pivot": [2.5, 5.75, 3.5],
          "cubes": [
            { "origin": [1.5, 2, 3], "size": [2, 4, 2], "uv": [50, 55] },
            { "origin": [0.5, 0, 1], "size": [4, 3, 4], "uv": [46, 6] }
          ]
        },
        {
          "name": "body",
          "parent": "greavard",
          "pivot": [0, 6.21304, 0.97564],
          "cubes": [
            {
              "origin": [-3.5, 5.9, -2.1],
              "size": [7, 8, 7],
              "pivot": [-0.5, -1, 0],
              "rotation": [-5, 0, 0],
              "uv": [0, 0]
            },
            {
              "origin": [-3.5, 6, -4],
              "size": [7, 8, 5],
              "pivot": [-0.5, -1, 0],
              "rotation": [7.5, 0, 0],
              "uv": [25, 22]
            },
            {
              "origin": [-3.5, 2.9, 6.9],
              "size": [7, 10, 0],
              "pivot": [-0.5, -1, 0],
              "rotation": [2.5, 0, 0],
              "uv": [38, 42]
            }
          ]
        },
        {
          "name": "rightfur",
          "parent": "body",
          "pivot": [-3.46393, 13.37973, -0.29884],
          "rotation": [0, -1.5, 0],
          "cubes": [
            {
              "origin": [-6.6, 3.9, -2.1],
              "size": [0, 9, 7],
              "pivot": [-0.4, -1, 0],
              "rotation": [-4.88206, 1.08089, 12.45392],
              "uv": [14, 28]
            },
            {
              "origin": [-6.6, 3.9, -5.1],
              "size": [0, 9, 5],
              "pivot": [-0.4, -1, 0],
              "rotation": [2.61794, 1.08089, 12.45392],
              "uv": [0, 32]
            }
          ]
        },
        {
          "name": "rightfur2",
          "parent": "rightfur",
          "pivot": [-5.64164, 4.99503, 0.29694],
          "cubes": [
            {
              "origin": [-6.6, 1.9, 3.9],
              "size": [0, 2, 1],
              "pivot": [-0.4, -1, 0],
              "rotation": [-4.88206, 1.08089, 12.45392],
              "uv": [120, 91]
            },
            {
              "origin": [-6.6, 1.9, 2.7],
              "size": [0, 2, 1],
              "pivot": [-0.4, -1, 0],
              "rotation": [-4.88206, 1.08089, 12.45392],
              "uv": [120, 91]
            },
            {
              "origin": [-6.6, 1.9, 1.5],
              "size": [0, 2, 1],
              "pivot": [-0.4, -1, 0],
              "rotation": [-4.88206, 1.08089, 12.45392],
              "uv": [120, 91]
            },
            {
              "origin": [-6.6, 1.9, 0.3],
              "size": [0, 2, 1],
              "pivot": [-0.4, -1, 0],
              "rotation": [-4.88206, 1.08089, 12.45392],
              "uv": [120, 91]
            },
            {
              "origin": [-6.6, 1.9, -0.8],
              "size": [0, 2, 1],
              "pivot": [-0.4, -1, 0],
              "rotation": [-4.88206, 1.08089, 12.45392],
              "uv": [120, 91]
            },
            {
              "origin": [-6.6, 1.9, -1.1],
              "size": [0, 2, 1],
              "pivot": [-0.4, -1, 0],
              "rotation": [2.61794, 1.08089, 12.45392],
              "uv": [122, 79]
            },
            {
              "origin": [-6.6, 1.9, -2.3],
              "size": [0, 2, 1],
              "pivot": [-0.4, -1, 0],
              "rotation": [2.61794, 1.08089, 12.45392],
              "uv": [122, 79]
            },
            {
              "origin": [-6.6, 1.9, -3.4],
              "size": [0, 2, 1],
              "pivot": [-0.4, -1, 0],
              "rotation": [2.61794, 1.08089, 12.45392],
              "uv": [122, 79]
            },
            {
              "origin": [-6.6, 1.9, -4.6],
              "size": [0, 2, 1],
              "pivot": [-0.4, -1, 0],
              "rotation": [2.61794, 1.08089, 12.45392],
              "uv": [122, 79]
            }
          ]
        },
        {
          "name": "leftfur",
          "parent": "body",
          "pivot": [3.46393, 13.37973, -0.29884],
          "rotation": [0, 1, 0],
          "cubes": [
            {
              "origin": [6.6, 3.9, -2.1],
              "size": [0, 9, 7],
              "pivot": [0.4, -1, 0],
              "rotation": [-4.88206, -1.08089, -12.45392],
              "uv": [14, 28],
              "mirror": true
            },
            {
              "origin": [6.6, 3.9, -5.1],
              "size": [0, 9, 5],
              "pivot": [0.4, -1, 0],
              "rotation": [2.61794, -1.08089, -12.45392],
              "uv": [0, 32],
              "mirror": true
            }
          ]
        },
        {
          "name": "leftfur2",
          "parent": "leftfur",
          "pivot": [5.64164, 4.99503, 0.29694],
          "cubes": [
            {
              "origin": [6.6, 1.9, 3.9],
              "size": [0, 2, 1],
              "pivot": [0.4, -1, 0],
              "rotation": [-4.88206, -1.08089, -12.45392],
              "uv": [120, 91],
              "mirror": true
            },
            {
              "origin": [6.6, 1.9, 2.7],
              "size": [0, 2, 1],
              "pivot": [0.4, -1, 0],
              "rotation": [-4.88206, -1.08089, -12.45392],
              "uv": [120, 91],
              "mirror": true
            },
            {
              "origin": [6.6, 1.9, 1.5],
              "size": [0, 2, 1],
              "pivot": [0.4, -1, 0],
              "rotation": [-4.88206, -1.08089, -12.45392],
              "uv": [120, 91],
              "mirror": true
            },
            {
              "origin": [6.6, 1.9, 0.3],
              "size": [0, 2, 1],
              "pivot": [0.4, -1, 0],
              "rotation": [-4.88206, -1.08089, -12.45392],
              "uv": [120, 91],
              "mirror": true
            },
            {
              "origin": [6.6, 1.9, -0.8],
              "size": [0, 2, 1],
              "pivot": [0.4, -1, 0],
              "rotation": [-4.88206, -1.08089, -12.45392],
              "uv": [120, 91],
              "mirror": true
            },
            {
              "origin": [6.6, 1.9, -1.1],
              "size": [0, 2, 1],
              "pivot": [0.4, -1, 0],
              "rotation": [2.61794, -1.08089, -12.45392],
              "uv": [122, 79],
              "mirror": true
            },
            {
              "origin": [6.6, 1.9, -2.3],
              "size": [0, 2, 1],
              "pivot": [0.4, -1, 0],
              "rotation": [2.61794, -1.08089, -12.45392],
              "uv": [122, 79],
              "mirror": true
            },
            {
              "origin": [6.6, 1.9, -3.4],
              "size": [0, 2, 1],
              "pivot": [0.4, -1, 0],
              "rotation": [2.61794, -1.08089, -12.45392],
              "uv": [122, 79],
              "mirror": true
            },
            {
              "origin": [6.6, 1.9, -4.6],
              "size": [0, 2, 1],
              "pivot": [0.4, -1, 0],
              "rotation": [2.61794, -1.08089, -12.45392],
              "uv": [122, 79],
              "mirror": true
            }
          ]
        },
        {
          "name": "head",
          "parent": "body",
          "pivot": [0, 10.29621, -4.96635],
          "cubes": [
            { "origin": [-3, 14.5, -11], "size": [6, 2, 5], "uv": [28, 35] },
            { "origin": [-4, 9, -12], "size": [0, 1, 7], "uv": [12, 38] },
            { "origin": [-4, 9.9, -13], "size": [8, 3, 1], "uv": [16, 52] },
            {
              "origin": [-3, 7.4, -17],
              "size": [6, 3.1, 3],
              "pivot": [0, -0.9, 2],
              "rotation": [-10, 0, 0],
              "uv": [43, 0]
            },
            { "origin": [-1.5, 16.5, -10], "size": [3, 3, 3], "uv": [21, 0] },
            { "origin": [-2, 18.5, -10.5], "size": [4, 2, 4], "uv": [0, 51] },
            {
              "origin": [-5.5, 7.2, -15.8],
              "size": [4, 3, 0],
              "pivot": [0, 0, 0],
              "rotation": [-17.5, 0, 5],
              "uv": [30, 57]
            },
            {
              "origin": [1.5, 7.2, -15.8],
              "size": [4, 3, 0],
              "pivot": [0, 0, 0],
              "rotation": [-17.5, 0, -5],
              "uv": [0, 57]
            },
            { "origin": [-4, 10, -12], "size": [8, 5, 7], "uv": [0, 15] },
            { "origin": [4, 9, -12], "size": [0, 1, 7], "uv": [37, 13] },
            {
              "origin": [-15.1, 9.6, -3],
              "size": [0, 1, 6],
              "pivot": [0, 0.2, 0],
              "rotation": [0, -90, 0],
              "uv": [21, 0]
            },
            {
              "origin": [-15, 9.6, -3],
              "size": [2, 1, 0],
              "pivot": [0, 0.2, 0],
              "rotation": [0, -90, 0],
              "uv": [0, 18]
            },
            {
              "origin": [13, 9.6, -3],
              "size": [2, 1, 0],
              "pivot": [0, 0.2, 0],
              "rotation": [0, 90, 0],
              "uv": [3, 15]
            },
            { "origin": [-0.5, 20.5, -9], "size": [1, 2, 1], "uv": [0, 15] }
          ]
        },
        {
          "name": "rightear",
          "parent": "head",
          "pivot": [-3.9621, 14.42101, -8.5],
          "cubes": [
            {
              "origin": [-7.1, 8.6, -11],
              "size": [0, 5, 5],
              "pivot": [0, 0, 0],
              "rotation": [0, 0, 12.5],
              "uv": [34, 47]
            },
            {
              "origin": [-7.1, 5.6, -12],
              "size": [0, 3, 7],
              "pivot": [0, 0, 0],
              "rotation": [0, 0, 12.5],
              "uv": [14, 41]
            }
          ]
        },
        {
          "name": "rightear2",
          "parent": "rightear",
          "pivot": [-5.70614, 7.26059, -8.5],
          "cubes": [
            {
              "origin": [-7.1, 2.6, -6],
              "size": [0, 2, 1],
              "pivot": [0, 0, 0],
              "rotation": [0, 0, 12.5],
              "uv": [31, 15]
            },
            {
              "origin": [-7.1, 2.6, -7.2],
              "size": [0, 2, 1],
              "pivot": [0, 0, 0],
              "rotation": [0, 0, 12.5],
              "uv": [31, 15]
            },
            {
              "origin": [-7.1, 2.6, -8.4],
              "size": [0, 2, 1],
              "pivot": [0, 0, 0],
              "rotation": [0, 0, 12.5],
              "uv": [31, 15]
            },
            {
              "origin": [-7.1, 2.6, -9.6],
              "size": [0, 2, 1],
              "pivot": [0, 0, 0],
              "rotation": [0, 0, 12.5],
              "uv": [31, 15]
            },
            {
              "origin": [-7.1, 2.6, -10.8],
              "size": [0, 2, 1],
              "pivot": [0, 0, 0],
              "rotation": [0, 0, 12.5],
              "uv": [31, 15]
            },
            {
              "origin": [-7.1, 2.6, -12],
              "size": [0, 2, 1],
              "pivot": [0, 0, 0],
              "rotation": [0, 0, 12.5],
              "uv": [31, 15]
            },
            {
              "origin": [-7.1, 4.6, -12],
              "size": [0, 1, 7],
              "pivot": [0, 0, 0],
              "rotation": [0, 0, 12.5],
              "uv": [25, 9]
            }
          ]
        },
        {
          "name": "leftear",
          "parent": "head",
          "pivot": [3.9621, 14.42101, -8.5],
          "cubes": [
            {
              "origin": [7.1, 8.6, -11],
              "size": [0, 5, 5],
              "pivot": [0, 0, 0],
              "rotation": [0, 0, -12.5],
              "uv": [14, 22]
            },
            {
              "origin": [7.1, 5.6, -12],
              "size": [0, 3, 7],
              "pivot": [0, 0, 0],
              "rotation": [0, 0, -12.5],
              "uv": [0, 41]
            }
          ]
        },
        {
          "name": "leftear2",
          "parent": "leftear",
          "pivot": [5.60614, 7.26059, -8.5],
          "cubes": [
            {
              "origin": [7.1, 4.6, -12],
              "size": [0, 1, 7],
              "pivot": [0, 0, 0],
              "rotation": [0, 0, -12.5],
              "uv": [25, 9],
              "mirror": true
            },
            {
              "origin": [7.1, 2.6, -12],
              "size": [0, 2, 1],
              "pivot": [0, 0, 0],
              "rotation": [0, 0, -12.5],
              "uv": [31, 15],
              "mirror": true
            },
            {
              "origin": [7.1, 2.6, -10.8],
              "size": [0, 2, 1],
              "pivot": [0, 0, 0],
              "rotation": [0, 0, -12.5],
              "uv": [31, 15],
              "mirror": true
            },
            {
              "origin": [7.1, 2.6, -9.6],
              "size": [0, 2, 1],
              "pivot": [0, 0, 0],
              "rotation": [0, 0, -12.5],
              "uv": [31, 15],
              "mirror": true
            },
            {
              "origin": [7.1, 2.6, -8.4],
              "size": [0, 2, 1],
              "pivot": [0, 0, 0],
              "rotation": [0, 0, -12.5],
              "uv": [31, 15],
              "mirror": true
            },
            {
              "origin": [7.1, 2.6, -7.2],
              "size": [0, 2, 1],
              "pivot": [0, 0, 0],
              "rotation": [0, 0, -12.5],
              "uv": [31, 15],
              "mirror": true
            },
            {
              "origin": [7.1, 2.6, -6],
              "size": [0, 2, 1],
              "pivot": [0, 0, 0],
              "rotation": [0, 0, -12.5],
              "uv": [31, 15],
              "mirror": true
            }
          ]
        },
        {
          "name": "whisp",
          "parent": "head",
          "pivot": [0, 21.875, -8.5],
          "cubes": [
            {
              "origin": [-1.5, 24.5, -10.5],
              "size": [3, -3, 4],
              "uv": [114, 0]
            },
            { "origin": [-1, 22, -10], "size": [2, 2, 3], "uv": [53, 15] },
            { "origin": [-0.5, 24, -9.5], "size": [1, 1, 2], "uv": [0, 2] },
            { "origin": [-1, 25.5, -10], "size": [2, -1, 3], "uv": [118, 121] }
          ]
        },
        {
          "name": "jaw",
          "parent": "head",
          "pivot": [0, 10.689, -5.46981],
          "rotation": [15, 0, 0],
          "cubes": [
            {
              "origin": [-4, 7.96338, -12.15742],
              "size": [8, 1, 7],
              "pivot": [0, 9.20814, -5.09326],
              "rotation": [5, 0, 0],
              "uv": [23, 8]
            },
            {
              "origin": [-4, 8.96338, -12.15742],
              "size": [1, 1, 7],
              "pivot": [0, 9.20814, -5.09326],
              "rotation": [5, 0, 0],
              "uv": [44, 16]
            },
            {
              "origin": [3, 8.96338, -12.15742],
              "size": [1, 1, 7],
              "pivot": [0, 9.20814, -5.09326],
              "rotation": [5, 0, 0],
              "uv": [3, 40]
            },
            {
              "origin": [-3.5, 9.96338, -14.15742],
              "size": [0, 1, 2],
              "pivot": [0, 9.20814, -5.09326],
              "rotation": [5, 0, 0],
              "uv": [0, 4]
            },
            {
              "origin": [-3.5, 5.96338, -13.90742],
              "size": [7, 2, 0],
              "pivot": [0, 9.20814, -5.09326],
              "rotation": [5, 0, 0],
              "uv": [46, 13]
            },
            {
              "origin": [0.5, 6.96338, -8.90742],
              "size": [6, 1, 0],
              "pivot": [0, 9.20814, -5.09326],
              "rotation": [90, 85, 90],
              "uv": [12, 46]
            },
            {
              "origin": [-6.5, 6.96338, -8.90742],
              "size": [6, 1, 0],
              "pivot": [0, 9.20814, -5.09326],
              "rotation": [90, -85, -90],
              "uv": [12, 51]
            },
            {
              "origin": [-3.5, 7.96338, -14.15742],
              "size": [7, 2, 2],
              "pivot": [0, 9.20814, -5.09326],
              "rotation": [5, 0, 0],
              "uv": [50, 38]
            },
            {
              "origin": [14.1, 9.1, -3.5],
              "size": [0, 1, 7],
              "pivot": [0, 1.5, 0],
              "rotation": [0, 90, 0],
              "uv": [23, 13]
            },
            {
              "origin": [3.5, 9.96338, -14.15742],
              "size": [0, 1, 2],
              "pivot": [0, 9.20814, -5.09326],
              "rotation": [5, 0, 0],
              "uv": [0, 3]
            },
            {
              "origin": [3.9, 9.9, -12],
              "size": [0, 1, 7],
              "pivot": [0, 1.5, 0],
              "rotation": [2.5, 0, 0],
              "uv": [23, 14]
            },
            {
              "origin": [-4, 9.8, -12],
              "size": [0, 1, 7],
              "pivot": [0, 1.5, 0],
              "rotation": [2.5, 0, 0],
              "uv": [37, 14]
            },
            {
              "origin": [1, 8.96338, -8.15742],
              "size": [1, 1, 6],
              "pivot": [0, 9.20814, -5.09326],
              "rotation": [90, 85, 90],
              "uv": [45, 17]
            }
          ]
        },
        {
          "name": "tongue",
          "parent": "jaw",
          "pivot": [0, 9.94736, -7.614],
          "cubes": [
            {
              "origin": [-2, 8.96338, -14.15742],
              "size": [4, 1, 7],
              "pivot": [0, 9.20814, -5.09326],
              "rotation": [-5, 0, 0],
              "uv": [28, 0]
            }
          ]
        },
        {
          "name": "tongue2",
          "parent": "tongue",
          "pivot": [0, 10.07955, -13.2721],
          "cubes": [
            {
              "origin": [-1.5, 10.46338, -16.65742],
              "size": [3, 1, 3],
              "pivot": [0, 9.20814, -5.09326],
              "rotation": [5, 0, 0],
              "uv": [52, 42]
            }
          ]
        },
        {
          "name": "tongue3",
          "parent": "tongue2",
          "pivot": [-0.1, 9.83922, -16.54168],
          "cubes": [
            {
              "origin": [-1.1, 3.96338, -17.65742],
              "size": [2, 1, 2],
              "pivot": [0, 9.20814, -5.09326],
              "rotation": [-27.5, 0, 0],
              "uv": [53, 20]
            }
          ]
        },
        {
          "name": "tail",
          "parent": "body",
          "pivot": [0, 12.83098, 6.13259],
          "cubes": [
            {
              "origin": [-1.5, 13.4, 4.9],
              "size": [3, 0, 2],
              "pivot": [-0.5, -1, 0],
              "rotation": [-5, 0, 0],
              "uv": [43, 38]
            }
          ]
        },
        {
          "name": "tail2",
          "parent": "tail",
          "pivot": [0, 12.6131, 8.62308],
          "cubes": [
            {
              "origin": [-2, 13.4, 6.9],
              "size": [4, 0, 3],
              "pivot": [-0.5, -1, 0],
              "rotation": [-5, 0, 0],
              "uv": [11, 32]
            }
          ]
        },
        {
          "name": "tail3",
          "parent": "tail2",
          "pivot": [0, 12.39521, 11.11356],
          "cubes": [
            {
              "origin": [-2, 13.4, 9.9],
              "size": [4, 0, 2],
              "pivot": [-0.5, -1, 0],
              "rotation": [-5, 0, 0],
              "uv": [42, 24]
            }
          ]
        },
        {
          "name": "tail4",
          "parent": "tail3",
          "pivot": [0, 12.17732, 13.20405],
          "cubes": [
            {
              "origin": [-1.5, 13.4, 11.9],
              "size": [3, 0, 3],
              "pivot": [-0.5, -1, 0],
              "rotation": [-5, 0, 0],
              "uv": [38, 17]
            }
          ]
        }
      ]
    }
  ]
}
