{
  "head": "head",
  "portraitScale": 2,
  "portraitTranslation": [ 0, -0.7, 0 ],
  "profileScale": 0.7,
  "profileTranslation": [ 0, 0.7, 0 ],
  "faint": "bedrock(ukulele_pichu, faint)",
  "cry": "bedrock(ukulele_pichu, cry)",
  "poses": {
    "standing": {
      "poseName": "standing",
      "transformTicks": 10,
      "poseTypes": [
        "STAND",
        "NONE",
        "PORTRAIT",
        "PROFILE"
      ],
      "animations": [
        "look",
        "bedrock(ukulele_pichu, ground_idle)"
      ],
      "quirks": [
        {
          "name": "blink",
          "animations": ["bedrock(ukulele_pichu, blink)"]
        }
      ]
    },
    "walking": {
      "poseName": "walking",
      "transformTicks": 10,
      "poseTypes": [ "WALK" ],
      "animations": [
        "bedrock(ukulele_pichu, ground_walk)"
      ],
      "quirks": [
        {
          "name": "blink",
          "animations": ["bedrock(ukulele_pichu, blink)"]
        }
      ]
    }
  }
}