{
  "format_version": "1.12.0",
  "minecraft:geometry": [
    {
      "description": {
        "identifier": "geometry.excadrill",
        "texture_width": 128,
        "texture_height": 128,
        "visible_bounds_width": 4,
        "visible_bounds_height": 3.5,
        "visible_bounds_offset": [0, 1.25, 0]
      },
      "bones": [
        {
          "name": "all",
          "pivot": [0, 0, 0]
        },
        {
          "name": "leg_right",
          "parent": "all",
          "pivot": [-5, 3, 0],
          "cubes": [
            { "origin": [-7, 0, -3], "size": [4, 6, 6], "uv": [35, 37] }
          ]
        },
        {
          "name": "foot_right",
          "parent": "leg_right",
          "pivot": [-5, 0, 3],
          "cubes": [{ "origin": [-6, -3, 3], "size": [2, 3, 1], "uv": [0, 22] }]
        },
        {
          "name": "leg_left",
          "parent": "all",
          "pivot": [5, 3, 0],
          "cubes": [{ "origin": [3, 0, -3], "size": [4, 6, 6], "uv": [0, 37] }]
        },
        {
          "name": "foot_left",
          "parent": "leg_left",
          "pivot": [5, 0, 3],
          "cubes": [{ "origin": [4, -3, 3], "size": [2, 3, 1], "uv": [0, 18] }]
        },
        {
          "name": "body",
          "parent": "all",
          "pivot": [0, 5, 0.5],
          "cubes": [
            { "origin": [-5, 4, -5], "size": [10, 8, 10], "uv": [0, 0] },
            { "origin": [-4, 12, -3], "size": [8, 3, 8], "uv": [0, 18] }
          ]
        },
        {
          "name": "head",
          "parent": "body",
          "pivot": [0, 15, -0.5],
          "cubes": [
            { "origin": [-3, 15, -2], "size": [6, 6, 5], "uv": [19, 32] },
            { "origin": [-2, 16, -6], "size": [4, 2, 4], "uv": [30, 49] },
            { "origin": [-3, 18, -6], "size": [6, 3, 4], "uv": [42, 21] },
            {
              "origin": [-2.01, 16.25, -4],
              "size": [0, 1, 2],
              "uv": [124, 125]
            },
            {
              "origin": [2.01, 16.25, -4],
              "size": [0, 1, 2],
              "uv": [124, 125]
            },
            { "origin": [2.01, 15, -4], "size": [0, 1, 2], "uv": [124, 125] },
            { "origin": [-2.01, 15, -4], "size": [0, 1, 2], "uv": [124, 125] }
          ]
        },
        {
          "name": "snoot",
          "parent": "head",
          "pivot": [0, 17, -6],
          "cubes": [
            { "origin": [-1, 16, -9], "size": [2, 2, 3], "uv": [36, 32] }
          ]
        },
        {
          "name": "horn_drill",
          "parent": "head",
          "pivot": [0, 19.5, -3],
          "cubes": [
            { "origin": [-3.5, 18.5, -8], "size": [7, 3, 6], "uv": [30, 0] },
            { "origin": [0, 18.5, -14], "size": [0, 6, 12], "uv": [0, 17] },
            { "origin": [-2.5, 18.5, -11], "size": [5, 2, 4], "uv": [0, 49] },
            { "origin": [-2.5, 18.5, -14], "size": [5, 0, 3], "uv": [61, 0] }
          ]
        },
        {
          "name": "eye_right",
          "parent": "head",
          "pivot": [-2.01, 18, -4.25],
          "cubes": [
            {
              "origin": [-2.01, 17.5, -4.75],
              "size": [0, 1, 1],
              "uv": [122, 126]
            }
          ]
        },
        {
          "name": "eye_left",
          "parent": "head",
          "pivot": [2.01, 18, -4.25],
          "cubes": [
            {
              "origin": [2.01, 17.5, -4.75],
              "size": [0, 1, 1],
              "uv": [122, 126]
            }
          ]
        },
        {
          "name": "mouth",
          "parent": "head",
          "pivot": [0, 15.5, -3],
          "cubes": [
            { "origin": [-2, 15, -6], "size": [4, 1, 4], "uv": [49, 34] }
          ]
        },
        {
          "name": "arm_left",
          "parent": "body",
          "pivot": [4, 14, 1],
          "cubes": [
            { "origin": [4, 13, -1], "size": [2, 2, 4], "uv": [54, 54] },
            { "origin": [5, 15, -2], "size": [1, 0, 6], "uv": [2, 0] },
            { "origin": [6, 12.5, -3], "size": [5, 3, 8], "uv": [32, 10] }
          ]
        },
        {
          "name": "claw_left_front",
          "parent": "arm_left",
          "pivot": [11, 13.5, -1.5],
          "cubes": [
            { "origin": [11, 12.5, -3], "size": [4, 2, 3], "uv": [15, 52] },
            { "origin": [15, 12.5, -2], "size": [2, 0, 2], "uv": [0, 8] }
          ]
        },
        {
          "name": "claw_left_middle",
          "parent": "arm_left",
          "pivot": [11, 13.5, 1],
          "cubes": [
            { "origin": [11, 12.5, -1], "size": [5, 2, 4], "uv": [46, 28] },
            { "origin": [16, 12.5, 0], "size": [1, 0, 2], "uv": [4, 8] }
          ]
        },
        {
          "name": "claw_left_back",
          "parent": "arm_left",
          "pivot": [11, 13.5, 3.5],
          "cubes": [
            { "origin": [11, 12.5, 2], "size": [4, 2, 3], "uv": [50, 9] },
            { "origin": [15, 12.5, 2], "size": [2, 0, 2], "uv": [0, 4] }
          ]
        },
        {
          "name": "arm_right",
          "parent": "body",
          "pivot": [-4, 14, 1],
          "cubes": [
            { "origin": [-6, 13, -1], "size": [2, 2, 4], "uv": [42, 54] },
            { "origin": [-6, 15, -2], "size": [1, 0, 6], "uv": [0, 0] },
            { "origin": [-11, 12.5, -3], "size": [5, 3, 8], "uv": [24, 21] }
          ]
        },
        {
          "name": "claw_right_front",
          "parent": "arm_right",
          "pivot": [-11, 13.5, -1.25],
          "cubes": [
            { "origin": [-15, 12.5, -3], "size": [4, 2, 3], "uv": [46, 49] },
            { "origin": [-17, 12.5, -2], "size": [2, 0, 2], "uv": [0, 0] }
          ]
        },
        {
          "name": "claw_right_back",
          "parent": "arm_right",
          "pivot": [-11, 13.5, 3.5],
          "cubes": [
            { "origin": [-15, 12.5, 2], "size": [4, 2, 3], "uv": [50, 0] },
            { "origin": [-17, 12.5, 2], "size": [2, 0, 2], "uv": [0, 2] }
          ]
        },
        {
          "name": "claw_right_middle",
          "parent": "arm_right",
          "pivot": [-11, 13.5, 1],
          "cubes": [
            { "origin": [-16, 12.5, -1], "size": [5, 2, 4], "uv": [16, 45] },
            { "origin": [-17, 12.5, 0], "size": [1, 0, 2], "uv": [6, 6] }
          ]
        }
      ]
    }
  ]
}
