{
  "species": "cobblemon:basculin",
  "order": 0,
  "variations": [
    {
      "aspects": [],
      "poser": "cobblemon:basculin",
      "model": "cobblemon:basculin_redstripe2.geo",
      "texture": "cobblemon:textures/pokemon/basculin/basculin_redstripe.png",
      "layers": []
    },
    {
      "aspects": [
        "shiny"
      ],
      "texture": "cobblemon:textures/pokemon/basculin/basculin_redstripe_shiny.png"
    },
    {
      "aspects": [
        "redstriped"
      ],
      "model": "cobblemon:basculin_redstripe.geo",
      "texture": "cobblemon:textures/pokemon/basculin/basculin_redstripe.png",
      "layers": []
    },
    {
      "aspects": [
        "shiny", "redstriped"
      ],
      "texture": "cobblemon:textures/pokemon/basculin/basculin_redstripe_shiny.png"
    },
    {
      "aspects": [
        "bluestriped"
      ],
      "model": "cobblemon:basculin_bluestripe2.geo",
      "texture": "cobblemon:textures/pokemon/basculin/basculin_bluestripe.png"
    },
    {
      "aspects": [
        "bluestriped",
        "shiny"
      ],
      "texture": "cobblemon:textures/pokemon/basculin/basculin_bluestripe_shiny.png"
    },
    {
      "aspects": [
        "whitestriped"
      ],
      "model": "cobblemon:basculin_whitestripe2.geo",
      "texture": "cobblemon:textures/pokemon/basculin/basculin_whitestripe.png"
    },
    {
      "aspects": [
        "whitestriped",
        "shiny"
      ],
      "texture": "cobblemon:textures/pokemon/basculin/basculin_whitestripe_shiny.png"
    }
  ]
}