{
  "format_version": "1.12.0",
  "minecraft:geometry": [
    {
      "description": {
        "identifier": "geometry.houndoom",
        "texture_width": 128,
        "texture_height": 128,
        "visible_bounds_width": 6,
        "visible_bounds_height": 5.5,
        "visible_bounds_offset": [0, 2.25, 0]
      },
      "bones": [
        {
          "name": "houndoom",
          "pivot": [0, 0, 0]
        },
        {
          "name": "leg3",
          "parent": "houndoom",
          "pivot": [-3.88889, 22.89451, 7.45556],
          "cubes": [
            {
              "origin": [-6, 15.65185, 4.96896],
              "size": [5, 11, 7],
              "inflate": 0.02,
              "pivot": [0, 26.65185, -9.03104],
              "rotation": [-10, 0, 0],
              "uv": [45, 55],
              "mirror": true
            }
          ]
        },
        {
          "name": "knee3",
          "parent": "leg3",
          "pivot": [-3.9375, 13.35676, 3.4815],
          "cubes": [
            {
              "origin": [-6, 3.07203, -4.62145],
              "size": [5, 6, 7],
              "inflate": 0.01,
              "pivot": [0, 28.07203, -10.62145],
              "rotation": [25, 0, 0],
              "uv": [62, 48],
              "mirror": true
            },
            {
              "origin": [-6, -1.51299, 6.76111],
              "size": [4, 9, 5],
              "pivot": [-0.5, 4.48701, -10.23889],
              "rotation": [12.5, 0, 0],
              "uv": [84, 0]
            },
            {
              "origin": [-7, 5.32713, 5.7404],
              "size": [6, 2, 7],
              "uv": [0, 119],
              "mirror": true
            },
            {
              "origin": [-6.5, 0.12713, 5.7404],
              "size": [5, 3, 7],
              "uv": [78, 75],
              "mirror": true
            },
            {
              "origin": [-7, 3.12713, 5.7404],
              "size": [6, 2, 7],
              "uv": [0, 119],
              "mirror": true
            },
            {
              "origin": [-4.5, 0.12713, 4.7404],
              "size": [1, 2, 1],
              "uv": [0, 31],
              "mirror": true
            },
            {
              "origin": [-6.5, 0.12713, 4.7404],
              "size": [1, 2, 1],
              "uv": [0, 25],
              "mirror": true
            },
            {
              "origin": [-2.5, 0.12713, 4.7404],
              "size": [1, 2, 1],
              "uv": [0, 28],
              "mirror": true
            }
          ]
        },
        {
          "name": "leg",
          "parent": "houndoom",
          "pivot": [3.5, 25.59947, -6.11578],
          "cubes": [
            {
              "origin": [1, 17.46447, -7.87628],
              "size": [5, 10, 6],
              "inflate": 0.01,
              "pivot": [0, 30.46447, -9.87628],
              "rotation": [-12.5, 0, 0],
              "uv": [66, 27]
            },
            {
              "origin": [1, 6.61553, -11.78368],
              "size": [5, 9, 6],
              "pivot": [0, 18.61553, -14.78368],
              "rotation": [27.5, 0, 0],
              "uv": [18, 73]
            }
          ]
        },
        {
          "name": "knee",
          "parent": "leg",
          "pivot": [3.5, 11.29856, -2.04531],
          "cubes": [
            {
              "origin": [2, 3.12713, -6.2596],
              "size": [3, 9, 5],
              "uv": [19, 88]
            },
            {
              "origin": [1, 5.32713, -7.2596],
              "size": [5, 2, 7],
              "inflate": 0.01,
              "uv": [0, 119]
            },
            {
              "origin": [1, 3.12713, -7.2596],
              "size": [5, 2, 7],
              "inflate": 0.01,
              "uv": [0, 119]
            }
          ]
        },
        {
          "name": "paw2",
          "parent": "knee",
          "pivot": [3.5, 3.25213, -3.7596],
          "cubes": [
            {
              "origin": [1, 0.12713, -8.2596],
              "size": [5, 3, 7],
              "uv": [0, 81]
            },
            {
              "origin": [1, 0.12713, -9.2596],
              "size": [1, 2, 1],
              "uv": [44, 33]
            },
            {
              "origin": [3, 0.12713, -9.2596],
              "size": [1, 2, 1],
              "uv": [38, 7]
            },
            {
              "origin": [5, 0.12713, -9.2596],
              "size": [1, 2, 1],
              "uv": [48, 14]
            }
          ]
        },
        {
          "name": "leg4",
          "parent": "houndoom",
          "pivot": [3.88889, 22.89451, 7.45556],
          "cubes": [
            {
              "origin": [1, 15.65185, 4.96896],
              "size": [5, 11, 7],
              "inflate": 0.02,
              "pivot": [0, 26.65185, -9.03104],
              "rotation": [-10, 0, 0],
              "uv": [45, 55]
            }
          ]
        },
        {
          "name": "knee4",
          "parent": "leg4",
          "pivot": [3.9375, 13.35676, 3.4815],
          "cubes": [
            {
              "origin": [1, 3.07203, -4.62145],
              "size": [5, 6, 7],
              "inflate": 0.01,
              "pivot": [0, 28.07203, -10.62145],
              "rotation": [25, 0, 0],
              "uv": [62, 48]
            },
            {
              "origin": [2, -1.51299, 6.76111],
              "size": [4, 9, 5],
              "pivot": [0.5, 4.48701, -10.23889],
              "rotation": [12.5, 0, 0],
              "uv": [59, 82]
            },
            {
              "origin": [1, 5.32713, 5.7404],
              "size": [6, 2, 7],
              "uv": [0, 119]
            },
            {
              "origin": [1, 3.12713, 5.7404],
              "size": [6, 2, 7],
              "uv": [0, 119]
            },
            {
              "origin": [1.5, 0.12713, 5.7404],
              "size": [5, 3, 7],
              "uv": [78, 75]
            },
            {
              "origin": [5.5, 0.12713, 4.7404],
              "size": [1, 2, 1],
              "uv": [0, 25]
            },
            {
              "origin": [3.5, 0.12713, 4.7404],
              "size": [1, 2, 1],
              "uv": [0, 31]
            },
            {
              "origin": [1.5, 0.12713, 4.7404],
              "size": [1, 2, 1],
              "uv": [0, 28]
            }
          ]
        },
        {
          "name": "leg2",
          "parent": "houndoom",
          "pivot": [-3.5, 25.59947, -6.11578],
          "cubes": [
            {
              "origin": [-6, 6.61553, -11.78368],
              "size": [5, 9, 6],
              "pivot": [0, 18.61553, -14.78368],
              "rotation": [27.5, 0, 0],
              "uv": [63, 67]
            },
            {
              "origin": [-6, 17.46447, -7.87628],
              "size": [5, 10, 6],
              "inflate": 0.01,
              "pivot": [0, 30.46447, -9.87628],
              "rotation": [-12.5, 0, 0],
              "uv": [66, 27],
              "mirror": true
            }
          ]
        },
        {
          "name": "knee2",
          "parent": "leg2",
          "pivot": [-3.5, 11.29856, -2.04531],
          "cubes": [
            {
              "origin": [-5, 3.12713, -6.2596],
              "size": [3, 9, 5],
              "uv": [19, 88],
              "mirror": true
            },
            {
              "origin": [-6, 5.32713, -7.2596],
              "size": [5, 2, 7],
              "pivot": [0, 12.12713, -10.2596],
              "rotation": [0, -0.01, 0],
              "uv": [0, 119],
              "mirror": true
            },
            {
              "origin": [-6, 3.12713, -7.2596],
              "size": [5, 2, 7],
              "inflate": 0.01,
              "uv": [0, 119],
              "mirror": true
            }
          ]
        },
        {
          "name": "paw",
          "parent": "knee2",
          "pivot": [-3.5, 3.25213, -3.7596],
          "cubes": [
            {
              "origin": [-6, 0.12713, -8.2596],
              "size": [5, 3, 7],
              "uv": [40, 75]
            },
            {
              "origin": [-6, 0.12713, -9.2596],
              "size": [1, 2, 1],
              "uv": [0, 0]
            },
            {
              "origin": [-4, 0.12713, -9.2596],
              "size": [1, 2, 1],
              "uv": [10, 0]
            },
            {
              "origin": [-2, 0.12713, -9.2596],
              "size": [1, 2, 1],
              "uv": [0, 9]
            }
          ]
        },
        {
          "name": "body",
          "parent": "houndoom",
          "pivot": [0, 20.47238, 7.13586],
          "cubes": [
            {
              "origin": [-5, 18.46447, 1.12372],
              "size": [10, 10, 10],
              "uv": [0, 25]
            },
            {
              "origin": [-5, 17.46447, -12.87628],
              "size": [10, 11, 14],
              "uv": [0, 0]
            },
            {
              "origin": [-5.91281, 28.12306, -13.71898],
              "size": [4, 4, 10],
              "pivot": [0.08719, 29.72306, -8.71898],
              "rotation": [14.33501, 4.46375, -16.93839],
              "uv": [0, 45]
            },
            {
              "origin": [4.26927, 29.27046, -20.62714],
              "size": [2, 1, 1],
              "pivot": [2.66927, 32.27046, -12.72714],
              "rotation": [46.78082, 13.99545, 14.43276],
              "uv": [38, 2]
            },
            {
              "origin": [-6.98756, 27.49429, -18.6962],
              "size": [4, 3, 5],
              "pivot": [-1.38756, 31.49429, -12.7962],
              "rotation": [46.78082, -13.99545, -14.43276],
              "uv": [90, 14]
            },
            {
              "origin": [1.91281, 28.12306, -13.71898],
              "size": [4, 4, 10],
              "pivot": [-0.08719, 29.72306, -8.71898],
              "rotation": [14.33501, -4.46375, 16.93839],
              "uv": [34, 0]
            },
            {
              "origin": [-6.26927, 29.27046, -20.62714],
              "size": [2, 1, 1],
              "pivot": [-2.66927, 32.27046, -12.72714],
              "rotation": [46.78082, -13.99545, -14.43276],
              "uv": [38, 0]
            },
            {
              "origin": [2.98756, 27.49429, -18.6962],
              "size": [4, 3, 5],
              "pivot": [1.38756, 31.49429, -12.7962],
              "rotation": [46.78082, 13.99545, 14.43276],
              "uv": [88, 32]
            },
            {
              "origin": [-5, 28.46447, 3.12372],
              "size": [10, 2, 3],
              "uv": [85, 69]
            },
            {
              "origin": [-5, 28.46447, -0.87628],
              "size": [10, 2, 3],
              "uv": [82, 27]
            },
            {
              "origin": [-5, 28.46447, 7.12372],
              "size": [10, 2, 3],
              "uv": [79, 64]
            },
            {
              "origin": [-4, 25.46447, -5.87628],
              "size": [8, 6, 3],
              "pivot": [0, 28.46447, -9.87628],
              "rotation": [15, 0, 0],
              "uv": [80, 44]
            },
            {
              "origin": [-6.8842, 32.14632, 7.12372],
              "size": [2, 2, 3],
              "pivot": [0.1158, 32.14632, -5.87628],
              "rotation": [0, 0, -40],
              "uv": [69, 61]
            },
            {
              "origin": [4.8842, 32.14632, -0.87628],
              "size": [2, 2, 3],
              "pivot": [-0.1158, 32.14632, -5.87628],
              "rotation": [0, 0, 40],
              "uv": [67, 43]
            },
            {
              "origin": [-6.8842, 32.14632, 3.12372],
              "size": [2, 2, 3],
              "pivot": [0.1158, 32.14632, -5.87628],
              "rotation": [0, 0, -40],
              "uv": [58, 40]
            },
            {
              "origin": [4.8842, 32.14632, 7.12372],
              "size": [2, 2, 3],
              "pivot": [-0.1158, 32.14632, -5.87628],
              "rotation": [0, 0, 40],
              "uv": [0, 50]
            },
            {
              "origin": [-6.8842, 32.14632, -0.87628],
              "size": [2, 2, 3],
              "pivot": [0.1158, 32.14632, -5.87628],
              "rotation": [0, 0, -40],
              "uv": [0, 45]
            },
            {
              "origin": [4.8842, 32.14632, 3.12372],
              "size": [2, 2, 3],
              "pivot": [-0.1158, 32.14632, -5.87628],
              "rotation": [0, 0, 40],
              "uv": [30, 30]
            },
            {
              "origin": [-1.5, 20.46447, -13.87628],
              "size": [3, 3, 1],
              "uv": [13, 13]
            }
          ]
        },
        {
          "name": "tail",
          "parent": "body",
          "pivot": [0, 26.46447, 10.62372],
          "cubes": [
            {
              "origin": [-1, 26.46447, 11.12372],
              "size": [2, 0, 5],
              "uv": [0, 30]
            }
          ]
        },
        {
          "name": "tail2",
          "parent": "tail",
          "pivot": [0, 26.46447, 16.12372],
          "cubes": [
            {
              "origin": [-1, 26.46447, 16.12372],
              "size": [2, 0, 5],
              "uv": [29, 25]
            }
          ]
        },
        {
          "name": "tail3",
          "parent": "tail2",
          "pivot": [0, 26.46447, 21.12372],
          "cubes": [
            {
              "origin": [-1, 26.46447, 21.12372],
              "size": [2, 0, 5],
              "uv": [29, 5]
            }
          ]
        },
        {
          "name": "tail4",
          "parent": "tail3",
          "pivot": [0, 26.46447, 26.12372],
          "cubes": [
            {
              "origin": [-1, 26.46447, 26.12372],
              "size": [2, 0, 5],
              "uv": [29, 0]
            }
          ]
        },
        {
          "name": "tail5",
          "parent": "tail4",
          "pivot": [0, 26.46447, 31.12372],
          "cubes": [
            {
              "origin": [-1, 26.46447, 31.12372],
              "size": [2, 0, 5],
              "uv": [25, 25]
            }
          ]
        },
        {
          "name": "tail6",
          "parent": "tail5",
          "pivot": [0, 26.46447, 36.12372],
          "cubes": [
            {
              "origin": [-1, 26.46447, 36.12372],
              "size": [2, 0, 5],
              "uv": [0, 25]
            }
          ]
        },
        {
          "name": "tail7",
          "parent": "tail6",
          "pivot": [0, 26.46447, 41.12372],
          "cubes": [
            {
              "origin": [-1, 26.46447, 41.12372],
              "size": [2, 0, 5],
              "uv": [4, 9]
            }
          ]
        },
        {
          "name": "tail8",
          "parent": "tail7",
          "pivot": [0, 26.46447, 46.12372],
          "cubes": [
            {
              "origin": [-1, 26.46447, 46.12372],
              "size": [2, 0, 5],
              "uv": [0, 9]
            }
          ]
        },
        {
          "name": "tail9",
          "parent": "tail8",
          "pivot": [0, 26.46447, 51.12372],
          "cubes": [
            {
              "origin": [-3, 26.46447, 51.12372],
              "size": [6, 0, 7],
              "uv": [11, 45]
            }
          ]
        },
        {
          "name": "neck",
          "parent": "body",
          "pivot": [0, 27.43039, -10.13509],
          "cubes": [
            {
              "origin": [-4, 25.46447, -13.87628],
              "size": [8, 8, 8],
              "pivot": [0, 28.46447, -9.87628],
              "rotation": [15, 0, 0],
              "uv": [40, 17]
            }
          ]
        },
        {
          "name": "head",
          "parent": "neck",
          "pivot": [-0.21053, 32.12635, -10.34447],
          "cubes": [
            { "origin": [-4.5, 32, -16], "size": [9, 10, 9], "uv": [31, 36] },
            {
              "origin": [-3, 33.1733, -20.35592],
              "size": [6, 4, 6],
              "pivot": [0, 27.1733, -14.35592],
              "rotation": [7.5, 0, 0],
              "uv": [72, 16]
            },
            {
              "origin": [2.35645, 40.18, -14],
              "size": [3, 5, 4],
              "pivot": [4.10645, 45.00011, -8.51272],
              "rotation": [-14.65993, 3.21132, 12.08681],
              "uv": [0, 91]
            },
            {
              "origin": [3.35645, 46.40256, -12.53263],
              "size": [2, 3, 2],
              "pivot": [4.10645, 45.00011, -8.51272],
              "rotation": [-117.15993, 3.21132, 12.08681],
              "uv": [34, 73]
            },
            {
              "origin": [-5.35645, 40.18, -14],
              "size": [3, 5, 4],
              "pivot": [-4.10645, 45.00011, -8.51272],
              "rotation": [-14.65993, -3.21132, -12.08681],
              "uv": [0, 0]
            },
            {
              "origin": [-5.35645, 41.61076, -12.83185],
              "size": [3, 3, 4],
              "pivot": [-4.10645, 45.00011, -8.51272],
              "rotation": [-54.65993, -3.21132, -12.08681],
              "uv": [49, 92]
            },
            {
              "origin": [-5.35645, 42.6604, -12.16405],
              "size": [3, 3, 4],
              "pivot": [-4.10645, 45.00011, -8.51272],
              "rotation": [-82.15993, -3.21132, -12.08681],
              "uv": [35, 92]
            },
            {
              "origin": [2.35645, 41.61076, -12.83185],
              "size": [3, 3, 4],
              "pivot": [4.10645, 45.00011, -8.51272],
              "rotation": [-54.65993, 3.21132, 12.08681],
              "uv": [0, 59]
            },
            {
              "origin": [-5.35645, 44.69287, -11.81053],
              "size": [3, 3, 3],
              "pivot": [-4.10645, 45.00011, -8.51272],
              "rotation": [-97.15993, -3.21132, -12.08681],
              "uv": [64, 16]
            },
            {
              "origin": [2.35645, 42.6604, -12.16405],
              "size": [3, 3, 4],
              "pivot": [4.10645, 45.00011, -8.51272],
              "rotation": [-82.15993, 3.21132, 12.08681],
              "uv": [38, 55]
            },
            {
              "origin": [-5.35645, 46.40256, -12.53263],
              "size": [2, 3, 2],
              "pivot": [-4.10645, 45.00011, -8.51272],
              "rotation": [-117.15993, -3.21132, -12.08681],
              "uv": [58, 33]
            },
            {
              "origin": [2.35645, 44.69287, -11.81053],
              "size": [3, 3, 3],
              "pivot": [4.10645, 45.00011, -8.51272],
              "rotation": [-97.15993, 3.21132, 12.08681],
              "uv": [52, 0]
            },
            {
              "origin": [2.9, 37, -16],
              "size": [1, 1, 1],
              "inflate": 0.02,
              "uv": [80, 22]
            },
            {
              "origin": [-4, 36.5, -16],
              "size": [0, 2, 1],
              "inflate": 0.01,
              "uv": [97, 47],
              "mirror": true
            },
            {
              "origin": [-3.9, 37, -16],
              "size": [1, 1, 1],
              "inflate": 0.02,
              "uv": [80, 22],
              "mirror": true
            },
            {
              "origin": [2.5, 36.5, -16],
              "size": [2, 2, 3],
              "inflate": 0.01,
              "uv": [109, -2]
            },
            {
              "origin": [-4.5, 36.5, -16],
              "size": [2, 2, 3],
              "inflate": 0.01,
              "uv": [109, -2],
              "mirror": true
            },
            {
              "origin": [-3, 32.1733, -19.35592],
              "size": [0, 1, 1],
              "inflate": 0.01,
              "pivot": [0, 27.1733, -14.35592],
              "rotation": [7.5, 0, 0],
              "uv": [46, 9]
            },
            {
              "origin": [3, 32.1733, -19.35592],
              "size": [0, 1, 1],
              "inflate": 0.01,
              "pivot": [0, 27.1733, -14.35592],
              "rotation": [7.5, 0, 0],
              "uv": [46, 9],
              "mirror": true
            }
          ]
        },
        {
          "name": "eyelids",
          "parent": "head",
          "pivot": [0, 37.5, -14.5],
          "cubes": [
            {
              "origin": [-4.5, 36, -16],
              "size": [3, 3, 3],
              "inflate": 0.04,
              "uv": [23, 16]
            },
            {
              "origin": [1.5, 36, -16],
              "size": [3, 3, 3],
              "inflate": 0.04,
              "uv": [23, 16]
            }
          ]
        },
        {
          "name": "jaw",
          "parent": "head",
          "pivot": [0, 32.73467, -16.04815],
          "cubes": [
            {
              "origin": [-3, 32.1733, -20.35592],
              "size": [6, 1, 6],
              "pivot": [0, 27.1733, -14.35592],
              "rotation": [7.5, 0, 0],
              "uv": [34, 85]
            }
          ]
        }
      ]
    }
  ]
}
