{
  "name": "Arceus",
  "nationalPokedexNumber": 493,
  "primaryType": "normal",
  "abilities": [
    "multitype"
  ],
  "baseStats": {
    "hp": 160,
    "attack": 160,
    "defence": 160,
    "special_attack": 160,
    "special_defence": 160,
    "speed": 160
  },
  "catchRate": 3,
  "maleRatio": -1,
  "shoulderMountable": false,
  "forms": [
    {
      "name": "Bug",
      "primaryType": "bug",
      "abilities": [
        "multitype"
      ],
      "baseStats": {
        "hp": 120,
        "attack": 120,
        "defence": 120,
        "special_attack": 120,
        "special_defence": 120,
        "speed": 120
      },
      "catchRate": 3,
      "maleRatio": -1,
      "baseExperienceYield": 324,
      "baseFriendship": 0,
      "evYield": {
        "hp": 3,
        "attack": 0,
        "defence": 0,
        "special_attack": 0,
        "special_defence": 0,
        "speed": 0
      },
      "experienceGroup": "slow",
      "eggCycles": 120,
      "eggGroups": [
        "undiscovered"
      ],
      "labels": [
        "gen4",
        "mythical",
        "legendary"
      ],
      "aspects": [
        "bug"
      ],
      "height": 32,
      "weight": 3200,
      "evolutions": [],
      "cannotDynamax": false,
      "battleOnly": false
    },
    {
      "name": "Dark",
      "primaryType": "dark",
      "abilities": [
        "multitype"
      ],
      "baseStats": {
        "hp": 120,
        "attack": 120,
        "defence": 120,
        "special_attack": 120,
        "special_defence": 120,
        "speed": 120
      },
      "catchRate": 3,
      "maleRatio": -1,
      "baseExperienceYield": 324,
      "baseFriendship": 0,
      "evYield": {
        "hp": 3,
        "attack": 0,
        "defence": 0,
        "special_attack": 0,
        "special_defence": 0,
        "speed": 0
      },
      "experienceGroup": "slow",
      "eggCycles": 120,
      "eggGroups": [
        "undiscovered"
      ],
      "labels": [
        "gen4",
        "mythical",
        "legendary"
      ],
      "aspects": [
        "dark"
      ],
      "height": 32,
      "weight": 3200,
      "evolutions": [],
      "cannotDynamax": false,
      "battleOnly": false
    },
    {
      "name": "Dragon",
      "primaryType": "dragon",
      "abilities": [
        "multitype"
      ],
      "baseStats": {
        "hp": 120,
        "attack": 120,
        "defence": 120,
        "special_attack": 120,
        "special_defence": 120,
        "speed": 120
      },
      "catchRate": 3,
      "maleRatio": -1,
      "baseExperienceYield": 324,
      "baseFriendship": 0,
      "evYield": {
        "hp": 3,
        "attack": 0,
        "defence": 0,
        "special_attack": 0,
        "special_defence": 0,
        "speed": 0
      },
      "experienceGroup": "slow",
      "eggCycles": 120,
      "eggGroups": [
        "undiscovered"
      ],
      "labels": [
        "gen4",
        "mythical",
        "legendary"
      ],
      "aspects": [
        "dragon"
      ],
      "height": 32,
      "weight": 3200,
      "evolutions": [],
      "cannotDynamax": false,
      "battleOnly": false
    },
    {
      "name": "Electric",
      "primaryType": "electric",
      "abilities": [
        "multitype"
      ],
      "baseStats": {
        "hp": 120,
        "attack": 120,
        "defence": 120,
        "special_attack": 120,
        "special_defence": 120,
        "speed": 120
      },
      "catchRate": 3,
      "maleRatio": -1,
      "baseExperienceYield": 324,
      "baseFriendship": 0,
      "evYield": {
        "hp": 3,
        "attack": 0,
        "defence": 0,
        "special_attack": 0,
        "special_defence": 0,
        "speed": 0
      },
      "experienceGroup": "slow",
      "eggCycles": 120,
      "eggGroups": [
        "undiscovered"
      ],
      "labels": [
        "gen4",
        "mythical",
        "legendary"
      ],
      "aspects": [
        "electric"
      ],
      "height": 32,
      "weight": 3200,
      "evolutions": [],
      "cannotDynamax": false,
      "battleOnly": false
    },
    {
      "name": "Fairy",
      "primaryType": "fairy",
      "abilities": [
        "multitype"
      ],
      "baseStats": {
        "hp": 120,
        "attack": 120,
        "defence": 120,
        "special_attack": 120,
        "special_defence": 120,
        "speed": 120
      },
      "catchRate": 3,
      "maleRatio": -1,
      "baseExperienceYield": 324,
      "baseFriendship": 0,
      "evYield": {
        "hp": 3,
        "attack": 0,
        "defence": 0,
        "special_attack": 0,
        "special_defence": 0,
        "speed": 0
      },
      "experienceGroup": "slow",
      "eggCycles": 120,
      "eggGroups": [
        "undiscovered"
      ],
      "labels": [
        "gen6",
        "mythical",
        "legendary"
      ],
      "aspects": [
        "fairy"
      ],
      "height": 32,
      "weight": 3200,
      "evolutions": [],
      "cannotDynamax": false,
      "battleOnly": false
    },
    {
      "name": "Fighting",
      "primaryType": "fighting",
      "abilities": [
        "multitype"
      ],
      "baseStats": {
        "hp": 120,
        "attack": 120,
        "defence": 120,
        "special_attack": 120,
        "special_defence": 120,
        "speed": 120
      },
      "catchRate": 3,
      "maleRatio": -1,
      "baseExperienceYield": 324,
      "baseFriendship": 0,
      "evYield": {
        "hp": 3,
        "attack": 0,
        "defence": 0,
        "special_attack": 0,
        "special_defence": 0,
        "speed": 0
      },
      "experienceGroup": "slow",
      "eggCycles": 120,
      "eggGroups": [
        "undiscovered"
      ],
      "labels": [
        "gen4",
        "mythical",
        "legendary"
      ],
      "aspects": [
        "fighting"
      ],
      "height": 32,
      "weight": 3200,
      "evolutions": [],
      "cannotDynamax": false,
      "battleOnly": false
    },
    {
      "name": "Fire",
      "primaryType": "fire",
      "abilities": [
        "multitype"
      ],
      "baseStats": {
        "hp": 120,
        "attack": 120,
        "defence": 120,
        "special_attack": 120,
        "special_defence": 120,
        "speed": 120
      },
      "catchRate": 3,
      "maleRatio": -1,
      "baseExperienceYield": 324,
      "baseFriendship": 0,
      "evYield": {
        "hp": 3,
        "attack": 0,
        "defence": 0,
        "special_attack": 0,
        "special_defence": 0,
        "speed": 0
      },
      "experienceGroup": "slow",
      "eggCycles": 120,
      "eggGroups": [
        "undiscovered"
      ],
      "labels": [
        "gen4",
        "mythical",
        "legendary"
      ],
      "aspects": [
        "fire"
      ],
      "height": 32,
      "weight": 3200,
      "evolutions": [],
      "cannotDynamax": false,
      "battleOnly": false
    },
    {
      "name": "Flying",
      "primaryType": "flying",
      "abilities": [
        "multitype"
      ],
      "baseStats": {
        "hp": 120,
        "attack": 120,
        "defence": 120,
        "special_attack": 120,
        "special_defence": 120,
        "speed": 120
      },
      "catchRate": 3,
      "maleRatio": -1,
      "baseExperienceYield": 324,
      "baseFriendship": 0,
      "evYield": {
        "hp": 3,
        "attack": 0,
        "defence": 0,
        "special_attack": 0,
        "special_defence": 0,
        "speed": 0
      },
      "experienceGroup": "slow",
      "eggCycles": 120,
      "eggGroups": [
        "undiscovered"
      ],
      "labels": [
        "gen4",
        "mythical",
        "legendary"
      ],
      "aspects": [
        "flying"
      ],
      "height": 32,
      "weight": 3200,
      "evolutions": [],
      "cannotDynamax": false,
      "battleOnly": false
    },
    {
      "name": "Ghost",
      "primaryType": "ghost",
      "abilities": [
        "multitype"
      ],
      "baseStats": {
        "hp": 120,
        "attack": 120,
        "defence": 120,
        "special_attack": 120,
        "special_defence": 120,
        "speed": 120
      },
      "catchRate": 3,
      "maleRatio": -1,
      "baseExperienceYield": 324,
      "baseFriendship": 0,
      "evYield": {
        "hp": 3,
        "attack": 0,
        "defence": 0,
        "special_attack": 0,
        "special_defence": 0,
        "speed": 0
      },
      "experienceGroup": "slow",
      "eggCycles": 120,
      "eggGroups": [
        "undiscovered"
      ],
      "labels": [
        "gen4",
        "mythical",
        "legendary"
      ],
      "aspects": [
        "ghost"
      ],
      "height": 32,
      "weight": 3200,
      "evolutions": [],
      "cannotDynamax": false,
      "battleOnly": false
    },
    {
      "name": "Grass",
      "primaryType": "grass",
      "abilities": [
        "multitype"
      ],
      "baseStats": {
        "hp": 120,
        "attack": 120,
        "defence": 120,
        "special_attack": 120,
        "special_defence": 120,
        "speed": 120
      },
      "catchRate": 3,
      "maleRatio": -1,
      "baseExperienceYield": 324,
      "baseFriendship": 0,
      "evYield": {
        "hp": 3,
        "attack": 0,
        "defence": 0,
        "special_attack": 0,
        "special_defence": 0,
        "speed": 0
      },
      "experienceGroup": "slow",
      "eggCycles": 120,
      "eggGroups": [
        "undiscovered"
      ],
      "labels": [
        "gen4",
        "mythical",
        "legendary"
      ],
      "aspects": [
        "grass"
      ],
      "height": 32,
      "weight": 3200,
      "evolutions": [],
      "cannotDynamax": false,
      "battleOnly": false
    },
    {
      "name": "Ground",
      "primaryType": "ground",
      "abilities": [
        "multitype"
      ],
      "baseStats": {
        "hp": 120,
        "attack": 120,
        "defence": 120,
        "special_attack": 120,
        "special_defence": 120,
        "speed": 120
      },
      "catchRate": 3,
      "maleRatio": -1,
      "baseExperienceYield": 324,
      "baseFriendship": 0,
      "evYield": {
        "hp": 3,
        "attack": 0,
        "defence": 0,
        "special_attack": 0,
        "special_defence": 0,
        "speed": 0
      },
      "experienceGroup": "slow",
      "eggCycles": 120,
      "eggGroups": [
        "undiscovered"
      ],
      "labels": [
        "gen4",
        "mythical",
        "legendary"
      ],
      "aspects": [
        "ground"
      ],
      "height": 32,
      "weight": 3200,
      "evolutions": [],
      "cannotDynamax": false,
      "battleOnly": false
    },
    {
      "name": "Ice",
      "primaryType": "ice",
      "abilities": [
        "multitype"
      ],
      "baseStats": {
        "hp": 120,
        "attack": 120,
        "defence": 120,
        "special_attack": 120,
        "special_defence": 120,
        "speed": 120
      },
      "catchRate": 3,
      "maleRatio": -1,
      "baseExperienceYield": 324,
      "baseFriendship": 0,
      "evYield": {
        "hp": 3,
        "attack": 0,
        "defence": 0,
        "special_attack": 0,
        "special_defence": 0,
        "speed": 0
      },
      "experienceGroup": "slow",
      "eggCycles": 120,
      "eggGroups": [
        "undiscovered"
      ],
      "labels": [
        "gen4",
        "mythical",
        "legendary"
      ],
      "aspects": [
        "ice"
      ],
      "height": 32,
      "weight": 3200,
      "evolutions": [],
      "cannotDynamax": false,
      "battleOnly": false
    },
    {
      "name": "Poison",
      "primaryType": "poison",
      "abilities": [
        "multitype"
      ],
      "baseStats": {
        "hp": 120,
        "attack": 120,
        "defence": 120,
        "special_attack": 120,
        "special_defence": 120,
        "speed": 120
      },
      "catchRate": 3,
      "maleRatio": -1,
      "baseExperienceYield": 324,
      "baseFriendship": 0,
      "evYield": {
        "hp": 3,
        "attack": 0,
        "defence": 0,
        "special_attack": 0,
        "special_defence": 0,
        "speed": 0
      },
      "experienceGroup": "slow",
      "eggCycles": 120,
      "eggGroups": [
        "undiscovered"
      ],
      "labels": [
        "gen4",
        "mythical",
        "legendary"
      ],
      "aspects": [
        "poison"
      ],
      "height": 32,
      "weight": 3200,
      "evolutions": [],
      "cannotDynamax": false,
      "battleOnly": false
    },
    {
      "name": "Psychic",
      "primaryType": "psychic",
      "abilities": [
        "multitype"
      ],
      "baseStats": {
        "hp": 120,
        "attack": 120,
        "defence": 120,
        "special_attack": 120,
        "special_defence": 120,
        "speed": 120
      },
      "catchRate": 3,
      "maleRatio": -1,
      "baseExperienceYield": 324,
      "baseFriendship": 0,
      "evYield": {
        "hp": 3,
        "attack": 0,
        "defence": 0,
        "special_attack": 0,
        "special_defence": 0,
        "speed": 0
      },
      "experienceGroup": "slow",
      "eggCycles": 120,
      "eggGroups": [
        "undiscovered"
      ],
      "labels": [
        "gen4",
        "mythical",
        "legendary"
      ],
      "aspects": [
        "psychic"
      ],
      "height": 32,
      "weight": 3200,
      "evolutions": [],
      "cannotDynamax": false,
      "battleOnly": false
    },
    {
      "name": "Rock",
      "primaryType": "rock",
      "abilities": [
        "multitype"
      ],
      "baseStats": {
        "hp": 120,
        "attack": 120,
        "defence": 120,
        "special_attack": 120,
        "special_defence": 120,
        "speed": 120
      },
      "catchRate": 3,
      "maleRatio": -1,
      "baseExperienceYield": 324,
      "baseFriendship": 0,
      "evYield": {
        "hp": 3,
        "attack": 0,
        "defence": 0,
        "special_attack": 0,
        "special_defence": 0,
        "speed": 0
      },
      "experienceGroup": "slow",
      "eggCycles": 120,
      "eggGroups": [
        "undiscovered"
      ],
      "labels": [
        "gen4",
        "mythical",
        "legendary"
      ],
      "aspects": [
        "rock"
      ],
      "height": 32,
      "weight": 3200,
      "evolutions": [],
      "cannotDynamax": false,
      "battleOnly": false
    },
    {
      "name": "Steel",
      "primaryType": "steel",
      "abilities": [
        "multitype"
      ],
      "baseStats": {
        "hp": 120,
        "attack": 120,
        "defence": 120,
        "special_attack": 120,
        "special_defence": 120,
        "speed": 120
      },
      "catchRate": 3,
      "maleRatio": -1,
      "baseExperienceYield": 324,
      "baseFriendship": 0,
      "evYield": {
        "hp": 3,
        "attack": 0,
        "defence": 0,
        "special_attack": 0,
        "special_defence": 0,
        "speed": 0
      },
      "experienceGroup": "slow",
      "eggCycles": 120,
      "eggGroups": [
        "undiscovered"
      ],
      "labels": [
        "gen4",
        "mythical",
        "legendary"
      ],
      "aspects": [
        "steel"
      ],
      "height": 32,
      "weight": 3200,
      "evolutions": [],
      "cannotDynamax": false,
      "battleOnly": false
    },
    {
      "name": "Water",
      "primaryType": "water",
      "abilities": [
        "multitype"
      ],
      "baseStats": {
        "hp": 120,
        "attack": 120,
        "defence": 120,
        "special_attack": 120,
        "special_defence": 120,
        "speed": 120
      },
      "catchRate": 3,
      "maleRatio": -1,
      "baseExperienceYield": 324,
      "baseFriendship": 0,
      "evYield": {
        "hp": 3,
        "attack": 0,
        "defence": 0,
        "special_attack": 0,
        "special_defence": 0,
        "speed": 0
      },
      "experienceGroup": "slow",
      "eggCycles": 120,
      "eggGroups": [
        "undiscovered"
      ],
      "labels": [
        "gen4",
        "mythical",
        "legendary"
      ],
      "aspects": [
        "water"
      ],
      "height": 32,
      "weight": 3200,
      "evolutions": [],
      "cannotDynamax": false,
      "battleOnly": false
    }
  ],
  "baseExperienceYield": 324,
  "experienceGroup": "slow",
  "eggCycles": 120,
  "eggGroups": [
    "undiscovered"
  ],
  "moves": [
    "1:cosmicpower",
    "1:naturalgift",
    "1:punishment",
    "1:seismictoss",
    "10:gravity",
    "20:earthpower",
    "30:hypervoice",
    "40:extremespeed",
    "50:healingwish",
    "50:refresh",
    "60:futuresight",
    "70:recover",
    "80:hyperbeam",
    "90:perishsong",
    "100:judgment",
    "tm:acidspray",
    "tm:aerialace",
    "tm:agility",
    "tm:airslash",
    "tm:aurasphere",
    "tm:avalanche",
    "tm:blizzard",
    "tm:bodypress",
    "tm:bodyslam",
    "tm:brickbreak",
    "tm:brine",
    "tm:bugbuzz",
    "tm:bulkup",
    "tm:bulldoze",
    "tm:bulletseed",
    "tm:calmmind",
    "tm:chargebeam",
    "tm:chillingwater",
    "tm:confide",
    "tm:confuseray",
    "tm:cut",
    "tm:darkpulse",
    "tm:dazzlinggleam",
    "tm:defog",
    "tm:dive",
    "tm:doubleteam",
    "tm:dracometeor",
    "tm:dragonclaw",
    "tm:dragondance",
    "tm:dragonpulse",
    "tm:dragontail",
    "tm:dreameater",
    "tm:earthpower",
    "tm:earthquake",
    "tm:echoedvoice",
    "tm:electricterrain",
    "tm:endure",
    "tm:energyball",
    "tm:facade",
    "tm:fireblast",
    "tm:flamethrower",
    "tm:flareblitz",
    "tm:flash",
    "tm:flashcannon",
    "tm:fly",
    "tm:focusblast",
    "tm:foulplay",
    "tm:frustration",
    "tm:gigadrain",
    "tm:gigaimpact",
    "tm:grassknot",
    "tm:grassyterrain",
    "tm:gunkshot",
    "tm:hail",
    "tm:heatwave",
    "tm:heavyslam",
    "tm:hex",
    "tm:hiddenpower",
    "tm:honeclaws",
    "tm:hurricane",
    "tm:hydropump",
    "tm:hyperbeam",
    "tm:hypervoice",
    "tm:icebeam",
    "tm:icywind",
    "tm:imprison",
    "tm:incinerate",
    "tm:irondefense",
    "tm:ironhead",
    "tm:irontail",
    "tm:lightscreen",
    "tm:liquidation",
    "tm:magicalleaf",
    "tm:mistyterrain",
    "tm:naturalgift",
    "tm:outrage",
    "tm:overheat",
    "tm:payback",
    "tm:phantomforce",
    "tm:poisonjab",
    "tm:powergem",
    "tm:protect",
    "tm:psychic",
    "tm:psychicterrain",
    "tm:psychup",
    "tm:psyshock",
    "tm:quash",
    "tm:raindance",
    "tm:recycle",
    "tm:reflect",
    "tm:rest",
    "tm:retaliate",
    "tm:return",
    "tm:roar",
    "tm:rockclimb",
    "tm:rockslide",
    "tm:rocksmash",
    "tm:rocktomb",
    "tm:round",
    "tm:safeguard",
    "tm:sandstorm",
    "tm:scaryface",
    "tm:secretpower",
    "tm:shadowball",
    "tm:shadowclaw",
    "tm:shockwave",
    "tm:silverwind",
    "tm:sleeptalk",
    "tm:sludgebomb",
    "tm:snarl",
    "tm:solarbeam",
    "tm:stealthrock",
    "tm:steelbeam",
    "tm:stompingtantrum",
    "tm:stoneedge",
    "tm:storedpower",
    "tm:strength",
    "tm:substitute",
    "tm:sunnyday",
    "tm:surf",
    "tm:swagger",
    "tm:swift",
    "tm:swordsdance",
    "tm:tailwind",
    "tm:takedown",
    "tm:taunt",
    "tm:telekinesis",
    "tm:terablast",
    "tm:thunder",
    "tm:thunderbolt",
    "tm:thunderwave",
    "tm:toxic",
    "tm:trailblaze",
    "tm:trick",
    "tm:trickroom",
    "tm:waterfall",
    "tm:waterpulse",
    "tm:whirlpool",
    "tm:wildcharge",
    "tm:willowisp",
    "tm:workup",
    "tm:xscissor",
    "tm:zenheadbutt",
    "tutor:ancientpower",
    "tutor:aquatail",
    "tutor:blastburn",
    "tutor:darkpulse",
    "tutor:defog",
    "tutor:dive",
    "tutor:dracometeor",
    "tutor:dragonpulse",
    "tutor:earthpower",
    "tutor:extremespeed",
    "tutor:furycutter",
    "tutor:gigadrain",
    "tutor:gravity",
    "tutor:headbutt",
    "tutor:heatwave",
    "tutor:hydrocannon",
    "tutor:hyperbeam",
    "tutor:hypervoice",
    "tutor:icywind",
    "tutor:irondefense",
    "tutor:ironhead",
    "tutor:irontail",
    "tutor:judgment",
    "tutor:laserfocus",
    "tutor:lastresort",
    "tutor:liquidation",
    "tutor:magiccoat",
    "tutor:mudslap",
    "tutor:ominouswind",
    "tutor:outrage",
    "tutor:perishsong",
    "tutor:recover",
    "tutor:recycle",
    "tutor:roaroftime",
    "tutor:shadowforce",
    "tutor:shockwave",
    "tutor:signalbeam",
    "tutor:sleeptalk",
    "tutor:snore",
    "tutor:spacialrend",
    "tutor:stealthrock",
    "tutor:swift",
    "tutor:tailwind",
    "tutor:telekinesis",
    "tutor:trick",
    "tutor:twister",
    "tutor:waterpulse",
    "tutor:zenheadbutt"
  ],
  "labels": [
    "gen4",
    "mythical",
    "legendary"
  ],
  "pokedex": [
    "cobblemon.species.arceus.desc"
  ],
  "preEvolution": "arcdeo",
  "evolutions": [],
  "baseScale": 1,
  "hitbox": {
    "width": 1,
    "height": 1,
    "fixed": false
  },
  "baseFriendship": 0,
  "evYield": {
    "hp": 3,
    "attack": 0,
    "defence": 0,
    "special_attack": 0,
    "special_defence": 0,
    "speed": 0
  },
  "height": 32,
  "weight": 3200,
  "aspects": [],
  "cannotDynamax": false
}