{
  "implemented": true,
  "name": "Articuno",
  "nationalPokedexNumber": 144,
  "primaryType": "ice",
  "secondaryType": "flying",
  "abilities": ["pressure", "h:snowcloak"],
  "drops": {
    "amount": 6,
    "entries": [
      {
        "item": "minecraft:feather",
        "quantityRange": "2-4"
      },
      {
        "item": "minecraft:chicken"
      },
      {
        "item": "cobblemon:never_melt_ice"
      }
    ]
  },
  "baseStats": {
    "hp": 90,
    "attack": 85,
    "defence": 100,
    "special_attack": 95,
    "special_defence": 125,
    "speed": 85
  },
  "features": ["galarian"],
  "catchRate": 3,
  "maleRatio": -1,
  "shoulderMountable": false,
  "forms": [
    {
      "name": "Galar",
      "primaryType": "psychic",
      "secondaryType": "flying",
      "abilities": ["competitive"],
      "baseStats": {
        "hp": 90,
        "attack": 85,
        "defence": 85,
        "special_attack": 125,
        "special_defence": 100,
        "speed": 95
      },
      "catchRate": 3,
      "maleRatio": -1,
      "baseExperienceYield": 290,
      "baseFriendship": 35,
      "evYield": {
        "hp": 0,
        "attack": 0,
        "defence": 0,
        "special_attack": 3,
        "special_defence": 0,
        "speed": 0
      },
      "experienceGroup": "slow",
      "eggCycles": 80,
      "eggGroups": ["undiscovered"],
      "moves": [
        "1:gust",
        "1:psychoshift",
        "5:confusion",
        "10:reflect",
        "15:hypnosis",
        "20:agility",
        "25:ancientpower",
        "30:tailwind",
        "35:psychocut",
        "40:recover",
        "45:freezingglare",
        "50:dreameater",
        "55:hurricane",
        "60:doubleteam",
        "60:mindreader",
        "65:futuresight",
        "70:trickroom",
        "tm:agility",
        "tm:aircutter",
        "tm:airslash",
        "tm:allyswitch",
        "tm:bravebird",
        "tm:calmmind",
        "tm:dualwingbeat",
        "tm:endure",
        "tm:expandingforce",
        "tm:facade",
        "tm:fly",
        "tm:futuresight",
        "tm:gigaimpact",
        "tm:guardswap",
        "tm:helpinghand",
        "tm:hurricane",
        "tm:hyperbeam",
        "tm:hypervoice",
        "tm:imprison",
        "tm:lightscreen",
        "tm:powerswap",
        "tm:protect",
        "tm:psybeam",
        "tm:psychic",
        "tm:psychicnoise",
        "tm:psychocut",
        "tm:psyshock",
        "tm:raindance",
        "tm:reflect",
        "tm:rest",
        "tm:round",
        "tm:scaryface",
        "tm:shadowball",
        "tm:skillswap",
        "tm:sleeptalk",
        "tm:snore",
        "tm:snowscape",
        "tm:steelwing",
        "tm:storedpower",
        "tm:substitute",
        "tm:sunnyday",
        "tm:swift",
        "tm:tailwind",
        "tm:takedown",
        "tm:terablast",
        "tm:trick",
        "tm:trickroom",
        "tm:uturn",
        "tutor:dualwingbeat",
        "tutor:expandingforce",
        "tutor:freezingglare",
        "tutor:hurricane",
        "tutor:psychocut",
        "tutor:psychoshift"
      ],
      "labels": ["gen8", "legendary", "galar_regional"],
      "aspects": ["galarian"],
      "height": 17,
      "weight": 509,
      "cannotDynamax": false,
      "battleOnly": false,
      "drops": {
        "amount": 6,
        "entries": [
          {
            "item": "minecraft:feather",
            "quantityRange": "2-4"
          },
          {
            "item": "minecraft:chicken"
          },
          {
            "item": "cobblemon:twisted_spoon"
          }
        ]
      }
    }
  ],
  "baseExperienceYield": 290,
  "experienceGroup": "slow",
  "eggCycles": 80,
  "eggGroups": ["undiscovered"],
  "behaviour": {
    "moving": {
      "fly": {
        "canFly": true
      }
    }
  },
  "moves": [
    "1:gust",
    "1:mist",
    "5:powdersnow",
    "10:reflect",
    "15:iceshard",
    "20:agility",
    "25:ancientpower",
    "30:tailwind",
    "35:freezedry",
    "40:roost",
    "45:icebeam",
    "50:hail",
    "50:snowscape",
    "55:hurricane",
    "60:haze",
    "60:mindreader",
    "65:blizzard",
    "70:sheercold",
    "tm:aerialace",
    "tm:agility",
    "tm:aircutter",
    "tm:airslash",
    "tm:auroraveil",
    "tm:avalanche",
    "tm:blizzard",
    "tm:bravebird",
    "tm:confide",
    "tm:defog",
    "tm:doubleedge",
    "tm:doubleteam",
    "tm:dualwingbeat",
    "tm:endure",
    "tm:facade",
    "tm:featherdance",
    "tm:fly",
    "tm:frostbreath",
    "tm:frustration",
    "tm:gigaimpact",
    "tm:hail",
    "tm:haze",
    "tm:helpinghand",
    "tm:hiddenpower",
    "tm:hurricane",
    "tm:hyperbeam",
    "tm:icebeam",
    "tm:icespinner",
    "tm:iciclespear",
    "tm:icywind",
    "tm:lightscreen",
    "tm:naturalgift",
    "tm:pluck",
    "tm:protect",
    "tm:raindance",
    "tm:reflect",
    "tm:rest",
    "tm:return",
    "tm:roar",
    "tm:rocksmash",
    "tm:roost",
    "tm:round",
    "tm:sandstorm",
    "tm:secretpower",
    "tm:skydrop",
    "tm:sleeptalk",
    "tm:snore",
    "tm:snowscape",
    "tm:steelwing",
    "tm:substitute",
    "tm:sunnyday",
    "tm:swagger",
    "tm:swift",
    "tm:tailwind",
    "tm:takedown",
    "tm:terablast",
    "tm:toxic",
    "tm:tripleaxel",
    "tm:uturn",
    "tm:waterpulse",
    "tm:weatherball",
    "tutor:agility",
    "tutor:aircutter",
    "tutor:ancientpower",
    "tutor:bide",
    "tutor:bubblebeam",
    "tutor:curse",
    "tutor:defog",
    "tutor:detect",
    "tutor:doubleedge",
    "tutor:doubleteam",
    "tutor:dualwingbeat",
    "tutor:endure",
    "tutor:extrasensory",
    "tutor:facade",
    "tutor:fly",
    "tutor:freezedry",
    "tutor:frustration",
    "tutor:gust",
    "tutor:hail",
    "tutor:headbutt",
    "tutor:healbell",
    "tutor:hiddenpower",
    "tutor:hyperbeam",
    "tutor:icebeam",
    "tutor:iceshard",
    "tutor:icywind",
    "tutor:laserfocus",
    "tutor:leer",
    "tutor:mimic",
    "tutor:mindreader",
    "tutor:mirrorcoat",
    "tutor:mist",
    "tutor:mudslap",
    "tutor:ominouswind",
    "tutor:peck",
    "tutor:powdersnow",
    "tutor:protect",
    "tutor:rage",
    "tutor:raindance",
    "tutor:razorwind",
    "tutor:reflect",
    "tutor:rest",
    "tutor:return",
    "tutor:roar",
    "tutor:rocksmash",
    "tutor:roost",
    "tutor:sandstorm",
    "tutor:signalbeam",
    "tutor:skyattack",
    "tutor:sleeptalk",
    "tutor:snore",
    "tutor:steelwing",
    "tutor:substitute",
    "tutor:sunnyday",
    "tutor:swagger",
    "tutor:swift",
    "tutor:tailwind",
    "tutor:takedown",
    "tutor:toxic",
    "tutor:tripleaxel",
    "tutor:twister",
    "tutor:uturn",
    "tutor:watergun",
    "tutor:waterpulse",
    "tutor:whirlwind"
  ],
  "labels": ["gen1", "legendary", "kanto_regional"],
  "pokedex": ["cobblemon.species.articuno.desc"],
  "preEvolution": "articunoegg",
  "baseScale": 1.5,
  "hitbox": {
    "width": 0.7,
    "height": 1.8,
    "fixed": false
  },
  "baseFriendship": 35,
  "evYield": {
    "hp": 0,
    "attack": 0,
    "defence": 0,
    "special_attack": 0,
    "special_defence": 3,
    "speed": 0
  },
  "height": 17,
  "weight": 554,
  "aspects": [],
  "cannotDynamax": false
}
