{
  "name": "Eternatus",
  "nationalPokedexNumber": 890,
  "primaryType": "poison",
  "secondaryType": "dragon",
  "abilities": [
    "pressure"
  ],
  "baseStats": {
    "hp": 140,
    "attack": 85,
    "defence": 95,
    "special_attack": 145,
    "special_defence": 95,
    "speed": 130
  },
  "catchRate": 255,
  "maleRatio": -1,
  "shoulderMountable": false,
  "forms": [
    {
      "name": "Eternamax",
      "primaryType": "poison",
      "secondaryType": "dragon",
      "abilities": [
        "pressure"
      ],
      "baseStats": {
        "hp": 255,
        "attack": 115,
        "defence": 250,
        "special_attack": 125,
        "special_defence": 250,
        "speed": 130
      },
      "catchRate": 255,
      "maleRatio": -1,
      "baseExperienceYield": 345,
      "baseFriendship": 0,
      "evYield": {
        "hp": 3,
        "attack": 0,
        "defence": 0,
        "special_attack": 0,
        "special_defence": 0,
        "speed": 0
      },
      "experienceGroup": "slow",
      "eggCycles": 120,
      "eggGroups": [
        "undiscovered"
      ],
      "labels": [
        "gen8",
        "legendary"
      ],
      "aspects": [
        "eternamax"
      ],
      "height": 1000,
      "weight": 0,
      "evolutions": [],
      "cannotDynamax": true,
      "battleOnly": false
    }
  ],
  "baseExperienceYield": 345,
  "experienceGroup": "slow",
  "eggCycles": 120,
  "eggGroups": [
    "undiscovered"
  ],
  "moves": [
    "1:agility",
    "1:confuseray",
    "1:dragontail",
    "1:poisontail",
    "8:toxic",
    "16:venoshock",
    "24:dragondance",
    "32:crosspoison",
    "40:dragonpulse",
    "48:flamethrower",
    "56:dynamaxcannon",
    "64:cosmicpower",
    "72:recover",
    "80:hyperbeam",
    "88:eternabeam",
    "88:outrage",
    "tm:agility",
    "tm:assurance",
    "tm:bodyslam",
    "tm:brutalswing",
    "tm:confuseray",
    "tm:cosmicpower",
    "tm:crosspoison",
    "tm:dracometeor",
    "tm:dragondance",
    "tm:dragonpulse",
    "tm:dragontail",
    "tm:endure",
    "tm:facade",
    "tm:fireblast",
    "tm:firespin",
    "tm:flamethrower",
    "tm:flashcannon",
    "tm:fly",
    "tm:gigaimpact",
    "tm:gunkshot",
    "tm:hyperbeam",
    "tm:lightscreen",
    "tm:mysticalfire",
    "tm:outrage",
    "tm:payback",
    "tm:poisonjab",
    "tm:poisontail",
    "tm:protect",
    "tm:raindance",
    "tm:reflect",
    "tm:rest",
    "tm:round",
    "tm:scaryface",
    "tm:screech",
    "tm:shadowball",
    "tm:sleeptalk",
    "tm:sludgebomb",
    "tm:sludgewave",
    "tm:snore",
    "tm:solarbeam",
    "tm:substitute",
    "tm:sunnyday",
    "tm:takedown",
    "tm:terablast",
    "tm:toxicspikes",
    "tm:venomdrench",
    "tm:venoshock",
    "tutor:crosspoison",
    "tutor:dracometeor",
    "tutor:dragonpulse",
    "tutor:dynamaxcannon",
    "tutor:eternabeam",
    "tutor:flamethrower",
    "tutor:meteorbeam",
    "tutor:sludgebomb"
  ],
  "labels": [
    "gen8",
    "legendary"
  ],
  "pokedex": [
    "cobblemon.species.eternatus.desc"
  ],
  "preEvolution": "eteregg",
  "evolutions": [],
  "baseScale": 1,
  "hitbox": {
    "width": 1,
    "height": 1,
    "fixed": false
  },
  "baseFriendship": 0,
  "evYield": {
    "hp": 3,
    "attack": 0,
    "defence": 0,
    "special_attack": 0,
    "special_defence": 0,
    "speed": 0
  },
  "height": 200,
  "weight": 9500,
  "dynamaxBlocked": true,
  "aspects": [],
  "cannotDynamax": true
}