{
  "implemented": true,
  "name": "Mewtwo",
  "nationalPokedexNumber": 150,
  "primaryType": "psychic",
  "abilities": ["pressure", "h:unnerve"],
  "drops": {
    "amount": 1,
    "entries": [
      {
        "item": "cobblemon:twisted_spoon"
      }
    ]
  },
  "baseStats": {
    "hp": 106,
    "attack": 110,
    "defence": 90,
    "special_attack": 154,
    "special_defence": 90,
    "speed": 130
  },
  "catchRate": 3,
  "maleRatio": -1,
  "shoulderMountable": false,
  "forms": [
    {
      "name": "Mega-X",
      "primaryType": "psychic",
      "secondaryType": "fighting",
      "abilities": ["steadfast"],
      "baseStats": {
        "hp": 106,
        "attack": 190,
        "defence": 100,
        "special_attack": 154,
        "special_defence": 100,
        "speed": 130
      },
      "catchRate": 3,
      "maleRatio": -1,
      "baseExperienceYield": 340,
      "baseFriendship": 0,
      "evYield": {
        "hp": 0,
        "attack": 0,
        "defence": 0,
        "special_attack": 3,
        "special_defence": 0,
        "speed": 0
      },
      "experienceGroup": "slow",
      "eggCycles": 120,
      "eggGroups": ["undiscovered"],
      "labels": ["gen6", "mega", "legendary"],
      "aspects": ["mega-x"],
      "height": 23,
      "weight": 1270,
      "cannotDynamax": false,
      "battleOnly": true
    },
    {
      "name": "Mega-Y",
      "primaryType": "psychic",
      "abilities": ["insomnia"],
      "baseStats": {
        "hp": 106,
        "attack": 150,
        "defence": 70,
        "special_attack": 194,
        "special_defence": 120,
        "speed": 140
      },
      "catchRate": 3,
      "maleRatio": -1,
      "baseExperienceYield": 340,
      "baseFriendship": 0,
      "evYield": {
        "hp": 0,
        "attack": 0,
        "defence": 0,
        "special_attack": 3,
        "special_defence": 0,
        "speed": 0
      },
      "experienceGroup": "slow",
      "eggCycles": 120,
      "eggGroups": ["undiscovered"],
      "labels": ["gen6", "mega", "legendary"],
      "aspects": ["mega-y"],
      "height": 15,
      "weight": 330,
      "cannotDynamax": false,
      "battleOnly": true
    }
  ],
  "baseExperienceYield": 340,
  "experienceGroup": "slow",
  "eggCycles": 120,
  "eggGroups": ["undiscovered"],
  "behaviour": {
    "moving": {
      "fly": {
        "canFly": true
      }
    }
  },
  "moves": [
    "1:confusion",
    "1:disable",
    "1:laserfocus",
    "1:lifedew",
    "1:psywave",
    "1:swift",
    "8:ancientpower",
    "16:psychocut",
    "22:psychup",
    "24:safeguard",
    "29:miracleeye",
    "32:amnesia",
    "40:aurasphere",
    "48:psychic",
    "56:guardswap",
    "56:powerswap",
    "64:barrier",
    "64:mist",
    "72:psystrike",
    "80:recover",
    "88:futuresight",
    "93:mefirst",
    "tm:aerialace",
    "tm:agility",
    "tm:allyswitch",
    "tm:amnesia",
    "tm:aurasphere",
    "tm:avalanche",
    "tm:blizzard",
    "tm:bodyslam",
    "tm:brickbreak",
    "tm:brutalswing",
    "tm:bulkup",
    "tm:bulldoze",
    "tm:calmmind",
    "tm:chargebeam",
    "tm:chillingwater",
    "tm:confide",
    "tm:confuseray",
    "tm:curse",
    "tm:darkpulse",
    "tm:dive",
    "tm:doubleedge",
    "tm:doubleteam",
    "tm:drainpunch",
    "tm:dreameater",
    "tm:earthpower",
    "tm:earthquake",
    "tm:electroball",
    "tm:embargo",
    "tm:endure",
    "tm:energyball",
    "tm:expandingforce",
    "tm:facade",
    "tm:fireblast",
    "tm:firepunch",
    "tm:flamethrower",
    "tm:flash",
    "tm:fling",
    "tm:focusblast",
    "tm:focuspunch",
    "tm:foulplay",
    "tm:frustration",
    "tm:futuresight",
    "tm:gigaimpact",
    "tm:grassknot",
    "tm:gravity",
    "tm:guardswap",
    "tm:hail",
    "tm:helpinghand",
    "tm:hex",
    "tm:hiddenpower",
    "tm:hurricane",
    "tm:hyperbeam",
    "tm:icebeam",
    "tm:icepunch",
    "tm:icywind",
    "tm:imprison",
    "tm:incinerate",
    "tm:irontail",
    "tm:knockoff",
    "tm:lashout",
    "tm:lightscreen",
    "tm:lowkick",
    "tm:lowsweep",
    "tm:magicroom",
    "tm:megakick",
    "tm:megapunch",
    "tm:metronome",
    "tm:nastyplot",
    "tm:naturalgift",
    "tm:nightshade",
    "tm:payday",
    "tm:poisonjab",
    "tm:powergem",
    "tm:powerswap",
    "tm:poweruppunch",
    "tm:protect",
    "tm:psybeam",
    "tm:psychic",
    "tm:psychicnoise",
    "tm:psychicterrain",
    "tm:psychocut",
    "tm:psychup",
    "tm:psyshock",
    "tm:raindance",
    "tm:recycle",
    "tm:reflect",
    "tm:rest",
    "tm:return",
    "tm:reversal",
    "tm:rockclimb",
    "tm:rockslide",
    "tm:rocksmash",
    "tm:rocktomb",
    "tm:round",
    "tm:safeguard",
    "tm:sandstorm",
    "tm:scaryface",
    "tm:secretpower",
    "tm:selfdestruct",
    "tm:shadowball",
    "tm:shockwave",
    "tm:skillswap",
    "tm:sleeptalk",
    "tm:snatch",
    "tm:snore",
    "tm:solarbeam",
    "tm:speedswap",
    "tm:spite",
    "tm:stompingtantrum",
    "tm:stoneedge",
    "tm:storedpower",
    "tm:strength",
    "tm:substitute",
    "tm:sunnyday",
    "tm:swagger",
    "tm:swift",
    "tm:takedown",
    "tm:taunt",
    "tm:telekinesis",
    "tm:terablast",
    "tm:thunder",
    "tm:thunderbolt",
    "tm:thunderpunch",
    "tm:thunderwave",
    "tm:torment",
    "tm:toxic",
    "tm:trailblaze",
    "tm:triattack",
    "tm:trick",
    "tm:trickroom",
    "tm:waterpulse",
    "tm:weatherball",
    "tm:willowisp",
    "tm:wonderroom",
    "tm:zenheadbutt",
    "tutor:agility",
    "tutor:amnesia",
    "tutor:aquatail",
    "tutor:barrier",
    "tutor:bide",
    "tutor:blizzard",
    "tutor:bodyslam",
    "tutor:brickbreak",
    "tutor:bubblebeam",
    "tutor:bulkup",
    "tutor:confuseray",
    "tutor:confusion",
    "tutor:counter",
    "tutor:curse",
    "tutor:detect",
    "tutor:disable",
    "tutor:doubleedge",
    "tutor:doubleteam",
    "tutor:drainpunch",
    "tutor:dreameater",
    "tutor:dynamicpunch",
    "tutor:earthquake",
    "tutor:electroball",
    "tutor:endure",
    "tutor:expandingforce",
    "tutor:facade",
    "tutor:fireblast",
    "tutor:firepunch",
    "tutor:flamethrower",
    "tutor:flash",
    "tutor:focuspunch",
    "tutor:foulplay",
    "tutor:frustration",
    "tutor:futuresight",
    "tutor:gravity",
    "tutor:guardswap",
    "tutor:headbutt",
    "tutor:healpulse",
    "tutor:hiddenpower",
    "tutor:hurricane",
    "tutor:hyperbeam",
    "tutor:icepunch",
    "tutor:icywind",
    "tutor:irontail",
    "tutor:laserfocus",
    "tutor:lightscreen",
    "tutor:lowkick",
    "tutor:magiccoat",
    "tutor:magicroom",
    "tutor:megakick",
    "tutor:megapunch",
    "tutor:metronome",
    "tutor:mimic",
    "tutor:mist",
    "tutor:mudslap",
    "tutor:nightmare",
    "tutor:payday",
    "tutor:poisonjab",
    "tutor:powerswap",
    "tutor:protect",
    "tutor:psybeam",
    "tutor:psychic",
    "tutor:psychocut",
    "tutor:psychup",
    "tutor:psywave",
    "tutor:rage",
    "tutor:raindance",
    "tutor:recover",
    "tutor:recycle",
    "tutor:reflect",
    "tutor:rest",
    "tutor:return",
    "tutor:rockslide",
    "tutor:rocksmash",
    "tutor:roleplay",
    "tutor:safeguard",
    "tutor:seismictoss",
    "tutor:selfdestruct",
    "tutor:shadowball",
    "tutor:shockwave",
    "tutor:signalbeam",
    "tutor:skillswap",
    "tutor:skullbash",
    "tutor:sleeptalk",
    "tutor:snatch",
    "tutor:snore",
    "tutor:solarbeam",
    "tutor:strength",
    "tutor:submission",
    "tutor:substitute",
    "tutor:sunnyday",
    "tutor:swagger",
    "tutor:swift",
    "tutor:takedown",
    "tutor:taunt",
    "tutor:telekinesis",
    "tutor:teleport",
    "tutor:thunder",
    "tutor:thunderbolt",
    "tutor:thunderpunch",
    "tutor:thunderwave",
    "tutor:toxic",
    "tutor:triattack",
    "tutor:trick",
    "tutor:watergun",
    "tutor:waterpulse",
    "tutor:willowisp",
    "tutor:wonderroom",
    "tutor:zapcannon",
    "tutor:zenheadbutt"
  ],
  "labels": ["gen1", "legendary"],
  "pokedex": ["cobblemon.species.mewtwo.desc"],
  "preEvolution": "mewtwoegg",
  "evolutions": [],
  "baseScale": 1.2,
  "hitbox": {
    "width": 0.75,
    "height": 1.7,
    "fixed": false
  },
  "baseFriendship": 0,
  "evYield": {
    "hp": 0,
    "attack": 0,
    "defence": 0,
    "special_attack": 3,
    "special_defence": 0,
    "speed": 0
  },
  "height": 20,
  "weight": 1220,
  "aspects": [],
  "cannotDynamax": false
}
