{
    "enabled": true,
    "neededInstalledMods": [],
    "neededUninstalledMods": [],
    "spawns": [
        {
            "id": "rattata-1",
            "pokemon": "rattata",
            "presets": [
                "natural"
            ],
            "type": "pokemon",
            "context": "grounded",
            "bucket": "common",
            "level": "4-25",
            "weight": 9.0,
            "condition": {
                "canSeeSky": true,
                "biomes": [
                    "#cobblemon:is_grassland"
                ],
                "timeRange": "night"
            },
            "anticondition": {
                "biomes": [
                    "#cobblemon:is_spooky"
                ],
                "neededNearbyBlocks": [
                    "minecraft:water"
                ]
            }
        },
		{
            "id": "rattata-2",
            "pokemon": "rattata",
            "presets": [
                "underground"
            ],
            "type": "pokemon",
            "context": "grounded",
            "bucket": "common",
            "level": "4-25",
            "weight": 9.0,
            "condition": {
                "canSeeSky": false,
				"minY": 0,
                "biomes": [
                    "#cobblemon:is_overworld"
                ]
            },
            "anticondition": {
                "biomes": [
                    "#cobblemon:is_abyss"
                ],
                "neededNearbyBlocks": [
                    "minecraft:water"
                ]
            }
        },
		{
            "id": "rattata-3",
            "pokemon": "rattata",
            "type": "pokemon",
            "context": "grounded",
            "bucket": "common",
            "level": "10-25",
            "weight": 50.0,
            "condition": {
                "canSeeSky": true,
                "biomes": [
                    "#cobblemon:is_overworld"
                ],
                "neededNearbyBlocks": [
                    "minecraft:cake"
                ]
            },
            "anticondition": {
                "biomes": [
                    "#cobblemon:is_abyss"
                ]
            }
        },
        {
            "id": "rattata-alolan-1",
            "pokemon": "rattata alolan",
            "presets": [
                "underground"
            ],
            "type": "pokemon",
            "context": "grounded",
            "bucket": "common",
            "level": "4-25",
            "weight": 9.0,
            "condition": {
                "canSeeSky": false,
				"maxY": 0,
                "biomes": [
                    "#cobblemon:is_overworld"
                ]
            },
            "anticondition": {
                "biomes": [
                    "#cobblemon:is_abyss"
                ],
                "neededNearbyBlocks": [
                    "minecraft:water"
                ]
            }
        },
		{
            "id": "rattata-alolan-2",
            "pokemon": "rattata alolan",
            "presets": [
                "derelict"
            ],
            "type": "pokemon",
            "context": "grounded",
            "bucket": "uncommon",
            "level": "4-25",
            "weight": 9.0,
            "condition": {
                "canSeeSky": false,
				"maxY": 0,
                "biomes": [
                    "#cobblemon:is_overworld"
                ]
            },
            "anticondition": {
                "biomes": [
                    "#cobblemon:is_abyss"
                ],
                "neededNearbyBlocks": [
                    "minecraft:water"
                ]
            }
        },
        {
            "id": "rattata-alolan-3",
            "pokemon": "rattata alolan",
            "presets": [
                "natural"
            ],
            "type": "pokemon",
            "context": "grounded",
            "bucket": "common",
            "level": "4-25",
            "weight": 9.0,
            "condition": {
                "canSeeSky": true,
                "biomes": [
                    "#cobblemon:is_spooky"
                ],
                "timeRange": "night",
                "minY": 63
            }
        },
		{
            "id": "rattata-alolan-4",
            "pokemon": "rattata alolan",
            "presets": [
                "derelict"
            ],
            "type": "pokemon",
            "context": "grounded",
            "bucket": "uncommon",
            "level": "4-25",
            "weight": 9.0,
            "condition": {
                "canSeeSky": false,
                "biomes": [
                    "#cobblemon:is_spooky"
                ],
                "minY": 63
            }
        },
		{
            "id": "rattata-alolan-5",
            "pokemon": "rattata alolan",
            "type": "pokemon",
            "context": "grounded",
            "bucket": "common",
            "level": "10-25",
            "weight": 50.0,
            "condition": {
                "biomes": [
                    "#cobblemon:is_abyss"
                ],
                "neededNearbyBlocks": [
                    "minecraft:cake"
                ]
            },
            "anticondition": {
                "biomes": [
                    "#cobblemon:is_abyss"
                ]
            }
        }
    ]
}