{
    "enabled": true,
    "neededInstalledMods": [],
    "neededUninstalledMods": [],
    "spawns": [
        {
            "id": "nidorina-1",
            "pokemon": "nidorina",
            "presets": [
                "natural"
            ],
            "type": "pokemon",
            "context": "grounded",
            "bucket": "uncommon",
            "level": "16-36",
            "weight": 0.9,
            "condition": {
                "canSeeSky": true,
                "biomes": [
                    "#cobblemon:is_savanna"
                ],
                "timeRange": "day"
            }
        },
        {
            "id": "nidorina-2",
            "pokemon": "nidorina",
            "presets": [
                "near_water"
            ],
            "type": "pokemon",
            "context": "grounded",
            "bucket": "uncommon",
            "level": "16-35",
            "weight": 25.0,
            "condition": {
                "biomes": [
                    "#cobblemon:is_savanna"
                ]
            }
        }
    ]
}