{
    "enabled": true,
    "neededInstalledMods": [],
    "neededUninstalledMods": [],
    "spawns": [
        {
            "id": "vulpix-1",
            "pokemon": "vulpix",
            "presets": [
                "natural"
            ],
            "type": "pokemon",
            "context": "grounded",
            "bucket": "uncommon",
            "level": "16-30",
            "weight": 5.94,
            "condition": {
                "canSeeSky": true,
                "biomes": [
                    "#cobblemon:is_forest"
                ],
                "timeRange": "twilight"
            },
            "anticondition": {
                "biomes": [
                    "#cobblemon:is_freezing"
                ]
            }
        },
        {
            "id": "vulpix-2",
            "pokemon": "vulpix",
            "presets": [
                "cave_den"
            ],
            "type": "pokemon",
            "context": "grounded",
            "bucket": "common",
            "level": "16-30",
            "weight": 50,
            "condition": {
                "biomes": [
                    "#cobblemon:is_forest"
                ]
            },
            "anticondition": {
                "biomes": [
                    "#cobblemon:is_freezing"
                ]
            }
        },
        {
            "id": "vulpix-3",
            "pokemon": "vulpix",
            "presets": [
                "near_campfire"
            ],
            "type": "pokemon",
            "context": "grounded",
            "bucket": "common",
            "level": "16-30",
            "weight": 50.0,
            "condition": {
                "canSeeSky": true,
                "timeRange": "night"
            }
        },
		{
            "id": "vulpix-alolan-1",
            "pokemon": "vulpix alolan",
            "presets": [
                "natural"
            ],
            "type": "pokemon",
            "context": "grounded",
            "bucket": "uncommon",
            "level": "16-30",
            "weight": 5.94,
            "condition": {
                "canSeeSky": true,
                "biomes": [
                    "#cobblemon:is_snowy"
                ],
                "timeRange": "twilight"
            }
        },
		{
            "id": "vulpix-alolan-2",
            "pokemon": "vulpix alolan",
            "presets": [
                "natural"
            ],
            "type": "pokemon",
            "context": "grounded",
            "bucket": "common",
            "level": "16-30",
            "weight": 50,
            "condition": {
                "canSeeSky": true,
                "isRaining": true,
                "biomes": [
                    "#cobblemon:is_snowy"
                ],
                "neededNearbyBlocks": [
                    "minecraft:grass"
                ]
            }
        }
    ]
}