{
    "enabled": true,
    "neededInstalledMods": [],
    "neededUninstalledMods": [],
    "spawns": [
        {
            "id": "jigglypuff-1",
            "pokemon": "jigglypuff",
            "presets": [
                "natural"
            ],
            "type": "pokemon",
            "context": "grounded",
            "bucket": "common",
            "level": "12-27",
            "weight": 0.9,
            "condition": {
                "canSeeSky": true,
                "biomes": [
                    "#cobblemon:is_floral"
                ]
            }
        },
		{
            "id": "jigglypuff-2",
            "pokemon": "jigglypuff",
            "presets": [
                "natural"
            ],
            "type": "pokemon",
            "context": "grounded",
            "bucket": "common",
            "level": "12-27",
            "weight": 0.18,
            "condition": {
                "canSeeSky": true,
                "biomes": [
                    "#cobblemon:is_plains"
                ]
            },
            "anticondition": {
                "biomes": [
                    "#cobblemon:is_floral"
                ]
            }
        },
		{
            "id": "jigglypuff-3",
            "pokemon": "jigglypuff",
            "presets": [
                "natural"
            ],
            "type": "pokemon",
            "context": "grounded",
            "bucket": "common",
            "level": "10-25",
            "weight": 75,
            "condition": {
                "canSeeSky": true,
                "isRaining": false,
                "biomes": [
                    "#cobblemon:is_overworld"
                ],
                "neededNearbyBlocks": [
                    "minecraft:jukebox"
                ]
            },
            "anticondition": {
                "biomes": [
                    "#minecraft:is_ocean"
                ]
            }
        }
    ]
}