{
    "enabled": true,
    "neededInstalledMods": [],
    "neededUninstalledMods": [],
    "spawns": [
        {
            "id": "parasect-1",
            "pokemon": "parasect",
            "presets": [
                "natural"
            ],
            "type": "pokemon",
            "context": "grounded",
            "bucket": "uncommon",
            "level": "24-40",
            "weight": 1.0,
            "condition": {
                "canSeeSky": false,
                "biomes": [
                    "#cobblemon:is_lush"
                ]
            }
        },
        {
            "id": "parasect-2",
            "pokemon": "parasect",
            "presets": [
                "natural"
            ],
            "type": "pokemon",
            "context": "grounded",
            "bucket": "common",
            "level": "24-40",
            "weight": 1.0,
            "condition": {
                "biomes": [
                    "#cobblemon:is_mushroom"
                ]
            }
        },
        {
            "id": "parasect-3",
            "pokemon": "parasect",
            "presets": [
                "natural"
            ],
            "type": "pokemon",
            "context": "grounded",
            "bucket": "uncommon",
            "level": "25-50",
            "weight": 50.0,
            "condition": {
                "timeRange": "night",
                "biomes": [
                    "#cobblemon:is_temperate"
                ],
                "neededNearbyBlocks": [
                    "minecraft:red_mushroom",
                    "minecraft:red_mushroom_block"
                ]
            }
        }
    ]
}