{
    "enabled": true,
    "neededInstalledMods": [],
    "neededUninstalledMods": [],
    "spawns": [
        {
            "id": "venonat-1",
            "pokemon": "venonat",
            "presets": [
                "natural"
            ],
            "type": "pokemon",
            "context": "grounded",
            "bucket": "common",
            "level": "13-30",
            "weight": 5.4,
            "condition": {
                "canSeeSky": true,
                "biomes": [
                    "#cobblemon:is_spooky",
                    "#cobblemon:is_swamp"
                ],
                "timeRange": "night"
            }
        },
        {
            "id": "venonat-2",
            "pokemon": "venonat",
            "presets": [
                "natural"
            ],
            "type": "pokemon",
            "context": "grounded",
            "bucket": "common",
            "level": "13-30",
            "weight": 50,
            "condition": {
                "biomes": [
                    "#cobblemon:is_spooky",
                    "#cobblemon:is_swamp"
                ],
                "timeRange": "night",
                "minLight": 10
            }
        }
    ]
}