{
    "enabled": true,
    "neededInstalledMods": [],
    "neededUninstalledMods": [],
    "spawns": [
        {
            "id": "venomoth-1",
            "pokemon": "venomoth",
            "presets": [
                "natural"
            ],
            "type": "pokemon",
            "context": "grounded",
            "bucket": "common",
            "level": "31-45",
            "weight": 0.6,
            "condition": {
                "canSeeSky": true,
                "biomes": [
                    "#cobblemon:is_spooky",
                    "#cobblemon:is_swamp"
                ],
                "timeRange": "night",
                "isRaining": false
            }
        },
        {
            "id": "venomoth-2",
            "pokemon": "venomoth",
            "presets": [
                "natural"
            ],
            "type": "pokemon",
            "context": "grounded",
            "bucket": "common",
            "level": "31-50",
            "weight": 20,
            "condition": {
                "biomes": [
                    "#cobblemon:is_spooky",
                    "#cobblemon:is_swamp",
                    "#cobblemon:is_temperate"
                ],
                "timeRange": "night",
                "minLight": 10
            }
        }
    ]
}