{
    "enabled": true,
    "neededInstalledMods": [],
    "neededUninstalledMods": [],
    "spawns": [
        {
            "id": "meowth-1",
            "pokemon": "meowth",
            "presets": [
                "natural",
				"urban"
            ],
            "type": "pokemon",
            "context": "grounded",
            "bucket": "uncommon",
            "level": "12-29",
            "weight": 9.0,
            "condition": {
                "canSeeSky": true,
                "biomes": [
                    "#cobblemon:is_temperate"
                ],
                "timeRange": "night",
                "isRaining": false
            },
            "anticondition": {
                "biomes": [
                    "#cobblemon:is_spooky"
                ]
            }
        },
        {
            "id": "meowth-2",
            "pokemon": "meowth",
            "type": "pokemon",
            "context": "grounded",
            "bucket": "common",
            "level": "12-29",
            "weight": 300.0,
            "condition": {
                "canSeeSky": true,
                "biomes": [
                    "#cobblemon:is_temperate"
                ],
                "timeRange": "night",
                "isRaining": false,
                "neededNearbyBlocks": [
                    "minecraft:gold_block"
                ]
            }
        },
        {
            "id": "meowth-3",
            "pokemon": "meowth",
            "presets": [
                "village_roads"
            ],
            "type": "pokemon",
            "context": "grounded",
            "bucket": "common",
            "level": "12-29",
            "weight": 20.0,
            "condition": {
                "canSeeSky": true,
                "biomes": [
                    "#cobblemon:is_temperate"
                ],
                "isRaining": false
            }
        }
    ]
}