{
    "enabled": true,
    "neededInstalledMods": [],
    "neededUninstalledMods": [],
    "spawns": [
        {
            "id": "poliwag-1",
            "pokemon": "poliwag",
            "presets": [
                "natural",
				"freshwater"
            ],
            "type": "pokemon",
            "context": "grounded",
            "bucket": "common",
            "level": "6-30",
            "weight": 9.0,
            "condition": {
                "canSeeSky": true,
                "isRaining": true
            }
        },
        {
            "id": "poliwag-2",
            "pokemon": "poliwag",
            "presets": [
                "freshwater",
                "underwater"
            ],
            "type": "pokemon",
            "context": "submerged",
            "bucket": "common",
            "level": "6-30",
            "weight": 9.0,
            "condition": {
                "canSeeSky": true,
				"neededNearbyBlocks": [
                    "minecraft:lily_pad"
                ]
            }
        },
        {
            "id": "poliwag-3",
            "pokemon": "poliwag",
            "type": "pokemon",
            "presets": [
                "water_surface"
            ],
            "bucket": "common",
            "level": "12-32",
            "weight": 50,
            "condition": {
                "canSeeSky": true,
                "timeRange": "day",
                "minY": 60,
                "neededNearbyBlocks": [
                    "minecraft:grass",
                    "minecraft:tall_grass",
                    "minecraft:grass_block"
                ],
                "biomes": [
                    "#cobblemon:is_temperate",
                    "#cobblemon:is_arid",
                    "#cobblemon:is_jungle",
                    "#cobblemon:is_swamp"
                ]
            },
            "anticondition": {
                "neededNearbyBlocks": [
                    "minecraft:mud"
                ]
            }
        }
    ]
}