{
    "enabled": true,
    "neededInstalledMods": [],
    "neededUninstalledMods": [],
    "spawns": [
        {
            "id": "machamp-1",
            "pokemon": "machamp",
            "presets": [
                "natural"
            ],
            "type": "pokemon",
            "context": "grounded",
            "bucket": "common",
            "level": "41-50",
            "weight": 0.06,
            "condition": {
                "canSeeSky": true,
                "biomes": [
                    "#cobblemon:is_hills"
                ],
                "timeRange": "day"
            }
        },
        {
            "id": "machamp-2",
            "pokemon": "machamp",
            "presets": [
                "mineshaft"
            ],
            "type": "pokemon",
            "context": "grounded",
            "bucket": "rare",
            "level": "40-60",
            "weight": 50,
            "condition": {
                "biomes": [
                    "#cobblemon:is_overworld"
                ],
                "timeRange": "day"
            }
        }
    ]
}