{
    "enabled": true,
    "neededInstalledMods": [],
    "neededUninstalledMods": [],
    "spawns": [
        {
            "id": "bellsprout-1",
            "pokemon": "bellsprout",
            "presets": [
                "natural"
            ],
            "type": "pokemon",
            "context": "grounded",
            "bucket": "common",
            "level": "7-30",
            "weight": 9.0,
            "condition": {
                "canSeeSky": true,
                "biomes": [
                    "#cobblemon:is_jungle"
                ]
            }
        },
        {
            "id": "bellsprout-2",
            "pokemon": "bellsprout",
            "presets": [
                "near_flowers"
            ],
            "type": "pokemon",
            "context": "grounded",
            "bucket": "common",
            "level": "7-30",
            "weight": 50.0,
            "condition": {
                "canSeeSky": true,
                "biomes": [
                    "#cobblemon:is_jungle"
                ],
                "timeRange": "day"
            }
        }
    ]
}