{
    "enabled": true,
    "neededInstalledMods": [],
    "neededUninstalledMods": [],
    "spawns": [
        {
            "id": "geodude-1",
            "pokemon": "geodude",
            "presets": [
                "natural"
            ],
            "type": "pokemon",
            "context": "grounded",
            "bucket": "common",
            "level": "10-30",
            "weight": 9.0,
            "condition": {
                "canSeeSky": true,
                "biomes": [
                    "#cobblemon:is_mountain"
                ]
            },
            "anticondition": {
                "neededNearbyBlocks": [
                    "minecraft:water",
                    "minecraft:lava"
                ]
            }
        },
        {
            "id": "geodude-2",
            "pokemon": "geodude",
            "presets": [
                "underground"
            ],
            "type": "pokemon",
            "context": "grounded",
            "bucket": "common",
            "level": "10-30",
            "weight": 9.0,
            "condition": {
                "canSeeSky": false,
                "biomes": [
                    "#cobblemon:is_overworld"
                ]
            },
            "anticondition": {
                "biomes": [
                    "#cobblemon:is_abyss"
                ],
                "neededNearbyBlocks": [
                    "minecraft:lava",
                    "minecraft:water"
                ]
            }
        },
        {
            "id": "geodude-3",
            "pokemon": "geodude",
            "type": "pokemon",
            "context": "submerged",
            "bucket": "common",
            "level": "1",
            "weight": 50.0,
            "condition": {
                "canSeeSky": true,
                "neededBaseBlocks": [
                    "minecraft:cobblestone"
                ],
                "neededNearbyBlocks": [
                    "minecraft:lava"
                ]
            }
        }
    ]
}