{
    "enabled": true,
    "neededInstalledMods": [],
    "neededUninstalledMods": [],
    "spawns": [
        {
            "id": "farfetchd-1",
            "pokemon": "farfetchd",
            "presets": [
                "natural",
				"treetop"
            ],
            "type": "pokemon",
            "context": "grounded",
            "bucket": "rare",
            "level": "15-38",
            "weight": 10.0,
            "condition": {
                "canSeeSky": true,
                "biomes": [
                    "#cobblemon:is_temperate"
                ],
                "timeRange": "day"
            },
            "anticondition": {
                "biomes": [
                    "#cobblemon:is_spooky"
                ]
            }
        },
        {
            "id": "farfetchd-2",
            "pokemon": "farfetchd",
            "type": "pokemon",
            "context": "grounded",
            "bucket": "common",
            "level": "15-38",
            "weight": 50,
            "condition": {
                "canSeeSky": true,
                "biomes": [
                    "#cobblemon:is_temperate"
                ],
                "neededNearbyBlocks": [
                    "minecraft:sugar_cane"
                ],
                "timeRange": "day",
                "minY": 62
            },
            "anticondition": {
                "biomes": [
                    "#cobblemon:is_spooky"
                ]
            }
        }
    ]
}