{
    "enabled": true,
    "neededInstalledMods": [],
    "neededUninstalledMods": [],
    "spawns": [
        {
            "id": "marowak-1",
            "pokemon": "marowak",
            "presets": [
                "natural"
            ],
            "type": "pokemon",
            "context": "grounded",
            "bucket": "common",
            "level": "28-42",
            "weight": 0.2,
            "condition": {
                "canSeeSky": true,
                "biomes": [
                    "#cobblemon:is_sandy"
                ]
            }
        },
        {
            "id": "marowak-2",
            "pokemon": "marowak",
            "presets": [
                "natural"
            ],
            "type": "pokemon",
            "context": "grounded",
            "bucket": "uncommon",
            "level": "28-55",
            "weight": 50,
            "condition": {
                "canSeeSky": true,
                "timeRange": "day",
                "minY": 63,
                "neededNearbyBlocks": [
                    "minecraft:bone_block",
                    "minecraft:skeleton_skull"
                ],
                "biomes": [
                    "#cobblemon:is_sandy"
                ]
            }
        }
    ]
}