{
    "enabled": true,
    "neededInstalledMods": [],
    "neededUninstalledMods": [],
    "spawns": [
        {
            "id": "seadra-1",
            "pokemon": "seadra",
            "presets": [
                "underwater",
                "natural"
            ],
            "type": "pokemon",
            "context": "submerged",
            "bucket": "uncommon",
            "level": "32-44",
            "weight": 0.9,
            "condition": {
                "canSeeSky": true,
                "biomes": [
                    "#cobblemon:is_lukewarm"
                ]
            }
        },
        {
            "id": "seadra-2",
            "pokemon": "seadra",
            "presets": [
                "sunlight_zone"
            ],
            "type": "pokemon",
            "context": "submerged",
            "bucket": "uncommon",
            "level": "35-50",
            "weight": 50.0,
            "condition": {
                "canSeeSky": true,
                "timeRange": "day",
                "biomes": [
                    "#cobblemon:is_lukewarm"
                ],
                "neededNearbyBlocks": [
                    "minecraft:kelp_plant"
                ]
            }
        }
    ]
}