{
    "enabled": true,
    "neededInstalledMods": [],
    "neededUninstalledMods": [],
    "spawns": [
        {
            "id": "pinsir-1",
            "pokemon": "pinsir",
            "presets": [
                "natural",
                "treetop"
            ],
            "type": "pokemon",
            "context": "grounded",
            "bucket": "rare",
            "level": "20-50",
            "weight": 10.0,
            "condition": {
                "canSeeSky": true,
                "biomes": [
                    "#cobblemon:is_jungle"
                ],
                "timeRange": "day"
            }
        },
        {
            "id": "pinsir-2",
            "pokemon": "pinsir",
            "presets": [
                "honey_tree"
            ],
            "type": "pokemon",
            "context": "grounded",
            "bucket": "common",
            "level": "20-50",
            "weight": 50.0,
            "condition": {
                "biomes": [
                    "#cobblemon:is_temperate",
                    "#cobblemon:is_floral"
                ],
                "timeRange": "day"
            }
        }
    ]
}