{
    "enabled": true,
    "neededInstalledMods": [],
    "neededUninstalledMods": [],
    "spawns": [
        {
            "id": "magikarp-1",
            "pokemon": "magikarp",
            "presets": [
                "freshwater",
                "underwater"
            ],
            "type": "pokemon",
            "context": "submerged",
            "bucket": "common",
            "level": "1-20",
            "weight": 9.9,
            "condition": {
                "canSeeSky": true
            }
        },
        {
            "id": "magikarp-2",
            "pokemon": "magikarp",
            "presets": [
                "underwater"
            ],
            "type": "pokemon",
            "context": "submerged",
            "bucket": "common",
            "level": "1-20",
            "weight": 9.9,
            "condition": {
                "canSeeSky": true,
                "biomes": [
                    "#minecraft:is_ocean"
                ]
            }
        }
    ]
}