{
    "enabled": true,
    "neededInstalledMods": [],
    "neededUninstalledMods": [],
    "spawns": [
        {
            "id": "eevee-1",
            "pokemon": "eevee",
            "presets": [
                "natural"
            ],
            "type": "pokemon",
            "context": "grounded",
            "bucket": "ultra-rare",
            "level": "5-32",
            "weight": 9.0,
            "condition": {
                "canSeeSky": true,
                "biomes": [
                    "#cobblemon:is_overworld"
                ]
            }
        },
		{
            "id": "eevee-2",
            "pokemon": "eevee",
            "presets": [
                "natural"
            ],
            "type": "pokemon",
            "context": "grounded",
            "bucket": "rare",
            "level": "5-32",
            "weight": 10.0,
            "condition": {
                "canSeeSky": true,
                "biomes": [
                    "#cobblemon:is_temperate"
                ]
            }
        },
        {
            "id": "eevee-3",
            "pokemon": "eevee",
            "type": "pokemon",
            "context": "grounded",
            "bucket": "common",
            "level": "5-20",
            "weight": 50.0,
            "condition": {
                "canSeeSky": false,
                "timeRange": "day",
                "isRaining": false,
                "neededBaseBlocks": [
                    "minecraft:hay_block"
                ],
                "neededNearbyBlocks": [
                    "cobblemon:water_stone_ore",
                    "cobblemon:thunder_stone_ore",
                    "cobblemon:fire_stone_ore",
                    "cobblemon:ice_stone_ore",
                    "cobblemon:leaf_stone_ore",
                    "cobblemon:deepslate_water_stone_ore",
                    "cobblemon:deepslate_thunder_stone_ore",
                    "cobblemon:deepslate_fire_stone_ore",
                    "cobblemon:deepslate_ice_stone_ore",
                    "cobblemon:deepslate_leaf_stone_ore"
                ],
                "biomes": [
                    "#cobblemon:is_temperate"
                ]
            }
        }
    ]
}