{
    "enabled": true,
    "neededInstalledMods": [],
    "neededUninstalledMods": [],
    "spawns": [
        {
            "id": "snorlax-1",
            "pokemon": "snorlax",
            "presets": [
                "natural"
            ],
            "type": "pokemon",
            "context": "grounded",
            "bucket": "rare",
            "level": "20-54",
            "weight": 1.0,
            "condition": {
                "canSeeSky": true,
                "biomes": [
                    "#cobblemon:is_forest",
                    "#cobblemon:is_hills"
                ]
            }
        },
        {
            "id": "snorlax-2",
            "pokemon": "snorlax",
            "presets": [
                "village_roads"
            ],
            "type": "pokemon",
            "context": "grounded",
            "bucket": "uncommon",
            "level": "45-55",
            "weight": 10.0,
            "condition": {
                "timeRange": "day"
            }
        },
        {
            "id": "snorlax-3",
            "pokemon": "snorlax",
            "type": "pokemon",
            "context": "grounded",
            "bucket": "rare",
            "level": "30-45",
            "weight": 40.0,
            "condition": {
                "timeRange": "day",
                "neededBaseBlocks": [
                    "minecraft:dirt_path"
                ],
                "neededNearbyBlocks": [
                    "minecraft:grass_block"
                ]
            }
        }
    ]
}