{
    "enabled": true,
    "neededInstalledMods": [],
    "neededUninstalledMods": [],
    "spawns": [
        {
            "id": "dragonair-1",
            "pokemon": "dragonair",
            "presets": [
                "water_surface"
            ],
            "type": "pokemon",
            "bucket": "rare",
            "level": "30-42",
            "weight": 0.9,
            "condition": {
                "canSeeSky": false,
				"maxY": 32,
                "biomes": [
                    "#cobblemon:is_overworld"
                ]
            }
        },
		{
            "id": "dragonair-2",
            "pokemon": "dragonair",
            "presets": [
                "underwater"
            ],
            "type": "pokemon",
            "context": "submerged",
            "bucket": "rare",
            "level": "30-42",
            "weight": 0.9,
            "condition": {
                "canSeeSky": false,
				"maxY": 32,
                "biomes": [
                    "#cobblemon:is_overworld"
                ]
            }
        },
        {
            "id": "dragonair-3",
            "pokemon": "dragonair",
            "presets": [
                "water_surface"
            ],
            "type": "pokemon",
            "bucket": "uncommon",
            "level": "30-60",
            "weight": 50.0,
            "condition": {
                "canSeeSky": false,
                "timeRange": "day",
				"maxY": 32,
                "biomes": [
                    "#cobblemon:is_overworld"
                ],
                "neededNearbyBlocks": [
                    "minecraft:prismarine"
                ]
            }
        },
		{
            "id": "dragonair-4",
            "pokemon": "dragonair",
            "presets": [
                "twilight_zone"
            ],
            "type": "pokemon",
            "context": "submerged",
            "bucket": "rare",
            "level": "30-40",
            "weight": 1.0,
            "condition": {
                "biomes": [
                    "#minecraft:is_ocean"
                ]
            }
        },
		{
            "id": "dragonair-5",
            "pokemon": "dragonair",
            "presets": [
                "underwater"
            ],
            "type": "pokemon",
            "context": "submerged",
            "bucket": "uncommon",
            "level": "30-40",
            "weight": 50.0,
            "condition": {
                "canSeeSky": false,
				"maxY": 32,
                "biomes": [
                    "#cobblemon:is_overworld"
                ],
                "neededNearbyBlocks": [
                    "minecraft:prismarine"
                ]
            }
        }
    ]
}