{
    "enabled": true,
    "neededInstalledMods": [],
    "neededUninstalledMods": [],
    "spawns": [
        {
            "id": "murkrow-1",
            "pokemon": "murkrow",
            "presets": [
                "natural",
				"treetop"
            ],
            "type": "pokemon",
            "context": "grounded",
            "bucket": "uncommon",
            "level": "15-40",
            "weight": 1.98,
            "condition": {
                "canSeeSky": true,
                "biomes": [
                    "#cobblemon:is_sky",
                    "#cobblemon:is_swamp",
					"#cobblemon:is_taiga"
                ],
                "timeRange": "night",
                "isRaining": false
			}
        },
		{
            "id": "murkrow-2",
            "pokemon": "murkrow",
            "presets": [
                "natural",
				"treetop"
            ],
            "type": "pokemon",
            "context": "grounded",
            "bucket": "common",
            "level": "15-40",
            "weight": 1.98,
            "condition": {
                "canSeeSky": true,
                "biomes": [
                    "#cobblemon:is_spooky"
                ],
                "isRaining": false
			}
        },
        {
            "id": "murkrow-3",
            "pokemon": "murkrow",
            "type": "pokemon",
            "context": "grounded",
            "bucket": "common",
            "level": "12-29",
            "weight": 300.0,
            "condition": {
                "canSeeSky": true,
                "biomes": [
                    "#cobblemon:is_temperate"
                ],
                "timeRange": "night",
                "isRaining": false,
                "neededNearbyBlocks": [
                    "minecraft:gold_block"
                ]
            }
        }
    ]
}