{
    "enabled": true,
    "neededInstalledMods": [],
    "neededUninstalledMods": [],
    "spawns": [
        {
            "id": "porygon2-1",
            "pokemon": "porygon2",
            "type": "pokemon",
            "context": "grounded",
            "bucket": "uncommon",
            "level": "40-51",
            "weight": 0.9,
            "condition": {
                "biomes": [
                    "#cobblemon:is_overworld"
                ],
				"neededNearbyBlocks": [
                    "cobblemon:pc"
                ]
            }
        },
        {
            "id": "porygon2-2",
            "pokemon": "porygon2",
            "type": "pokemon",
            "context": "grounded",
            "bucket": "uncommon",
            "level": "40-51",
            "weight": 50,
            "condition": {
                "biomes": [
                    "#cobblemon:is_overworld"
                ],
				"neededNearbyBlocks": [
                    "cobblemon:pc"
                ],
                "neededBaseBlocks": [
                    "minecraft:observer"
                ]
            }
        }
    ]
}