{
    "enabled": "true",
    "neededInstalledMods": [],
    "neededUninstalledMods": [],
    "spawns": [
        {
            "id": "stantler-1",
            "pokemon": "stantler",
            "presets": [
                "natural"
            ],
            "type": "pokemon",
            "context": "grounded",
            "bucket": "common",
            "level": "16-46",
            "weight": 9.0,
            "condition": {
                "canSeeSky": true,
                "biomes": [
                    "#cobblemon:is_snowy",
                    "#cobblemon:is_tundra"
                ]
            }
        },
        {
            "id": "stantler-2",
            "pokemon": "stantler",
            "presets": [
                "natural"
            ],
            "type": "pokemon",
            "context": "grounded",
            "bucket": "common",
            "level": "16-46",
            "weight": 30.0,
            "condition": {
                "canSeeSky": true,
                "biomes": [
                    "#cobblemon:is_cold"
                ],
                "neededNearbyBlocks": [
                    "minecraft:grass"
                ]
            }
        }
    ]
}