{
    "enabled": true,
    "neededInstalledMods": [],
    "neededUninstalledMods": [],
    "spawns": [
        {
            "id": "elekid-1",
            "pokemon": "elekid",
            "presets": [
                "natural"
            ],
            "type": "pokemon",
            "context": "grounded",
            "bucket": "common",
            "level": "12-36",
            "weight": 5.4,
            "condition": {
                "canSeeSky": true,
                "biomes": [
                    "#cobblemon:is_plains"
                ],
                "isThundering": true
            }
        },
        {
            "id": "elekid-2",
            "pokemon": "elekid",
            "presets": [
                "natural"
            ],
            "type": "pokemon",
            "context": "grounded",
            "bucket": "common",
            "level": "12-36",
            "weight": 1.8,
            "condition": {
                "canSeeSky": true,
                "biomes": [
                    "#cobblemon:is_plains"
                ],
				"neededNearbyBlocks": [
                    "minecraft:lightning_rod"
                ]
            }
        },
        {
            "id": "elekid-3",
            "pokemon": "elekid",
            "type": "pokemon",
            "context": "grounded",
            "bucket": "common",
            "level": "10-30",
            "weight": 50,
            "condition": {
                "canSeeSky": true,
                "minY": 63,
                "timeRange": "day",
                "biomes": [
                    "#cobblemon:is_overworld"
                ],
				"neededNearbyBlocks": [
                    "minecraft:lightning_rod"
                ],
                "neededBaseBlocks": [
                    "minecraft:copper_block",
                    "minecraft:waxed_copper_block"
                ]
            }
        }
    ]
}