{
    "enabled": true,
    "neededInstalledMods": [],
    "neededUninstalledMods": [],
    "spawns": [
		{
            "id": "magby-1",
            "pokemon": "magby",
            "presets": [
                "natural"
            ],
            "type": "pokemon",
            "context": "grounded",
            "bucket": "common",
            "level": "12-36",
            "weight": 9.0,
            "condition": {
                "canSeeSky": true,
                "biomes": [
                    "#cobblemon:is_hills"
                ],
                "isRaining": false,
				"neededNearbyBlocks": [
                    "minecraft:lava", "minecraft:flowing_lava"
                ]
            },
            "anticondition": {
                "biomes": [
                    "#cobblemon:is_volcanic"
                ]
            }
		},
        {
            "id": "magby-2",
            "pokemon": "magby",
            "presets": [
                "natural"
            ],
            "type": "pokemon",
            "context": "grounded",
            "bucket": "common",
            "level": "12-36",
            "weight": 9.0,
            "condition": {
                "canSeeSky": true,
                "biomes": [
                    "#cobblemon:is_volcanic"
                ],
                "isRaining": false
            }
        },
        {
            "id": "magby-3",
            "pokemon": "magby",
            "presets": [
                "natural"
            ],
            "type": "pokemon",
            "context": "grounded",
            "bucket": "uncommon",
            "level": "12-36",
            "weight": 9.0,
            "condition": {
                "biomes": [
                    "minecraft:basalt_deltas",
                    "minecraft:crimson_forest",
                    "minecraft:nether_wastes"
                ]
            }
        },
        {
            "id": "magby-4",
            "pokemon": "magby",
            "type": "pokemon",
            "context": "grounded",
            "bucket": "common",
            "level": "10-30",
            "weight": 50,
            "condition": {
                "neededBaseBlocks": [
                    "minecraft:magma_block"
                ],
                "neededNearbyBlocks": [
                    "minecraft:lava"
                ]
            },
            "anticondition": {
                "neededNearbyBlocks": [
                    "minecraft:water"
                ]
            }
        }
    ]
}