{
    "enabled": "true",
    "neededInstalledMods": [],
    "neededUninstalledMods": [],
    "spawns": [
        {
            "id": "seedot-1",
            "pokemon": "seedot",
            "presets": [
                "natural",
                "treetop"
            ],
            "type": "pokemon",
            "context": "grounded",
            "bucket": "common",
            "level": "6-22",
            "weight": 5.4,
            "condition": {
                "canSeeSky": true,
                "biomes": [
                    "#cobblemon:is_forest"
                ]
            }
        },
        {
            "id": "seedot-2",
            "pokemon": "seedot",
            "type": "pokemon",
            "context": "grounded",
            "bucket": "common",
            "level": "5-15",
            "weight": 50,
            "condition": {
                "canSeeSky": true,
                "biomes": [
                    "#cobblemon:is_forest"
                ],
                "neededBaseBlocks": [
                    "minecraft:grass_block"
                ],
                "neededNearbyBlocks": [
                    "minecraft:oak_leaves"
                ]
            }
        }
    ]
}