{
    "enabled": "true",
    "neededInstalledMods": [],
    "neededUninstalledMods": [],
    "spawns": [
        {
            "id": "mawile-1",
            "pokemon": "mawile",
            "presets": [
                "underground"
            ],
            "type": "pokemon",
            "context": "grounded",
            "bucket": "uncommon",
            "level": "16-38",
            "weight": 6.0,
            "condition": {
                "canSeeSky": false,
                "biomes": [
                    "#cobblemon:is_abyss"
                ]
            }
        },
        {
            "id": "mawile-2",
            "pokemon": "mawile",
            "presets": [
                "underground"
            ],
            "type": "pokemon",
            "context": "grounded",
            "bucket": "rare",
            "level": "16-38",
            "weight": 6.0,
            "condition": {
                "canSeeSky": false,
                "biomes": [
                    "#cobblemon:is_overworld"
                ]
            },
            "anticondition": {
                "biomes": [
                    "#cobblemon:is_abyss"
                ]
            }
        },
        {
            "id": "mawile-3",
            "pokemon": "mawile",
            "presets": [
                "natural"
            ],
            "type": "pokemon",
            "context": "grounded",
            "bucket": "rare",
            "level": "16-38",
            "weight": 6.0,
            "condition": {
                "canSeeSky": true,
                "biomes": [
                    "#cobblemon:is_mountain",
                    "#cobblemon:is_forest"
                ]
            }
        },
        {
            "id": "mawile-4",
            "pokemon": "mawile",
            "type": "pokemon",
            "context": "grounded",
            "bucket": "common",
            "level": "5-45",
            "weight": 50.0,
            "condition": {
                "canSeeSky": false,
                "biomes": [
                    "#cobblemon:is_overworld"
                ],
                "neededBaseBlocks": [
                    "minecraft:stone"
                ],
                "neededNearbyBlocks": [
                    "minecraft:glowstone"
                ]
            },
            "anticondition": {
                "biomes": [
                    "#cobblemon:is_abyss"
                ]
            }
        }
    ]
}