{
    "enabled": true,
    "neededInstalledMods": [],
    "neededUninstalledMods": [],
    "spawns": [
        {
            "id": "wailmer-1",
            "pokemon": "wailmer",
            "presets": [
                "underwater"
            ],
            "type": "pokemon",
            "context": "submerged",
            "bucket": "uncommon",
            "level": "18-40",
            "weight": 1.8,
            "condition": {
                "canSeeSky": true,
                "biomes": [
                    "#cobblemon:is_deep"
                ]
            }
        },
        {
            "id": "wailmer-2",
            "pokemon": "wailmer",
            "presets": [
                "water_surface"
            ],
            "type": "pokemon",
            "context": "surface",
            "bucket": "common",
            "level": "5-40",
            "weight": 1000,
            "condition": {
                "canSeeSky": true,
                "timeRange": "twilight,noon",
                "biomes": [
                    "#minecraft:is_ocean"
                ]
            }
        }
    ]
}