{
    "enabled": "true",
    "neededInstalledMods": [],
    "neededUninstalledMods": [],
    "spawns": [
        {
            "id": "kricketune-1",
            "pokemon": "kricketune",
            "presets": [
                "natural"
            ],
            "type": "pokemon",
            "context": "grounded",
            "bucket": "common",
            "level": "10-38",
            "weight": 1.0,
            "condition": {
                "canSeeSky": true,
                "biomes": [
                    "#cobblemon:is_forest",
                    "#cobblemon:is_swamp"
                ],
                "timeRange": "night"
            },
            "anticondition": {
                "biomes": [
                    "#cobblemon:is_freezing"
                ]
            }
        },
        {
            "id": "kricketune-2",
            "pokemon": "kricketune",
            "presets": [
                "natural"
            ],
            "type": "pokemon",
            "context": "grounded",
            "bucket": "common",
            "level": "10-60",
            "weight": 50,
            "condition": {
                "canSeeSky": true,
                "biomes": [
                    "#cobblemon:is_temperate",
                    "#cobblemon:is_swamp",
                    "#cobblemon:is_arid"
                ],
                "timeRange": "twilight",
                "neededNearbyBlocks": [
                    "minecraft:tall_grass"
                ]
            },
            "anticondition": {
                "biomes": [
                    "#cobblemon:is_freezing"
                ]
            }
        }
    ]
}