{
    "enabled": "true",
    "neededInstalledMods": [],
    "neededUninstalledMods": [],
    "spawns": [
        {
            "id": "spiritomb-1",
            "pokemon": "spiritomb",
			"presets": [
                "underground"
            ],
            "type": "pokemon",
            "context": "grounded",
            "bucket": "uncommon",
            "level": "25-48",
            "weight": 20.0,
            "condition": {
                "canSeeSky": false,
                "biomes": [
                    "#cobblemon:is_abyss"
                ],
                "neededNearbyBlocks": [
                    "minecraft:deepslate_bricks",
                    "minecraft:cracked_deepslate_bricks",
                    "minecraft:deepslate_tiles",
                    "minecraft:polished_deepslate"
                ]
            }
        },
        {
            "id": "spiritomb-2",
            "pokemon": "spiritomb",
            "presets": [
                "ruined_structures"
            ],
            "type": "pokemon",
            "context": "grounded",
            "bucket": "uncommon",
            "level": "25-48",
            "weight": 10.0,
            "condition": {
                "canSeeSky": false
            }
        },
        {
            "id": "spiritomb-3",
            "pokemon": "spiritomb",
            "type": "pokemon",
            "context": "grounded",
            "bucket": "common",
            "level": "40-60",
            "weight": 100.0,
            "condition": {
                "canSeeSky": false,
                "neededNearbyBlocks": [
                    "minecraft:reinforced_deepslate"
                ]
            }
        }
    ]
}