{
    "enabled": "true",
    "neededInstalledMods": [],
    "neededUninstalledMods": [],
    "spawns": [
        {
            "id": "gible-1",
            "pokemon": "gible",
            "presets": [
                "natural"
            ],
            "type": "pokemon",
            "context": "grounded",
            "bucket": "rare",
            "level": "12-30",
            "weight": 5.4,
            "condition": {
                "biomes": [
                    "#cobblemon:is_mountain"
                ]
            }
        },
        {
            "id": "gible-2",
            "pokemon": "gible",
            "presets": [
                "underground"
            ],
            "type": "pokemon",
            "context": "grounded",
            "bucket": "ultra-rare",
            "level": "12-30",
            "weight": 9.0,
            "condition": {
                "canSeeSky": false,
                "biomes": [
                    "#cobblemon:is_overworld"
                ]
            },
            "anticondition": {
                "biomes": [
                    "#cobblemon:is_abyss",
					"#cobblemon:is_mountain"
                ]
            }
        },
        {
            "id": "gible-3",
            "pokemon": "gible",
            "presets": [
                "natural"
            ],
            "type": "pokemon",
            "context": "grounded",
            "bucket": "uncommon",
            "level": "12-30",
            "weight": 10,
            "condition": {
                "canSeeSky": true,
                "biomes": [
                    "#cobblemon:is_desert"
                ]
            }
        },
        {
            "id": "gible-4",
            "pokemon": "gible",
            "type": "pokemon",
            "context": "grounded",
            "bucket": "common",
            "level": "5-20",
            "weight": 100,
            "condition": {
                "canSeeSky": false,
                "maxY": 73,
                "minY": 30,
                "biomes": [
                    "#cobblemon:is_desert"
                ],
                "neededBaseBlocks": [
                    "minecraft:coarse_dirt"
                ],
                "neededNearbyBlocks": [
                    "minecraft:amethyst_block",
					"minecraft:budding_amethyst",
					"#minecraft:diamond_ores",
					"#minecraft:emerald_ores"
                ]
            }
        }
    ]
}