{
    "enabled": "true",
    "neededInstalledMods": [],
    "neededUninstalledMods": [],
    "spawns": [
        {
            "id": "weavile-1",
            "pokemon": "weavile",
            "type": "pokemon",
            "context": "grounded",
            "bucket": "uncommon",
            "level": "44-51",
            "weight": 0.1,
            "condition": {
                "canSeeSky": true,
                "biomes": [
                    "#cobblemon:is_taiga"
                ],
                "timeRange": "night"
            }
        },
        {
            "id": "weavile-2",
            "pokemon": "weavile",
            "presets": [
                "cave_den"
            ],
            "type": "pokemon",
            "context": "grounded",
            "bucket": "uncommon",
            "level": "12-43",
            "weight": 50,
            "condition": {
                "biomes": [
                    "#cobblemon:is_taiga"
                ]
            }
        },
        {
            "id": "weavile-3",
            "pokemon": "weavile",
            "presets": [
                "near_berry_bush"
            ],
            "type": "pokemon",
            "context": "grounded",
            "bucket": "uncommon",
            "level": "12-43",
            "weight": 50,
            "condition": {
                "timeRange": "night"
            }
        }
    ]
}