{
    "enabled": true,
    "neededInstalledMods": [],
    "neededUninstalledMods": [],
    "spawns": [
        {
            "id": "rhyperior-1",
            "pokemon": "rhyperior",
            "presets": [
                "natural"
            ],
            "type": "pokemon",
            "context": "grounded",
            "bucket": "common",
            "level": "49-53",
            "weight": 0.02,
            "condition": {
                "canSeeSky": true,
                "biomes": [
                    "#cobblemon:is_hills"
                ],
                "timeRange": "day"
            }
        },
        {
            "id": "rhyperior-2",
            "pokemon": "rhyperior",
            "type": "pokemon",
            "context": "grounded",
            "bucket": "uncommon",
            "level": "50-65",
            "weight": 10,
            "condition": {
                "canSeeSky": true,
                "biomes": [
                    "#cobblemon:is_savanna"
                ],
                "timeRange": "day",
                "minY": 63,
                "neededBaseBlocks": [
                    "minecraft:coarse_dirt"
                ],
                "neededNearbyBlocks": [
                    "minecraft:cobblestone"
                ]
            },
            "anticondition": {
                "neededNearbyBlocks": [
                    "minecraft:grass",
                    "minecraft:tall_grass"
                ]
            }
        }
    ]
}