{
    "enabled": true,
    "neededInstalledMods": [],
    "neededUninstalledMods": [],
    "spawns": [
        {
            "id": "serperior-2",
            "pokemon": "serperior",
            "type": "pokemon",
            "context": "grounded",
            "bucket": "uncommon",
            "level": "35-45",
            "weight": 500.0,
            "condition": {
                "canSeeSky": true,
                "isRaining": false,
                "timeRange": "day",
                "minZ": 0,
                "neededBaseBlocks": [
                    "minecraft:podzol"
                ],
                "neededNearbyBlocks": [
                    "minecraft:azalea"
                ],
                "biomes": [
                    "#cobblemon:is_jungle"
                ]
            },
            "anticondition": {
                "neededNearbyBlocks": [
                    "minecraft:fire",
                    "minecraft:soul_fire",
                    "minecraft:lava",
                    "minecraft:jack_o_lantern",
                    "minecraft:campfire",
                    "minecraft:soul_campfire",
                    "minecraft:torch",
                    "minecraft:wall_torch",
                    "minecraft:soul_torch",
                    "minecraft:wall_soul_torch",
                    "minecraft:redstone_torch",
                    "minecraft:redstone_wall_torch"
                ]
            }
        }
    ]
}