{
    "enabled": "true",
    "neededInstalledMods": [],
    "neededUninstalledMods": [],
    "spawns": [
        {
            "id": "galvantula-1",
            "pokemon": "galvantula",
            "presets": [
                "natural"
            ],
            "type": "pokemon",
            "context": "grounded",
            "bucket": "common",
            "level": "36-47",
            "weight": 0.6,
            "condition": {
                "canSeeSky": true,
                "biomes": [
                    "#cobblemon:is_badlands",
                    "#cobblemon:is_jungle",
                    "#cobblemon:is_savanna"
                ],
                "timeRange": "night"
            }
        },
        {
            "id": "galvantula-2",
            "pokemon": "galvantula",
            "presets": [
                "underground"
            ],
            "type": "pokemon",
            "context": "grounded",
            "bucket": "common",
            "level": "36-47",
            "weight": 0.6,
            "condition": {
                "canSeeSky": false,
                "biomes": [
                    "#cobblemon:is_overworld"
                ]
            },
            "anticondition": {
                "biomes": [
                    "#cobblemon:is_abyss"
                ]
            }
        },
        {
            "id": "galvantula-3",
            "pokemon": "galvantula",
            "presets": [
                "spiderwebs"
            ],
            "type": "pokemon",
            "context": "grounded",
            "bucket": "uncommon",
            "level": "36-50",
            "weight": 500,
            "condition": {
                "biomes": [
                    "#cobblemon:is_overworld"
                ]
            },
            "anticondition": {
                "neededNearbyBlocks": [
                    "minecraft:water",
                    "minecraft:lava"
                ]
            }
        }
    ]
}