{
    "enabled": "true",
    "neededInstalledMods": [],
    "neededUninstalledMods": [],
    "spawns": [
        {
            "id": "golett-1",
            "pokemon": "golett",
			"presets": [
                "underground"
            ],
            "type": "pokemon",
            "context": "grounded",
            "bucket": "uncommon",
            "level": "20-30",
            "weight": 42.0,
            "condition": {
                "canSeeSky": false,
                "biomes": [
                    "#cobblemon:is_abyss"
                ],
                "neededNearbyBlocks": [
                    "minecraft:deepslate_bricks",
                    "minecraft:cracked_deepslate_bricks",
                    "minecraft:deepslate_tiles",
                    "minecraft:polished_deepslate"
                ]
            }
        },
        {
            "id": "golett-2",
            "pokemon": "golett",
            "presets": [
                "ruined_structures"
            ],
            "type": "pokemon",
            "context": "grounded",
            "bucket": "common",
            "level": "20-30",
            "weight": 1.8,
            "condition": {
                "canSeeSky": false
            }
        },
        {
            "id": "golett-3",
            "pokemon": "golett",
            "type": "pokemon",
            "context": "grounded",
            "bucket": "common",
            "level": "5-20",
            "weight": 100,
            "condition": {
                "canSeeSky": true,
                "timeRange": "night",
                "minY": 63,
                "neededBaseBlocks": [
                    "minecraft:terracotta",
                    "minecraft:light_blue_terracotta",
                    "minecraft:clay"
                ],
                "neededNearbyBlocks": [
                    "minecraft:soul_fire"
                ]
            }
        }
    ]
}