{
    "enabled": "true",
    "neededInstalledMods": [],
    "neededUninstalledMods": [],
    "spawns": [
        {
            "id": "aegislash-1",
            "pokemon": "aegislash",
            "type": "pokemon",
            "context": "grounded",
            "bucket": "uncommon",
            "level": "46-50",
            "weight": 0.1,
            "condition": {
                "biomes": [
                    "#minecraft:is_nether"
                ],
                "neededNearbyBlocks": [
                    "minecraft:blackstone_wall",
                    "minecraft:blackstone_slab",
                    "minecraft:blackstone_stairs",
                    "minecraft:polished_blackstone",
                    "minecraft:polished_blackstone_wall",
                    "minecraft:polished_blackstone_slab",
                    "minecraft:polished_blackstone_button",
                    "minecraft:polished_blackstone_bricks",
                    "minecraft:chiseled_polished_blackstone",
                    "minecraft:polished_blackstone_brick_wall",
                    "minecraft:polished_blackstone_brick_slab",
                    "minecraft:polished_blackstone_brick_stairs",
                    "minecraft:polished_blackstone_pressure_plate"
                ]
            }
        },
        {
            "id": "aegislash-2",
            "pokemon": "aegislash",
            "type": "pokemon",
            "context": "grounded",
            "bucket": "uncommon",
            "level": "46-50",
            "weight": 0.1,
            "condition": {
                "canSeeSky": false,
                "biomes": [
                    "#cobblemon:is_overworld"
                ],
                "neededNearbyBlocks": [
                    "minecraft:iron_bars",
                    "minecraft:cracked_stone_bricks",
                    "minecraft:infested_cracked_stone_bricks"
                ]
            }
        },
        {
            "id": "aegislash-3",
            "pokemon": "aegislash",
            "type": "pokemon",
            "context": "grounded",
            "bucket": "uncommon",
            "level": "46-60",
            "weight": 100.0,
            "condition": {
                "canSeeSky": true,
                "timeRange": "night",
                "minY": 63,
                "biomes": [
                    "#cobblemon:is_overworld"
                ],
                "neededNearbyBlocks": [
                    "minecraft:chipped_anvil"
                ]
            }
        }
    ]
}