{
    "enabled": "true",
    "neededInstalledMods": [],
    "neededUninstalledMods": [],
    "spawns": [
        {
            "id": "pumpkaboo-1",
            "pokemon": "pumpkaboo",
            "presets": [
                "natural"
            ],
            "type": "pokemon",
            "context": "grounded",
            "bucket": "common",
            "level": "8-33",
            "weight": 5.4,
            "condition": {
                "canSeeSky": true,
                "biomes": [
                    "#cobblemon:is_overworld"
                ],
                "timeRange": "night",
                "neededNearbyBlocks": [
                    "minecraft:pumpkin",
                    "minecraft:carved_pumpkin"
                ]
            }
        },
        {
            "id": "pumpkaboo-2",
            "pokemon": "pumpkaboo",
            "type": "pokemon",
            "context": "grounded",
            "bucket": "common",
            "level": "5-15",
            "weight": 1000,
            "condition": {
                "canSeeSky": true,
                "biomes": [
                    "#cobblemon:is_grassland"
                ],
                "timeRange": "night",
                "neededNearbyBlocks": [
                    "minecraft:carved_pumpkin",
                    "minecraft:pumpkin_stem",
                    "minecraft:attached_pumpkin_stem"
                ]
            }
        }
    ]
}