{
    "enabled": true,
    "neededInstalledMods": [],
    "neededUninstalledMods": [],
    "spawns": [
        {
            "id": "avalugg-1",
            "pokemon": "avalugg",
            "presets": [
                "natural"
            ],
            "type": "pokemon",
            "context": "grounded",
            "bucket": "common",
            "level": "37-51",
            "weight": 1.0,
            "condition": {
                "canSeeSky": true,
                "biomes": [
                    "#cobblemon:is_frozen"
                ]
            }
        },
        {
            "id": "avalugg-2",
            "pokemon": "avalugg",
            "presets": [
                "water_surface"
            ],
            "type": "pokemon",
            "bucket": "common",
            "level": "37-51",
            "weight": 1.0,
            "condition": {
                "canSeeSky": true,
                "biomes": [
                    "#cobblemon:is_frozen"
                ]
            }
        },
        {
            "id": "avalugg-3",
            "pokemon": "avalugg",
            "presets": [
                "water_surface"
            ],
            "type": "pokemon",
            "bucket": "uncommon",
            "level": "37-60",
            "weight": 1000,
            "condition": {
                "canSeeSky": true,
                "neededNearbyBlocks": [
                    "minecraft:blue_ice"
                ]
            }
        }
    ]
}