{
    "enabled": true,
    "neededInstalledMods": [],
    "neededUninstalledMods": [],
    "spawns": [
        {
            "id": "popplio-3",
            "pokemon": "popplio",
            "type": "pokemon",
            "context": "grounded",
            "bucket": "common",
            "level": "5-15",
            "weight": 1000.0,
            "condition": {
                "canSeeSky": true,
                "timeRange": "day",
                "minX": 0,
                "neededBaseBlocks": [
                    "minecraft:stone"
                ],
                "neededNearbyBlocks": [
                    "minecraft:prismarine"
                ],
                "biomes": [
                    "#cobblemon:is_coast"
                ]
            },
            "anticondition": {
                "neededNearbyBlocks": [
                    "minecraft:grass",
                    "minecraft:grass_block"
                ],
                "biomes": [
                    "#cobblemon:is_freezing"
                ]
            }
        }
    ]
}