{
    "enabled": true,
    "neededInstalledMods": [],
    "neededUninstalledMods": [],
    "spawns": [
        {
            "id": "pyukumuku-1",
            "pokemon": "pyukumuku",
            "presets": [
                "natural"
            ],
            "type": "pokemon",
            "context": "grounded",
            "bucket": "uncommon",
            "level": "15-41",
            "weight": 6.0,
            "condition": {
                "canSeeSky": true,
                "biomes": [
                    "#minecraft:is_beach"
                ]
            }
        },
        {
            "id": "pyukumuku-2",
            "pokemon": "pyukumuku",
            "presets": [
                "underwater"
            ],
            "type": "pokemon",
            "context": "submerged",
            "bucket": "common",
            "level": "15-41",
            "weight": 2.0,
            "condition": {
                "canSeeSky": true,
                "biomes": [
                    "#minecraft:is_ocean"
                ]
            },
            "anticondition": {
                "biomes": [
                    "#cobblemon:is_reef"
                ]
            }
        },
        {
            "id": "pyukumuku-3",
            "pokemon": "pyukumuku",
            "presets": [
                "underwater"
            ],
            "type": "pokemon",
            "context": "submerged",
            "bucket": "common",
            "level": "15-41",
            "weight": 10.0,
            "condition": {
                "canSeeSky": true,
                "biomes": [
                    "#cobblemon:is_reef"
                ]
            }
        },
        {
            "id": "pyukumuku-4",
            "pokemon": "pyukumuku",
            "type": "pokemon",
            "context": "grounded",
            "bucket": "common",
            "level": "1-20",
            "weight": 300,
            "condition": {
                "canSeeSky": true,
                "maxY": 62,
                "biomes": [
                    "#minecraft:is_beach"
                ],
                "neededBaseBlocks": [
                    "minecraft:sand"
                ]
            }
        }
    ]
}