{
    "enabled": "true",
    "neededInstalledMods": [],
    "neededUninstalledMods": [],
    "spawns": [
        {
            "id": "milcery-1",
            "pokemon": "milcery",
            "type": "pokemon",
            "context": "grounded",
            "bucket": "common",
            "level": "5-27",
            "weight": 1.98,
            "condition": {
                "biomes": [
                    "#cobblemon:is_overworld"
                ],
                "neededNearbyBlocks": [
                    "minecraft:cake"
                ]
            }
        },
        {
            "id": "milcery-2",
            "pokemon": "milcery",
            "type": "pokemon",
            "context": "grounded",
            "bucket": "common",
            "level": "5-15",
            "weight": 1000,
            "condition": {
                "canSeeSky": false,
                "maxY": 130,
                "minY": 62,
                "biomes": [
                    "#cobblemon:is_overworld"
                ],
                "neededNearbyBlocks": [
                    "minecraft:cake"
                ]
            }
        }
    ]
}