{
    "enabled": "true",
    "neededInstalledMods": [],
    "neededUninstalledMods": [],
    "spawns": [
        {
            "id": "eiscue-1",
            "pokemon": "eiscue",
            "presets": [
                "natural"
            ],
            "type": "pokemon",
            "context": "grounded",
            "bucket": "common",
            "level": "12-47",
            "weight": 6.0,
            "condition": {
                "canSeeSky": true,
                "biomes": [
                    "#cobblemon:is_frozen"
                ]
            }
        },
        {
            "id": "eiscue-2",
            "pokemon": "eiscue",
            "presets": [
                "water_surface"
            ],
            "type": "pokemon",
            "context": "surface",
            "bucket": "common",
            "level": "12-47",
            "weight": 6.0,
            "condition": {
                "canSeeSky": true,
                "biomes": [
                    "#cobblemon:is_frozen"
                ]
            }
        },
        {
            "id": "eiscue-3",
            "pokemon": "eiscue",
            "type": "pokemon",
            "context": "grounded",
            "bucket": "common",
            "level": "12-47",
            "weight": 100.0,
            "condition": {
                "canSeeSky": true,
                "biomes": [
                    "#cobblemon:is_frozen"
                ],
                "neededNearbyBlocks": [
                    "minecraft:observer"
                ]
            }
        }
    ]
}