{
    "enabled": "true",
    "neededInstalledMods": [],
    "neededUninstalledMods": [],
    "spawns": [
        {
            "id": "wyrdeer-1",
            "pokemon": "wyrdeer",
            "presets": [
                "natural"
            ],
            "type": "pokemon",
            "context": "grounded",
            "bucket": "common",
            "level": "47-52",
            "weight": 1.0,
            "condition": {
                "canSeeSky": true,
                "biomes": [
                    "#cobblemon:is_snowy",
                    "#cobblemon:is_tundra"
                ]
            }
        },
        {
            "id": "wyrdeer-2",
            "pokemon": "wyrdeer",
            "presets": [
                "natural"
            ],
            "type": "pokemon",
            "context": "grounded",
            "bucket": "common",
            "level": "45-60",
            "weight": 15.0,
            "condition": {
                "canSeeSky": true,
                "biomes": [
                    "#cobblemon:is_cold"
                ],
                "neededNearbyBlocks": [
                    "minecraft:grass"
                ]
            }
        }
    ]
}