{
    "enabled": "true",
    "neededInstalledMods": [],
    "neededUninstalledMods": [],
    "spawns": [
        {
            "id": "tatsugiri-1",
            "pokemon": "tatsugiri",
            "presets": [
                "natural"
            ],
            "type": "pokemon",
            "context": "grounded",
            "bucket": "rare",
            "level": "17-47",
            "weight": 10.0,
            "condition": {
                "canSeeSky": true,
                "biomes": [
                    "#cobblemon:is_swamp"
                ]
            }
        },
        {
            "id": "tatsugiri-2",
            "pokemon": "tatsugiri",
            "presets": [
                "underwater"
            ],
            "type": "pokemon",
            "context": "submerged",
            "bucket": "rare",
            "level": "17-47",
            "weight": 10.0,
            "condition": {
                "canSeeSky": true,
                "biomes": [
                    "#cobblemon:is_swamp"
                ]
            }
        },
        {
            "id": "tatsugiri-3",
            "pokemon": "tatsugiri",
            "presets": [
                "natural"
            ],
            "type": "pokemon",
            "context": "grounded",
            "bucket": "common",
            "level": "10-30",
            "weight": 100.0,
            "condition": {
                "canSeeSky": true,
                "minY": 60,
                "timeRange": "day",
                "neededNearbyBlocks": [
                    "minecraft:dried_kelp_block"
                ],
                "biomes": [
                    "#cobblemon:is_temperate"
                ]
            }
        }
    ]
}