{
  "species": "cobblemon:lugia_shadow",
  "order": 0,
  "variations": [
    {
      "aspects": [],
      "poser": "cobblemon:lugia_shadow",
      "model": "cobblemon:lugia_shadow.geo",
      "texture": "cobblemon:textures/pokemon/lugia_shadow/lugia_shadow.png",
      "layers": [
        {
          "name": "emissive",
          "texture": "cobblemon:textures/pokemon/lugia_shadow/lugia_shadow_emissive.png",
          "emissive": true
        }
      ]
    },
    {
      "aspects": ["shiny"],
      "texture": "cobblemon:textures/pokemon/lugia_shadow/lugia_shadow_shiny.png"
    }
  ]
}
