{
	"format_version": "1.12.0",
	"minecraft:geometry": [
		{
			"description": {
				"identifier": "geometry.dialgaegg",
				"texture_width": 128,
				"texture_height": 128,
				"visible_bounds_width": 2,
				"visible_bounds_height": 3.5,
				"visible_bounds_offset": [0, 1.25, 0]
			},
			"bones": [
				{
					"name": "dialgaegg",
					"pivot": [0, 0, 0]
				},
				{
					"name": "body",
					"parent": "dialgaegg",
					"pivot": [0, 0, 0],
					"cubes": [
						{"origin": [-7, 0, -7], "size": [14, 14, 14], "uv": [0, 0]},
						{"origin": [-6, 14, -6], "size": [12, 3, 12], "uv": [0, 28]},
						{"origin": [-5, 17, -5], "size": [10, 1, 10], "uv": [42, 0]}
					]
				},
				{
					"name": "head",
					"parent": "body",
					"pivot": [-0.65543, 34.52143, -16.28374],
					"cubes": [
						{"origin": [-0.65543, 12.52143, -1.28374], "size": [2, 2, 2], "uv": [120, 124]}
					]
				},
				{
					"name": "ekor",
					"parent": "body",
					"pivot": [4.5, 8.21471, 24.7495],
					"cubes": [
						{"origin": [-3.80479, 14.49938, 7.56497], "size": [8, 21, 0], "pivot": [-0.65543, 34.52143, -16.28374], "rotation": [-2.5, 0, 0], "uv": [32, 54]}
					]
				},
				{
					"name": "shield",
					"parent": "body",
					"pivot": [0, 5.57689, 6.49077],
					"rotation": [0, 180, 0],
					"cubes": [
						{"origin": [-4, -1.82209, 12.79759], "size": [8, 6, 8], "pivot": [0, 0.17791, 23.19759], "rotation": [-52.5, 0, 0], "uv": [0, 43]},
						{"origin": [-4.5, 13.84089, 16.16683], "size": [9, 3, 6], "pivot": [0, 16.84089, 23.36683], "rotation": [12.5, 0, 0], "uv": [50, 22]},
						{"origin": [-2, 6.46578, 24.79207], "size": [4, 4, 1], "pivot": [0, 8.96578, 25.29207], "rotation": [0.21803, -2.49048, -0.03161], "uv": [0, 28]},
						{"origin": [-1.5, 6.46578, 24.79207], "size": [4, 4, 1], "inflate": 0.01, "pivot": [0, 8.96578, 25.29207], "rotation": [-1.60757, -1.91486, 45], "uv": [0, 33]},
						{"origin": [-7.5, 2.71471, 16.5495], "size": [15, 11, 7], "uv": [41, 36]},
						{"origin": [-4.5, 4.71471, 23.5495], "size": [9, 7, 2], "uv": [48, 54]},
						{"origin": [-7.18155, 6.71471, 23.49022], "size": [3, 3, 2], "pivot": [-4.5, 8.61471, 24.3495], "rotation": [0, -15.5, 0], "uv": [0, 5]},
						{"origin": [4.22669, 6.71471, 23.52465], "size": [3, 3, 2], "pivot": [4.5, 8.21471, 24.7495], "rotation": [0, 20, 0], "uv": [0, 0]}
					]
				}
			]
		}
	]
}