{
	"format_version": "1.8.0",
	"animations": {
		"animation.hydreigon.air_idle": {
			"loop": true,
			"animation_length": 2,
			"bones": {
				"body": {
					"rotation": {
						"0.0": {
							"post": ["40.0429+Math.cos((query.anim_time + 0.3) * 180) * 0", 0, -0.00447],
							"lerp_mode": "catmullrom"
						}
					},
					"position": {
						"0.0": {
							"post": [0, 15, 0],
							"lerp_mode": "catmullrom"
						},
						"0.4583": {
							"post": [0, 14, 0],
							"lerp_mode": "catmullrom"
						},
						"1.2917": {
							"post": [0, 16.56, 0],
							"lerp_mode": "catmullrom"
						},
						"2.0": {
							"post": [0, 15, 0],
							"lerp_mode": "catmullrom"
						}
					}
				},
				"arm_left": {
					"rotation": {
						"0.0": {
							"post": [-21.76583, -1.03023, "24.3726+Math.cos((query.anim_time - 0.2) * 180) * 8"],
							"lerp_mode": "catmullrom"
						}
					}
				},
				"arm_left2": {
					"rotation": [-7.2592, 84.87405, -22.21684]
				},
				"tail": {
					"rotation": {
						"0.0": {
							"post": ["-15-Math.cos((query.anim_time - 0.2) * 180) * 8", 0, 0],
							"lerp_mode": "catmullrom"
						}
					}
				},
				"tail2": {
					"rotation": {
						"0.0": {
							"post": ["-12.5-Math.cos((query.anim_time - 0.2) * 180) * 8", 0, 0],
							"lerp_mode": "catmullrom"
						}
					}
				},
				"tail3": {
					"rotation": {
						"0.0": {
							"post": ["-20-Math.cos((query.anim_time - 0.2) * 180) * 8", 0, 0],
							"lerp_mode": "catmullrom"
						}
					}
				},
				"tail4": {
					"rotation": {
						"0.0": {
							"post": ["-5-Math.cos((query.anim_time - 0.2) * 180) * 8", 0, 0],
							"lerp_mode": "catmullrom"
						}
					}
				},
				"leg_left": {
					"rotation": {
						"0.0": {
							"post": ["-24.7539+Math.cos((query.anim_time - 0.2) * 180) * 8", -5.29571, -5.31847],
							"lerp_mode": "catmullrom"
						}
					}
				},
				"leg_right": {
					"rotation": {
						"0.0": {
							"post": ["-24.7539+Math.cos((query.anim_time - 0.2) * 180) * 8", 5.29571, 5.31847],
							"lerp_mode": "catmullrom"
						}
					}
				},
				"arm_right": {
					"rotation": {
						"0.0": {
							"post": [-14.50305, -13.03018, "-18.4844-Math.cos((query.anim_time - 0.2) * 180) * 8"],
							"lerp_mode": "catmullrom"
						}
					}
				},
				"arm_right2": {
					"rotation": {
						"0.0": {
							"post": [-13.03635, -71.92693, 16.3083],
							"lerp_mode": "catmullrom"
						},
						"2.0": {
							"post": [-13.03635, -71.92693, 16.3083],
							"lerp_mode": "catmullrom"
						}
					}
				},
				"head_rotation": {
					"rotation": [-12.5, 0, 0]
				},
				"jaw": {
					"rotation": {
						"0.0": {
							"post": ["20-Math.cos((query.anim_time - 0.2) * 180) * 8", 0, 0],
							"lerp_mode": "catmullrom"
						}
					}
				},
				"lower_hand_left": {
					"rotation": {
						"0.0": {
							"post": [0, 0, "10+Math.cos((query.anim_time - 0.2) * 180) * 8"],
							"lerp_mode": "catmullrom"
						}
					}
				},
				"lower_hand_right": {
					"rotation": {
						"0.0": {
							"post": [0, 0, "-10-Math.cos((query.anim_time - 0.2) * 180) * 8"],
							"lerp_mode": "catmullrom"
						}
					}
				},
				"leg_left2": {
					"rotation": {
						"0.0": {
							"post": ["5+Math.cos((query.anim_time - 0.2) * 180) * 8", 0, "Math.cos((query.anim_time - 0.2) * 180) * 8"],
							"lerp_mode": "catmullrom"
						}
					}
				},
				"leg_right2": {
					"rotation": {
						"0.0": {
							"post": ["5+Math.cos((query.anim_time - 0.2) * 180) * 8", 0, "-Math.cos((query.anim_time - 0.2) * 180) * 8"],
							"lerp_mode": "catmullrom"
						}
					}
				},
				"head_fur_top": {
					"rotation": {
						"0.0": {
							"post": ["5-Math.cos((query.anim_time - 0.2) * 180) * 8", 0, 0],
							"lerp_mode": "catmullrom"
						}
					}
				},
				"head_fur_top2": {
					"rotation": {
						"0.0": {
							"post": ["7.5-Math.cos((query.anim_time - 0.2) * 180) * 8", 0, 0],
							"lerp_mode": "catmullrom"
						}
					}
				},
				"head_fur_top_left2": {
					"rotation": {
						"0.0": {
							"post": ["7.5-Math.cos((query.anim_time - 0.2) * 180) * 8", "Math.cos(query.anim_time * 180) * 1", 0],
							"lerp_mode": "catmullrom"
						}
					}
				},
				"head_fur_top_right2": {
					"rotation": {
						"0.0": {
							"post": ["7.5-Math.cos((query.anim_time - 0.2) * 180) * 8", "-Math.cos(query.anim_time * 180) * 1", 0],
							"lerp_mode": "catmullrom"
						}
					}
				},
				"head_fur_bottom": {
					"rotation": [40, 0, 0]
				},
				"wing_top_left": {
					"rotation": [11.89032, "-18.1635-math.sin(query.anim_time*90*2)*15", -21.05216]
				},
				"wing_top_left2": {
					"rotation": [0, "-20+20-math.sin(query.anim_time*90*2)*15", 0]
				},
				"wing_top_left3": {
					"rotation": [0, "-20+20-math.sin(query.anim_time*90*2)*15", 0]
				},
				"wing_top_left4": {
					"rotation": [0, "-20+20-math.sin(query.anim_time*90*2)*15", 0]
				},
				"wing_middle_left2": {
					"rotation": [0, "-17.5+5-math.sin(query.anim_time*90*2-60)*15", 0]
				},
				"wing_middle_left3": {
					"rotation": [0, "-10+5-math.sin(query.anim_time*90*2-60)*15", 0]
				},
				"wing_middle_left4": {
					"rotation": [0, "-2.5+5-math.sin(query.anim_time*90*2-60)*1", 0]
				},
				"wing_bototm_left": {
					"rotation": [0, -7.5, 0]
				},
				"wing_bototm_left2": {
					"rotation": [0, 25, 0]
				},
				"wing_bototm_left3": {
					"rotation": [0, 25, 0]
				},
				"wing_bototm_left4": {
					"rotation": [0, 22.5, 0]
				},
				"wing_top_right": {
					"rotation": [12.5227, "-22.2167+20+math.sin(query.anim_time*90*2)*15", 23.4601],
					"position": [0, 0, 1]
				},
				"wing_top_right2": {
					"rotation": [0, "-20+20+math.sin(query.anim_time*90*2)*15", 0]
				},
				"wing_top_right3": {
					"rotation": [0, "-20+20+math.sin(query.anim_time*90*2)*15", 0]
				},
				"wing_top_right4": {
					"rotation": [0, "-20+20+math.sin(query.anim_time*90*2)*15", 0]
				},
				"wing_middle_right2": {
					"rotation": [0, "-20+20+math.sin(query.anim_time*90*2+60)*15", 0]
				},
				"wing_middle_right3": {
					"rotation": [0, "-20+5+math.sin(query.anim_time*90*2+60)*15", 0]
				},
				"wing_middle_right4": {
					"rotation": [0, "-20+5+math.sin(query.anim_time*90*2+60)*15", 0]
				},
				"wing_bototm_right": {
					"rotation": [0, 7.5, 0]
				},
				"wing_bototm_right2": {
					"rotation": [0, -25, 0]
				},
				"wing_bototm_right3": {
					"rotation": [0, -25, 0]
				},
				"wing_bototm_right4": {
					"rotation": [0, -22.5, 0]
				},
				"wing_bottom_left": {
					"rotation": [-13.46785, "-17.6146+20-math.sin(query.anim_time*90*2)*10", 23.95681]
				},
				"wing_bottom_left2": {
					"rotation": [0, "-20+20-math.sin(query.anim_time*90*2)*10", 0]
				},
				"wing_bottom_left3": {
					"rotation": [0, "-20+20-math.sin(query.anim_time*90*2)*10", 0]
				},
				"wing_bottom_left4": {
					"rotation": [0, "-20+20-math.sin(query.anim_time*90*2)*10", 0]
				},
				"wing_bottom_right": {
					"rotation": [-28.65783, "-25.8173+20+math.sin(query.anim_time*90*2)*10", -35.83525]
				},
				"wing_bottom_right2": {
					"rotation": [0, "-20+20+math.sin(query.anim_time*90*2)*10", 0]
				},
				"wing_bottom_right3": {
					"rotation": [0, "-20+20+math.sin(query.anim_time*90*2)*10", 0]
				},
				"wing_bottom_right4": {
					"rotation": [0, "-20+20+math.sin(query.anim_time*90*2)*10", 0]
				},
				"chest_fur_front": {
					"rotation": ["Math.cos((query.anim_time - 0.2) * 180) * 8", 0, 0]
				},
				"chest_fur_back2": {
					"rotation": {
						"0.0": {
							"post": ["-Math.cos((query.anim_time - 0.2) * 180) * 8", 0, 0],
							"lerp_mode": "catmullrom"
						},
						"2.0": {
							"post": ["-Math.cos((query.anim_time - 0.2) * 180) * 8", 0, 0],
							"lerp_mode": "catmullrom"
						}
					}
				},
				"neck_fur_left": {
					"rotation": ["Math.cos((query.anim_time - 0.2) * 180) * 8", 0, "Math.cos((query.anim_time - 0.2) * 180) * 8"]
				},
				"neck_fur_right": {
					"rotation": ["Math.cos((query.anim_time - 0.2) * 180) * 8", 0, "-Math.cos((query.anim_time - 0.2) * 180) * 8"]
				},
				"wing_middle_right": {
					"rotation": [0, "-20+20-math.sin(query.anim_time*90*2)*15", 0]
				},
				"hand_hair_front_left": {
					"rotation": [0, 0, "2.5+Math.cos((query.anim_time - 0.2) * 180) * 8"]
				},
				"hand_hair_front_left2": {
					"rotation": {
						"0.0": [0, 0, "-2.5+Math.cos((query.anim_time - 0.2) * 180) * 8"],
						"2.0": [0, 0, "-2.5+Math.cos((query.anim_time - 0.2) * 180) * 8"]
					}
				},
				"hand_hair_back_left": {
					"rotation": [0, 0, "Math.cos((query.anim_time - 0.2) * 180) * 8"]
				},
				"hand_hair_back_left2": {
					"rotation": {
						"0.0": [0, 0, "-2.5+Math.cos((query.anim_time - 0.2) * 180) * 8"],
						"2.0": [0, 0, "-2.5+Math.cos((query.anim_time - 0.2) * 180) * 8"]
					}
				},
				"hand_hair_top_left": {
					"rotation": [0, 0, "Math.cos((query.anim_time - 0.2) * 180) * 8"]
				},
				"hand_hair_top_left2": {
					"rotation": [0, 0, "Math.cos((query.anim_time - 0.2) * 180) * 8"]
				},
				"hand_hair_top_front_left": {
					"rotation": [-15, "0+Math.cos((query.anim_time - 0.2) * 180) * 8", 0]
				},
				"hand_hair_top_front_left2": {
					"rotation": {
						"0.0": [0, "-5+Math.cos((query.anim_time - 0.2) * 180) * 8", 0],
						"2.0": [0, "-5+Math.cos((query.anim_time - 0.2) * 180) * 8", 0]
					}
				},
				"hand_hair_top_back_left": {
					"rotation": [15, "-2.5-Math.cos((query.anim_time - 0.2) * 180) * 8", 0]
				},
				"hand_hair_top_back_left2": {
					"rotation": {
						"0.0": [0, "5-Math.cos((query.anim_time - 0.2) * 180) * 8", 0],
						"2.0": [0, "5-Math.cos((query.anim_time - 0.2) * 180) * 8", 0]
					}
				},
				"hand_hair_bottom_front_left": {
					"rotation": [0, 0, "Math.cos((query.anim_time - 0.2) * 180) * 8"]
				},
				"hand_hair_bottom_front_left2": {
					"rotation": [0, 0, "Math.cos((query.anim_time - 0.2) * 180) * 8"]
				},
				"hand_hair_bottom_back_left": {
					"rotation": [0, 0, "2.5+Math.cos((query.anim_time - 0.2) * 180) * 8"]
				},
				"hand_hair_bottom_back_left2": {
					"rotation": [0, 0, "Math.cos((query.anim_time - 0.2) * 180) * 8"]
				},
				"head": {
					"rotation": {
						"0.0": {
							"post": ["2.5+Math.cos((query.anim_time - 0.2) * 180) * 8", 0, 0],
							"lerp_mode": "catmullrom"
						}
					}
				},
				"head_fur_left": {
					"rotation": {
						"0.0": {
							"post": [0, "Math.cos((query.anim_time - 0.2) * 180) * 8", "+Math.cos((query.anim_time - 0.2) * 180) * 8"],
							"lerp_mode": "catmullrom"
						}
					}
				},
				"head_fur_left2": {
					"rotation": {
						"0.0": {
							"post": [0, "Math.cos(query.anim_time * 180) * 1", "+Math.cos((query.anim_time - 0.2) * 180) * 8"],
							"lerp_mode": "catmullrom"
						}
					}
				},
				"head_fur_top_left": {
					"rotation": {
						"0.0": {
							"post": ["-Math.cos((query.anim_time - 0.2) * 180) * 8", "Math.cos((query.anim_time - 0.2) * 180) * 8", 0],
							"lerp_mode": "catmullrom"
						}
					}
				},
				"head_fur_bottom_left": {
					"rotation": {
						"0.0": {
							"post": [0, "Math.cos((query.anim_time - 0.2) * 180) * 8", "+Math.cos((query.anim_time - 0.2) * 180) * 8"],
							"lerp_mode": "catmullrom"
						}
					}
				},
				"head_fur_bottom_left2": {
					"rotation": {
						"0.0": {
							"post": [0, "Math.cos(query.anim_time * 180) * 1", "+Math.cos((query.anim_time - 0.2) * 180) * 8"],
							"lerp_mode": "catmullrom"
						}
					}
				},
				"head_fur_right": {
					"rotation": {
						"0.0": {
							"post": [0, "-Math.cos((query.anim_time - 0.2) * 180) * 8", "-Math.cos((query.anim_time - 0.2) * 180) * 8"],
							"lerp_mode": "catmullrom"
						}
					}
				},
				"head_fur_right2": {
					"rotation": {
						"0.0": {
							"post": [0, "-Math.cos(query.anim_time * 180) * 1", "-Math.cos((query.anim_time - 0.2) * 180) * 8"],
							"lerp_mode": "catmullrom"
						}
					}
				},
				"head_fur_top_right": {
					"rotation": {
						"0.0": {
							"post": ["-Math.cos((query.anim_time - 0.2) * 180) * 8", "-Math.cos((query.anim_time - 0.2) * 180) * 8", 0],
							"lerp_mode": "catmullrom"
						}
					}
				},
				"head_fur_bottom_right": {
					"rotation": {
						"0.0": {
							"post": [0, "-Math.cos((query.anim_time - 0.2) * 180) * 8", "-Math.cos((query.anim_time - 0.2) * 180) * 8"],
							"lerp_mode": "catmullrom"
						}
					}
				},
				"head_fur_bottom_right2": {
					"rotation": {
						"0.0": {
							"post": [0, "-Math.cos(query.anim_time * 180) * 1", "-Math.cos((query.anim_time - 0.2) * 180) * 8"],
							"lerp_mode": "catmullrom"
						}
					}
				},
				"tail5": {
					"rotation": {
						"0.0": {
							"post": ["-Math.cos((query.anim_time - 0.2) * 180) * 8", 0, 0],
							"lerp_mode": "catmullrom"
						}
					}
				},
				"hand_hair_bottom_left": {
					"rotation": [0, 0, "5-Math.cos((query.anim_time - 0.2) * 180) * 8"]
				},
				"hand_hair_front_right": {
					"rotation": [-8.24768, -2.53259, "-13.9743-Math.cos((query.anim_time - 0.2) * 180) * 8"]
				},
				"hand_hair_front_right2": {
					"rotation": {
						"0.0": [0, 0, "5-Math.cos((query.anim_time - 0.2) * 180) * 8"],
						"2.0": [0, 0, "5-Math.cos((query.anim_time - 0.2) * 180) * 8"]
					}
				},
				"hand_hair_back_right": {
					"rotation": [0, "2.5+Math.cos((query.anim_time - 0.2) * 180) * 8", 0]
				},
				"hand_hair_back_right2": {
					"rotation": [0, "Math.cos((query.anim_time - 0.2) * 180) * 8", 0]
				},
				"hand_hair_top_right": {
					"rotation": [0, 0, "-Math.cos((query.anim_time - 0.2) * 180) * 8"]
				},
				"hand_hair_top_right2": {
					"rotation": [0, 0, "-Math.cos((query.anim_time - 0.2) * 180) * 8"]
				},
				"hand_hair_bottom_right": {
					"rotation": [0, 0, "-2.5-Math.cos((query.anim_time - 0.2) * 180) * 8"]
				},
				"hand_hair_top_front_right": {
					"rotation": [0, 0, "-2.5-Math.cos((query.anim_time - 0.2) * 180) * 8"]
				},
				"hand_hair_top_front_right2": {
					"rotation": {
						"0.0": [0, "5-Math.cos((query.anim_time - 0.2) * 180) * 8", 0],
						"2.0": [0, "5-Math.cos((query.anim_time - 0.2) * 180) * 8", 0]
					}
				},
				"hand_hair_top_back_right": {
					"rotation": [15, 0, "-5-Math.cos((query.anim_time - 0.2) * 180) * 8"]
				},
				"hand_hair_top_back_right2": {
					"rotation": [0, 0, "Math.cos((query.anim_time - 0.2) * 180) * 8"]
				},
				"hand_hair_bottom_front_right": {
					"rotation": [0, 0, "2.5-Math.cos((query.anim_time - 0.2) * 180) * 8"]
				},
				"hand_hair_bottom_front_right2": {
					"rotation": {
						"0.0": [0, "-2.5+Math.cos((query.anim_time - 0.2) * 180) * 8", 0],
						"2.0": [0, "-2.5+Math.cos((query.anim_time - 0.2) * 180) * 8", 0]
					}
				},
				"hand_hair_bottom_back_right": {
					"rotation": [0, 0, "-Math.cos((query.anim_time - 0.2) * 180) * 8"]
				},
				"hand_hair_bottom_back_right2": {
					"rotation": [0, 0, "-Math.cos((query.anim_time - 0.2) * 180) * 8"]
				},
				"chest_fur_back": {
					"rotation": {
						"0.0": ["-Math.cos((query.anim_time - 0.2) * 180) * 8", 0, 0],
						"2.0": ["-Math.cos((query.anim_time - 0.2) * 180) * 8", 0, 0]
					}
				},
				"wings": {
					"rotation": [0, 0, 0],
					"position": [0, 0, 0.25]
				},
				"wing_middle_left": {
					"rotation": [0, "-10+20-math.sin(query.anim_time*90*2)*15", 0]
				}
			}
		},
		"animation.hydreigon.air_fly": {
			"loop": true,
			"animation_length": 2,
			"bones": {
				"body": {
					"rotation": {
						"0.0": {
							"post": ["55+math.sin(q.anim_time*90*2-70)*5", 0, 0],
							"lerp_mode": "catmullrom"
						}
					},
					"position": {
						"0.0": {
							"post": [0, "11+math.sin(q.anim_time*90*2)*2", 0],
							"lerp_mode": "catmullrom"
						}
					}
				},
				"arm_left": {
					"rotation": {
						"0.0": {
							"post": [-40.9203, 25.23262, "10.3993+Math.cos((query.anim_time - 0.2) * 180) * 8"],
							"lerp_mode": "catmullrom"
						}
					}
				},
				"arm_left2": {
					"rotation": {
						"0.0": {
							"post": [-30.808, 78.8418, -30.94683],
							"lerp_mode": "catmullrom"
						}
					}
				},
				"tail": {
					"rotation": {
						"0.0": {
							"post": ["-Math.cos((query.anim_time - 0.2) * 180) * 8", 0, 0],
							"lerp_mode": "catmullrom"
						}
					}
				},
				"tail2": {
					"rotation": {
						"0.0": {
							"post": ["12.5-Math.cos((query.anim_time - 0.2) * 180) * 8", 0, 0],
							"lerp_mode": "catmullrom"
						}
					}
				},
				"tail3": {
					"rotation": {
						"0.0": {
							"post": ["22.5-Math.cos((query.anim_time - 0.2) * 180) * 8", 0, 0],
							"lerp_mode": "catmullrom"
						}
					}
				},
				"tail4": {
					"rotation": {
						"0.0": {
							"post": ["22.5-Math.cos((query.anim_time - 0.2) * 180) * 8", 0, 0],
							"lerp_mode": "catmullrom"
						}
					}
				},
				"leg_left": {
					"rotation": {
						"0.0": {
							"post": ["-7.2539-Math.cos((query.anim_time - 0.2) * 180) * 8", -5.29571, -5.31847],
							"lerp_mode": "catmullrom"
						}
					}
				},
				"leg_right": {
					"rotation": {
						"0.0": {
							"post": ["-7.2539-Math.cos((query.anim_time - 0.2) * 180) * 8", 5.29571, 5.31847],
							"lerp_mode": "catmullrom"
						}
					}
				},
				"arm_right": {
					"rotation": {
						"0.0": {
							"post": [-38.97951, -28.44487, "-14.6947-Math.cos((query.anim_time - 0.2) * 180) * 8"],
							"lerp_mode": "catmullrom"
						}
					}
				},
				"arm_right2": {
					"rotation": {
						"0.0": {
							"post": [-30.808, -78.8418, 30.94683],
							"lerp_mode": "catmullrom"
						}
					}
				},
				"head_rotation": {
					"rotation": {
						"0.0": {
							"post": [-7.5, 0, 0],
							"lerp_mode": "catmullrom"
						}
					}
				},
				"jaw": {
					"rotation": {
						"0.0": {
							"post": ["20-Math.cos((query.anim_time - 0.2) * 180) * 8", 0, 0],
							"lerp_mode": "catmullrom"
						}
					}
				},
				"lower_hand_left": {
					"rotation": {
						"0.0": {
							"post": [0, 0, "10+Math.cos((query.anim_time - 0.2) * 180) * 8"],
							"lerp_mode": "catmullrom"
						}
					}
				},
				"lower_hand_right": {
					"rotation": {
						"0.0": {
							"post": [0, 0, "-10-Math.cos((query.anim_time - 0.2) * 180) * 8"],
							"lerp_mode": "catmullrom"
						}
					}
				},
				"leg_left2": {
					"rotation": {
						"0.0": {
							"post": ["5-Math.cos((query.anim_time - 0.2) * 180) * 8", 0, 0],
							"lerp_mode": "catmullrom"
						}
					}
				},
				"leg_right2": {
					"rotation": {
						"0.0": {
							"post": ["5-Math.cos((query.anim_time - 0.2) * 180) * 8", 0, 0],
							"lerp_mode": "catmullrom"
						}
					}
				},
				"head_fur_top": {
					"rotation": {
						"0.0": {
							"post": ["-17.5-Math.cos((query.anim_time - 0.2) * 180) * 8", 0, 0],
							"lerp_mode": "catmullrom"
						}
					}
				},
				"head_fur_top2": {
					"rotation": {
						"0.0": {
							"post": ["-30-Math.cos((query.anim_time - 0.2) * 180) * 8", 0, 0],
							"lerp_mode": "catmullrom"
						}
					}
				},
				"head_fur_top_left2": {
					"rotation": {
						"0.0": {
							"post": ["-30-Math.cos((query.anim_time - 0.2) * 180) * 8", 0, 0],
							"lerp_mode": "catmullrom"
						}
					}
				},
				"head_fur_top_right2": {
					"rotation": {
						"0.0": {
							"post": ["-30-Math.cos((query.anim_time - 0.2) * 180) * 8", 0, 0],
							"lerp_mode": "catmullrom"
						}
					}
				},
				"head_fur_bottom": {
					"rotation": {
						"0.0": {
							"post": [40, "110-Math.cos((query.anim_time - 0.2) * 180) * 8", 0],
							"lerp_mode": "catmullrom"
						}
					}
				},
				"wing_top_left": {
					"rotation": {
						"0.0": {
							"post": [11.89032, "-18.1635-math.sin(query.anim_time*90*2)*15", -21.05216],
							"lerp_mode": "catmullrom"
						}
					}
				},
				"wing_top_left2": {
					"rotation": {
						"0.0": {
							"post": [0, "-20+20-math.sin(query.anim_time*90*2)*15", 0],
							"lerp_mode": "catmullrom"
						}
					}
				},
				"wing_top_left3": {
					"rotation": {
						"0.0": {
							"post": [0, "-20+20-math.sin(query.anim_time*90*2)*15", 0],
							"lerp_mode": "catmullrom"
						}
					}
				},
				"wing_top_left4": {
					"rotation": {
						"0.0": {
							"post": [0, "-20+20-math.sin(query.anim_time*90*2)*15", 0],
							"lerp_mode": "catmullrom"
						}
					}
				},
				"wing_middle_left2": {
					"rotation": {
						"0.0": {
							"post": [0, "-17.5+5-math.sin(query.anim_time*90*2-60)*15", 0],
							"lerp_mode": "catmullrom"
						}
					}
				},
				"wing_middle_left3": {
					"rotation": {
						"0.0": {
							"post": [0, "-10+5-math.sin(query.anim_time*90*2-60)*15", 0],
							"lerp_mode": "catmullrom"
						}
					}
				},
				"wing_middle_left4": {
					"rotation": {
						"0.0": {
							"post": [0, "-2.5+5-math.sin(query.anim_time*90*2-60)*1", 0],
							"lerp_mode": "catmullrom"
						}
					}
				},
				"wing_bototm_left": {
					"rotation": [0, -7.5, 0]
				},
				"wing_bototm_left2": {
					"rotation": [0, 25, 0]
				},
				"wing_bototm_left3": {
					"rotation": [0, 25, 0]
				},
				"wing_bototm_left4": {
					"rotation": [0, 22.5, 0]
				},
				"wing_top_right": {
					"rotation": {
						"0.0": {
							"post": [12.5227, "-22.2167+20+math.sin(query.anim_time*90*2)*15", 23.4601],
							"lerp_mode": "catmullrom"
						}
					},
					"position": {
						"0.0": {
							"post": [0, 0, 1],
							"lerp_mode": "catmullrom"
						}
					}
				},
				"wing_top_right2": {
					"rotation": {
						"0.0": {
							"post": [0, "-20+20+math.sin(query.anim_time*90*2)*15", 0],
							"lerp_mode": "catmullrom"
						}
					}
				},
				"wing_top_right3": {
					"rotation": {
						"0.0": {
							"post": [0, "-20+20+math.sin(query.anim_time*90*2)*15", 0],
							"lerp_mode": "catmullrom"
						}
					}
				},
				"wing_top_right4": {
					"rotation": {
						"0.0": {
							"post": [0, "-20+20+math.sin(query.anim_time*90*2)*15", 0],
							"lerp_mode": "catmullrom"
						}
					}
				},
				"wing_middle_right2": {
					"rotation": {
						"0.0": {
							"post": [0, "-20+20+math.sin(query.anim_time*90*2+60)*15", 0],
							"lerp_mode": "catmullrom"
						}
					}
				},
				"wing_middle_right3": {
					"rotation": {
						"0.0": {
							"post": [0, "-20+5+math.sin(query.anim_time*90*2+60)*15", 0],
							"lerp_mode": "catmullrom"
						}
					}
				},
				"wing_middle_right4": {
					"rotation": {
						"0.0": {
							"post": [0, "-20+5+math.sin(query.anim_time*90*2+60)*15", 0],
							"lerp_mode": "catmullrom"
						}
					}
				},
				"wing_bototm_right": {
					"rotation": [0, 7.5, 0]
				},
				"wing_bototm_right2": {
					"rotation": [0, -25, 0]
				},
				"wing_bototm_right3": {
					"rotation": [0, -25, 0]
				},
				"wing_bototm_right4": {
					"rotation": [0, -22.5, 0]
				},
				"wing_bottom_left": {
					"rotation": {
						"0.0": {
							"post": [-13.46785, "-17.6146+20-math.sin(query.anim_time*90*2)*10", 23.95681],
							"lerp_mode": "catmullrom"
						}
					}
				},
				"wing_bottom_left2": {
					"rotation": {
						"0.0": {
							"post": [0, "-20+20-math.sin(query.anim_time*90*2)*10", 0],
							"lerp_mode": "catmullrom"
						}
					}
				},
				"wing_bottom_left3": {
					"rotation": {
						"0.0": {
							"post": [0, "-20+20-math.sin(query.anim_time*90*2)*10", 0],
							"lerp_mode": "catmullrom"
						}
					}
				},
				"wing_bottom_left4": {
					"rotation": {
						"0.0": {
							"post": [0, "-20+20-math.sin(query.anim_time*90*2)*10", 0],
							"lerp_mode": "catmullrom"
						}
					}
				},
				"wing_bottom_right": {
					"rotation": {
						"0.0": {
							"post": [-28.65783, "-25.8173+20+math.sin(query.anim_time*90*2)*10", -35.83525],
							"lerp_mode": "catmullrom"
						}
					}
				},
				"wing_bottom_right2": {
					"rotation": {
						"0.0": {
							"post": [0, "-20+20+math.sin(query.anim_time*90*2)*10", 0],
							"lerp_mode": "catmullrom"
						}
					}
				},
				"wing_bottom_right3": {
					"rotation": {
						"0.0": {
							"post": [0, "-20+20+math.sin(query.anim_time*90*2)*10", 0],
							"lerp_mode": "catmullrom"
						}
					}
				},
				"wing_bottom_right4": {
					"rotation": {
						"0.0": {
							"post": [0, "-20+20+math.sin(query.anim_time*90*2)*10", 0],
							"lerp_mode": "catmullrom"
						}
					}
				},
				"wing_middle_left": {
					"rotation": {
						"0.0": {
							"post": [0, "-10+20-math.sin(query.anim_time*90*2)*15", 0],
							"lerp_mode": "catmullrom"
						}
					}
				},
				"wing_middle_right": {
					"rotation": {
						"0.0": {
							"post": [0, "-20+20-math.sin(query.anim_time*90*2)*15", 0],
							"lerp_mode": "catmullrom"
						}
					}
				},
				"wrist_left": {
					"rotation": {
						"0.0": {
							"post": [0, 7.5, -10],
							"lerp_mode": "catmullrom"
						}
					}
				},
				"wrist_right": {
					"rotation": {
						"0.0": {
							"post": [0, -7.5, 10],
							"lerp_mode": "catmullrom"
						}
					}
				},
				"neck": {
					"rotation": {
						"0.0": {
							"post": [-15, 0, 0],
							"lerp_mode": "catmullrom"
						}
					}
				},
				"neck2": {
					"rotation": {
						"0.0": {
							"post": [-12.5, 0, 0],
							"lerp_mode": "catmullrom"
						}
					}
				},
				"neck3": {
					"rotation": {
						"0.0": {
							"post": [-5, 0, 0],
							"lerp_mode": "catmullrom"
						}
					}
				},
				"head_fur_left": {
					"rotation": {
						"0.0": {
							"post": [0, 0, "22.5+Math.cos((query.anim_time - 0.2) * 180) * 8"],
							"lerp_mode": "catmullrom"
						}
					}
				},
				"head_fur_top_left": {
					"rotation": {
						"0.0": {
							"post": ["-17.5-Math.cos((query.anim_time - 0.2) * 180) * 8", 0, 0],
							"lerp_mode": "catmullrom"
						}
					}
				},
				"head_fur_right": {
					"rotation": {
						"0.0": {
							"post": [0, 0, "-22.5-Math.cos((query.anim_time - 0.2) * 180) * 8"],
							"lerp_mode": "catmullrom"
						}
					}
				},
				"head_fur_top_right": {
					"rotation": {
						"0.0": {
							"post": ["-17.5-Math.cos((query.anim_time - 0.2) * 180) * 8", 0, 0],
							"lerp_mode": "catmullrom"
						}
					}
				},
				"tail5": {
					"rotation": {
						"0.0": {
							"post": ["12.5-Math.cos((query.anim_time - 0.2) * 180) * 8", 0, 0],
							"lerp_mode": "catmullrom"
						}
					}
				},
				"hand_hair_front_left2": {
					"rotation": {
						"0.0": {
							"post": [0, "137.5-Math.cos((query.anim_time - 0.2) * 180) * 8", 0],
							"lerp_mode": "catmullrom"
						}
					}
				},
				"hand_hair_back_left2": {
					"rotation": {
						"0.0": {
							"post": [0, "-160-Math.cos((query.anim_time - 0.2) * 180) * 8", 0],
							"lerp_mode": "catmullrom"
						}
					}
				},
				"hand_hair_top_left2": {
					"rotation": {
						"0.0": {
							"post": [0, 0, "-177.5-Math.cos((query.anim_time - 0.2) * 180) * 8"],
							"lerp_mode": "catmullrom"
						}
					}
				},
				"hand_hair_bottom_left": {
					"rotation": {
						"0.0": {
							"post": [0, 0, "110-Math.cos((query.anim_time - 0.2) * 180) * 8"],
							"lerp_mode": "catmullrom"
						}
					}
				},
				"hand_hair_top_front_left2": {
					"rotation": [0, 0, -170]
				},
				"hand_hair_top_back_left2": {
					"rotation": {
						"0.0": {
							"post": [0, 0, "-200-Math.cos((query.anim_time - 0.2) * 180) * 8"],
							"lerp_mode": "catmullrom"
						}
					}
				},
				"hand_hair_bottom_front_left2": {
					"rotation": {
						"0.0": {
							"post": [0, 0, "152.5-Math.cos((query.anim_time - 0.2) * 180) * 8"],
							"lerp_mode": "catmullrom"
						}
					}
				},
				"hand_hair_bottom_back_left2": {
					"rotation": {
						"0.0": {
							"post": [0, 0, "170-Math.cos((query.anim_time - 0.2) * 180) * 8"],
							"lerp_mode": "catmullrom"
						}
					}
				},
				"hand_hair_front_right2": {
					"rotation": {
						"0.0": {
							"post": [0, "-147.5-Math.cos((query.anim_time - 0.2) * 180) * 8", 0],
							"lerp_mode": "catmullrom"
						}
					}
				},
				"hand_hair_back_right2": {
					"rotation": {
						"0.0": {
							"post": [0, "110-Math.cos((query.anim_time - 0.2) * 180) * 8", 0],
							"lerp_mode": "catmullrom"
						}
					}
				},
				"hand_hair_top_right2": {
					"rotation": {
						"0.0": {
							"post": [0, 0, 155],
							"lerp_mode": "catmullrom"
						}
					}
				},
				"hand_hair_bottom_right": {
					"rotation": {
						"0.0": {
							"post": [0, 0, "-110-Math.cos((query.anim_time - 0.2) * 180) * 8"],
							"lerp_mode": "catmullrom"
						}
					}
				},
				"hand_hair_top_front_right2": {
					"rotation": {
						"0.0": {
							"post": [0, 0, "160-Math.cos((query.anim_time - 0.2) * 180) * 8"],
							"lerp_mode": "catmullrom"
						}
					}
				},
				"hand_hair_top_back_right2": {
					"rotation": {
						"0.0": {
							"post": [0, 0, "157.5-Math.cos((query.anim_time - 0.2) * 180) * 8"],
							"lerp_mode": "catmullrom"
						}
					}
				},
				"hand_hair_bottom_front_right2": {
					"rotation": {
						"0.0": {
							"post": [0, 0, "-160-Math.cos((query.anim_time - 0.2) * 180) * 8"],
							"lerp_mode": "catmullrom"
						}
					}
				},
				"hand_hair_bottom_back_right2": {
					"rotation": {
						"0.0": {
							"post": [0, 0, "-155-Math.cos((query.anim_time - 0.2) * 180) * 8"],
							"lerp_mode": "catmullrom"
						}
					}
				},
				"head_fur_left2": {
					"rotation": {
						"0.0": {
							"post": [0, 0, "25+Math.cos((query.anim_time - 0.2) * 180) * 8"],
							"lerp_mode": "catmullrom"
						}
					}
				},
				"head_fur_bottom_left": {
					"rotation": {
						"0.0": {
							"post": [0, 0, "25+Math.cos((query.anim_time - 0.2) * 180) * 8"],
							"lerp_mode": "catmullrom"
						}
					}
				},
				"head_fur_bottom_left2": {
					"rotation": {
						"0.0": {
							"post": [0, 0, "25+Math.cos((query.anim_time - 0.2) * 180) * 8"],
							"lerp_mode": "catmullrom"
						}
					}
				},
				"head_fur_right2": {
					"rotation": {
						"0.0": {
							"post": [0, 0, "-25-Math.cos((query.anim_time - 0.2) * 180) * 8"],
							"lerp_mode": "catmullrom"
						}
					}
				},
				"head_fur_bottom_right": {
					"rotation": {
						"0.0": {
							"post": [0, 0, "-25-Math.cos((query.anim_time - 0.2) * 180) * 8"],
							"lerp_mode": "catmullrom"
						}
					}
				},
				"head_fur_bottom_right2": {
					"rotation": {
						"0.0": {
							"post": [0, 0, "-25-Math.cos((query.anim_time - 0.2) * 180) * 8"],
							"lerp_mode": "catmullrom"
						}
					}
				},
				"chest_fur_front": {
					"rotation": {
						"0.0": {
							"post": ["Math.cos((query.anim_time - 0.2) * 180) * 8", 0, 0],
							"lerp_mode": "catmullrom"
						}
					}
				},
				"chest_fur_back2": {
					"rotation": {
						"0.0": {
							"post": ["-Math.cos((query.anim_time - 0.2) * 180) * 8", 0, 0],
							"lerp_mode": "catmullrom"
						}
					}
				},
				"chest_fur_left": {
					"rotation": {
						"0.0": {
							"post": [0, 0, "-Math.cos((query.anim_time - 0.2) * 180) * 8"],
							"lerp_mode": "catmullrom"
						}
					}
				},
				"chest_fur_right": {
					"rotation": {
						"0.0": {
							"post": [0, 0, "Math.cos((query.anim_time - 0.2) * 180) * 8"],
							"lerp_mode": "catmullrom"
						}
					}
				},
				"neck_fur_left": {
					"rotation": {
						"0.0": {
							"post": ["-Math.cos((query.anim_time - 0.2) * 180) * 8", 0, 0],
							"lerp_mode": "catmullrom"
						}
					}
				},
				"neck_fur_right": {
					"rotation": {
						"0.0": {
							"post": ["-Math.cos((query.anim_time - 0.2) * 180) * 8", 0, 0],
							"lerp_mode": "catmullrom"
						}
					}
				},
				"hand_hair_top_left": {
					"rotation": {
						"0.0": {
							"post": [0, 0, "-Math.cos((query.anim_time - 0.2) * 180) * 8"],
							"lerp_mode": "catmullrom"
						}
					}
				},
				"hand_hair_top_front_left": {
					"rotation": {
						"0.0": {
							"post": [0, 0, "-Math.cos((query.anim_time - 0.2) * 180) * 8"],
							"lerp_mode": "catmullrom"
						}
					}
				},
				"hand_hair_top_right": {
					"rotation": {
						"0.0": {
							"post": [0, 0, "Math.cos((query.anim_time - 0.2) * 180) * 8"],
							"lerp_mode": "catmullrom"
						}
					}
				},
				"leg_left3": {
					"rotation": {
						"0.0": {
							"post": ["-Math.cos((query.anim_time - 0.2) * 180) * 8", 0, 0],
							"lerp_mode": "catmullrom"
						}
					},
					"position": {
						"0.0": {
							"post": [0, 0.75, 0],
							"lerp_mode": "catmullrom"
						}
					}
				},
				"leg_right3": {
					"rotation": {
						"0.0": {
							"post": ["-Math.cos((query.anim_time - 0.2) * 180) * 8", 0, 0],
							"lerp_mode": "catmullrom"
						}
					},
					"position": {
						"0.0": {
							"post": [0, 0.75, 0],
							"lerp_mode": "catmullrom"
						}
					}
				}
			}
		},
		"animation.hydreigon.battle_idle": {
			"loop": true,
			"animation_length": 2,
			"bones": {
				"body": {
					"rotation": {
						"0.0": {
							"post": ["47.5-Math.cos(query.anim_time * 180) * 1 ", 0, 0],
							"lerp_mode": "catmullrom"
						}
					},
					"position": {
						"0.0": {
							"post": [0, "15-Math.cos((query.anim_time - 0.2) * 180) * 8", "-Math.cos((query.anim_time - 0.2) * 180) * 8"],
							"lerp_mode": "catmullrom"
						}
					}
				},
				"chest_fur_front": {
					"rotation": {
						"0.0": {
							"post": ["Math.cos((query.anim_time - 0.2) * 180) * 8", 0, 0],
							"lerp_mode": "catmullrom"
						}
					}
				},
				"chest_fur_back2": {
					"rotation": {
						"0.0": {
							"post": ["-Math.cos((query.anim_time - 0.2) * 180) * 8", 0, 0],
							"lerp_mode": "catmullrom"
						}
					}
				},
				"chest_fur_left": {
					"rotation": {
						"0.0": {
							"post": [0, 0, "-Math.cos((query.anim_time - 0.2) * 180) * 8"],
							"lerp_mode": "catmullrom"
						}
					}
				},
				"chest_fur_right": {
					"rotation": {
						"0.0": {
							"post": [0, 0, "Math.cos((query.anim_time - 0.2) * 180) * 8"],
							"lerp_mode": "catmullrom"
						}
					}
				},
				"neck_fur_left": {
					"rotation": {
						"0.0": {
							"post": ["-Math.cos((query.anim_time - 0.2) * 180) * 8", 0, 0],
							"lerp_mode": "catmullrom"
						}
					}
				},
				"neck_fur_right": {
					"rotation": {
						"0.0": {
							"post": ["-Math.cos((query.anim_time - 0.2) * 180) * 8", 0, 0],
							"lerp_mode": "catmullrom"
						}
					}
				},
				"wing_top_left": {
					"rotation": [11.89032, "-18.1635-math.sin(query.anim_time*90*2)*15", -21.05216]
				},
				"wing_top_left2": {
					"rotation": [0, "-20+20-math.sin(query.anim_time*90*2)*15", 0]
				},
				"wing_top_left3": {
					"rotation": [0, "-20+20-math.sin(query.anim_time*90*2)*15", 0]
				},
				"wing_top_left4": {
					"rotation": [0, "-20+20-math.sin(query.anim_time*90*2)*15", 0]
				},
				"wing_middle_left": {
					"rotation": [0, "-10+20-math.sin(query.anim_time*90*2)*15", 0]
				},
				"wing_middle_left2": {
					"rotation": [0, "-17.5+5-math.sin(query.anim_time*90*2-60)*15", 0]
				},
				"wing_middle_left3": {
					"rotation": [0, "-10+5-math.sin(query.anim_time*90*2-60)*15", 0]
				},
				"wing_middle_left4": {
					"rotation": [0, "-2.5+5-math.sin(query.anim_time*90*2-60)*1", 0]
				},
				"wing_bottom_left": {
					"rotation": [-13.46785, "-17.6146+20-math.sin(query.anim_time*90*2)*10", 23.95681]
				},
				"wing_bottom_left2": {
					"rotation": [0, "-20+20-math.sin(query.anim_time*90*2)*10", 0]
				},
				"wing_bottom_left3": {
					"rotation": [0, "-20+20-math.sin(query.anim_time*90*2)*10", 0]
				},
				"wing_bottom_left4": {
					"rotation": [0, "-20+20-math.sin(query.anim_time*90*2)*10", 0]
				},
				"wing_top_right": {
					"rotation": [12.5227, "-22.2167+20+math.sin(query.anim_time*90*2)*15", 23.4601],
					"position": [0, 0, 1]
				},
				"wing_top_right2": {
					"rotation": [0, "-20+20+math.sin(query.anim_time*90*2)*15", 0]
				},
				"wing_top_right3": {
					"rotation": [0, "-20+20+math.sin(query.anim_time*90*2)*15", 0]
				},
				"wing_top_right4": {
					"rotation": [0, "-20+20+math.sin(query.anim_time*90*2)*15", 0]
				},
				"wing_middle_right": {
					"rotation": [0, "-20+20-math.sin(query.anim_time*90*2)*15", 0]
				},
				"wing_middle_right2": {
					"rotation": [0, "-20+20+math.sin(query.anim_time*90*2+60)*15", 0]
				},
				"wing_middle_right3": {
					"rotation": [0, "-20+5+math.sin(query.anim_time*90*2+60)*15", 0]
				},
				"wing_middle_right4": {
					"rotation": [0, "-20+5+math.sin(query.anim_time*90*2+60)*15", 0]
				},
				"wing_bottom_right": {
					"rotation": [-28.65783, "-25.8173+20+math.sin(query.anim_time*90*2)*10", -35.83525]
				},
				"wing_bottom_right2": {
					"rotation": [0, "-20+20+math.sin(query.anim_time*90*2)*10", 0]
				},
				"wing_bottom_right3": {
					"rotation": [0, "-20+20+math.sin(query.anim_time*90*2)*10", 0]
				},
				"wing_bottom_right4": {
					"rotation": [0, "-20+20+math.sin(query.anim_time*90*2)*10", 0]
				},
				"arm_left": {
					"rotation": {
						"0.0": {
							"post": [-76.0223, 52.36781, "-41.8713+Math.cos((query.anim_time - 0.2) * 180) * 8"],
							"lerp_mode": "catmullrom"
						}
					}
				},
				"arm_left2": {
					"rotation": {
						"0.0": {
							"post": [-6.76417, 32.70241, -4.28421],
							"lerp_mode": "catmullrom"
						}
					}
				},
				"wrist_left": {
					"rotation": {
						"0.0": {
							"post": [0, 7.5, -10],
							"lerp_mode": "catmullrom"
						}
					}
				},
				"hand_hair_front_left2": {
					"rotation": {
						"0.0": {
							"post": [0, "137.5-Math.cos((query.anim_time - 0.2) * 180) * 8", 0],
							"lerp_mode": "catmullrom"
						}
					}
				},
				"hand_hair_back_left2": {
					"rotation": {
						"0.0": {
							"post": [0, "-160-Math.cos((query.anim_time - 0.2) * 180) * 8", 0],
							"lerp_mode": "catmullrom"
						}
					}
				},
				"hand_hair_top_left": {
					"rotation": {
						"0.0": {
							"post": [0, 0, "-Math.cos((query.anim_time - 0.2) * 180) * 8"],
							"lerp_mode": "catmullrom"
						}
					}
				},
				"hand_hair_top_left2": {
					"rotation": {
						"0.0": {
							"post": [0, 0, "-177.5-Math.cos((query.anim_time - 0.2) * 180) * 8"],
							"lerp_mode": "catmullrom"
						}
					}
				},
				"hand_hair_bottom_left": {
					"rotation": {
						"0.0": {
							"post": [0, 0, "110-Math.cos((query.anim_time - 0.2) * 180) * 8"],
							"lerp_mode": "catmullrom"
						}
					}
				},
				"hand_hair_top_front_left": {
					"rotation": {
						"0.0": {
							"post": [0, 0, "-Math.cos((query.anim_time - 0.2) * 180) * 8"],
							"lerp_mode": "catmullrom"
						}
					}
				},
				"hand_hair_top_back_left2": {
					"rotation": {
						"0.0": {
							"post": [0, 0, "-200-Math.cos((query.anim_time - 0.2) * 180) * 8"],
							"lerp_mode": "catmullrom"
						}
					}
				},
				"hand_hair_bottom_front_left2": {
					"rotation": {
						"0.0": {
							"post": [0, 0, "152.5-Math.cos((query.anim_time - 0.2) * 180) * 8"],
							"lerp_mode": "catmullrom"
						}
					}
				},
				"hand_hair_bottom_back_left2": {
					"rotation": {
						"0.0": {
							"post": [0, 0, "170-Math.cos((query.anim_time - 0.2) * 180) * 8"],
							"lerp_mode": "catmullrom"
						}
					}
				},
				"lower_hand_left": {
					"rotation": {
						"0.0": {
							"post": [0, 0, "30+Math.cos((query.anim_time - 0.2) * 180) * 8"],
							"lerp_mode": "catmullrom"
						}
					}
				},
				"arm_right": {
					"rotation": {
						"0.0": {
							"post": [-57.39494, -48.96082, "13.9276-Math.cos((query.anim_time - 0.2) * 180) * 8"],
							"lerp_mode": "catmullrom"
						}
					}
				},
				"arm_right2": {
					"rotation": {
						"0.0": {
							"post": [-8.87835, -50.04501, 7.44581],
							"lerp_mode": "catmullrom"
						}
					}
				},
				"wrist_right": {
					"rotation": {
						"0.0": {
							"post": [0, -7.5, 10],
							"lerp_mode": "catmullrom"
						}
					}
				},
				"hand_hair_front_right2": {
					"rotation": {
						"0.0": {
							"post": [0, "-147.5-Math.cos((query.anim_time - 0.2) * 180) * 8", 0],
							"lerp_mode": "catmullrom"
						}
					}
				},
				"hand_hair_back_right2": {
					"rotation": {
						"0.0": {
							"post": [0, "110-Math.cos((query.anim_time - 0.2) * 180) * 8", 0],
							"lerp_mode": "catmullrom"
						}
					}
				},
				"hand_hair_top_right": {
					"rotation": {
						"0.0": {
							"post": [0, 0, "Math.cos((query.anim_time - 0.2) * 180) * 8"],
							"lerp_mode": "catmullrom"
						}
					}
				},
				"hand_hair_top_right2": {
					"rotation": {
						"0.0": {
							"post": [0, 0, 155],
							"lerp_mode": "catmullrom"
						}
					}
				},
				"hand_hair_bottom_right": {
					"rotation": {
						"0.0": {
							"post": [0, 0, "-110-Math.cos((query.anim_time - 0.2) * 180) * 8"],
							"lerp_mode": "catmullrom"
						}
					}
				},
				"hand_hair_top_front_right2": {
					"rotation": {
						"0.0": {
							"post": [0, 0, "160-Math.cos((query.anim_time - 0.2) * 180) * 8"],
							"lerp_mode": "catmullrom"
						}
					}
				},
				"hand_hair_top_back_right2": {
					"rotation": {
						"0.0": {
							"post": [0, 0, "157.5-Math.cos((query.anim_time - 0.2) * 180) * 8"],
							"lerp_mode": "catmullrom"
						}
					}
				},
				"hand_hair_bottom_front_right2": {
					"rotation": {
						"0.0": {
							"post": [0, 0, "-160-Math.cos((query.anim_time - 0.2) * 180) * 8"],
							"lerp_mode": "catmullrom"
						}
					}
				},
				"hand_hair_bottom_back_right2": {
					"rotation": {
						"0.0": {
							"post": [0, 0, "-155-Math.cos((query.anim_time - 0.2) * 180) * 8"],
							"lerp_mode": "catmullrom"
						}
					}
				},
				"lower_hand_right": {
					"rotation": {
						"0.0": {
							"post": [0, 0, "-30-Math.cos((query.anim_time - 0.2) * 180) * 8"],
							"lerp_mode": "catmullrom"
						}
					}
				},
				"neck": {
					"rotation": {
						"0.0": {
							"post": ["-15-Math.cos((query.anim_time - 0.2) * 180) * 8", 0, 0],
							"lerp_mode": "catmullrom"
						}
					}
				},
				"neck2": {
					"rotation": {
						"0.0": {
							"post": ["-12.5-Math.cos((query.anim_time - 0.2) * 180) * 8", 0, 0],
							"lerp_mode": "catmullrom"
						}
					}
				},
				"neck3": {
					"rotation": {
						"0.0": {
							"post": ["-5+Math.cos((query.anim_time - 0.2) * 180) * 8", 0, 0],
							"lerp_mode": "catmullrom"
						}
					}
				},
				"head_rotation": {
					"rotation": {
						"0.0": {
							"post": [-7.5, 0, 0],
							"lerp_mode": "catmullrom"
						}
					}
				},
				"head_fur_top": {
					"rotation": {
						"0.0": {
							"post": ["-25-Math.cos((query.anim_time - 0.2) * 180) * 8", 0, 0],
							"lerp_mode": "catmullrom"
						}
					}
				},
				"head_fur_top2": {
					"rotation": {
						"0.0": {
							"post": ["5-Math.cos((query.anim_time - 0.2) * 180) * 8", 0, 0],
							"lerp_mode": "catmullrom"
						}
					}
				},
				"head_fur_bottom": {
					"rotation": {
						"0.0": {
							"post": [40, "110-Math.cos((query.anim_time - 0.2) * 180) * 8", 0],
							"lerp_mode": "catmullrom"
						}
					}
				},
				"head_fur_left": {
					"rotation": {
						"0.0": {
							"post": [0, 0, "30+Math.cos((query.anim_time - 0.2) * 180) * 8"],
							"lerp_mode": "catmullrom"
						}
					}
				},
				"head_fur_left2": {
					"rotation": {
						"0.0": {
							"post": [0, 0, "-7.5+Math.cos((query.anim_time - 0.2) * 180) * 8"],
							"lerp_mode": "catmullrom"
						}
					}
				},
				"head_fur_top_left": {
					"rotation": {
						"0.0": {
							"post": ["-25-Math.cos((query.anim_time - 0.2) * 180) * 8", 0, 0],
							"lerp_mode": "catmullrom"
						}
					}
				},
				"head_fur_top_left2": {
					"rotation": {
						"0.0": {
							"post": ["5-Math.cos((query.anim_time - 0.2) * 180) * 8", 0, 0],
							"lerp_mode": "catmullrom"
						}
					}
				},
				"head_fur_bottom_left": {
					"rotation": {
						"0.0": {
							"post": [0, 0, "35+Math.cos((query.anim_time - 0.2) * 180) * 8"],
							"lerp_mode": "catmullrom"
						}
					}
				},
				"head_fur_bottom_left2": {
					"rotation": {
						"0.0": {
							"post": [0, 0, "-5+Math.cos((query.anim_time - 0.2) * 180) * 8"],
							"lerp_mode": "catmullrom"
						}
					}
				},
				"head_fur_right": {
					"rotation": {
						"0.0": {
							"post": [0, 0, "-30-Math.cos((query.anim_time - 0.2) * 180) * 8"],
							"lerp_mode": "catmullrom"
						}
					}
				},
				"head_fur_right2": {
					"rotation": {
						"0.0": {
							"post": [0, 0, "5-Math.cos((query.anim_time - 0.2) * 180) * 8"],
							"lerp_mode": "catmullrom"
						}
					}
				},
				"head_fur_top_right": {
					"rotation": {
						"0.0": {
							"post": ["-25-Math.cos((query.anim_time - 0.2) * 180) * 8", 0, 0],
							"lerp_mode": "catmullrom"
						}
					}
				},
				"head_fur_top_right2": {
					"rotation": {
						"0.0": {
							"post": ["5-Math.cos((query.anim_time - 0.2) * 180) * 8", 0, 0],
							"lerp_mode": "catmullrom"
						}
					}
				},
				"head_fur_bottom_right": {
					"rotation": {
						"0.0": {
							"post": [0, 0, "-32.5-Math.cos((query.anim_time - 0.2) * 180) * 8"],
							"lerp_mode": "catmullrom"
						}
					}
				},
				"head_fur_bottom_right2": {
					"rotation": {
						"0.0": {
							"post": [0, 0, "5-Math.cos((query.anim_time - 0.2) * 180) * 8"],
							"lerp_mode": "catmullrom"
						}
					}
				},
				"jaw": {
					"rotation": {
						"0.0": {
							"post": ["40-Math.cos((query.anim_time + 0.3) * 180) * -15", 0, 0],
							"lerp_mode": "catmullrom"
						}
					}
				},
				"tail": {
					"rotation": {
						"0.0": {
							"post": ["-Math.cos((query.anim_time - 0.2) * 180) * 8", 0, 0],
							"lerp_mode": "catmullrom"
						}
					}
				},
				"tail2": {
					"rotation": {
						"0.0": {
							"post": ["12.5-Math.cos((query.anim_time - 0.2) * 180) * 8", 0, 0],
							"lerp_mode": "catmullrom"
						}
					}
				},
				"tail3": {
					"rotation": {
						"0.0": {
							"post": ["22.5-Math.cos((query.anim_time - 0.2) * 180) * 8", 0, 0],
							"lerp_mode": "catmullrom"
						}
					}
				},
				"tail4": {
					"rotation": {
						"0.0": {
							"post": ["22.5-Math.cos((query.anim_time - 0.2) * 180) * 8", 0, 0],
							"lerp_mode": "catmullrom"
						}
					}
				},
				"tail5": {
					"rotation": {
						"0.0": {
							"post": ["12.5-Math.cos((query.anim_time - 0.2) * 180) * 8", 0, 0],
							"lerp_mode": "catmullrom"
						}
					}
				},
				"leg_left": {
					"rotation": {
						"0.0": {
							"post": ["-22.2539-Math.cos((query.anim_time - 0.2) * 180) * 8", -5.29571, -5.31847],
							"lerp_mode": "catmullrom"
						}
					}
				},
				"leg_left2": {
					"rotation": {
						"0.0": {
							"post": ["5-Math.cos((query.anim_time - 0.2) * 180) * 8", 0, 0],
							"lerp_mode": "catmullrom"
						}
					}
				},
				"leg_left3": {
					"rotation": {
						"0.0": {
							"post": ["-Math.cos((query.anim_time - 0.2) * 180) * 8", 0, 0],
							"lerp_mode": "catmullrom"
						}
					},
					"position": {
						"0.0": {
							"post": [0, 0.75, 0],
							"lerp_mode": "catmullrom"
						}
					}
				},
				"leg_right": {
					"rotation": {
						"0.0": {
							"post": ["-22.2539-Math.cos((query.anim_time - 0.2) * 180) * 8", 5.29571, 5.31847],
							"lerp_mode": "catmullrom"
						}
					}
				},
				"leg_right2": {
					"rotation": {
						"0.0": {
							"post": ["5-Math.cos((query.anim_time - 0.2) * 180) * 8", 0, 0],
							"lerp_mode": "catmullrom"
						}
					}
				},
				"leg_right3": {
					"rotation": {
						"0.0": {
							"post": ["-Math.cos((query.anim_time - 0.2) * 180) * 8", 0, 0],
							"lerp_mode": "catmullrom"
						}
					},
					"position": {
						"0.0": {
							"post": [0, 0.75, 0],
							"lerp_mode": "catmullrom"
						}
					}
				},
				"chest": {
					"rotation": [15, 0, 0]
				},
				"wings": {
					"rotation": [0, 0, 0],
					"position": [0, 0, 0.25]
				}
			}
		},
		"animation.hydreigon.blink": {
			"animation_length": 0.1667,
			"bones": {
				"eyelid_left": {
					"position": {
						"0.0": [0.1, 0, 0],
						"0.125": [0.1, 0, 0],
						"0.1667": [0, 0, 0]
					}
				},
				"eyelid_right": {
					"position": {
						"0.0": [-0.1, 0, 0],
						"0.125": [-0.1, 0, 0],
						"0.1667": [0, 0, 0]
					}
				},
				"pupil_left": {
					"position": {
						"0.0": [-0.1, 0, 0],
						"0.125": [-0.1, 0, 0],
						"0.1667": [0, 0, 0]
					}
				},
				"pupil_right": {
					"position": {
						"0.0": [0.1, 0, 0],
						"0.125": [0.1, 0, 0],
						"0.1667": [0, 0, 0]
					}
				}
			}
		},
		"animation.hydreigon.nom_1": {
			"animation_length": 0.25,
			"bones": {
				"upper_hand_left": {
					"rotation": {
						"0.0": [0, 0, 0],
						"0.125": [0, 0, -10],
						"0.25": [0, 0, 0]
					}
				},
				"lower_hand_left": {
					"rotation": {
						"0.0": [0, 0, 0],
						"0.125": [0, 0, 20],
						"0.25": [0, 0, 0]
					}
				}
			}
		},
		"animation.hydreigon.nom_2": {
			"animation_length": 0.25,
			"bones": {
				"upper_hand_right": {
					"rotation": {
						"0.0": [0, 0, 0],
						"0.125": [0, 0, 10],
						"0.25": [0, 0, 0]
					}
				},
				"lower_hand_right": {
					"rotation": {
						"0.0": [0, 0, 0],
						"0.125": [0, 0, -20],
						"0.25": [0, 0, 0]
					}
				}
			}
		},
		"animation.hydreigon.special": {
			"animation_length": 0.5,
			"bones": {
				"upper_hand_left": {
					"rotation": {
						"0.0": [0, 0, 0],
						"0.25": [0, 0, -17.5],
						"0.5": [0, 0, 0]
					},
					"position": {
						"0.0": [0, 0, 0],
						"0.2083": [0.25, 0, 0],
						"0.25": [0, 0, 0],
						"0.2917": [0.25, 0, 0],
						"0.3333": [0, 0, 0]
					}
				},
				"lower_hand_left": {
					"rotation": {
						"0.0": [0, 0, 0],
						"0.25": [0, 0, 25],
						"0.5": [0, 0, 0]
					},
					"position": {
						"0.0": [0, 0, 0],
						"0.2083": [0.25, 0, 0],
						"0.25": [0, 0, 0],
						"0.2917": [0.25, 0, 0],
						"0.3333": [0, 0, 0]
					}
				},
				"upper_hand_right": {
					"rotation": {
						"0.0": [0, 0, 0],
						"0.25": [0, 0, 17.5],
						"0.5": [0, 0, 0]
					},
					"position": {
						"0.0": [0, 0, 0],
						"0.2083": [-0.07195, 0.01295, 0],
						"0.25": [0.20843, -0.05518, 0],
						"0.2917": [-0.03195, 0.02295, 0],
						"0.3333": [0.24484, -0.05055, 0]
					}
				},
				"lower_hand_right": {
					"rotation": {
						"0.0": [0, 0, 0],
						"0.25": [0, 0, -27.5],
						"0.5": [0, 0, 0]
					},
					"position": {
						"0.0": [0, 0, 0],
						"0.2083": [0.23027, 0.09735, 0],
						"0.25": [0.00825, -0.01544, 0],
						"0.2917": [0.24027, 0.07735, 0],
						"0.3333": [0.00269, 0.00136, 0]
					}
				},
				"nuzzle": {
					"position": {
						"0.0": [0, 0, 0],
						"0.1667": [0, -0.21905, 0.02179],
						"0.2083": [0, 0.03905, -0.00179],
						"0.25": [0, -0.24905, 0.02179],
						"0.2917": [0, 0.03905, -0.00179],
						"0.3333": [0, -0.21905, 0.02179],
						"0.5": [0, 0, 0]
					}
				},
				"arm_left2": {
					"scale": {
						"0.0": [1, 1, 1],
						"0.0833": [1.2, 1, 1],
						"0.5": [1, 1, 1]
					}
				},
				"arm_right2": {
					"scale": {
						"0.0": [1, 1, 1],
						"0.0833": [1.1, 1, 1],
						"0.5": [1, 1, 1]
					}
				}
			}
		},
		"animation.hydreigon.physical": {
			"animation_length": 0.25,
			"bones": {
				"neck": {
					"rotation": {
						"0.0": [0, 0, 0],
						"0.0833": [12.5, 0, 0],
						"0.25": [0, 0, 0]
					}
				},
				"neck2": {
					"rotation": {
						"0.0": [0, 0, 0],
						"0.0833": [-2.5, 0, 0],
						"0.25": [0, 0, 0]
					}
				},
				"neck3": {
					"rotation": {
						"0.0": [0, 0, 0],
						"0.0833": [-2.5, 0, 0],
						"0.25": [0, 0, 0]
					}
				},
				"jaw": {
					"rotation": {
						"0.0": [0, 0, 0],
						"0.0833": [0, 0, 0],
						"0.1667": [37.5, 0, 0],
						"0.25": [0, 0, 0]
					}
				}
			}
		},
		"animation.hydreigon.sleep": {
			"loop": true,
			"animation_length": 2,
			"bones": {
				"body": {
					"rotation": [87.37884, -17.48281, 0.78795],
					"position": [0, -9, 0]
				},
				"chest_fur_back": {
					"rotation": [-7.5, 0, 0]
				},
				"chest_fur_back2": {
					"rotation": ["-12.5+Math.cos((query.anim_time - 0.2) * 180) * 1", 0, 0]
				},
				"chest_fur_left": {
					"rotation": [-5, 0, 0]
				},
				"chest_fur_right": {
					"rotation": [-7.5, 0, 0]
				},
				"neck_fur_left": {
					"rotation": [17.5, 0, 0]
				},
				"neck_fur_right": {
					"rotation": [12.5, 0, 0]
				},
				"wing_top_right": {
					"rotation": [-6.46066, "-21.4337+Math.cos((query.anim_time - 0.2) * 180) * 1", -25.76926]
				},
				"wing_top_right2": {
					"rotation": [0, "-60+Math.cos((query.anim_time - 0.2) * 180) * 1", 0]
				},
				"wing_top_right3": {
					"rotation": [0, "7.5+Math.cos((query.anim_time - 0.2) * 180) * 1", 0]
				},
				"wing_top_right4": {
					"rotation": [0, "5+Math.cos((query.anim_time - 0.2) * 180) * 1", 0]
				},
				"wing_middle_right": {
					"rotation": [-8.95891, "-19.9051+Math.cos((query.anim_time - 0.2) * 180) * 1", -31.18939]
				},
				"wing_middle_right2": {
					"rotation": [0, "-60+Math.cos((query.anim_time - 0.2) * 180) * 1", 0]
				},
				"wing_middle_right3": {
					"rotation": [0, "-10+Math.cos((query.anim_time - 0.2) * 180) * 1", 0]
				},
				"wing_middle_right4": {
					"rotation": [0, "20+Math.cos((query.anim_time - 0.2) * 180) * 1", 0]
				},
				"wing_bottom_right": {
					"rotation": [-5.77509, "-26.8223+Math.cos((query.anim_time - 0.2) * 180) * 1", -35.41318]
				},
				"wing_bottom_right2": {
					"rotation": [0, "-60+Math.cos((query.anim_time - 0.2) * 180) * 1", 0]
				},
				"wing_bottom_right3": {
					"rotation": [0, "7.5+Math.cos((query.anim_time - 0.2) * 180) * 1", 0]
				},
				"wing_bottom_right4": {
					"rotation": [0, "17.5+Math.cos((query.anim_time - 0.2) * 180) * 1", 0]
				},
				"arm_left": {
					"rotation": [-54.06134, 12.2403, "-81.2626-Math.cos((query.anim_time - 0.2) * 180) * 0.5"]
				},
				"arm_left2": {
					"rotation": [-29.32794, "38.6209-Math.cos((query.anim_time - 0.2) * 180) * 0.5", -19.32397]
				},
				"hand_hair_top_back_left": {
					"rotation": [-2.9597, -4.55601, 5.94869]
				},
				"hand_hair_top_back_left2": {
					"rotation": [0, -12.5, 0]
				},
				"upper_hand_left": {
					"rotation": [0, -15, 0]
				},
				"arm_right": {
					"rotation": [-101.00966, "-24.5948-Math.cos((query.anim_time - 0.2) * 180) * 1", 54.62934]
				},
				"arm_right2": {
					"rotation": [16.30254, "-59.072-Math.cos((query.anim_time - 0.2) * 180) * 1", 2.0496]
				},
				"hand_hair_back_right2": {
					"rotation": [-7.5, 0, 0]
				},
				"hand_hair_top_right": {
					"rotation": [0, 0, -17.5]
				},
				"hand_hair_top_back_right": {
					"rotation": [-2.6749, 2.06919, -5.82465]
				},
				"hand_hair_top_back_right2": {
					"rotation": [0, 10, 0]
				},
				"neck": {
					"rotation": [-70, 0, 0]
				},
				"neck2": {
					"rotation": ["15-Math.cos((query.anim_time - 0.2) * 180) * 2", 0, 0]
				},
				"head_fur_top": {
					"rotation": ["52.5-Math.cos((query.anim_time - 0.2) * 180) * 1", 0, 0]
				},
				"head_fur_top2": {
					"rotation": ["35-Math.cos((query.anim_time - 0.2) * 180) * 0.5", 0, 0]
				},
				"head_fur_left": {
					"rotation": [-1.71394, "14.6978-Math.cos((query.anim_time - 0.2) * 180) * 1", -35.07031]
				},
				"head_fur_left2": {
					"rotation": [0, "10-Math.cos((query.anim_time - 0.2) * 180) * 0.5", 0],
					"position": [-0.25, 0, 0]
				},
				"head_fur_top_left": {
					"rotation": ["51.2738-Math.cos((query.anim_time - 0.2) * 180) * 1", 11.97144, 5.21719]
				},
				"head_fur_top_left2": {
					"rotation": ["17.5-Math.cos((query.anim_time - 0.2) * 180) * 0.5", 2.5, 0]
				},
				"head_fur_bottom_left": {
					"rotation": [0, "7.5-Math.cos((query.anim_time - 0.2) * 180) * 1", 0]
				},
				"head_fur_bottom_left2": {
					"rotation": [0, "12.5-Math.cos((query.anim_time - 0.2) * 180) * 0.5", 0]
				},
				"head_fur_right": {
					"rotation": [-0.87038, "-14.9238-Math.cos((query.anim_time - 0.2) * 180) * 1", 22.53742]
				},
				"head_fur_right2": {
					"rotation": [-3.03513, "-9.5327-Math.cos((query.anim_time - 0.2) * 180) * 0.5", 17.75313],
					"position": [0.25, 0, 0]
				},
				"head_fur_top_right": {
					"rotation": ["42.5-Math.cos((query.anim_time - 0.2) * 180) * 1", -15, 0]
				},
				"head_fur_top_right2": {
					"rotation": ["10-Math.cos((query.anim_time - 0.2) * 180) * 0.5", -2.5, 0]
				},
				"head_fur_bottom_right": {
					"rotation": [0, "-10-Math.cos((query.anim_time - 0.2) * 180) * 1", 0]
				},
				"head_fur_bottom_right2": {
					"rotation": [0, "-7.5-Math.cos((query.anim_time - 0.2) * 180) * 0.5", 0]
				},
				"tail": {
					"rotation": ["-22.5-Math.cos((query.anim_time - 0.2) * 180) * 1", 0, 0]
				},
				"tail2": {
					"rotation": ["-5-Math.cos((query.anim_time - 0.2) * 180) * 1", 0, 0]
				},
				"tail3": {
					"rotation": ["12.6866+Math.cos((query.anim_time - 0.2) * 180) * 1", -9.76061, -2.18558]
				},
				"tail4": {
					"rotation": ["5.7686-Math.cos((query.anim_time - 0.2) * 180) * 1", -29.8742, -2.88066]
				},
				"tail5": {
					"rotation": [0, 0, 2.5]
				},
				"leg_left": {
					"rotation": [7.5, 0, 0]
				},
				"leg_left2": {
					"rotation": [0, 0, 15]
				},
				"leg_left3": {
					"rotation": [0, 0, 15]
				},
				"leg_right": {
					"rotation": [7.5, 0, 0]
				},
				"leg_right2": {
					"rotation": [0, 0, -20]
				},
				"leg_right3": {
					"rotation": [0, 0, -22.5]
				},
				"chest": {
					"scale": [1, 1, "1+Math.cos((query.anim_time - 0.2) * 180) * 0.01"]
				},
				"wing_top_left": {
					"rotation": [0, "22.5-Math.cos((query.anim_time - 0.2) * 180) * 1", 0]
				},
				"wing_top_left2": {
					"rotation": [0, "42.5-Math.cos((query.anim_time - 0.2) * 180) * 1", 0]
				},
				"wing_top_left3": {
					"rotation": [0, "20-Math.cos((query.anim_time - 0.2) * 180) * 1", 0]
				},
				"wing_top_left4": {
					"rotation": [0, "-27.5-Math.cos((query.anim_time - 0.2) * 180) * 1", 0]
				},
				"wing_middle_left": {
					"rotation": [0, "30-Math.cos((query.anim_time - 0.2) * 180) * 1", 0]
				},
				"wing_middle_left2": {
					"rotation": [0, "57.5-Math.cos((query.anim_time - 0.2) * 180) * 1", 0]
				},
				"wing_middle_left3": {
					"rotation": [0, "-15-Math.cos((query.anim_time - 0.2) * 180) * 1", 0]
				},
				"wing_middle_left4": {
					"rotation": [0, "-20-Math.cos((query.anim_time - 0.2) * 180) * 1", 17.5]
				},
				"wing_bottom_left": {
					"rotation": [0, "37.5-Math.cos((query.anim_time - 0.2) * 180) * 1", 20]
				},
				"wing_bottom_left2": {
					"rotation": [0, "55-Math.cos((query.anim_time - 0.2) * 180) * 1", 0]
				},
				"wing_bottom_left3": {
					"rotation": [0, "-22.5-Math.cos((query.anim_time - 0.2) * 180) * 1", 0]
				},
				"wing_bottom_left4": {
					"rotation": [-7.61154, "-19.9783-Math.cos((query.anim_time - 0.2) * 180) * 1", 0.3471]
				},
				"pupil_left": {
					"position": [-1, 0, 0]
				},
				"eyelid_left": {
					"position": {
						"0.0": [0.1, 0, 0],
						"0.125": [0.1, 0, 0],
						"0.1667": [0, 0, 0]
					}
				},
				"pupil_right": {
					"position": [1, 0, 0]
				},
				"eyelid_right": {
					"position": {
						"0.0": [-0.1, 0, 0],
						"0.125": [-0.1, 0, 0],
						"0.1667": [0, 0, 0]
					}
				},
				"nuzzle": {
					"scale": [1, 1, "1-Math.cos((query.anim_time - 0.2) * 180) * 0.1"]
				}
			}
		}
	}
}