{
    "enabled": "true",
    "neededInstalledMods": [],
    "neededUninstalledMods": [],
    "spawns": [
        {
            "id": "burmy-1",
            "pokemon": "burmy",
            "type": "pokemon",
            "context": "grounded",
            "bucket": "common",
            "level": "25-45",
            "weight": 15.0,
            "condition": {
                "biomes": [
                    "betterend:amber_land"
                ]
            }
        },
        {
            "id": "burmy-2",
            "pokemon": "burmy",
            "type": "pokemon",
            "context": "grounded",
            "bucket": "common",
            "level": "5-26",
            "weight": 2,
            "condition": {
                "biomes": [
                    "#minecraft:is_forest"
                ]
            }
        }
    ]
}