{
    "enabled": "true",
    "neededInstalledMods": [],
    "neededUninstalledMods": [],
    "spawns": [
        {
            "id": "wormadam_trash-1",
            "pokemon": "wormadam form=trash",
            "type": "pokemon",
            "context": "grounded",
            "bucket": "uncommon",
            "level": "35-55",
            "weight": 15.0,
            "condition": {
                "biomes": [
                    "betterend:dry_shrubland"
                ]
            }
        },
        {
            "id": "wormadam_trash-2",
            "pokemon": "wormadam form=trash",
            "type": "pokemon",
            "context": "grounded",
            "bucket": "uncommon",
            "level": "15-32",
            "weight": 2,
            "condition": {
                "biomes": [
                    "#cobblemon:is_badlands"
                ]
            }
        }
    ]
}