{
    "enabled": "true",
    "neededInstalledMods": [],
    "neededUninstalledMods": [],
    "spawns": [
        {
            "id": "pansage-1",
            "pokemon": "pansage",
            "type": "pokemon",
            "context": "grounded",
            "bucket": "uncommon",
            "level": "30-50",
            "weight": 50.0,
            "condition": {
                "biomes": [
                    "betterend:umbrella_jungle"
                ]
            }
        },
		{
            "id": "pansage-2",
            "pokemon": "pansage",
            "presets": [
                "natural"
            ],
            "type": "pokemon",
            "context": "grounded",
            "bucket": "uncommon",
            "level": "5-30",
            "weight": 6.0,
            "condition": {
                "canSeeSky": true,
                "biomes": [
                    "#cobblemon:is_jungle"
                ]
            }
        }
    ]
}