{
    "enabled": "true",
    "neededInstalledMods": [],
    "neededUninstalledMods": [],
    "spawns": [
        {
            "id": "farigiraf-1",
            "pokemon": "farigiraf",
            "type": "pokemon",
            "context": "grounded",
            "bucket": "rare",
            "level": "32-60",
            "weight": 0.15,
            "condition": {
                "biomes": [
                    "#cobblemon:is_arid"
                ]
            }
        }
    ]
}