{
	"format_version": "1.12.0",
	"minecraft:geometry": [
		{
			"description": {
				"identifier": "geometry.arceus",
				"texture_width": 256,
				"texture_height": 256,
				"visible_bounds_width": 8,
				"visible_bounds_height": 7.5,
				"visible_bounds_offset": [0, 3.25, 0]
			},
			"bones": [
				{
					"name": "arcdeo",
					"pivot": [0, -12, 0]
				},
				{
					"name": "body",
					"parent": "arcdeo",
					"pivot": [0, -12, 0],
					"cubes": [
						{"origin": [-9, 21, -9], "size": [19, 14, 35], "uv": [0, 0]}
					]
				},
				{
					"name": "tail",
					"parent": "body",
					"pivot": [0, 27, 26]
				},
				{
					"name": "bone13",
					"parent": "tail",
					"pivot": [0, 33, 35],
					"cubes": [
						{"origin": [-6, 14, 26], "size": [13, 11, 14], "pivot": [0, 22, 16], "rotation": [57.5, 0, 0], "uv": [73, 0]}
					]
				},
				{
					"name": "bone14",
					"parent": "bone13",
					"pivot": [0, 45, 42],
					"cubes": [
						{"origin": [-5, 40, 26], "size": [11, 9, 8], "pivot": [0, 40, 32], "rotation": [-35, 0, 0], "uv": [126, 138]}
					]
				},
				{
					"name": "bone15",
					"parent": "bone14",
					"pivot": [0, 53, 46],
					"cubes": [
						{"origin": [-5, 49, 26], "size": [11, 9, 8], "pivot": [0, 40, 32], "rotation": [-35, 0, 0], "uv": [137, 56]}
					]
				},
				{
					"name": "neck",
					"parent": "body",
					"pivot": [0, 27, -3],
					"cubes": [
						{"origin": [-6, 29, -10], "size": [13, 17, 13], "pivot": [0, 27, -3], "rotation": [32.5, 0, 0], "uv": [49, 65]},
						{"origin": [-3, 39, -12], "size": [7, 17, 6], "uv": [0, 147]},
						{"origin": [-1, 34, -21], "size": [3, 8, 3], "pivot": [0, 27, -3], "rotation": [-27.5, 0, 0], "uv": [0, 49]}
					]
				},
				{
					"name": "bone3",
					"parent": "neck",
					"pivot": [0, 51, -9],
					"cubes": [
						{"origin": [-10, 50, -9], "size": [8, 4, 0], "uv": [48, 57]},
						{"origin": [4, 50, -9], "size": [7, 4, 0], "uv": [113, 0]}
					]
				},
				{
					"name": "bone4",
					"parent": "neck",
					"pivot": [0, 38, -6],
					"cubes": [
						{"origin": [-13, 37, -6], "size": [7, 4, 0], "uv": [88, 71]},
						{"origin": [7, 37, -6], "size": [7, 4, 0], "uv": [73, 9]}
					]
				},
				{
					"name": "head",
					"parent": "neck",
					"pivot": [-1, 56, -9],
					"cubes": [
						{"origin": [-7, 56, -12], "size": [15, 11, 7], "uv": [127, 0]},
						{"origin": [-4, 57, -16], "size": [9, 5, 4], "uv": [176, 171]},
						{"origin": [-3, 57, -17], "size": [7, 5, 1], "uv": [88, 65]},
						{"origin": [-6, 62, -19], "size": [13, 2, 7], "uv": [73, 25]},
						{"origin": [-6, 55, -15], "size": [13, 2, 3], "uv": [0, 28]},
						{"origin": [-5, 55, -18], "size": [11, 2, 3], "uv": [166, 125]},
						{"origin": [-6, 53, -13], "size": [2, 3, 2], "pivot": [-1, 56, -9], "rotation": [-42.5, 0, 0], "uv": [24, 0]},
						{"origin": [5, 53, -13], "size": [2, 3, 2], "pivot": [-1, 56, -9], "rotation": [-42.5, 0, 0], "uv": [0, 0]}
					]
				},
				{
					"name": "eyes",
					"parent": "head",
					"pivot": [-1, 56, -9]
				},
				{
					"name": "eyes2",
					"parent": "eyes",
					"pivot": [-1, 56, -9],
					"cubes": [
						{"origin": [-4.49, 62.55558, -14.57923], "size": [10, 2, 3], "inflate": 0.001, "pivot": [3, 54, 16], "rotation": [5, 0, 0], "uv": [230, 151]},
						{"origin": [-4.49, 59.55558, -12.57923], "size": [10, 2, 2], "inflate": 0.001, "pivot": [3, 51, 17], "rotation": [5, 0, 0], "uv": [232, 45]}
					]
				},
				{
					"name": "ekorpala",
					"parent": "head",
					"pivot": [-1, 62, -5],
					"cubes": [
						{"origin": [-6, 57, -5], "size": [13, 10, 7], "uv": [110, 27]}
					]
				},
				{
					"name": "bone",
					"parent": "ekorpala",
					"pivot": [-1, 62, 4],
					"cubes": [
						{"origin": [-5, 59, 2], "size": [11, 8, 10], "uv": [102, 65]}
					]
				},
				{
					"name": "bone2",
					"parent": "bone",
					"pivot": [-1, 62, 14],
					"cubes": [
						{"origin": [-4, 61, 12], "size": [9, 6, 8], "uv": [4, 79]}
					]
				},
				{
					"name": "telinga",
					"parent": "head",
					"pivot": [-1, 56, -9],
					"cubes": [
						{"origin": [-8, 58, -12], "size": [2, 6, 3], "pivot": [-1, 56, -9], "rotation": [0, 0, -7.5], "uv": [54, 103]},
						{"origin": [-7, 62, -12], "size": [0, 10, 3], "uv": [36, 74]},
						{"origin": [7, 58, -12], "size": [2, 6, 3], "pivot": [-1, 56, -9], "rotation": [0, 0, 7.5], "uv": [73, 0]},
						{"origin": [8, 62, -12], "size": [0, 10, 3], "uv": [0, 74]}
					]
				},
				{
					"name": "ring",
					"parent": "body",
					"pivot": [0, -6, -2],
					"cubes": [
						{"origin": [-11, 19, 12], "size": [23, 18, 4], "uv": [0, 95]},
						{"origin": [3, 19, -5], "size": [11, 18, 4], "pivot": [0, -6, -2], "rotation": [0, -90, 0], "uv": [0, 95]},
						{"origin": [3, -18, -39], "size": [11, 23, 4], "pivot": [0, -6, -2], "rotation": [0, -90, -90], "uv": [226, 194]}
					]
				},
				{
					"name": "ring2",
					"parent": "ring",
					"pivot": [12, 28, 14],
					"cubes": [
						{"origin": [10, 34, 13], "size": [4, 16, 2], "pivot": [12, 37, 13], "rotation": [0, 0, 45], "uv": [90, 147]},
						{"origin": [5, 50, 11], "size": [6, 7, 6], "pivot": [8, 33, 13], "rotation": [0, 0, 45], "uv": [226, 202]},
						{"origin": [6, 51, 10], "size": [4, 5, 8], "pivot": [8, 33, 13], "rotation": [0, 0, 45], "uv": [109, 244]},
						{"origin": [22, 48, 13], "size": [4, 16, 2], "pivot": [12, 37, 13], "rotation": [0, 0, 137.5], "uv": [74, 137]},
						{"origin": [18, 73, 10], "size": [4, 5, 8], "pivot": [8, 41, 13], "rotation": [0, 0, 137.5], "uv": [109, 244]},
						{"origin": [17, 72, 11], "size": [6, 7, 6], "pivot": [8, 41, 13], "rotation": [0, 0, 137.5], "uv": [232, 206]}
					]
				},
				{
					"name": "ring3",
					"parent": "ring",
					"pivot": [-11, 28, 14],
					"rotation": [0, 0, -45],
					"cubes": [
						{"origin": [-17, 30, 13], "size": [17, 4, 2], "pivot": [-11, 37, 14], "rotation": [0, 0, -90], "uv": [64, 59]},
						{"origin": [4, 23, 11], "size": [7, 6, 6], "pivot": [-11, 31, 14], "rotation": [0, 0, -90], "uv": [230, 198]},
						{"origin": [5, 23, 10], "size": [5, 4, 8], "pivot": [-11, 30, 14], "rotation": [0, 0, -90], "uv": [109, 244]},
						{"origin": [-5, 50, 13], "size": [17, 4, 2], "pivot": [-11, 37, 14], "rotation": [0, 0, 172.5], "uv": [50, 51]},
						{"origin": [9.59819, 49.12961, 11], "size": [7, 6, 6], "pivot": [-11, 37, 14], "rotation": [0, 0, 172.5], "uv": [231, 207]},
						{"origin": [10.59819, 50.12961, 10], "size": [5, 4, 8], "pivot": [-11, 37, 14], "rotation": [0, 0, 172.5], "uv": [109, 244]}
					]
				},
				{
					"name": "leg_left",
					"parent": "body",
					"pivot": [10, 29, -9]
				},
				{
					"name": "bone5",
					"parent": "leg_left",
					"pivot": [10, 11, -11],
					"cubes": [
						{"origin": [5, 6, -10], "size": [8, 20, 8], "uv": [40, 135]}
					]
				},
				{
					"name": "bone6",
					"parent": "bone5",
					"pivot": [10, -9, -11],
					"cubes": [
						{"origin": [6, 0, -9], "size": [6, 6, 6], "uv": [66, 175]}
					]
				},
				{
					"name": "leg_right",
					"parent": "body",
					"pivot": [-7, 29, -9]
				},
				{
					"name": "bone11",
					"parent": "leg_right",
					"pivot": [-7, 11, -11],
					"cubes": [
						{"origin": [-12, 6, -10], "size": [8, 20, 8], "uv": [0, 0]}
					]
				},
				{
					"name": "bone12",
					"parent": "bone11",
					"pivot": [-7, -9, -11],
					"cubes": [
						{"origin": [-11, 0, -9], "size": [6, 6, 6], "uv": [171, 0]}
					]
				},
				{
					"name": "leg_left2",
					"parent": "body",
					"pivot": [9, 29, 25]
				},
				{
					"name": "bone7",
					"parent": "leg_left2",
					"pivot": [10, 11, 27],
					"cubes": [
						{"origin": [5, 6, 19], "size": [8, 20, 8], "uv": [134, 110]}
					]
				},
				{
					"name": "bone8",
					"parent": "bone7",
					"pivot": [10, -9, 27],
					"cubes": [
						{"origin": [6, 0, 20], "size": [6, 6, 6], "uv": [175, 60]}
					]
				},
				{
					"name": "leg_right2",
					"parent": "body",
					"pivot": [-8, 29, 25]
				},
				{
					"name": "bone9",
					"parent": "leg_right2",
					"pivot": [-7, 11, 27],
					"cubes": [
						{"origin": [-12, 6, 19], "size": [8, 20, 8], "uv": [131, 82]}
					]
				},
				{
					"name": "bone10",
					"parent": "bone9",
					"pivot": [-7, -9, 27],
					"cubes": [
						{"origin": [-11, 0, 20], "size": [6, 6, 6], "uv": [173, 12]}
					]
				}
			]
		}
	]
}