
{
    "head": "head",
    "portraitScale": 1.25,
    "portraitTranslation": [ 0, 0.5, 0 ],
    "profileScale": 0.8,
    "profileTranslation": [ 0, 0.4, 0 ],
    "faint": "bedrock(zygaregg, faint)",
    "poses": {
    "standing": {
        "poseName": "standing",
        "transformTicks": 10,
        "poseTypes": [
        "STAND",
        "NONE",
        "PORTRAIT",
        "PROFILE"
        ],
        "animations": [
        "look",
        "bedrock(zygaregg, ground_idle)"
        ]
        }
    }
  }
    