{
  "implemented": true,
  "name": "Moltres",
  "nationalPokedexNumber": 146,
  "primaryType": "fire",
  "secondaryType": "flying",
  "abilities": [
    "pressure",
    "h:flamebody"
  ],
  "baseStats": {
    "hp": 90,
    "attack": 100,
    "defence": 90,
    "special_attack": 125,
    "special_defence": 85,
    "speed": 90
  },
  "features": [
    "galarian"
  ],
  "catchRate": 3,
  "maleRatio": -1,
  "shoulderMountable": false,
  "forms": [
    {
      "name": "Galar",
      "primaryType": "dark",
      "secondaryType": "flying",
      "abilities": [
        "berserk"
      ],
      "baseStats": {
        "hp": 90,
        "attack": 85,
        "defence": 90,
        "special_attack": 100,
        "special_defence": 125,
        "speed": 90
      },
      "catchRate": 3,
      "maleRatio": -1,
      "baseExperienceYield": 290,
      "baseFriendship": 35,
      "evYield": {
        "hp": 0,
        "attack": 0,
        "defence": 0,
        "special_attack": 0,
        "special_defence": 3,
        "speed": 0
      },
      "experienceGroup": "slow",
      "eggCycles": 80,
      "eggGroups": [
        "undiscovered"
      ],
      "moves": [
        "1:gust",
        "1:leer",
        "5:payback",
        "10:safeguard",
        "15:wingattack",
        "20:agility",
        "25:ancientpower",
        "30:suckerpunch",
        "35:airslash",
        "40:afteryou",
        "45:fierywrath",
        "50:nastyplot",
        "55:hurricane",
        "60:endure",
        "65:memento",
        "70:skyattack",
        "tm:acrobatics",
        "tm:aerialace",
        "tm:agility",
        "tm:airslash",
        "tm:assurance",
        "tm:bravebird",
        "tm:darkpulse",
        "tm:endure",
        "tm:facade",
        "tm:fly",
        "tm:foulplay",
        "tm:gigaimpact",
        "tm:helpinghand",
        "tm:hex",
        "tm:hurricane",
        "tm:hyperbeam",
        "tm:hypervoice",
        "tm:imprison",
        "tm:nastyplot",
        "tm:payback",
        "tm:protect",
        "tm:raindance",
        "tm:rest",
        "tm:round",
        "tm:safeguard",
        "tm:sandstorm",
        "tm:scaryface",
        "tm:shadowball",
        "tm:sleeptalk",
        "tm:snarl",
        "tm:snore",
        "tm:steelwing",
        "tm:substitute",
        "tm:sunnyday",
        "tm:swift",
        "tm:tailwind",
        "tm:takedown",
        "tm:taunt",
        "tm:terablast",
        "tm:thief",
        "tm:uturn",
        "tutor:dualwingbeat",
        "tutor:fierywrath",
        "tutor:hurricane",
        "tutor:lashout",
        "tutor:nastyplot",
        "tutor:suckerpunch"
      ],
      "labels": [
        "gen8",
        "legendary",
        "galar_regional"
      ],
      "aspects": [
        "galarian"
      ],
      "height": 20,
      "weight": 660,
      "evolutions": [],
      "cannotDynamax": false,
      "battleOnly": false,
      "drops": {
        "amount": 6,
        "entries": [
          {
            "item": "minecraft:feather",
            "quantityRange": "2-4"
          },
          {
            "item": "minecraft:cooked_chicken"
          },
          {
            "item": "cobblemon:sharp_beak"
          }
        ]
      }
    }
  ],
  "baseExperienceYield": 290,
  "experienceGroup": "slow",
  "eggCycles": 80,
  "eggGroups": [
    "undiscovered"
  ],
  "behaviour": {
    "moving": {
      "fly": {
        "canFly": true
      }
    }
  },
  "moves": [
    "1:gust",
    "1:leer",
    "5:ember",
    "8:firespin",
    "10:safeguard",
    "15:wingattack",
    "20:agility",
    "25:ancientpower",
    "30:incinerate",
    "35:airslash",
    "36:flamethrower",
    "40:roost",
    "45:heatwave",
    "50:sunnyday",
    "55:hurricane",
    "60:endure",
    "65:burnup",
    "65:overheat",
    "70:skyattack",
    "71:solarbeam",
    "tm:acrobatics",
    "tm:aerialace",
    "tm:agility",
    "tm:aircutter",
    "tm:airslash",
    "tm:bravebird",
    "tm:confide",
    "tm:defog",
    "tm:doubleteam",
    "tm:endure",
    "tm:facade",
    "tm:fireblast",
    "tm:firespin",
    "tm:flamecharge",
    "tm:flamethrower",
    "tm:flareblitz",
    "tm:fly",
    "tm:frustration",
    "tm:gigaimpact",
    "tm:heatwave",
    "tm:helpinghand",
    "tm:hiddenpower",
    "tm:hurricane",
    "tm:hyperbeam",
    "tm:incinerate",
    "tm:mysticalfire",
    "tm:naturalgift",
    "tm:overheat",
    "tm:pluck",
    "tm:protect",
    "tm:raindance",
    "tm:rest",
    "tm:return",
    "tm:roar",
    "tm:rocksmash",
    "tm:roost",
    "tm:round",
    "tm:safeguard",
    "tm:sandstorm",
    "tm:secretpower",
    "tm:skydrop",
    "tm:sleeptalk",
    "tm:snore",
    "tm:solarbeam",
    "tm:steelwing",
    "tm:substitute",
    "tm:sunnyday",
    "tm:swagger",
    "tm:swift",
    "tm:tailwind",
    "tm:takedown",
    "tm:terablast",
    "tm:toxic",
    "tm:uturn",
    "tm:weatherball",
    "tm:willowisp",
    "tutor:agility",
    "tutor:aircutter",
    "tutor:airslash",
    "tutor:ancientpower",
    "tutor:bide",
    "tutor:burningjealousy",
    "tutor:curse",
    "tutor:defog",
    "tutor:detect",
    "tutor:doubleedge",
    "tutor:doubleteam",
    "tutor:dualwingbeat",
    "tutor:ember",
    "tutor:endure",
    "tutor:extrasensory",
    "tutor:facade",
    "tutor:fireblast",
    "tutor:firespin",
    "tutor:flamethrower",
    "tutor:fly",
    "tutor:frustration",
    "tutor:headbutt",
    "tutor:heatwave",
    "tutor:hiddenpower",
    "tutor:hyperbeam",
    "tutor:laserfocus",
    "tutor:leer",
    "tutor:mimic",
    "tutor:morningsun",
    "tutor:mudslap",
    "tutor:ominouswind",
    "tutor:peck",
    "tutor:protect",
    "tutor:rage",
    "tutor:raindance",
    "tutor:razorwind",
    "tutor:reflect",
    "tutor:rest",
    "tutor:return",
    "tutor:roar",
    "tutor:rocksmash",
    "tutor:roost",
    "tutor:safeguard",
    "tutor:sandstorm",
    "tutor:scorchingsands",
    "tutor:skyattack",
    "tutor:sleeptalk",
    "tutor:snore",
    "tutor:solarbeam",
    "tutor:steelwing",
    "tutor:substitute",
    "tutor:sunnyday",
    "tutor:swagger",
    "tutor:swift",
    "tutor:tailwind",
    "tutor:takedown",
    "tutor:toxic",
    "tutor:twister",
    "tutor:uturn",
    "tutor:whirlwind",
    "tutor:willowisp",
    "tutor:wingattack"
  ],
  "labels": [
    "gen1",
    "legendary",
    "kanto_regional"
  ],
  "pokedex": [
    "cobblemon.species.moltres.desc"
  ],
  "evolutions": [],
  "baseScale": .9,
  "hitbox": {
    "width": 0.8,
    "height": 1.7,
    "fixed": false
  },
  "baseFriendship": 35,
  "evYield": {
    "hp": 0,
    "attack": 0,
    "defence": 0,
    "special_attack": 3,
    "special_defence": 0,
    "speed": 0
  },
  "height": 20,
  "weight": 600,
  "aspects": [],
  "cannotDynamax": false,
  "drops": {
    "amount": 6,
    "entries": [
      {
        "item": "minecraft:feather",
        "quantityRange": "2-4"
      },
      {
        "item": "minecraft:cooked_chicken"
      },
      {
        "item": "cobblemon:charcoal_stick"
      }
    ]
  }
}