{
  "implemented": true,
  "name": "Muk",
  "nationalPokedexNumber": 89,
  "primaryType": "poison",
  "abilities": [
    "stench",
    "stickyhold",
    "h:poisontouch"
  ],
  "baseStats": {
    "hp": 105,
    "attack": 105,
    "defence": 75,
    "special_attack": 65,
    "special_defence": 100,
    "speed": 50
  },
  "catchRate": 75,
  "maleRatio": 0.5,
  "shoulderMountable": false,
  "forms": [
    {
      "name": "Alola",
      "primaryType": "poison",
      "secondaryType": "dark",
      "abilities": [
        "poisontouch",
        "gluttony",
        "h:powerofalchemy"
      ],
      "baseStats": {
        "hp": 105,
        "attack": 105,
        "defence": 75,
        "special_attack": 65,
        "special_defence": 100,
        "speed": 50
      },
      "catchRate": 75,
      "maleRatio": 0.5,
      "baseExperienceYield": 175,
      "baseFriendship": 70,
      "evYield": {
        "hp": 1,
        "attack": 1,
        "defence": 0,
        "special_attack": 0,
        "special_defence": 0,
        "speed": 0
      },
      "drops": {
        "amount": 2,
        "entries": [
          {
            "item": "minecraft:slime_ball",
            "quantityRange": "0-1"
          },
          {
            "item": "minecraft:calcite",
            "percentage": 100
          }
        ]
      },
      "baseScale": 1.2,
      "hitbox": {
        "width": 1.5,
        "height": 1.1,
        "fixed": false
      },
      "experienceGroup": "medium_fast",
      "eggCycles": 20,
      "eggGroups": [
        "amorphous"
      ],
      "moves": [
        "1:bite",
        "1:harden",
        "1:poisongas",
        "1:pound",
        "1:venomdrench",
        "12:disable",
        "15:acidspray",
        "18:poisonfang",
        "21:minimize",
        "26:fling",
        "26:toxic",
        "29:knockoff",
        "32:crunch",
        "37:screech",
        "40:gunkshot",
        "46:acidarmor",
        "52:belch",
        "57:memento",
        "tm:acidspray",
        "tm:attract",
        "tm:bodyslam",
        "tm:brickbreak",
        "tm:brutalswing",
        "tm:confide",
        "tm:crunch",
        "tm:darkpulse",
        "tm:dig",
        "tm:doubleteam",
        "tm:drainpunch",
        "tm:embargo",
        "tm:endure",
        "tm:explosion",
        "tm:facade",
        "tm:fireblast",
        "tm:firepunch",
        "tm:flamethrower",
        "tm:fling",
        "tm:focusblast",
        "tm:frustration",
        "tm:gigadrain",
        "tm:gigaimpact",
        "tm:gunkshot",
        "tm:helpinghand",
        "tm:hex",
        "tm:hiddenpower",
        "tm:hyperbeam",
        "tm:icepunch",
        "tm:imprison",
        "tm:infestation",
        "tm:metronome",
        "tm:mudshot",
        "tm:payback",
        "tm:poisonjab",
        "tm:protect",
        "tm:quash",
        "tm:raindance",
        "tm:rest",
        "tm:return",
        "tm:rockpolish",
        "tm:rockslide",
        "tm:rocktomb",
        "tm:round",
        "tm:sandstorm",
        "tm:scaryface",
        "tm:shadowball",
        "tm:sleeptalk",
        "tm:sludgebomb",
        "tm:sludgewave",
        "tm:snarl",
        "tm:stoneedge",
        "tm:substitute",
        "tm:sunnyday",
        "tm:swagger",
        "tm:swift",
        "tm:takedown",
        "tm:taunt",
        "tm:terablast",
        "tm:thief",
        "tm:thunder",
        "tm:thunderbolt",
        "tm:thunderpunch",
        "tm:torment",
        "tm:toxic",
        "tm:venoshock",
        "tm:zenheadbutt",
        "tutor:acidarmor",
        "tutor:bite",
        "tutor:block",
        "tutor:brickbreak",
        "tutor:crunch",
        "tutor:darkpulse",
        "tutor:dig",
        "tutor:disable",
        "tutor:facade",
        "tutor:fireblast",
        "tutor:firepunch",
        "tutor:flamethrower",
        "tutor:focuspunch",
        "tutor:foulplay",
        "tutor:gastroacid",
        "tutor:gigadrain",
        "tutor:gunkshot",
        "tutor:harden",
        "tutor:haze",
        "tutor:headbutt",
        "tutor:helpinghand",
        "tutor:hyperbeam",
        "tutor:icepunch",
        "tutor:knockoff",
        "tutor:megadrain",
        "tutor:minimize",
        "tutor:moonblast",
        "tutor:painsplit",
        "tutor:poisongas",
        "tutor:poisonjab",
        "tutor:pound",
        "tutor:protect",
        "tutor:recycle",
        "tutor:rest",
        "tutor:rockslide",
        "tutor:screech",
        "tutor:selfdestruct",
        "tutor:shadowball",
        "tutor:shockwave",
        "tutor:sludgebomb",
        "tutor:snore",
        "tutor:spite",
        "tutor:substitute",
        "tutor:taunt",
        "tutor:thunderpunch",
        "tutor:toxic"
      ],
      "labels": [
        "gen7",
        "alola_regional"
      ],
      "aspects": [
        "alolan"
      ],
      "height": 10,
      "weight": 520,
      "preEvolution": "grimer form=alola",
      "evolutions": [],
      "cannotDynamax": false,
      "battleOnly": false
    }
  ],
  "baseExperienceYield": 175,
  "experienceGroup": "medium_fast",
  "eggCycles": 20,
  "eggGroups": [
    "amorphous"
  ],
  "behaviour": {
    "moving": {
      "swim": {
        "canWalkOnWater": true
      }
    }
  },
  "drops": {
    "amount": 3,
    "entries": [
      {
        "item": "minecraft:slime_ball",
        "quantityRange": "0-2"
      },
      {
        "item": "cobblemon:black_sludge",
        "percentage": 5.0
      }
    ]
  },
  "moves": [
    "1:harden",
    "1:mudslap",
    "1:poisongas",
    "1:pound",
    "1:venomdrench",
    "12:disable",
    "15:sludge",
    "18:mudbomb",
    "18:mudshot",
    "21:minimize",
    "26:fling",
    "26:toxic",
    "29:sludgebomb",
    "32:sludgewave",
    "37:screech",
    "40:gunkshot",
    "46:acidarmor",
    "52:belch",
    "57:memento",
    "tm:acidspray",
    "tm:attract",
    "tm:bodyslam",
    "tm:brickbreak",
    "tm:captivate",
    "tm:confide",
    "tm:confuseray",
    "tm:darkpulse",
    "tm:dig",
    "tm:doubleteam",
    "tm:drainpunch",
    "tm:endure",
    "tm:explosion",
    "tm:facade",
    "tm:fireblast",
    "tm:firepunch",
    "tm:flamethrower",
    "tm:fling",
    "tm:focusblast",
    "tm:focuspunch",
    "tm:frustration",
    "tm:gigadrain",
    "tm:gigaimpact",
    "tm:gunkshot",
    "tm:helpinghand",
    "tm:hex",
    "tm:hiddenpower",
    "tm:hyperbeam",
    "tm:icepunch",
    "tm:imprison",
    "tm:incinerate",
    "tm:infestation",
    "tm:metronome",
    "tm:mudshot",
    "tm:mudslap",
    "tm:naturalgift",
    "tm:payback",
    "tm:poisonjab",
    "tm:poweruppunch",
    "tm:protect",
    "tm:raindance",
    "tm:rest",
    "tm:return",
    "tm:rockslide",
    "tm:rocksmash",
    "tm:rocktomb",
    "tm:round",
    "tm:sandstorm",
    "tm:scaryface",
    "tm:secretpower",
    "tm:shadowball",
    "tm:shockwave",
    "tm:sleeptalk",
    "tm:sludgebomb",
    "tm:sludgewave",
    "tm:strength",
    "tm:substitute",
    "tm:sunnyday",
    "tm:swagger",
    "tm:swift",
    "tm:takedown",
    "tm:taunt",
    "tm:terablast",
    "tm:thief",
    "tm:thunder",
    "tm:thunderbolt",
    "tm:thunderpunch",
    "tm:torment",
    "tm:toxic",
    "tm:toxicspikes",
    "tm:venoshock",
    "tm:zenheadbutt",
    "tutor:acidarmor",
    "tutor:attract",
    "tutor:bide",
    "tutor:block",
    "tutor:bodyslam",
    "tutor:brickbreak",
    "tutor:curse",
    "tutor:darkpulse",
    "tutor:dig",
    "tutor:disable",
    "tutor:doubleteam",
    "tutor:dynamicpunch",
    "tutor:endure",
    "tutor:explosion",
    "tutor:facade",
    "tutor:fireblast",
    "tutor:firepunch",
    "tutor:flamethrower",
    "tutor:focuspunch",
    "tutor:frustration",
    "tutor:gigadrain",
    "tutor:gunkshot",
    "tutor:harden",
    "tutor:haze",
    "tutor:headbutt",
    "tutor:helpinghand",
    "tutor:hiddenpower",
    "tutor:hyperbeam",
    "tutor:icepunch",
    "tutor:megadrain",
    "tutor:mimic",
    "tutor:minimize",
    "tutor:moonblast",
    "tutor:mudslap",
    "tutor:painsplit",
    "tutor:poisongas",
    "tutor:poisonjab",
    "tutor:pound",
    "tutor:protect",
    "tutor:rage",
    "tutor:rest",
    "tutor:return",
    "tutor:rockslide",
    "tutor:screech",
    "tutor:selfdestruct",
    "tutor:shadowball",
    "tutor:shockwave",
    "tutor:sleeptalk",
    "tutor:sludge",
    "tutor:sludgebomb",
    "tutor:snore",
    "tutor:substitute",
    "tutor:sunnyday",
    "tutor:swagger",
    "tutor:taunt",
    "tutor:thief",
    "tutor:thunder",
    "tutor:thunderbolt",
    "tutor:thunderpunch",
    "tutor:toxic",
    "tutor:zapcannon"
  ],
  "labels": [
    "gen1",
    "kanto_regional"
  ],
  "pokedex": [
    "cobblemon.species.muk.desc"
  ],
  "preEvolution": "grimer",
  "evolutions": [],
  "baseScale": 1.4,
  "hitbox": {
    "width": 1.4,
    "height": 1,
    "fixed": false
  },
  "baseFriendship": 70,
  "evYield": {
    "hp": 1,
    "attack": 1,
    "defence": 0,
    "special_attack": 0,
    "special_defence": 0,
    "speed": 0
  },
  "height": 12,
  "weight": 300,
  "aspects": [],
  "cannotDynamax": false
}