{
  "implemented": true,
  "name": "Zapdos",
  "nationalPokedexNumber": 145,
  "primaryType": "electric",
  "secondaryType": "flying",
  "abilities": [
    "pressure",
    "h:static"
  ],
  "drops": {
    "amount": 6,
    "entries": [
      {
        "item": "minecraft:feather",
        "quantityRange": "2-4"
      },
      {
        "item": "minecraft:chicken"
      },
      {
        "item": "cobblemon:magnet"
      }
    ]
  },
  "baseStats": {
    "hp": 90,
    "attack": 90,
    "defence": 85,
    "special_attack": 125,
    "special_defence": 90,
    "speed": 100
  },
  "features": [
    "galarian"
  ],
  "catchRate": 3,
  "maleRatio": -1,
  "shoulderMountable": false,
  "forms": [
    {
      "name": "Galar",
      "primaryType": "fighting",
      "secondaryType": "flying",
      "abilities": [
        "defiant"
      ],
      "baseStats": {
        "hp": 90,
        "attack": 125,
        "defence": 90,
        "special_attack": 85,
        "special_defence": 90,
        "speed": 100
      },
      "catchRate": 3,
      "maleRatio": -1,
      "baseExperienceYield": 290,
      "baseFriendship": 35,
      "evYield": {
        "hp": 0,
        "attack": 3,
        "defence": 0,
        "special_attack": 0,
        "special_defence": 0,
        "speed": 0
      },
      "experienceGroup": "slow",
      "eggCycles": 80,
      "eggGroups": [
        "undiscovered"
      ],
      "moves": [
        "1:focusenergy",
        "1:peck",
        "5:rocksmash",
        "10:lightscreen",
        "15:pluck",
        "20:agility",
        "25:ancientpower",
        "30:brickbreak",
        "35:drillpeck",
        "40:quickguard",
        "45:thunderouskick",
        "50:bulkup",
        "55:counter",
        "60:detect",
        "65:closecombat",
        "70:reversal",
        "tm:acrobatics",
        "tm:aerialace",
        "tm:agility",
        "tm:assurance",
        "tm:blazekick",
        "tm:bounce",
        "tm:bravebird",
        "tm:brickbreak",
        "tm:bulkup",
        "tm:closecombat",
        "tm:endure",
        "tm:facade",
        "tm:fly",
        "tm:focusenergy",
        "tm:gigaimpact",
        "tm:helpinghand",
        "tm:hurricane",
        "tm:hyperbeam",
        "tm:lightscreen",
        "tm:lowkick",
        "tm:lowsweep",
        "tm:megakick",
        "tm:payback",
        "tm:protect",
        "tm:raindance",
        "tm:rest",
        "tm:retaliate",
        "tm:revenge",
        "tm:reversal",
        "tm:round",
        "tm:sandstorm",
        "tm:scaryface",
        "tm:screech",
        "tm:sleeptalk",
        "tm:snore",
        "tm:steelwing",
        "tm:stompingtantrum",
        "tm:substitute",
        "tm:sunnyday",
        "tm:superpower",
        "tm:swift",
        "tm:tailwind",
        "tm:takedown",
        "tm:taunt",
        "tm:terablast",
        "tm:throatchop",
        "tm:trailblaze",
        "tm:uturn",
        "tutor:coaching",
        "tutor:drillpeck",
        "tutor:dualwingbeat",
        "tutor:focusenergy",
        "tutor:reversal",
        "tutor:thunderouskick"
      ],
      "labels": [
        "gen8",
        "legendary",
        "galar_regional"
      ],
      "aspects": [
        "galarian"
      ],
      "height": 16,
      "weight": 582,
      "evolutions": [],
      "cannotDynamax": false,
      "battleOnly": false,
      "drops": {
        "amount": 6,
        "entries": [
          {
            "item": "minecraft:feather",
            "quantityRange": "2-4"
          },
          {
            "item": "minecraft:chicken"
          },
          {
            "item": "cobblemon:razor_claw"
          }
        ]
      }
    }
  ],
  "baseExperienceYield": 290,
  "experienceGroup": "slow",
  "eggCycles": 80,
  "eggGroups": [
    "undiscovered"
  ],
  "behaviour": {
    "moving": {
      "fly": {
        "canFly": true
      }
    }
  },
  "moves": [
    "1:peck",
    "1:thunderwave",
    "5:thundershock",
    "10:lightscreen",
    "15:pluck",
    "20:agility",
    "25:ancientpower",
    "30:charge",
    "35:drillpeck",
    "40:roost",
    "45:discharge",
    "50:raindance",
    "55:thunder",
    "60:detect",
    "65:magneticflux",
    "70:zapcannon",
    "tm:acrobatics",
    "tm:aerialace",
    "tm:agility",
    "tm:aircutter",
    "tm:batonpass",
    "tm:bravebird",
    "tm:chargebeam",
    "tm:confide",
    "tm:defog",
    "tm:doubleteam",
    "tm:eerieimpulse",
    "tm:electricterrain",
    "tm:electroball",
    "tm:endure",
    "tm:facade",
    "tm:flash",
    "tm:fly",
    "tm:frustration",
    "tm:gigaimpact",
    "tm:hail",
    "tm:heatwave",
    "tm:helpinghand",
    "tm:hiddenpower",
    "tm:hurricane",
    "tm:hyperbeam",
    "tm:lightscreen",
    "tm:naturalgift",
    "tm:pluck",
    "tm:protect",
    "tm:raindance",
    "tm:rest",
    "tm:return",
    "tm:roar",
    "tm:rocksmash",
    "tm:roost",
    "tm:round",
    "tm:sandstorm",
    "tm:secretpower",
    "tm:shockwave",
    "tm:skydrop",
    "tm:sleeptalk",
    "tm:snore",
    "tm:steelwing",
    "tm:substitute",
    "tm:sunnyday",
    "tm:swagger",
    "tm:swift",
    "tm:tailwind",
    "tm:takedown",
    "tm:terablast",
    "tm:thunder",
    "tm:thunderbolt",
    "tm:thunderwave",
    "tm:toxic",
    "tm:uturn",
    "tm:voltswitch",
    "tm:weatherball",
    "tm:wildcharge",
    "tutor:agility",
    "tutor:aircutter",
    "tutor:ancientpower",
    "tutor:batonpass",
    "tutor:bide",
    "tutor:bravebird",
    "tutor:charge",
    "tutor:curse",
    "tutor:defog",
    "tutor:detect",
    "tutor:discharge",
    "tutor:doubleedge",
    "tutor:doubleteam",
    "tutor:drillpeck",
    "tutor:dualwingbeat",
    "tutor:endure",
    "tutor:extrasensory",
    "tutor:facade",
    "tutor:flash",
    "tutor:fly",
    "tutor:frustration",
    "tutor:headbutt",
    "tutor:heatwave",
    "tutor:hiddenpower",
    "tutor:hyperbeam",
    "tutor:laserfocus",
    "tutor:leer",
    "tutor:lightscreen",
    "tutor:metalsound",
    "tutor:mimic",
    "tutor:mudslap",
    "tutor:ominouswind",
    "tutor:peck",
    "tutor:pluck",
    "tutor:protect",
    "tutor:rage",
    "tutor:raindance",
    "tutor:razorwind",
    "tutor:reflect",
    "tutor:rest",
    "tutor:return",
    "tutor:risingvoltage",
    "tutor:roar",
    "tutor:rocksmash",
    "tutor:roost",
    "tutor:sandstorm",
    "tutor:shockwave",
    "tutor:signalbeam",
    "tutor:skyattack",
    "tutor:sleeptalk",
    "tutor:snore",
    "tutor:steelwing",
    "tutor:substitute",
    "tutor:sunnyday",
    "tutor:swagger",
    "tutor:swift",
    "tutor:tailwind",
    "tutor:takedown",
    "tutor:thunder",
    "tutor:thunderbolt",
    "tutor:thundershock",
    "tutor:thunderwave",
    "tutor:toxic",
    "tutor:twister",
    "tutor:uturn",
    "tutor:whirlwind",
    "tutor:zapcannon"
  ],
  "labels": [
    "gen1",
    "legendary",
    "kanto_regional"
  ],
  "pokedex": [
    "cobblemon.species.zapdos.desc"
  ],
  "evolutions": [],
  "baseScale": 1,
  "hitbox": {
    "width": 1.2,
    "height": 1.6,
    "fixed": false
  },
  "baseFriendship": 35,
  "evYield": {
    "hp": 0,
    "attack": 0,
    "defence": 0,
    "special_attack": 3,
    "special_defence": 0,
    "speed": 0
  },
  "height": 16,
  "weight": 526,
  "aspects": [],
  "cannotDynamax": false
}