{
	"format_version": "1.8.0",
	"animations": {
		"animation.aromatisse.blink": {
			"loop": true
		},
		"animation.aromatisse.ground_idle": {
			"loop": true,
			"animation_length": 1.16667,
			"bones": {
				"body": {
					"rotation": {
						"0.0": [2.5, 0, 0],
						"0.5833": [0, 0, 0],
						"1.1667": [2.5, 0, 0]
					}
				},
				"head": {
					"rotation": {
						"0.0": [5, 0, 0],
						"0.5833": [0, 0, 0],
						"1.1667": [5, 0, 0]
					}
				},
				"armright": {
					"rotation": {
						"0.0": [0, 2.5, 0],
						"0.5833": [0, 0, 0],
						"1.1667": [0, 2.5, 0]
					}
				},
				"armleft": {
					"rotation": {
						"0.0": [-2.5, 0, 0],
						"0.5833": [0, 0, 0],
						"1.1667": [-2.5, 0, 0]
					}
				}
			}
		},
		"animation.aromatisse.ground_walk": {
			"loop": true,
			"animation_length": 1.08333,
			"bones": {
				"body": {
					"rotation": {
						"0.0": [5, 0, 0],
						"0.5417": [0, 0, 0],
						"1.0833": [5, 0, 0]
					}
				},
				"legs": {
					"rotation": {
						"0.0": [7.5, 0, 0],
						"0.5417": [-5, 0, 0],
						"1.0833": [7.5, 0, 0]
					}
				},
				"head": {
					"rotation": {
						"0.0": [7.5, 0, 0],
						"0.5417": [0, 0, 0],
						"1.0833": [7.5, 0, 0]
					}
				},
				"armright": {
					"position": {
						"0.0": [0, -1, -1],
						"0.5417": [0, 0, 0],
						"1.0833": [0, -1, -1]
					}
				},
				"armleft": {
					"rotation": {
						"0.0": [2.5, 0, 0],
						"0.5417": [0, 0, 0],
						"1.0833": [2.5, 0, 0]
					}
				}
			}
		}
	}
}