{
	"format_version": "1.8.0",
	"animations": {
		"animation.binacle.ground_idle": {
			"loop": true,
			"animation_length": 5.5303,
			"bones": {
				"body": {
					"rotation": {
						"0.0": [2.5, 0, 0],
						"2.803": [0, 0, 0],
						"5.4545": [2.5, 0, 0]
					}
				},
				"righthand": {
					"rotation": {
						"0.0": [0, 0, 5],
						"2.803": [0, 0, -7.5],
						"5.4545": [0, 0, 5]
					}
				},
				"lefthand": {
					"rotation": {
						"0.0": [0, 0, 5],
						"2.803": [0, 10, -7.5],
						"5.4545": [0, 0, 5]
					}
				}
			}
		},
		"animation.binacle.ground_walk": {
			"loop": true,
			"animation_length": 6.6123,
			"bones": {
				"binacle": {
					"rotation": {
						"0.0": [5, 0, 0],
						"3.3514": [-2.5, 0, 0],
						"6.5217": [5, 0, 0]
					}
				},
				"body": {
					"rotation": {
						"0.0": [5, 0, 0],
						"3.3514": [-5, 0, 0],
						"6.5217": [5, 0, 0]
					}
				},
				"righthand": {
					"rotation": {
						"0.0": [7.5, 0, 0],
						"3.3514": [-25, 0, 0],
						"6.5217": [7.5, 0, 0]
					}
				},
				"lefthand": {
					"rotation": {
						"0.0": [-12.5, 0, 0],
						"3.3514": [12.5, 0, 0],
						"6.5217": [-12.5, 0, 0]
					}
				}
			}
		},
		"animation.binacle.blink": {
			"loop": true
		}
	}
}