{
	"format_version": "1.8.0",
	"animations": {
		"animation.grumpig.ground_idle": {
			"loop": true,
			"animation_length": 2.4932,
			"bones": {
				"body": {
					"rotation": {
						"0.0": [0, 0, 0],
						"1.2637": [2.5, 0, 0],
						"2.459": [0, 0, 0]
					}
				},
				"tails": {
					"rotation": {
						"0.0": [0, -10, 0],
						"1.2637": [-10, -10, 0],
						"2.459": [0, -10, 0]
					},
					"position": {
						"0.0": [0, 0, 3],
						"1.2637": [0, 0, 2],
						"2.459": [0, 0, 3]
					}
				},
				"right_arm": {
					"rotation": {
						"0.0": [0, 0, 75],
						"1.2637": [0, 5, 75],
						"2.459": [0, 0, 75]
					},
					"position": {
						"0.0": [-10, 16, 0],
						"2.459": [-10, 16, 0]
					}
				},
				"left_arm": {
					"rotation": {
						"0.0": [0, 0, -77.5],
						"1.2637": [0, -7.5, -77.5],
						"2.459": [0, 0, -77.5]
					},
					"position": {
						"0.0": [10, 17, 0],
						"2.459": [10, 17, 0]
					}
				},
				"head": {
					"rotation": {
						"0.0": [-2.5, 0, 0],
						"1.2637": [0, 0, 0],
						"2.459": [-2.5, 0, 0]
					}
				}
			}
		},
		"animation.grumpig.ground_walk": {
			"loop": true,
			"animation_length": 1.9751,
			"bones": {
				"body": {
					"rotation": {
						"0.0": [0, 0, 0],
						"1.0011": [2.5, 0, 0],
						"1.9481": [0, 0, 0]
					}
				},
				"tails": {
					"rotation": {
						"0.0": [0, -10, 0],
						"1.0011": [-10, -10, 0],
						"1.9481": [0, -10, 0]
					},
					"position": {
						"0.0": [0, 0, 3],
						"1.0011": [0, 0, 2],
						"1.9481": [0, 0, 3]
					}
				},
				"right_arm": {
					"rotation": {
						"0.0": [0, 0, 75],
						"1.0011": [0, 5, 75],
						"1.9481": [0, 0, 75]
					},
					"position": {
						"0.0": [-10, 16, 0],
						"1.9481": [-10, 16, 0]
					}
				},
				"left_arm": {
					"rotation": {
						"0.0": [0, 0, -77.5],
						"1.0011": [0, -7.5, -77.5],
						"1.9481": [0, 0, -77.5]
					},
					"position": {
						"0.0": [10, 17, 0],
						"1.9481": [10, 17, 0]
					}
				},
				"head": {
					"rotation": {
						"0.0": [-2.5, 0, 0],
						"1.0011": [0, 0, 0],
						"1.9481": [-2.5, 0, 0]
					}
				},
				"grumpig": {
					"rotation": {
						"0.0": [5, 0, 0],
						"1.0011": [0, 0, 0],
						"1.9481": [5, 0, 0]
					}
				},
				"left_leg": {
					"rotation": {
						"0.0": [-7.5, 0, 0],
						"1.0011": [12.5, 0, 0],
						"1.9481": [-7.5, 0, 0]
					}
				},
				"right_leg": {
					"rotation": {
						"0.0": [10, 0, 0],
						"1.0011": [-5, 0, 0],
						"1.9481": [10, 0, 0]
					}
				}
			}
		},
		"animation.grumpig.blink": {
			"loop": true
		}
	}
}