{
	"format_version": "1.8.0",
	"animations": {
		"animation.ironjugulis.ground_idle": {
			"loop": true,
			"animation_length": 2.58333,
			"bones": {
				"body": {
					"rotation": {
						"0.0": [32.5, 0, 0],
						"1.0": [37.5, 0, 0],
						"2.5417": [32.5, 0, 0]
					},
					"position": {
						"0.0": [0, 12, 2],
						"1.0": [0, 11, 2],
						"2.5417": [0, 12, 2]
					}
				},
				"arm_left": {
					"rotation": [-21.76583, -1.03023, 24.37258]
				},
				"arm_left2": {
					"rotation": [-7.2592, 84.87405, -22.21684]
				},
				"tail": {
					"rotation": {
						"0.0": [-17.5, 0, 0],
						"1.0": [17.5, 0, 0],
						"2.5417": [-17.5, 0, 0]
					}
				},
				"tail2": {
					"rotation": [-12.5, 0, 0]
				},
				"tail3": {
					"rotation": [22.5, 0, 0]
				},
				"tail4": {
					"rotation": [22.5, 0, 0]
				},
				"leg_left": {
					"rotation": [-24.75386, -5.29571, -5.31847]
				},
				"leg_right": {
					"rotation": [-24.75386, 5.29571, 5.31847]
				},
				"arm_right": {
					"rotation": [-14.50305, -13.03018, -18.48439]
				},
				"arm_right2": {
					"rotation": [-13.03635, -71.92693, 16.3083]
				},
				"head_rotation": {
					"rotation": [-12.5, 0, 0]
				},
				"jaw": {
					"rotation": [20, 0, 0]
				},
				"lower_hand_left": {
					"rotation": [0, 0, 10]
				},
				"lower_hand_right": {
					"rotation": [0, 0, -10]
				},
				"leg_left2": {
					"rotation": [5, 0, 0]
				},
				"leg_right2": {
					"rotation": [5, 0, 0]
				},
				"head_fur_top": {
					"rotation": [5, 0, 0]
				},
				"head_fur_top2": {
					"rotation": [7.5, 0, 0]
				},
				"head_fur_top_left2": {
					"rotation": [7.5, 0, 0]
				},
				"head_fur_top_right2": {
					"rotation": [7.5, 0, 0]
				},
				"head_fur_bottom": {
					"rotation": [40, 0, 0]
				},
				"wing_top_left": {
					"rotation": [0, 7.5, 0]
				},
				"wing_top_left2": {
					"rotation": [0, 27.5, 0]
				},
				"wing_top_left3": {
					"rotation": [0, 40, 0]
				},
				"wing_top_left4": {
					"rotation": [0, 37.5, 0]
				},
				"wing_middle_left2": {
					"rotation": [0, 20, 0]
				},
				"wing_middle_left3": {
					"rotation": [0, 40, 0]
				},
				"wing_middle_left4": {
					"rotation": [0, 20, 0]
				},
				"wing_bototm_left": {
					"rotation": [0, -7.5, 0]
				},
				"wing_bototm_left2": {
					"rotation": [0, 25, 0]
				},
				"wing_bototm_left3": {
					"rotation": [0, 25, 0]
				},
				"wing_bototm_left4": {
					"rotation": [0, 22.5, 0]
				},
				"wing_top_right": {
					"rotation": [0, -7.5, 0]
				},
				"wing_top_right2": {
					"rotation": [0, -27.5, 0]
				},
				"wing_top_right3": {
					"rotation": [0, -35, 0]
				},
				"wing_top_right4": {
					"rotation": [0, -37.5, 0]
				},
				"wing_middle_right2": {
					"rotation": [0, -20, 0]
				},
				"wing_middle_right3": {
					"rotation": [0, -40, 0]
				},
				"wing_middle_right4": {
					"rotation": [0, -20, 0]
				},
				"wing_bototm_right": {
					"rotation": [0, 7.5, 0]
				},
				"wing_bototm_right2": {
					"rotation": [0, -25, 0]
				},
				"wing_bototm_right3": {
					"rotation": [0, -25, 0]
				},
				"wing_bototm_right4": {
					"rotation": [0, -22.5, 0]
				},
				"wing_bottom_left": {
					"rotation": [0, -5, 0]
				},
				"wing_bottom_left2": {
					"rotation": [0, 2.5, 0]
				},
				"wing_bottom_left3": {
					"rotation": [0, 7.5, 0]
				},
				"wing_bottom_left4": {
					"rotation": [0, 7.5, 0]
				},
				"wing_bottom_right": {
					"rotation": [0, 5, 0]
				},
				"wing_bottom_right2": {
					"rotation": [0, -2.5, 0]
				},
				"wing_bottom_right3": {
					"rotation": [0, -7.5, 0]
				},
				"wing_bottom_right4": {
					"rotation": [0, -7.5, 0]
				},
				"wings": {
					"rotation": {
						"0.0": [20, 0, 0],
						"1.0": [0, 0, 0],
						"2.5417": [20, 0, 0]
					}
				},
				"head": {
					"rotation": {
						"0.0": [2.5, 0, -2.5],
						"1.0": [-2.5, 0, -2.5],
						"2.5417": [2.5, 0, -2.5]
					}
				},
				"legs": {
					"rotation": {
						"0.0": [-5, 0, 0],
						"1.0": [2.5, 0, 0],
						"2.5417": [-5, 0, 0]
					}
				}
			}
		},
		"animation.ironjugulis.ground_walk": {
			"loop": true,
			"animation_length": 2.58333,
			"bones": {
				"body": {
					"rotation": [57.5, 0, 0],
					"position": [0, 10, 0]
				},
				"arm_left": {
					"rotation": [-42.54899, 21.9027, 6.32905]
				},
				"arm_left2": {
					"rotation": [-30.808, 78.8418, -30.94683]
				},
				"tail": {
					"rotation": {
						"0.0": [-12.5, 0, 0],
						"1.0": [-5, 0, 0],
						"2.5417": [-12.5, 0, 0]
					}
				},
				"tail2": {
					"rotation": [12.5, 0, 0]
				},
				"tail3": {
					"rotation": [22.5, 0, 0]
				},
				"tail4": {
					"rotation": [22.5, 0, 0]
				},
				"leg_left": {
					"rotation": [-7.25386, -5.29571, -5.31847]
				},
				"leg_right": {
					"rotation": [-7.25386, 5.29571, 5.31847]
				},
				"arm_right": {
					"rotation": [-42.54899, -21.9027, -6.32905]
				},
				"arm_right2": {
					"rotation": [-30.808, -78.8418, 30.94683]
				},
				"head_rotation": {
					"rotation": [-7.5, 0, 0]
				},
				"jaw": {
					"rotation": {
						"0.0": [2.5, 0, 0],
						"1.0": [7.5, 0, 0],
						"2.5417": [2.5, 0, 0]
					}
				},
				"lower_hand_left": {
					"rotation": [0, 0, 20]
				},
				"lower_hand_right": {
					"rotation": [0, 0, -20]
				},
				"leg_left2": {
					"rotation": [5, 0, 0]
				},
				"leg_right2": {
					"rotation": [5, 0, 0]
				},
				"head_fur_top": {
					"rotation": [10, 0, 0]
				},
				"head_fur_top2": {
					"rotation": [7.5, 0, 0]
				},
				"head_fur_top_left2": {
					"rotation": [7.5, 0, 0]
				},
				"head_fur_top_right2": {
					"rotation": [7.5, 0, 0]
				},
				"head_fur_bottom": {
					"rotation": [40, 0, 0]
				},
				"wing_top_left": {
					"rotation": [0, -12.5, 0]
				},
				"wing_top_left2": {
					"rotation": [0, 17.5, 0]
				},
				"wing_top_left3": {
					"rotation": [0, 10, 0]
				},
				"wing_top_left4": {
					"rotation": [0, 7.5, 0]
				},
				"wing_middle_left2": {
					"rotation": [0, 27.5, 0]
				},
				"wing_middle_left3": {
					"rotation": [0, 40, 0]
				},
				"wing_middle_left4": {
					"rotation": [0, 35, 0]
				},
				"wing_bototm_left": {
					"rotation": [0, -7.5, 0]
				},
				"wing_bototm_left2": {
					"rotation": [0, 25, 0]
				},
				"wing_bototm_left3": {
					"rotation": [0, 25, 0]
				},
				"wing_bototm_left4": {
					"rotation": [0, 22.5, 0]
				},
				"wing_top_right": {
					"rotation": [0, 12.5, 0]
				},
				"wing_top_right2": {
					"rotation": [0, -17.5, 0]
				},
				"wing_top_right3": {
					"rotation": [0, -10, 0]
				},
				"wing_top_right4": {
					"rotation": [0, -7.5, 0]
				},
				"wing_middle_right2": {
					"rotation": [0, -27.5, 0]
				},
				"wing_middle_right3": {
					"rotation": [0, -40, 0]
				},
				"wing_middle_right4": {
					"rotation": [0, -35, 0]
				},
				"wing_bototm_right": {
					"rotation": [0, 7.5, 0]
				},
				"wing_bototm_right2": {
					"rotation": [0, -25, 0]
				},
				"wing_bototm_right3": {
					"rotation": [0, -25, 0]
				},
				"wing_bototm_right4": {
					"rotation": [0, -22.5, 0]
				},
				"wing_bottom_left": {
					"rotation": [0, 0, 0]
				},
				"wing_bottom_left2": {
					"rotation": [0, 20, 0]
				},
				"wing_bottom_left3": {
					"rotation": [0, 25, 0]
				},
				"wing_bottom_left4": {
					"rotation": [0, 27.5, 0]
				},
				"wing_bottom_right": {
					"rotation": [0, 0, 0]
				},
				"wing_bottom_right2": {
					"rotation": [0, -20, 0]
				},
				"wing_bottom_right3": {
					"rotation": [0, -25, 0]
				},
				"wing_bottom_right4": {
					"rotation": [0, -27.5, 0]
				},
				"wing_middle_left": {
					"rotation": [0, -10, 0]
				},
				"wing_middle_right": {
					"rotation": [0, 10, 0]
				},
				"wrist_left": {
					"rotation": [0, 7.5, -10]
				},
				"wrist_right": {
					"rotation": [0, -7.5, 10]
				},
				"neck": {
					"rotation": [-15, 0, 0]
				},
				"neck2": {
					"rotation": [-12.5, 0, 0]
				},
				"neck3": {
					"rotation": [-5, 0, 0]
				},
				"head_fur_left": {
					"rotation": [0, 0, -2.5]
				},
				"head_fur_top_left": {
					"rotation": [7.5, 0, 0]
				},
				"head_fur_right1": {
					"rotation": [0, 0, 2.5]
				},
				"head_fur_top_right": {
					"rotation": [7.5, 0, 0]
				},
				"tail5": {
					"rotation": [12.5, 0, 0]
				},
				"torso": {
					"rotation": {
						"0.0": [2.5, 0, 0],
						"1.0": [0, 0, 0],
						"2.5417": [2.5, 0, 0]
					},
					"position": {
						"0.0": [0, 0, 0],
						"1.0": [0, 1, 1],
						"2.5417": [0, 0, 0]
					}
				},
				"wings": {
					"rotation": {
						"0.0": [5, 0, 0],
						"1.0": [-5, 0, 0],
						"2.5417": [5, 0, 0]
					}
				},
				"arms": {
					"rotation": {
						"0.0": [2.5, 0, 0],
						"1.0": [7.5, 0, 0],
						"2.5417": [2.5, 0, 0]
					}
				},
				"legs": {
					"rotation": {
						"0.0": [-22.5, 0, 0],
						"1.0": [-7.5, 0, 0],
						"2.5417": [-22.5, 0, 0]
					}
				}
			}
		},
		"animation.ironjugulis.blink": {
			"animation_length": 0.1667,
			"bones": {
				"eyelid_left": {
					"position": {
						"0.0": [0.1, 0, 0],
						"0.125": [0.1, 0, 0],
						"0.1667": [0, 0, 0]
					}
				},
				"eyelid_right": {
					"position": {
						"0.0": [-0.1, 0, 0],
						"0.125": [-0.1, 0, 0],
						"0.1667": [0, 0, 0]
					}
				},
				"pupil_left": {
					"position": {
						"0.0": [-0.1, 0, 0],
						"0.125": [-0.1, 0, 0],
						"0.1667": [0, 0, 0]
					}
				},
				"pupil_right": {
					"position": {
						"0.0": [0.1, 0, 0],
						"0.125": [0.1, 0, 0],
						"0.1667": [0, 0, 0]
					}
				}
			}
		}
	}
}