{
	"format_version": "1.8.0",
	"animations": {
		"animation.spoink.blink": {
			"loop": true
		},
		"animation.spoink.ground_idle": {
			"loop": true,
			"animation_length": 1.1609,
			"bones": {
				"spoink": {
					"position": {
						"0.0": [0, 4, 0],
						"0.5884": [0, 0, 0],
						"1.145": [0, 4, 0]
					}
				},
				"springgroup1": {
					"rotation": {
						"0.0": [2.5, 0, 0],
						"0.5884": [-2.5, 0, 0],
						"1.145": [2.5, 0, 0]
					}
				},
				"springgroup2": {
					"rotation": {
						"0.0": [0, 0, -2.5],
						"0.5884": [5, 0, 2.5],
						"1.145": [0, 0, -2.5]
					}
				},
				"right_arm": {
					"rotation": {
						"0.0": [-72.5, 0, 0],
						"0.5884": [-77.5, 0, 0],
						"1.145": [-72.5, 0, 0]
					},
					"position": {
						"0.0": [0, 5, -1],
						"0.5884": [0, 4, -1],
						"1.145": [0, 5, -1]
					}
				},
				"left_arm": {
					"rotation": {
						"0.0": [72.5, 0, 0],
						"0.5884": [77.5, 0, 0],
						"1.145": [72.5, 0, 0]
					},
					"position": {
						"0.0": [0, 5, 1],
						"0.5884": [0, 4, 1],
						"1.145": [0, 5, 1]
					}
				},
				"torso": {
					"position": {
						"0.0": [0, 0, 0],
						"0.5884": [0, -1, 0],
						"1.145": [0, 0, 0]
					}
				},
				"body_extra": {
					"rotation": {
						"0.0": [0, 0, -2.5],
						"0.5884": [0, 0, 0],
						"1.145": [0, 0, -2.5]
					},
					"position": {
						"0.0": [0, 0, 0],
						"0.5884": [0, 0, 0],
						"1.145": [0, 0, 0]
					}
				},
				"pearl_extra": {
					"rotation": {
						"0.0": [0, 0, -5],
						"0.5884": [0, 0, 2.5],
						"1.145": [0, 0, -5]
					},
					"position": {
						"0.0": [0, 0, 0],
						"0.5884": [0, -1, 0],
						"1.145": [0, 0, 0]
					}
				}
			}
		},
		"animation.spoink.ground_walk": {
			"loop": true,
			"animation_length": 1.1609,
			"bones": {
				"spoink": {
					"position": {
						"0.0": [0, 4, -3],
						"0.5884": [0, 0, 0],
						"1.145": [0, 4, -3]
					}
				},
				"springgroup1": {
					"rotation": {
						"0.0": [2.5, 0, 0],
						"0.5884": [-2.5, 0, 0],
						"1.145": [2.5, 0, 0]
					}
				},
				"springgroup2": {
					"rotation": {
						"0.0": [0, 0, -2.5],
						"0.5884": [5, 0, 2.5],
						"1.145": [0, 0, -2.5]
					}
				},
				"right_arm": {
					"rotation": {
						"0.0": [-72.5, 0, 0],
						"0.5884": [-77.5, 0, 0],
						"1.145": [-72.5, 0, 0]
					},
					"position": {
						"0.0": [0, 5, -1],
						"0.5884": [0, 4, -1],
						"1.145": [0, 5, -1]
					}
				},
				"left_arm": {
					"rotation": {
						"0.0": [72.5, 0, 0],
						"0.5884": [77.5, 0, 0],
						"1.145": [72.5, 0, 0]
					},
					"position": {
						"0.0": [0, 5, 1],
						"0.5884": [0, 4, 1],
						"1.145": [0, 5, 1]
					}
				},
				"torso": {
					"position": {
						"0.0": [0, 0, 0],
						"0.5884": [0, -1, 0],
						"1.145": [0, 0, 0]
					}
				},
				"body_extra": {
					"rotation": {
						"0.0": [0, 0, -2.5],
						"0.5884": [0, 0, 0],
						"1.145": [0, 0, -2.5]
					},
					"position": {
						"0.0": [0, 0, 0],
						"0.5884": [0, 0, 0],
						"1.145": [0, 0, 0]
					}
				},
				"pearl_extra": {
					"rotation": {
						"0.0": [0, 0, -5],
						"0.5884": [0, 0, 2.5],
						"1.145": [0, 0, -5]
					},
					"position": {
						"0.0": [0, 0, 0],
						"0.5884": [0, -1, 0],
						"1.145": [0, 0, 0]
					}
				}
			}
		}
	}
}