{
	"format_version": "1.8.0",
	"animations": {
		"animation.throh.blink": {
			"loop": true
		},
		"animation.throh.ground_idle": {
			"loop": true,
			"animation_length": 3.0417,
			"bones": {
				"arm_left": {
					"rotation": {
						"0.0": [0, 2.5, -87.5],
						"1.5417": [0, 0, -87.5],
						"3.0": [0, 2.5, -87.5]
					},
					"position": {
						"0.0": [12, 26, 0],
						"3.0": [12, 26, 0]
					}
				},
				"arm_right": {
					"rotation": {
						"0.0": [-180, -177.5, -95],
						"1.5417": [-180, -180, -95],
						"3.0": [-180, -177.5, -95]
					},
					"position": {
						"0.0": [-12, 25, 0],
						"3.0": [-12, 25, 0]
					}
				},
				"head": {
					"rotation": {
						"0.0": [2.5, 0, 0],
						"1.5417": [-5, 0, 0],
						"3.0": [2.5, 0, 0]
					}
				},
				"torso": {
					"rotation": {
						"0.0": [2.5, 0, 0],
						"1.5417": [-2.5, 0, 0],
						"3.0": [2.5, 0, 0]
					}
				}
			}
		},
		"animation.throh.ground_walk": {
			"loop": true,
			"animation_length": 3.0417,
			"bones": {
				"arm_left": {
					"rotation": {
						"0.0": [0, 2.5, -87.5],
						"1.5417": [0, 0, -87.5],
						"3.0": [0, 2.5, -87.5]
					},
					"position": {
						"0.0": [12, 26, 0],
						"3.0": [12, 26, 0]
					}
				},
				"arm_right": {
					"rotation": {
						"0.0": [-180, -177.5, -95],
						"1.5417": [-180, -180, -95],
						"3.0": [-180, -177.5, -95]
					},
					"position": {
						"0.0": [-12, 25, 0],
						"3.0": [-12, 25, 0]
					}
				},
				"head": {
					"rotation": {
						"0.0": [2.5, 0, 0],
						"1.5417": [-5, 0, 0],
						"3.0": [2.5, 0, 0]
					}
				},
				"torso": {
					"rotation": {
						"0.0": [2.5, 0, 0],
						"1.5417": [-2.5, 0, 0],
						"3.0": [2.5, 0, 0]
					}
				},
				"leg_right": {
					"rotation": {
						"0.0": [12.5, 0, 0],
						"3.0": [12.5, 0, 0]
					},
					"position": {
						"0.0": [0, 0, 0],
						"1.5417": [0, 0, 3],
						"3.0": [0, 0, 0]
					}
				},
				"leg_left": {
					"rotation": {
						"0.0": [12.5, 0, 0],
						"3.0": [12.5, 0, 0]
					},
					"position": {
						"0.0": [0, 0, 3],
						"1.5417": [0, 0, 1],
						"3.0": [0, 0, 3]
					}
				},
				"throh": {
					"rotation": {
						"0.0": [-2.5, 0, 0],
						"1.5417": [-5, 0, 0],
						"3.0": [-2.5, 0, 0]
					}
				}
			}
		}
	}
}