{
    "implemented": true,
    "name": "Finizen",
    "nationalPokedexNumber": 963,
    "primaryType": "water",
    
    "abilities": [
        "waterveil"
        
        
    ],
    "baseStats": {
        "hp": 70,
        "attack": 45,
        "defence": 40,
        "special_attack": 45,
        "special_defence": 40,
        "speed": 75
    },
    "behaviour": {
        "resting": {
            "canSleep": true,
            "depth": "normal",
            "light": "0-4"
        },
        "moving": {
            "canLook": false,
            "walk": {
                "canWalk": true,
                "avoidsLand": true
            },
            "swim": {
                "swimSpeed": 0.3,
                "canSwimInWater": true,
                "canBreatheUnderwater": true
            }
        }
    },
    "catchRate": 150,
    "maleRatio": 0.5,
    "shoulderMountable": false,
    
    "baseExperienceYield": 63,
    "experienceGroup": "slow",
    "eggCycles": 40,
    "eggGroups": [
        "water_2",
        "field"
    ],
    
    "moves": [
        "1:supersonic",
        "1:watergun",
        "7:astonish",
        "10:focusenergy",
        "13:aquajet",
        "17:doublehit",
        "21:dive",
        "25:charm",
        "29:acrobatics",
        "34:encore",
        "39:aquatail",
        "44:mist",
        "50:hydropump"
    ],
    "labels": [
        "gen9"
    ],
    "pokedex": [
        "cobblemon.species.finizen.desc1",
        "cobblemon.species.finizen.desc2"
    ],
    "evolutions": [
        {
            "id": "finizen_palafin",
            "variant": "level_up",
            "result": "palafin",
            "consumeHeldItem": false,
            "learnableMoves": [],
            "requirements": [
                {
                    "variant": "level",
                    "minLevel": 38
                }
            ]
        }
    ],
    
    "baseScale": 1.0,
    "hitbox": {
        "width": 0.5,
        "height": 1.0,
        "fixed": false
    },
    "baseFriendship": 50,
    "evYield": {
        "hp": 0,
        "attack": 0,
        "defence": 0,
        "special_attack": 0,
        "special_defence": 0,
        "speed": 1
    },
    "height": 1,
    "weight": 1
}