{
    "implemented": true,
    "name": "Fluttermane",
    "nationalPokedexNumber": 987,
    "primaryType": "ghost",
    "secondaryType": "fairy",
    "abilities": [
        "protosynthesis"
        
        
    ],
    "baseStats": {
        "hp": 55,
        "attack": 55,
        "defence": 55,
        "special_attack": 135,
        "special_defence": 135,
        "speed": 135
    },
    "behaviour": {
        "resting": {
            "canSleep": true,
            "depth": "normal",
            "light": "4-15"
        },
        "moving": {
            "canLook": false,
            "walk": {
                "canWalk": false,
                "avoidsLand": false
            },
            "swim": {
                "swimSpeed": 0.1,
                "canSwimInWater": false,
                "canBreatheUnderwater": false
            },
			"fly": {
			"canFly": true
			}
        }
    },
    "catchRate": 20,
    "maleRatio": -1,
    "shoulderMountable": false,
    
    "baseExperienceYield": 285,
    "experienceGroup": "slow",
    "eggCycles": 50,
    "eggGroups": [
        "undiscovered"
        
    ],
    
    "moves": [
        "1:astonish",
        "1:confuseray",
        "1:spite",
        "7:psybeam",
        "14:meanlook",
        "21:memento",
        "28:wish",
        "35:dazzlinggleam",
        "42:shadowball",
        "49:mysticalfire",
        "56:powergem",
        "63:psyshock",
        "70:phantomforce",
        "77:painsplit",
        "84:moonblast",
        "91:perishsong"
    ],
    "labels": [
        "gen9"
    ],
    "pokedex": [
        "cobblemon.species.fluttermane.desc1",
        "cobblemon.species.fluttermane.desc2"
    ],
    
    
    "baseScale": 1.0,
    "hitbox": {
        "width": 0.5,
        "height": 1.0,
        "fixed": false
    },
    "baseFriendship": 50,
    "evYield": {
        "hp": 0,
        "attack": 0,
        "defence": 0,
        "special_attack": 1,
        "special_defence": 0,
        "speed": 0
    },
    "height": 1,
    "weight": 1
}