{
  "species": "cobblemon:aromatisse",
  "order": 0,
  "variations": [
    {
      "aspects": [],
      "poser": "cobblemon:aromatisse",
      "model": "cobblemon:aromatisse.geo",
      "texture": "cobblemon:textures/pokemon/aromatisse/aromatisse.png",
      "layers": []
    },
    {
      "aspects": [
        "shiny"
      ],
      "poser": "cobblemon:aromatisse",
      "model": "cobblemon:aromatisse.geo",
      "texture": "cobblemon:textures/pokemon/aromatisse/aromatisse_shiny.png",
      "layers": []
    }
  ]
}