{
  "species": "cobblemon:ironjugulis",
  "order": 0,
  "variations": [
    {
      "aspects": [],
      "poser": "cobblemon:ironjugulis",
      "model": "cobblemon:ironjugulis.geo",
      "texture": "cobblemon:textures/pokemon/ironjugulis/ironjugulis.png",
      "layers": []
    },
    {
      "aspects": [
        "shiny"
      ],
      "poser": "cobblemon:ironjugulis",
      "model": "cobblemon:ironjugulis.geo",
      "texture": "cobblemon:textures/pokemon/ironjugulis/ironjugulis_shiny.png",
      "layers": []
    }
  ]
}