{
  "species": "cobblemon:kilowattrel",
  "order": 0,
  "variations": [
    {
      "aspects": [],
      "poser": "cobblemon:kilowattrel",
      "model": "cobblemon:kilowattrel.geo",
      "texture": "cobblemon:textures/pokemon/kilowattrel/kilowattrel.png",
      "layers": []
    },
    {
      "aspects": [
        "shiny"
      ],
      "poser": "cobblemon:kilowattrel",
      "model": "cobblemon:kilowattrel.geo",
      "texture": "cobblemon:textures/pokemon/kilowattrel/kilowattrel_shiny.png",
      "layers": []
    }
  ]
}