{
  "species": "cobblemon:spritzee",
  "order": 0,
  "variations": [
    {
      "aspects": [],
      "poser": "cobblemon:spritzee",
      "model": "cobblemon:spritzee.geo",
      "texture": "cobblemon:textures/pokemon/spritzee/spritzee.png",
      "layers": []
    },
    {
      "aspects": [
        "shiny"
      ],
      "poser": "cobblemon:spritzee",
      "model": "cobblemon:spritzee.geo",
      "texture": "cobblemon:textures/pokemon/spritzee/spritzee_shiny.png",
      "layers": []
    }
  ]
}