{
    "enabled": "true",
    "neededInstalledMods": [],
    "neededUninstalledMods": [],
    "spawns": [
        {
            "id": "electrode-2",
            "pokemon": "electrode hisuian",
            "presets": [
                "natural"
            ],
            "type": "pokemon",
            "context": "grounded",
            "bucket": "rare",
            "level": "38-57",
            "weight": 5.0,
            "condition": {
                "canSeeSky": true,
                "biomes": [
                    "minecraft:jagged_peaks",
                    "minecraft:stony_peaks"
                ]
            }
        }
    ]
}