{
    "enabled": true,
    "neededInstalledMods": [],
    "neededUninstalledMods": [],
    "spawns": [
        {
            "id": "articuno",
            "pokemon": "articuno",
            "presets": ["natural"],
            "type": "pokemon",
            "context": "grounded",
            "bucket": "ultra-rare",
            "level": "70",
            "weight": 0.1,
            "condition": {
                "canSeeSky": true,
                "biomes": [
                    "minecraft:ice_spikes",
                    "minecraft:snowy_slopes"
                        ],
                "isRaining": true
            }
        },
        {
            "id": "articuno-galarian",
            "pokemon": "articuno galarian",
            "presets": ["natural"],
            "type": "pokemon",
            "context": "grounded",
            "bucket": "ultra-rare",
            "level": "70",
            "weight": 0.1,
            "condition": {
                "canSeeSky": true,
                "biomes": [
                    "minecraft:cherry_grove"
                ]
            }
        }
    ]
}