{
    "enabled": true,
    "neededInstalledMods": [],
    "neededUninstalledMods": [],
    "spawns": [
        {
            "id": "moltres",
            "pokemon": "moltres",
            "presets": ["natural"],
            "type": "pokemon",
            "context": "grounded",
            "bucket": "ultra-rare",
            "level": "70",
            "weight": 0.1,
            "condition": {
                "canSeeSky": true,
                "biomes": ["minecraft:badlands"],
                "isRaining": false
            }
        },
        {
            "id": "moltres-galarian",
            "pokemon": "moltres galarian",
            "presets": ["natural"],
            "type": "pokemon",
            "context": "grounded",
            "bucket": "ultra-rare",
            "level": "70",
            "weight": 0.1,
            "condition": {
                "canSeeSky": true,
                "biomes": [
                    "minecraft:cherry_grove"
                ]
            }
        }
    ]
}