{
    "enabled": "true",
    "neededInstalledMods": [],
    "neededUninstalledMods": [],
    "spawns": [
        {
            "id": "sunflora-1",
            "pokemon": "sunflora",
            "type": "pokemon",
            "context": "grounded",
            "bucket": "common",
            "level": "19-42",
            "weight": 0.1,
            "condition": {
                "canSeeSky": true,
                "biomes": [
                    "minecraft:sunflower_plains"
                ],
                "timeRange": "day"
            }
        }
    ]
}