{
    "enabled": true,
    "neededInstalledMods": [],
    "neededUninstalledMods": [],
    "spawns": [
        {
            "id": "corsola-1",
            "pokemon": "corsola",
            "type": "pokemon",
            "context": "submerged",
            "bucket": "common",
            "level": "15-45",
            "weight": 2,
            "condition": {
                "canSeeSky": true,
                "biomes": [
                    "#cobblemon:is_lukewarm"
                ]
			}
		},
		{
			"id": "corsola-2",
            "pokemon": "corsola",
			"presets": [
                "freshwater",
                "underwater"
            ],
            "type": "pokemon",
            "context": "submerged",
            "bucket": "common",
            "level": "15-45",
            "weight": 7.2,
            "condition": {
                "canSeeSky": true,
                "biomes": [
                    "minecraft:warm_ocean",
					"minecraft:deep_warm_ocean"
                ]
            }
        }
    ]
}