{
    "enabled": true,
    "neededInstalledMods": [],
    "neededUninstalledMods": [],
    "spawns": [
        {
          "id": "dreepy-1",
          "pokemon": "dreepy",
          "type": "pokemon",
          "context": "grounded",
          "bucket": "rare",
          "level": "6-49",
          "weight": 1.5,
          "condition": {
          "canSeeSky": true,
          "biomes": [
              "#minecraft:is_overworld"
            ],
            "isRaining": true
          }
        },
        {
          "id": "dreepy-2",
          "pokemon": "dreepy",
          "type": "pokemon",
          "context": "grounded",
          "bucket": "rare",
          "level": "6-49",
          "weight": 5.8,
          "condition": {
          "canSeeSky": true,
          "biomes": [
              "#cobblemon:is_swamp"
            ],
            "timeRange": "night"
        }
      }
    ]
}
