{
    "enabled": true,
    "neededInstalledMods": [],
    "neededUninstalledMods": [],
    "spawns": [
        {
            "id": "lurantis-1",
            "pokemon": "lurantis",
            "presets": ["natural", "foliage"],
            "type": "pokemon",
            "context": "grounded",
            "bucket": "rare",
            "level": "30-34",
            "weight": 4,
            "condition": {
                "canSeeSky": true,
                "biomes": ["#cobblemon:is_forest"]
            },
            "anticondition": {
                "biomes": ["#cobblemon:is_spooky","#cobblemon:is_freezing"]
            }
        },
        {
            "id": "lurantis-2",
            "pokemon": "lurantis",
            "presets": ["natural", "foliage"],
            "type": "pokemon",
            "context": "grounded",
            "bucket": "uncommon",
            "level": "30-42",
            "weight": 7.0,
            "condition": {
                "canSeeSky": true,
                "biomes": ["#cobblemon:is_jungle"]
            }
        },
		{
            "id": "lurantis-3",
            "pokemon": "lurantis",
            "presets": ["natural", "foliage"],
            "type": "pokemon",
            "context": "grounded",
            "bucket": "ultra-rare",
            "level": "29-34",
            "weight": 7.0,
            "condition": {
                "canSeeSky": true,
                "biomes": ["#cobblemon:is_plains"]
            },
            "anticondition": {
                "biomes": ["#cobblemon:is_spooky", "#cobblemon:is_freezing"]
            }
        }
    ]
}
