{
    "enabled": true,
    "neededInstalledMods": [],
    "neededUninstalledMods": [],
    "spawns": [
        {
            "id": "sentret-1",
            "pokemon": "sentret",
            "type": "pokemon",
            "context": "grounded",
            "bucket": "common",
            "level": "15-20",
            "weight": 6.8,
            "condition": {
                "canSeeSky": true,
                "biomes": [
                    "#cobblemon:is_forest"
                ]
            }
        }
    ]
}