{
	"format_version": "1.12.0",
	"minecraft:geometry": [
		{
			"description": {
				"identifier": "geometry.ursaluna",
				"texture_width": 256,
				"texture_height": 128,
				"visible_bounds_width": 6,
				"visible_bounds_height": 3.5,
				"visible_bounds_offset": [0, 1.25, 0]
			},
			"bones": [
				{
					"name": "ursaluna",
					"pivot": [0, 0, 0]
				},
				{
					"name": "body",
					"parent": "ursaluna",
					"pivot": [0, 18, 0]
				},
				{
					"name": "hip",
					"parent": "body",
					"pivot": [0, 16, 14.5],
					"cubes": [
						{"origin": [-8.5, 9, 5.5], "size": [17, 16, 14], "uv": [58, 63]}
					]
				},
				{
					"name": "torso",
					"parent": "hip",
					"pivot": [0, 17.5, 8.5],
					"cubes": [
						{"origin": [-11, 8, -5.5], "size": [22, 21, 14], "uv": [0, 42]}
					]
				},
				{
					"name": "upper_body",
					"parent": "torso",
					"pivot": [0, 18, 0.5],
					"cubes": [
						{"origin": [-14, 6, -15.5], "size": [28, 26, 16], "uv": [0, 0]},
						{"origin": [-11, 7.25, -20.5], "size": [22, 19, 6], "uv": [0, 77]}
					]
				},
				{
					"name": "head",
					"parent": "upper_body",
					"pivot": [0, 15.75, -20.5],
					"cubes": [
						{"origin": [-6.5, 9.25, -30.5], "size": [13, 13, 13], "uv": [75, 29]},
						{"origin": [-2.5, -3.75, -32.5], "size": [5, 13, 0], "pivot": [-1, -0.75, -8.5], "rotation": [-22.5, 0, 0], "uv": [174, 62]},
						{"origin": [-5.5, -4.75, -32.49], "size": [5, 13, 0], "pivot": [-1, -0.75, -8.5], "rotation": [-20.17393, 10.17781, 25.68482], "uv": [174, 62]},
						{"origin": [0.5, -4.75, -32.49], "size": [5, 13, 0], "pivot": [1, -0.75, -8.5], "rotation": [-20.17393, -10.17781, -25.68482], "uv": [174, 62], "mirror": true}
					]
				},
				{
					"name": "eyes",
					"parent": "head",
					"pivot": [-0.5, -2.2, -8.5]
				},
				{
					"name": "eye_right",
					"parent": "eyes",
					"pivot": [-3.75, 16.55, -30],
					"rotation": [0, 0, 7.5],
					"cubes": [
						{"origin": [-5.75, 15.55, -30.5], "size": [4, 2, 1], "inflate": 0.01, "uv": [150, 0], "mirror": true},
						{"origin": [-3.5, 16.25, -30.5], "size": [1, 1, 1], "inflate": 0.02, "uv": [186, 2], "mirror": true}
					]
				},
				{
					"name": "eyelid_right2",
					"parent": "eye_right",
					"pivot": [-3.75, 17.65, -30.5],
					"cubes": [
						{"origin": [-5.75, 17.15, -30.5], "size": [4, 1, 0], "inflate": 0.03, "uv": [182, 1], "mirror": true}
					]
				},
				{
					"name": "eyelid_right",
					"parent": "eye_right",
					"pivot": [-3.75, 17.05, -29.9],
					"cubes": [
						{"origin": [-5.75, 15.55, -30.4], "size": [4, 3, 1], "inflate": 0.04, "uv": [168, 41], "mirror": true}
					]
				},
				{
					"name": "eye_left",
					"parent": "eyes",
					"pivot": [3.75, 16.55, -30],
					"rotation": [0, 0, -7.5],
					"cubes": [
						{"origin": [1.75, 15.55, -30.5], "size": [4, 2, 1], "inflate": 0.01, "uv": [150, 3]},
						{"origin": [2.5, 16.25, -30.5], "size": [1, 1, 1], "inflate": 0.02, "uv": [182, 2]}
					]
				},
				{
					"name": "bone",
					"parent": "eye_left",
					"pivot": [-1, -1.4, -7.5],
					"cubes": [
						{"origin": [2.5, 16.25, -29.5], "size": [1, 1, 1], "inflate": 0.03, "uv": [184, 93]}
					]
				},
				{
					"name": "eyelid_left2",
					"parent": "eye_left",
					"pivot": [3.75, 17.65, -30.5],
					"cubes": [
						{"origin": [1.75, 17.15, -30.5], "size": [4, 1, 0], "inflate": 0.04, "uv": [46, 23]}
					]
				},
				{
					"name": "eyelid_left",
					"parent": "eye_left",
					"pivot": [3.75, 17.05, -29.9],
					"cubes": [
						{"origin": [1.75, 15.55, -30.4], "size": [4, 3, 1], "inflate": 0.04, "uv": [168, 41]}
					]
				},
				{
					"name": "eyebrow_right",
					"parent": "head",
					"pivot": [-3.1, 20.3, -30.5],
					"rotation": [0, 0, -7.5]
				},
				{
					"name": "eyebrow_left",
					"parent": "head",
					"pivot": [3.1, 19.4, -30.5],
					"rotation": [0, 0, 2.5]
				},
				{
					"name": "muzzle",
					"parent": "head",
					"pivot": [0, 15.15, -30.5],
					"rotation": [5, 0, 0],
					"cubes": [
						{"origin": [-4.5, 11.15, -34.75], "size": [9, 4, 5], "uv": [202, 28]},
						{"origin": [-4, 14.9, -32.5], "size": [8, 1, 2], "pivot": [-0.5, 15.9, -30.5], "rotation": [5, 0, 0], "uv": [72, 8]},
						{"origin": [-1, 13.65, -35], "size": [2, 1, 1], "uv": [190, 0]},
						{"origin": [-4.25, 10.65, -34.25], "size": [0, 1, 1], "pivot": [-4.25, 11.15, -33.75], "rotation": [-45, 0, 0], "uv": [157, 47], "mirror": true},
						{"origin": [4.25, 10.8, -33], "size": [0, 1, 1], "pivot": [4.25, 11.3, -32.5], "rotation": [-45, 0, 0], "uv": [155, 46]},
						{"origin": [4.25, 10.65, -34.25], "size": [0, 1, 1], "pivot": [4.25, 11.15, -33.75], "rotation": [-45, 0, 0], "uv": [155, 47]},
						{"origin": [-4.25, 10.8, -33], "size": [0, 1, 1], "pivot": [-4.25, 11.3, -32.5], "rotation": [-45, 0, 0], "uv": [157, 46], "mirror": true}
					]
				},
				{
					"name": "jaw",
					"parent": "muzzle",
					"pivot": [0, 10.9, -30.5],
					"rotation": [-12.5, 0, 0],
					"cubes": [
						{"origin": [-4, 9.65, -34.35], "size": [8, 2, 5], "uv": [72, 55]},
						{"origin": [-3.05, 10.9, -33.87942], "size": [0, 1, 1], "pivot": [-3.05, 11.4, -33.37942], "rotation": [-45, -30, 0], "uv": [157, 48], "mirror": true},
						{"origin": [-3.5, 10.9, -33.1], "size": [0, 1, 1], "pivot": [-3.5, 11.4, -32.6], "rotation": [-45, -30, 0], "uv": [157, 49], "mirror": true},
						{"origin": [3.5, 10.9, -33.1], "size": [0, 1, 1], "pivot": [3.5, 11.4, -32.6], "rotation": [-45, 30, 0], "uv": [155, 49]},
						{"origin": [3.05, 10.9, -33.87942], "size": [0, 1, 1], "pivot": [3.05, 11.4, -33.37942], "rotation": [-45, 30, 0], "uv": [155, 48]}
					]
				},
				{
					"name": "head_spikes_right",
					"parent": "head",
					"pivot": [-6.5, 16.5, -21.5],
					"rotation": [12.5, 0, 0]
				},
				{
					"name": "head_spike_right",
					"parent": "head_spikes_right",
					"pivot": [-6.5, 16.5, -22.5],
					"rotation": [0, 7.5, -7.5],
					"cubes": [
						{"origin": [-9.75, 16.5, -23.5], "size": [4, 0, 2], "uv": [104, 60]}
					]
				},
				{
					"name": "head_spike_right2",
					"parent": "head_spikes_right",
					"pivot": [-6.5, 16.5, -24.5],
					"rotation": [0, 0, -12.5],
					"cubes": [
						{"origin": [-10, 16.5, -25.5], "size": [4, 0, 2], "uv": [104, 58]}
					]
				},
				{
					"name": "head_spike_right3",
					"parent": "head_spikes_right",
					"pivot": [-6.5, 16.5, -26.5],
					"rotation": [0, -7.5, -15],
					"cubes": [
						{"origin": [-10, 16.5, -27.5], "size": [4, 0, 2], "uv": [39, 102]}
					]
				},
				{
					"name": "head_spike_right4",
					"parent": "head_spikes_right",
					"pivot": [-6.25, 16.5, -28.5],
					"rotation": [0, -20, -17.5],
					"cubes": [
						{"origin": [-9.75, 16.5, -29.5], "size": [4, 0, 2], "uv": [88, 8]}
					]
				},
				{
					"name": "head_spikes_left",
					"parent": "head",
					"pivot": [6.5, 16.5, -21.5],
					"rotation": [12.5, 0, 0]
				},
				{
					"name": "head_spike_left",
					"parent": "head_spikes_left",
					"pivot": [6.5, 16.5, -22.5],
					"rotation": [0, -7.5, 7.5],
					"cubes": [
						{"origin": [5.75, 16.5, -23.5], "size": [4, 0, 2], "uv": [64, 54]}
					]
				},
				{
					"name": "head_spike_left2",
					"parent": "head_spikes_left",
					"pivot": [6.5, 16.5, -24.5],
					"rotation": [0, 0, 12.5],
					"cubes": [
						{"origin": [6, 16.5, -25.5], "size": [4, 0, 2], "uv": [56, 54]}
					]
				},
				{
					"name": "head_spike_left3",
					"parent": "head_spikes_left",
					"pivot": [6.5, 16.5, -26.5],
					"rotation": [0, 7.5, 15],
					"cubes": [
						{"origin": [6, 16.5, -27.5], "size": [4, 0, 2], "uv": [0, 54]}
					]
				},
				{
					"name": "head_spike_left4",
					"parent": "head_spikes_left",
					"pivot": [6.25, 16.5, -28.5],
					"rotation": [0, 20, 17.5],
					"cubes": [
						{"origin": [5.75, 16.5, -29.5], "size": [4, 0, 2], "uv": [0, 3]}
					]
				},
				{
					"name": "ear_right",
					"parent": "head",
					"pivot": [-4.85, 21, -24.65],
					"rotation": [0, -12.5, -25],
					"cubes": [
						{"origin": [-5.85, 20.5, -27.15], "size": [4, 5, 5], "uv": [221, 11]}
					]
				},
				{
					"name": "ear_left",
					"parent": "head",
					"pivot": [4.85, 21, -24.65],
					"rotation": [0, 12.5, 25],
					"cubes": [
						{"origin": [1.85, 20.5, -27.15], "size": [4, 5, 5], "uv": [152, 29]}
					]
				},
				{
					"name": "spikes_torso_main",
					"parent": "upper_body",
					"pivot": [0, 29, -8.5]
				},
				{
					"name": "spike_right",
					"parent": "spikes_torso_main",
					"pivot": [-4.25, 30.5, -8.5],
					"rotation": [0, 0, -7.5],
					"cubes": [
						{"origin": [-9.25, 30.25, -8.5], "size": [4, 8, 0], "uv": [122, 34]}
					]
				},
				{
					"name": "spike_right2",
					"parent": "spikes_torso_main",
					"pivot": [-8.25, 30.5, -8.5],
					"rotation": [0, 0, -20]
				},
				{
					"name": "spike_right3",
					"parent": "spikes_torso_main",
					"pivot": [-11.5, 29.25, -8.5],
					"rotation": [0, 0, -40],
					"cubes": [
						{"origin": [-13.5, 27.5, -8.5], "size": [4, 8, 0], "uv": [0, 102]}
					]
				},
				{
					"name": "spike_right4",
					"parent": "spikes_torso_main",
					"pivot": [-11.5, 26.2, -8.5],
					"rotation": [0, 0, -72.5],
					"cubes": [
						{"origin": [-13.5, 25.45, -8.5], "size": [4, 8, 0], "uv": [33, 102]}
					]
				},
				{
					"name": "spike_middle",
					"parent": "spikes_torso_main",
					"pivot": [0, 31.75, -8.5]
				},
				{
					"name": "spike_left",
					"parent": "spikes_torso_main",
					"pivot": [4.25, 30.5, -8.5],
					"rotation": [0, 0, 7.5],
					"cubes": [
						{"origin": [5.25, 30.25, -8.5], "size": [4, 8, 0], "uv": [83, 113]}
					]
				},
				{
					"name": "spike_left2",
					"parent": "spikes_torso_main",
					"pivot": [8.25, 30.5, -8.5],
					"rotation": [0, 0, 20]
				},
				{
					"name": "spike_left3",
					"parent": "spikes_torso_main",
					"pivot": [11.5, 29.25, -8.5],
					"rotation": [0, 0, 40],
					"cubes": [
						{"origin": [9.5, 27.5, -8.5], "size": [4, 8, 0], "uv": [114, 34]}
					]
				},
				{
					"name": "spike_left4",
					"parent": "spikes_torso_main",
					"pivot": [11.5, 26.2, -8.5],
					"rotation": [0, 0, 72.5],
					"cubes": [
						{"origin": [9.5, 25.45, -8.5], "size": [4, 8, 0], "uv": [114, 21]}
					]
				},
				{
					"name": "spike_bottom_main",
					"parent": "upper_body",
					"pivot": [0, 6, -12]
				},
				{
					"name": "spike_bottom_middle",
					"parent": "spike_bottom_main",
					"pivot": [0, 5.75, -12]
				},
				{
					"name": "spike_bottom_middle2",
					"parent": "spike_bottom_main",
					"pivot": [-3, 6.25, -12],
					"rotation": [0, 0, 12.5],
					"cubes": [
						{"origin": [-4.5, 2.75, -12], "size": [3, 4, 0], "uv": [146, 58]}
					]
				},
				{
					"name": "spike_bottom_middle4",
					"parent": "spike_bottom_main",
					"pivot": [-5.25, 6.75, -12],
					"rotation": [0, 0, 25],
					"cubes": [
						{"origin": [-6.25, 3.5, -12], "size": [2, 4, 0], "uv": [142, 58]}
					]
				},
				{
					"name": "spike_bottom_middle6",
					"parent": "spike_bottom_main",
					"pivot": [-7, 7.25, -12],
					"rotation": [0, 0, 40],
					"cubes": [
						{"origin": [-8, 4.5, -12], "size": [2, 4, 0], "uv": [142, 66]}
					]
				},
				{
					"name": "spike_bottom_middle7",
					"parent": "spike_bottom_main",
					"pivot": [7.25, 7.75, -12],
					"rotation": [0, 0, -40],
					"cubes": [
						{"origin": [5.75, 4.75, -12], "size": [2, 4, 0], "uv": [148, 62]}
					]
				},
				{
					"name": "spike_bottom_middle5",
					"parent": "spike_bottom_main",
					"pivot": [5.25, 6.75, -12],
					"rotation": [0, 0, -25],
					"cubes": [
						{"origin": [4.25, 3.5, -12], "size": [2, 4, 0], "uv": [152, 62]}
					]
				},
				{
					"name": "spike_bottom_middle3",
					"parent": "spike_bottom_main",
					"pivot": [3, 6.25, -12],
					"rotation": [0, 0, -12.5],
					"cubes": [
						{"origin": [1.5, 2.75, -12], "size": [3, 4, 0], "uv": [152, 58]}
					]
				},
				{
					"name": "shoulder_right",
					"parent": "upper_body",
					"pivot": [-14, 16.5, -8],
					"cubes": [
						{"origin": [-16.5, 11.5, -13.5], "size": [8, 10, 11], "uv": [88, 0]}
					]
				},
				{
					"name": "shoulder_spikes_right_main",
					"parent": "shoulder_right",
					"pivot": [-16, 21.5, -8]
				},
				{
					"name": "shoulder_spike_right",
					"parent": "shoulder_spikes_right_main",
					"pivot": [-16, 19.25, -13.25],
					"rotation": [-7.5, -10, 0],
					"cubes": [
						{"origin": [-20, 17.75, -13.25], "size": [4, 3, 0], "uv": [75, 114]}
					]
				},
				{
					"name": "shoulder_spike_right2",
					"parent": "shoulder_spikes_right_main",
					"pivot": [-16, 21.25, -11.5],
					"rotation": [10, -2.5, 15],
					"cubes": [
						{"origin": [-20, 21.25, -13], "size": [4, 0, 3], "uv": [95, 59]}
					]
				},
				{
					"name": "shoulder_spike_right3",
					"parent": "shoulder_spikes_right_main",
					"pivot": [-16, 21.5, -8],
					"rotation": [0, 0, 15],
					"cubes": [
						{"origin": [-20, 21.5, -9.5], "size": [4, 0, 3], "uv": [0, 13]}
					]
				},
				{
					"name": "shoulder_spike_right4",
					"parent": "shoulder_spikes_right_main",
					"pivot": [-16, 21.25, -4.5],
					"rotation": [-10, 0, 15],
					"cubes": [
						{"origin": [-20, 21.25, -6], "size": [4, 0, 3], "uv": [0, 0]}
					]
				},
				{
					"name": "shoulder_spike_right5",
					"parent": "shoulder_spikes_right_main",
					"pivot": [-16, 19.25, -2.75],
					"rotation": [7.5, 10, 0],
					"cubes": [
						{"origin": [-20, 17.75, -2.75], "size": [4, 3, 0], "uv": [34, 110]}
					]
				},
				{
					"name": "arm_right",
					"parent": "shoulder_right",
					"pivot": [-16.5, 20.5, -7.75],
					"cubes": [
						{"origin": [-20, -28, -12], "size": [8, 9, 8], "pivot": [1.5, -1, 0.25], "rotation": [0, 0, 90], "uv": [158, 12]},
						{"origin": [-25, 15.25, -4.25], "size": [0, 4, 3], "pivot": [-25, 16.5, -4], "rotation": [5, 0, 90], "uv": [10, 0]}
					]
				},
				{
					"name": "arm_right2",
					"parent": "arm_right",
					"pivot": [-25.5, 16.5, -4],
					"cubes": [
						{"origin": [-19, -35, -12], "size": [8, 6, 8], "pivot": [2.5, -1, 0.25], "rotation": [0, 0, 90], "uv": [191, 1], "mirror": true},
						{"origin": [-18, -40, -12], "size": [8, 4, 8], "pivot": [3.5, -1, 0.25], "rotation": [0, 0, 90], "uv": [158, 0], "mirror": true}
					]
				},
				{
					"name": "hand_right",
					"parent": "arm_right2",
					"pivot": [-35.5, 16.5, -8.25],
					"cubes": [
						{"origin": [-17.5, -43, -13], "size": [9, 4, 10], "inflate": 0.01, "pivot": [4.5, -1, 0.5], "rotation": [0, 0, 90], "uv": [111, 83], "mirror": true}
					]
				},
				{
					"name": "hand_right2",
					"parent": "hand_right",
					"pivot": [-37.5, 16.5, -13],
					"cubes": [
						{"origin": [-17.5, -43, -17], "size": [9, 4, 4], "pivot": [4.5, -1, 0.5], "rotation": [0, 0, 90], "uv": [88, 21], "mirror": true}
					]
				},
				{
					"name": "thumb_right",
					"parent": "hand_right2",
					"pivot": [-33.5, 12, -15.5],
					"cubes": [
						{"origin": [-8.5, -43, -15.5], "size": [5, 4, 0], "pivot": [4.5, -1, 0.5], "rotation": [0, 0, 90], "uv": [106, 73]}
					]
				},
				{
					"name": "claws_right",
					"parent": "hand_right2",
					"pivot": [4.5, -1, 0.5],
					"cubes": [
						{"origin": [-16.5, -43, -22], "size": [0, 4, 5], "pivot": [4.5, -1, 0.5], "rotation": [0, 0, 90], "uv": [58, 41]},
						{"origin": [-14.25, -43, -22], "size": [0, 4, 5], "pivot": [4.5, -1, 0.5], "rotation": [0, 0, 90], "uv": [72, 88]},
						{"origin": [-12, -43, -22], "size": [0, 4, 5], "pivot": [4.5, -1, 0.5], "rotation": [0, 0, 90], "uv": [72, 6]},
						{"origin": [-9.75, -43, -22], "size": [0, 4, 5], "pivot": [4.5, -1, 0.5], "rotation": [0, 0, 90], "uv": [58, 45]}
					]
				},
				{
					"name": "shoulder_left",
					"parent": "upper_body",
					"pivot": [14, 16.5, -8],
					"cubes": [
						{"origin": [8.5, 11.5, -13.5], "size": [8, 10, 11], "uv": [45, 93]}
					]
				},
				{
					"name": "shoulder_spikes_left_main",
					"parent": "shoulder_left",
					"pivot": [16, 21.5, -8]
				},
				{
					"name": "shoulder_spike_left",
					"parent": "shoulder_spikes_left_main",
					"pivot": [16, 19.25, -13.25],
					"rotation": [-7.5, 10, 0],
					"cubes": [
						{"origin": [16, 17.75, -13.25], "size": [4, 3, 0], "uv": [61, 121]}
					]
				},
				{
					"name": "shoulder_spike_left2",
					"parent": "shoulder_spikes_left_main",
					"pivot": [16, 21.25, -11.5],
					"rotation": [10, 2.5, -15],
					"cubes": [
						{"origin": [16, 21.25, -13], "size": [4, 0, 3], "uv": [100, 55]}
					]
				},
				{
					"name": "shoulder_spike_left3",
					"parent": "shoulder_spikes_left_main",
					"pivot": [16, 21.5, -8],
					"rotation": [0, 0, -15],
					"cubes": [
						{"origin": [16, 21.5, -9.5], "size": [4, 0, 3], "uv": [22, 102]}
					]
				},
				{
					"name": "shoulder_spike_left4",
					"parent": "shoulder_spikes_left_main",
					"pivot": [16, 21.25, -4.5],
					"rotation": [-10, 0, -15],
					"cubes": [
						{"origin": [16, 21.25, -6], "size": [4, 0, 3], "uv": [69, 101]}
					]
				},
				{
					"name": "shoulder_spike_left5",
					"parent": "shoulder_spikes_left_main",
					"pivot": [16, 19.25, -2.75],
					"rotation": [7.5, -10, 0],
					"cubes": [
						{"origin": [16, 17.75, -2.75], "size": [4, 3, 0], "uv": [115, 8]}
					]
				},
				{
					"name": "arm_left",
					"parent": "shoulder_left",
					"pivot": [16.5, 20.5, -7.75],
					"cubes": [
						{"origin": [12, -28, -12], "size": [8, 9, 8], "pivot": [-1.5, -1, 0.25], "rotation": [0, 0, -90], "uv": [126, 0]},
						{"origin": [25, 15.25, -4.25], "size": [0, 4, 3], "pivot": [25, 16.5, -4], "rotation": [5, 0, -90], "uv": [10, 4]}
					]
				},
				{
					"name": "arm_left2",
					"parent": "arm_left",
					"pivot": [25.5, 16.5, -4],
					"cubes": [
						{"origin": [11, -35, -12], "size": [8, 6, 8], "pivot": [-2.5, -1, 0.25], "rotation": [0, 0, -90], "uv": [191, 1]},
						{"origin": [10, -40, -12], "size": [8, 4, 8], "pivot": [-3.5, -1, 0.25], "rotation": [0, 0, -90], "uv": [158, 0]}
					]
				},
				{
					"name": "hand_left",
					"parent": "arm_left2",
					"pivot": [35.5, 16.5, -8.25],
					"cubes": [
						{"origin": [8.5, -43, -13], "size": [9, 4, 10], "inflate": 0.01, "pivot": [-4.5, -1, 0.5], "rotation": [0, 0, -90], "uv": [111, 83]}
					]
				},
				{
					"name": "hand_left2",
					"parent": "hand_left",
					"pivot": [37.5, 16.5, -13],
					"cubes": [
						{"origin": [8.5, -43, -17], "size": [9, 4, 4], "pivot": [-4.5, -1, 0.5], "rotation": [0, 0, -90], "uv": [88, 21]}
					]
				},
				{
					"name": "thumb_left",
					"parent": "hand_left2",
					"pivot": [33.5, 12, -15.5],
					"cubes": [
						{"origin": [3.5, -43, -15.5], "size": [5, 4, 0], "pivot": [-4.5, -1, 0.5], "rotation": [0, 0, -90], "uv": [108, 97]}
					]
				},
				{
					"name": "claws_left",
					"parent": "hand_left2",
					"pivot": [-4.5, -1, 0.5],
					"cubes": [
						{"origin": [16.5, -43, -22], "size": [0, 4, 5], "pivot": [-4.5, -1, 0.5], "rotation": [0, 0, -90], "uv": [82, 92]},
						{"origin": [14.25, -43, -22], "size": [0, 4, 5], "pivot": [-4.5, -1, 0.5], "rotation": [0, 0, -90], "uv": [93, 50]},
						{"origin": [12, -43, -22], "size": [0, 4, 5], "pivot": [-4.5, -1, 0.5], "rotation": [0, 0, -90], "uv": [72, 92]},
						{"origin": [9.75, -43, -22], "size": [0, 4, 5], "pivot": [-4.5, -1, 0.5], "rotation": [0, 0, -90], "uv": [82, 88]}
					]
				},
				{
					"name": "tail",
					"parent": "hip",
					"pivot": [0, 21.5, 19],
					"cubes": [
						{"origin": [-4.5, 16.5, 18.5], "size": [9, 9, 9], "uv": [106, 55]}
					]
				},
				{
					"name": "leg_right_rotate",
					"parent": "body",
					"pivot": [-8.5, 18.65, 14]
				},
				{
					"name": "thigh_right",
					"parent": "leg_right_rotate",
					"pivot": [-8.5, 18.65, 14.5],
					"cubes": [
						{"origin": [-15.5, 10.65, 9.5], "size": [8, 11, 9], "pivot": [-7.5, 2.65, 1.5], "rotation": [0, 0, 0], "uv": [83, 93]},
						{"origin": [-15, 8.65, 9.75], "size": [7, 2, 8], "uv": [135, 97]}
					]
				},
				{
					"name": "leg_right",
					"parent": "thigh_right",
					"pivot": [-11.5, 8.65, 9.75],
					"cubes": [
						{"origin": [-15.5, 4.65, 9.25], "size": [8, 4, 9], "inflate": 0.01, "pivot": [-7.5, -10.35, 1.25], "rotation": [0, 0, 0], "uv": [190, 15]},
						{"origin": [-15, 1.65, 9.75], "size": [7, 3, 8], "pivot": [-7.5, -10.35, 1.25], "rotation": [0, 0, 0], "uv": [226, 0]}
					]
				},
				{
					"name": "foot_right",
					"parent": "leg_right",
					"pivot": [-11.5, 3.15, 13.75],
					"cubes": [
						{"origin": [-16.5, -0.85, 9.5], "size": [10, 4, 9], "inflate": 0.01, "pivot": [-7.5, -15.85, 1], "rotation": [0, 0, 0], "uv": [205, 38]}
					]
				},
				{
					"name": "foot_right2",
					"parent": "foot_right",
					"pivot": [-11.5, -0.85, 9.5],
					"cubes": [
						{"origin": [-16.5, -0.85, 6.5], "size": [10, 4, 3], "pivot": [-7.5, -15.85, 1], "rotation": [0, 0, 0], "uv": [52, 114]}
					]
				},
				{
					"name": "foot_claws_right",
					"parent": "foot_right2",
					"pivot": [-11, 3.15, 6.5],
					"cubes": [
						{"origin": [-15, -0.85, 1.5], "size": [0, 4, 5], "pivot": [-6, -15.85, -2], "rotation": [0, 0, 0], "uv": [0, 37]},
						{"origin": [-11.5, -0.85, 1.5], "size": [0, 4, 5], "pivot": [-6, -15.85, -2], "rotation": [0, 0, 0], "uv": [0, 4]},
						{"origin": [-8, -0.85, 1.5], "size": [0, 4, 5], "pivot": [-6, -15.85, -2], "rotation": [0, 0, 0], "uv": [0, 0]}
					]
				},
				{
					"name": "leg_left_rotate",
					"parent": "body",
					"pivot": [8.5, 18.65, 14]
				},
				{
					"name": "thigh_left",
					"parent": "leg_left_rotate",
					"pivot": [8.5, 18.65, 14.5],
					"cubes": [
						{"origin": [7.5, 10.65, 9.5], "size": [8, 11, 9], "pivot": [7.5, 2.65, 1.5], "rotation": [0, 0, 0], "uv": [0, 102]},
						{"origin": [8, 8.65, 9.75], "size": [7, 2, 8], "uv": [135, 97]}
					]
				},
				{
					"name": "leg_left",
					"parent": "thigh_left",
					"pivot": [11.5, 8.65, 9.75],
					"cubes": [
						{"origin": [7.5, 4.65, 9.25], "size": [8, 4, 9], "inflate": 0.01, "pivot": [7.5, -10.35, 1.25], "rotation": [0, 0, 0], "uv": [127, 34]},
						{"origin": [8, 1.65, 9.75], "size": [7, 3, 8], "pivot": [7.5, -10.35, 1.25], "rotation": [0, 0, 0], "uv": [133, 47]}
					]
				},
				{
					"name": "foot_left",
					"parent": "leg_left",
					"pivot": [11.5, 3.15, 13.75],
					"cubes": [
						{"origin": [6.5, -0.85, 9.5], "size": [10, 4, 9], "inflate": 0.01, "pivot": [7.5, -15.85, 1], "rotation": [0, 0, 0], "uv": [114, 21]}
					]
				},
				{
					"name": "foot_left2",
					"parent": "foot_left",
					"pivot": [11.5, -0.85, 9.5],
					"cubes": [
						{"origin": [6.5, -0.85, 6.5], "size": [10, 4, 3], "pivot": [7.5, -15.85, 1], "rotation": [0, 0, 0], "uv": [230, 21]}
					]
				},
				{
					"name": "foot_claws_left",
					"parent": "foot_left2",
					"pivot": [11, 3.15, 6.5],
					"cubes": [
						{"origin": [15, -0.85, 1.5], "size": [0, 4, 5], "pivot": [6, -15.85, -2], "rotation": [0, 0, 0], "uv": [58, 37]},
						{"origin": [11.5, -0.85, 1.5], "size": [0, 4, 5], "pivot": [6, -15.85, -2], "rotation": [0, 0, 0], "uv": [0, 41]},
						{"origin": [8, -0.85, 1.5], "size": [0, 4, 5], "pivot": [6, -15.85, -2], "rotation": [0, 0, 0], "uv": [0, 45]}
					]
				}
			]
		}
	]
}