{
  "format_version": "1.12.0",
  "minecraft:geometry": [
    {
      "description": {
        "identifier": "geometry.ironmoth",
        "texture_width": 128,
        "texture_height": 128,
        "visible_bounds_width": 7,
        "visible_bounds_height": 5.5,
        "visible_bounds_offset": [0, 2.25, 0]
      },
      "bones": [
        {
          "name": "iron_moth",
          "pivot": [0, 0, 0]
        },
        {
          "name": "troso",
          "parent": "iron_moth",
          "pivot": [0, 35, 2]
        },
        {
          "name": "body",
          "parent": "troso",
          "pivot": [0, 0, -5]
        },
        {
          "name": "upper_body",
          "parent": "body",
          "pivot": [-10.15615, 17.13314, 2.26069],
          "cubes": [
            {
              "origin": [-4.5, 31.54806, -2.23931],
              "size": [10, 11, 9],
              "uv": [77, 83]
            },
            {
              "origin": [-5, 34.54806, -2.73931],
              "size": [11, 9, 10],
              "uv": [44, 73]
            },
            {
              "origin": [-4.5, 42.54806, 0.26069],
              "size": [10, 3, 5],
              "pivot": [0.5, 44.54806, 3.26069],
              "rotation": [22.5, 0, 0],
              "uv": [76, 73]
            },
            {
              "origin": [5.94975, 30.42674, -2.73931],
              "size": [6, 0, 10],
              "pivot": [10.94975, 32.42674, 2.26069],
              "rotation": [0, 0, 45],
              "uv": [50, 0]
            },
            {
              "origin": [-10.94904, 30.42603, -2.73931],
              "size": [6, 0, 10],
              "pivot": [-9.94904, 32.42603, 2.26069],
              "rotation": [0, 0, -45],
              "uv": [50, 0],
              "mirror": true
            },
            {
              "origin": [-4.5, 25.54806, 7.46069],
              "size": [10, 15, 0],
              "inflate": 0.01,
              "uv": [0, 96]
            },
            {
              "origin": [-2, 38.54806, 6.76069],
              "size": [5, 3, 1],
              "uv": [0, 53]
            }
          ]
        },
        {
          "name": "hands",
          "parent": "upper_body",
          "pivot": [-2.49686, 21.04985, -2.23931],
          "cubes": [
            {
              "origin": [1.99686, 39.25015, -3.23931],
              "size": [3, 2, 2],
              "pivot": [3.49686, 40.25015, -2.23931],
              "rotation": [0, -12.5, -22.5],
              "uv": [12, 53]
            },
            {
              "origin": [-3.99686, 39.25015, -3.23931],
              "size": [3, 2, 2],
              "pivot": [-2.49686, 40.25015, -2.23931],
              "rotation": [0, 12.5, 22.5],
              "uv": [12, 53],
              "mirror": true
            },
            {
              "origin": [1.99686, 36.04985, -3.23931],
              "size": [3, 2, 2],
              "pivot": [3.49686, 37.04985, -2.23931],
              "rotation": [0, -12.5, 7.5],
              "uv": [12, 53]
            },
            {
              "origin": [-3.99686, 36.04985, -3.23931],
              "size": [3, 2, 2],
              "pivot": [-3.49686, 37.04985, -2.23931],
              "rotation": [0, 12.5, -7.5],
              "uv": [12, 53],
              "mirror": true
            }
          ]
        },
        {
          "name": "bottom_body",
          "parent": "body",
          "pivot": [0.50282, 31.85835, 1.5113],
          "cubes": [
            {
              "origin": [0.70906, 17.971, -9.15127],
              "size": [8, 9, 14],
              "inflate": 0.01,
              "pivot": [3.70906, 23.471, -2.65127],
              "rotation": [20.94102, -40.78947, 59.63881],
              "uv": [0, 73]
            },
            {
              "origin": [-7.62678, 17.971, -9.15127],
              "size": [8, 9, 14],
              "pivot": [-2.62678, 23.471, -2.65127],
              "rotation": [20.94102, 40.78947, -59.63881],
              "uv": [0, 73],
              "mirror": true
            },
            {
              "origin": [-4.5, 23.2374, -14.29261],
              "size": [10, 9, 14],
              "inflate": 0.01,
              "pivot": [0.5, 30.69971, -0.5803],
              "rotation": [45, 0, 0],
              "uv": [0, 30]
            },
            {
              "origin": [-2.76447, 15.32318, -12.09591],
              "size": [6, 6, 6],
              "pivot": [-0.26447, 20.82318, -9.59591],
              "rotation": [54.73561, 30, 35.26439],
              "uv": [38, 92]
            },
            {
              "origin": [-3, 25.85593, -2.95023],
              "size": [7, 6, 6],
              "pivot": [0.5, 30.69971, -0.5803],
              "rotation": [67.5, 0, 0],
              "uv": [90, 0]
            }
          ]
        },
        {
          "name": "wings",
          "parent": "body",
          "pivot": [0, 0, -5]
        },
        {
          "name": "left_wings",
          "parent": "wings",
          "pivot": [0, 20, -5]
        },
        {
          "name": "left_upper_wing",
          "parent": "left_wings",
          "pivot": [9, 45.5, 10],
          "cubes": [
            {
              "origin": [5, 46, 10],
              "size": [30, 15, 0],
              "pivot": [20, 53.5, 10],
              "rotation": [0, 0, -35],
              "uv": [0, 15]
            }
          ]
        },
        {
          "name": "left_middel_wing",
          "parent": "left_wings",
          "pivot": [17, 33.5, 10],
          "cubes": [
            { "origin": [13, 26.5, 10], "size": [28, 14, 0], "uv": [48, 44] }
          ]
        },
        {
          "name": "left_bottom_wing",
          "parent": "left_wings",
          "pivot": [10.3617, 20.64715, 10],
          "cubes": [
            {
              "origin": [5, 6, 10],
              "size": [26, 15, 0],
              "pivot": [20, 13.5, 10],
              "rotation": [0, 0, 35],
              "uv": [52, 58]
            }
          ]
        },
        {
          "name": "right_wings",
          "parent": "wings",
          "pivot": [0, 20, -5]
        },
        {
          "name": "right_upper_wing",
          "parent": "right_wings",
          "pivot": [-9, 45.5, 10],
          "cubes": [
            {
              "origin": [-35, 46, 10],
              "size": [30, 15, 0],
              "pivot": [-20, 53.5, 10],
              "rotation": [0, 0, 35],
              "uv": [0, 15],
              "mirror": true
            }
          ]
        },
        {
          "name": "right_middel_wing",
          "parent": "right_wings",
          "pivot": [-17, 33.5, 10],
          "cubes": [
            {
              "origin": [-41, 26.5, 10],
              "size": [28, 14, 0],
              "uv": [48, 44],
              "mirror": true
            }
          ]
        },
        {
          "name": "right_bottom_wing",
          "parent": "right_wings",
          "pivot": [-10.3617, 20.64715, 10],
          "cubes": [
            {
              "origin": [-31, 6, 10],
              "size": [26, 15, 0],
              "pivot": [-20, 13.5, 10],
              "rotation": [0, 0, -35],
              "uv": [52, 58],
              "mirror": true
            }
          ]
        },
        {
          "name": "head",
          "parent": "body",
          "pivot": [0.50237, 45.68233, 3.94663],
          "cubes": [
            {
              "origin": [-3, 44, -4],
              "size": [7, 7, 8],
              "pivot": [0.5, 48, 1.79641],
              "rotation": [15, 0, 0],
              "uv": [90, 23]
            },
            {
              "origin": [3.4167, 44.0118, -4.39463],
              "size": [3, 3, 3],
              "inflate": -0.01,
              "pivot": [0.5, 50.8118, 1.47182],
              "rotation": [20.75357, 43.07952, 14.51082],
              "uv": [72, 23]
            },
            {
              "origin": [4, 47.42843, -2.68057],
              "size": [0, 2, 3],
              "inflate": 0.01,
              "pivot": [0.5, 48, 1.79641],
              "rotation": [30, 0, 0],
              "uv": [42, 52]
            },
            {
              "origin": [-3, 47.42843, -2.68057],
              "size": [0, 2, 3],
              "inflate": 0.01,
              "pivot": [-0.5, 48, 1.79641],
              "rotation": [30, 0, 0],
              "uv": [42, 52],
              "mirror": true
            },
            {
              "origin": [4.8436, 46.00113, -3.26772],
              "size": [2, 2, 5],
              "inflate": 0.01,
              "pivot": [5.06214, 47.01125, 1.45304],
              "rotation": [46.25455, 3.75908, 14.46217],
              "uv": [0, 37]
            },
            {
              "origin": [5.3436, 46.00113, -6.26772],
              "size": [1, 2, 3],
              "pivot": [5.06214, 47.01125, 1.45304],
              "rotation": [46.25455, 3.75908, 14.46217],
              "uv": [84, 23]
            },
            {
              "origin": [3.59046, 45.9964, 5.62964],
              "size": [1, 2, 4],
              "pivot": [5.06214, 47.01125, 1.45304],
              "rotation": [46.25455, 3.75908, 14.46217],
              "uv": [42, 73]
            },
            {
              "origin": [5.3008, 45.9964, 2.87491],
              "size": [1, 2, 3],
              "pivot": [5.06214, 47.01125, 1.45304],
              "rotation": [47.41432, -11.73987, -1.9392],
              "uv": [89, 25]
            },
            {
              "origin": [4.81485, 46.00113, 1.02929],
              "size": [2, 2, 2],
              "pivot": [5.06214, 47.01125, 1.45304],
              "rotation": [47.41432, -11.73987, -1.9392],
              "uv": [42, 79]
            },
            {
              "origin": [-5.8436, 46.00113, -3.26772],
              "size": [2, 2, 5],
              "inflate": 0.01,
              "pivot": [-4.06214, 47.01125, 1.45304],
              "rotation": [46.25455, -3.75908, -14.46217],
              "uv": [0, 37],
              "mirror": true
            },
            {
              "origin": [-5.3008, 45.9964, 2.87491],
              "size": [1, 2, 3],
              "pivot": [-4.06214, 47.01125, 1.45304],
              "rotation": [47.41432, 11.73987, 1.9392],
              "uv": [89, 25],
              "mirror": true
            },
            {
              "origin": [-3.59046, 45.9964, 5.62964],
              "size": [1, 2, 4],
              "pivot": [-4.06214, 47.01125, 1.45304],
              "rotation": [46.25455, -3.75908, -14.46217],
              "uv": [42, 73],
              "mirror": true
            },
            {
              "origin": [-5.81485, 46.00113, 1.02929],
              "size": [2, 2, 2],
              "pivot": [-4.06214, 47.01125, 1.45304],
              "rotation": [47.41432, 11.73987, 1.9392],
              "uv": [42, 79],
              "mirror": true
            },
            {
              "origin": [-5.3436, 46.00113, -6.26772],
              "size": [1, 2, 3],
              "pivot": [-4.06214, 47.01125, 1.45304],
              "rotation": [46.25455, -3.75908, -14.46217],
              "uv": [84, 23],
              "mirror": true
            },
            { "origin": [-1, 42, 1], "size": [3, 3, 3], "uv": [60, 23] }
          ]
        }
      ]
    }
  ]
}
