{
	"format_version": "1.12.0",
	"minecraft:geometry": [
		{
			"description": {
				"identifier": "geometry.yveltalegg",
				"texture_width": 128,
				"texture_height": 128,
				"visible_bounds_width": 2,
				"visible_bounds_height": 2.5,
				"visible_bounds_offset": [0, 0.75, 0]
			},
			"bones": [
				{
					"name": "yveltalegg",
					"pivot": [0, 0, 0]
				},
				{
					"name": "body",
					"parent": "yveltalegg",
					"pivot": [0, 0, 0],
					"cubes": [
						{"origin": [-7, 0, -7], "size": [14, 13, 14], "uv": [0, 0]},
						{"origin": [-6, 13, -6], "size": [12, 3, 12], "uv": [0, 27]},
						{"origin": [-5, 16, -5], "size": [10, 1, 10], "uv": [36, 27]}
					]
				},
				{
					"name": "head",
					"parent": "body",
					"pivot": [0, -6, 0],
					"cubes": [
						{"origin": [-1, 4, -1], "size": [2, 2, 2], "uv": [0, 124]}
					]
				},
				{
					"name": "tanduk",
					"parent": "body",
					"pivot": [-1.1, 16.5, 1.1],
					"cubes": [
						{"origin": [-6, 16.75, -11], "size": [0, 7, 16], "pivot": [-2, 16.75, -3], "rotation": [0, 0, -15], "uv": [32, 26]},
						{"origin": [6, 16.75, -11], "size": [0, 7, 16], "pivot": [2, 16.75, -3], "rotation": [0, 0, 15], "uv": [0, 26]}
					]
				}
			]
		}
	]
}