{
  "pools": [
    {
      "rolls": 1,
      "entries": [
        {
          "type": "minecraft:item",
          "name": "cobblebadges:the_volcano_badge",
          "conditions": [
            {
              "condition": "rctmod:defeat_count",
              "count": 1
            }
          ],
          "functions": [
            {
              "function": "minecraft:set_name",
              "target": "item_name",
              "name": {
                "text": "Volcano Badge",
                "color": "red",
                "font": "minecraft:default",
                "italic": true
              }
            }
          ]
        }
      ]
    },
    {
      "rolls": {
        "type": "minecraft:binomial",
        "n": 3,
        "p": 0.35
      },
      "entries": [
        {
          "type": "minecraft:loot_table",
          "name": "rctmod:generic/common/battle",
          "weight": 1000,
          "conditions": [
            {
              "condition": "rctmod:level_range",
              "range": {
                "min": 0,
                "max": 100
              }
            }
          ]
        },
        {
          "type": "minecraft:loot_table",
          "name": "rctmod:generic/common/medicine",
          "weight": 1000,
          "conditions": [
            {
              "condition": "rctmod:level_range",
              "range": {
                "min": 0,
                "max": 100
              }
            }
          ]
        },
        {
          "type": "minecraft:loot_table",
          "name": "rctmod:generic/common/vanilla",
          "weight": 1000,
          "conditions": [
            {
              "condition": "rctmod:level_range",
              "range": {
                "min": 0,
                "max": 100
              }
            }
          ]
        },
        {
          "type": "minecraft:loot_table",
          "name": "rctmod:generic/uncommon/battle",
          "weight": 500,
          "conditions": [
            {
              "condition": "rctmod:level_range",
              "range": {
                "min": 16,
                "max": 100
              }
            }
          ]
        },
        {
          "type": "minecraft:loot_table",
          "name": "rctmod:generic/uncommon/medicine",
          "weight": 500,
          "conditions": [
            {
              "condition": "rctmod:level_range",
              "range": {
                "min": 16,
                "max": 100
              }
            }
          ]
        },
        {
          "type": "minecraft:loot_table",
          "name": "rctmod:generic/uncommon/vanilla",
          "weight": 500,
          "conditions": [
            {
              "condition": "rctmod:level_range",
              "range": {
                "min": 16,
                "max": 100
              }
            }
          ]
        },
        {
          "type": "minecraft:loot_table",
          "name": "rctmod:generic/rare/battle",
          "weight": 200,
          "conditions": [
            {
              "condition": "rctmod:level_range",
              "range": {
                "min": 38,
                "max": 100
              }
            }
          ]
        },
        {
          "type": "minecraft:loot_table",
          "name": "rctmod:generic/rare/medicine",
          "weight": 200,
          "conditions": [
            {
              "condition": "rctmod:level_range",
              "range": {
                "min": 38,
                "max": 100
              }
            }
          ]
        },
        {
          "type": "minecraft:loot_table",
          "name": "rctmod:generic/rare/vanilla",
          "weight": 200,
          "conditions": [
            {
              "condition": "rctmod:level_range",
              "range": {
                "min": 38,
                "max": 100
              }
            }
          ]
        },
        {
          "type": "minecraft:loot_table",
          "name": "rctmod:generic/epic/battle",
          "weight": 50,
          "conditions": [
            {
              "condition": "rctmod:level_range",
              "range": {
                "min": 50,
                "max": 100
              }
            }
          ]
        },
        {
          "type": "minecraft:loot_table",
          "name": "rctmod:generic/epic/medicine",
          "weight": 50,
          "conditions": [
            {
              "condition": "rctmod:level_range",
              "range": {
                "min": 50,
                "max": 100
              }
            }
          ]
        },
        {
          "type": "minecraft:loot_table",
          "name": "rctmod:generic/epic/vanilla",
          "weight": 50,
          "conditions": [
            {
              "condition": "rctmod:level_range",
              "range": {
                "min": 50,
                "max": 100
              }
            }
          ]
        },
        {
          "type": "minecraft:loot_table",
          "name": "rctmod:generic/legendary/battle",
          "weight": 1,
          "conditions": [
            {
              "condition": "rctmod:level_range",
              "range": {
                "min": 70,
                "max": 100
              }
            }
          ]
        },
        {
          "type": "minecraft:loot_table",
          "name": "rctmod:generic/legendary/medicine",
          "weight": 1,
          "conditions": [
            {
              "condition": "rctmod:level_range",
              "range": {
                "min": 70,
                "max": 100
              }
            }
          ]
        },
        {
          "type": "minecraft:loot_table",
          "name": "rctmod:generic/legendary/vanilla",
          "weight": 1,
          "conditions": [
            {
              "condition": "rctmod:level_range",
              "range": {
                "min": 70,
                "max": 100
              }
            }
          ]
        }
      ]
    }
  ]
}
