{
	"format_version": "1.8.0",
	"animations": {
		"animation.lunatone.ground_idle": {
			"loop": true,
			"bones": {
				"body": {
					"position": [
						0,
						"(0.15*math.sin(q.anim_time*90*2)*0.4-2.25*math.sin(q.anim_time*90*2-30)*0.4+2.25*math.sin(q.anim_time*90*2-60)*0.4-2.25*math.sin(q.anim_time*90*2-90)*0.4)*0.95",
						0
					]
				},
				"up": {
					"scale": [0.7, 1, 1]
				},
				"down": {
					"scale": [0.7, 1, 1]
				}
			}
		},
		"animation.lunatone.ground_walk": {
			"loop": true,
			"bones": {
				"body": {
					"rotation": ["5-4*math.sin(q.anim_time*45*3-30)", 0, 0]
				},
				"up": {
					"scale": [0.7, 1, 1]
				},
				"down": {
					"scale": [0.7, 1, 1]
				}
			}
		},
		"animation.lunatone.faint": {
			"animation_length": 2.5,
			"bones": {
				"up": {
					"position": {
						"0.0": [0, 0, 0],
						"0.0833": [0, 0, 0],
						"0.2917": [0, -8.75, 0]
					},
					"scale": {
						"0.0": [0.7, 1, 1],
						"0.0833": [1, 1, 1],
						"0.2917": [1, 1.475, 1]
					}
				},
				"down": {
					"position": {
						"0.0": [0, 0, 0],
						"0.0833": [0, -0.25, 0],
						"0.2917": [0, -8.75, 0]
					},
					"scale": {
						"0.0": [0.7, 1, 1],
						"0.0833": [1, 1, 1],
						"0.2917": [1, 1.65, 1]
					}
				},
				"body": {
					"rotation": [
						0,
						0,
						"(2.25*math.sin(q.anim_time*90*2)*0.4-2.25*math.sin(q.anim_time*90*2-30)*0.4+2.25*math.sin(q.anim_time*90*2-60)*0.4-2.25*math.sin(q.anim_time*90*2-90)*0.4)*2.5"
					]
				}
			}
		},
		"animation.lunatone.blink": {
			"animation_length": 0.5,
			"bones": {
				"up": {
					"position": {
						"0.0": [0, 0, 0],
						"0.0833": [0, 0, 0],
						"0.125": [0, -9.25, 0],
						"0.25": [0, 2.25, 0]
					},
					"scale": {
						"0.0": [0.7, 1, 1],
						"0.0833": [1.4, 1, 1],
						"0.125": [1.4, 1.4951, 1],
						"0.25": [1.45, 0.875, 1],
						"0.3333": [0.9, 0.875, 1],
						"0.375": [0.7, 0.875, 1]
					}
				},
				"down": {
					"position": {
						"0.0": [0, 0, 0],
						"0.0417": [0, -0.25, 0],
						"0.125": [0, -8.75, 0],
						"0.2917": [0, 4.5, 0]
					},
					"scale": {
						"0.0": [0.7, 1, 1],
						"0.0417": [0.85, 1, 1],
						"0.0833": [1.4, 1.325, 1],
						"0.125": [1.4, 1.65, 1],
						"0.25": [1.5001, 0.9001, 1],
						"0.2917": [1, 0.65, 1],
						"0.3333": [0.9, 0.65, 1],
						"0.375": [0.7, 0.65, 1]
					}
				}
			}
		},
		"animation.lunatone.cry": {
			"animation_length": 1.375,
			"bones": {
				"up": {
					"scale": [0.7, 1, 1]
				},
				"down": {
					"scale": [0.7, 1, 1]
				},
				"body": {
					"rotation": {
						"0.0": {
							"post": [0, 0, 0],
							"lerp_mode": "catmullrom"
						},
						"0.125": {
							"post": [10, 0, 0],
							"lerp_mode": "catmullrom"
						},
						"0.625": {
							"post": [-2.5, 0, 0],
							"lerp_mode": "catmullrom"
						},
						"0.875": {
							"post": [-5, 0, 0],
							"lerp_mode": "catmullrom"
						},
						"1.25": [0, 0, 0]
					}
				}
			},
			"sound_effects": {
				"0.0": {
					"effect": "lunatone"
				}
			}
		}
	}
}