{
	"format_version": "1.12.0",
	"minecraft:geometry": [
		{
			"description": {
				"identifier": "geometry.aromatisse",
				"texture_width": 64,
				"texture_height": 64,
				"visible_bounds_width": 3,
				"visible_bounds_height": 2.5,
				"visible_bounds_offset": [0, 0.75, 0]
			},
			"bones": [
				{
					"name": "all",
					"pivot": [0, 0, 0]
				},
				{
					"name": "armleft",
					"parent": "all",
					"pivot": [0, 0, 0],
					"cubes": [
						{"origin": [2, 6, -5], "size": [2, 5, 1], "uv": [0, 19]}
					]
				},
				{
					"name": "armright",
					"parent": "all",
					"pivot": [0, 0, 0],
					"cubes": [
						{"origin": [-4, 6, -5], "size": [2, 5, 1], "uv": [0, 27]}
					]
				},
				{
					"name": "head",
					"parent": "all",
					"pivot": [0, 0, 0]
				},
				{
					"name": "horns",
					"parent": "head",
					"pivot": [0, 0, 0],
					"cubes": [
						{"origin": [1, 16, -1], "size": [2, 3, 2], "uv": [48, 13]},
						{"origin": [-3, 16, -1], "size": [2, 3, 2], "uv": [0, 10]},
						{"origin": [3, 13, -2], "size": [3, 4, 4], "uv": [42, 41]},
						{"origin": [-8, 13, -2], "size": [3, 4, 4], "uv": [38, 32]},
						{"origin": [-10, 15, -2], "size": [3, 3, 4], "uv": [10, 43]},
						{"origin": [-6, 13, -2], "size": [3, 4, 4], "uv": [0, 39]},
						{"origin": [6, 15, -2], "size": [3, 3, 4], "uv": [24, 45]},
						{"origin": [5, 13, -2], "size": [3, 4, 4], "uv": [42, 0]}
					]
				},
				{
					"name": "snounts",
					"parent": "head",
					"pivot": [0, 0, 0],
					"cubes": [
						{"origin": [-1, 4, -15], "size": [2, 2, 1], "pivot": [0, 0, 0], "rotation": [-47.5, 0, 0], "uv": [0, 15]},
						{"origin": [-1, 12, -6], "size": [2, 3, 3], "uv": [0, 47]}
					]
				},
				{
					"name": "head2",
					"parent": "head",
					"pivot": [0, 0, 0],
					"cubes": [
						{"origin": [-4, 11, -3], "size": [8, 5, 6], "uv": [28, 21]}
					]
				},
				{
					"name": "legs",
					"parent": "all",
					"pivot": [0, 0, 0],
					"cubes": [
						{"origin": [2, 0, -1], "size": [1, 5, 2], "uv": [0, 0]},
						{"origin": [-3, 0, -1], "size": [1, 7, 2], "uv": [38, 47]}
					]
				},
				{
					"name": "body",
					"parent": "all",
					"pivot": [0, 0, 0],
					"cubes": [
						{"origin": [-7, 7, -4], "size": [14, 3, 7], "uv": [0, 0]},
						{"origin": [-8, 2, -5], "size": [8, 5, 7], "uv": [0, 27]},
						{"origin": [-6, 3, 2], "size": [10, 4, 1], "uv": [28, 10]},
						{"origin": [4, 2, -5], "size": [4, 5, 8], "uv": [22, 32]},
						{"origin": [0, 6, -3], "size": [4, 1, 3], "uv": [36, 15]},
						{"origin": [0, 5, -3], "size": [3, 1, 3], "uv": [10, 39]},
						{"origin": [0, 3, -3], "size": [1, 2, 2], "uv": [27, 21]},
						{"origin": [-5, 10, -4], "size": [10, 1, 8], "uv": [0, 10]},
						{"origin": [-5, 11, -3], "size": [10, 1, 7], "uv": [0, 19]},
						{"origin": [-5, 11, -4], "size": [10, 1, 1], "uv": [27, 19]}
					]
				}
			]
		}
	]
}