{
	"format_version": "1.12.0",
	"minecraft:geometry": [
		{
			"description": {
				"identifier": "geometry.binacle",
				"texture_width": 64,
				"texture_height": 64,
				"visible_bounds_width": 2,
				"visible_bounds_height": 2.5,
				"visible_bounds_offset": [0, 0.75, 0]
			},
			"bones": [
				{
					"name": "binacle",
					"pivot": [0, 0, 0]
				},
				{
					"name": "body",
					"parent": "binacle",
					"pivot": [0, 0, 0],
					"cubes": [
						{"origin": [-5, 0, 0], "size": [10, 5, 6], "uv": [0, 0]}
					]
				},
				{
					"name": "righthand",
					"parent": "binacle",
					"pivot": [4, 1, 0],
					"rotation": [0, 0, 10],
					"cubes": [
						{"origin": [1, 4, 2], "size": [2, 5, 2], "pivot": [4, 4, 4], "rotation": [-5, 0, 0], "uv": [0, 18]},
						{"origin": [-1, 13, 2], "size": [0, 2, 3], "uv": [0, 22]},
						{"origin": [5, 13, 2], "size": [0, 2, 3], "uv": [6, 15]},
						{"origin": [-1, 13, 5], "size": [6, 2, 0], "uv": [18, 13]},
						{"origin": [-1, 13, 2], "size": [6, 2, 0], "uv": [15, 11]},
						{"origin": [1, 13, 3], "size": [1, 4, 1], "pivot": [3, 13, 4], "rotation": [-2.21783, -1.15408, -27.47766], "uv": [0, 27]},
						{"origin": [2, 12, 3], "size": [1, 4, 1], "pivot": [4, 12, 4], "rotation": [-2.30991, 0.95645, 22.48072], "uv": [5, 26]},
						{"origin": [1, 12, 3], "size": [2, 4, 1], "pivot": [4, 12, 4], "rotation": [-2.5, 0, 0], "uv": [0, 0]},
						{"origin": [-1, 9, 2], "size": [6, 4, 3], "uv": [0, 11]},
						{"origin": [-3, 16, 4], "size": [2, 0, 1], "pivot": [0, 16, 4], "rotation": [-97.52832, -4.95712, -179.34574], "uv": [0, 5]}
					]
				},
				{
					"name": "lefthand",
					"parent": "binacle",
					"pivot": [0, 0, 0],
					"rotation": [0, 0, -5],
					"cubes": [
						{"origin": [-3, 3, 2], "size": [2, 5, 2], "pivot": [0, 3, 4], "rotation": [-5, 0, 0], "uv": [8, 20]},
						{"origin": [-5, 12, 2], "size": [0, 2, 3], "uv": [16, 23]},
						{"origin": [1, 12, 2], "size": [0, 2, 3], "uv": [22, 23]},
						{"origin": [-5, 12, 5], "size": [6, 2, 0], "uv": [16, 22]},
						{"origin": [-5, 12, 2], "size": [6, 2, 0], "uv": [16, 24]},
						{"origin": [-3, 12, 3], "size": [1, 4, 1], "pivot": [-1, 12, 4], "rotation": [-2.21783, -1.15408, -27.47766], "uv": [9, 27]},
						{"origin": [-2, 11, 3], "size": [1, 4, 1], "pivot": [0, 11, 4], "rotation": [-2.30991, 0.95645, 22.48072], "uv": [13, 27]},
						{"origin": [-3, 11, 3], "size": [2, 4, 1], "pivot": [0, 11, 4], "rotation": [-2.5, 0, 0], "uv": [26, 0]},
						{"origin": [-7, 15, 4], "size": [2, 0, 1], "pivot": [-4, 15, 4], "rotation": [-97.52832, -4.95712, -179.34574], "uv": [25, 5]},
						{"origin": [-5, 8, 2], "size": [6, 4, 3], "uv": [15, 15]}
					]
				}
			]
		}
	]
}