{
	"format_version": "1.12.0",
	"minecraft:geometry": [
		{
			"description": {
				"identifier": "geometry.hydreigon",
				"texture_width": 128,
				"texture_height": 128,
				"visible_bounds_width": 5,
				"visible_bounds_height": 5,
				"visible_bounds_offset": [0, 1.5, 0]
			},
			"bones": [
				{
					"name": "ironjugulis",
					"pivot": [0, 0, 0]
				},
				{
					"name": "body",
					"parent": "ironjugulis",
					"pivot": [0, 16, 0]
				},
				{
					"name": "torso",
					"parent": "body",
					"pivot": [0, 10, -1.5],
					"cubes": [
						{"origin": [-5.5, 7, -4], "size": [11, 2, 9], "inflate": 0.01, "uv": [40, 0]},
						{"origin": [-7, 9, -6], "size": [14, 7, 12], "inflate": 0.01, "uv": [0, 19]}
					]
				},
				{
					"name": "chest",
					"parent": "torso",
					"pivot": [0, 16, 6],
					"cubes": [
						{"origin": [-7, 16, -6], "size": [14, 7, 12], "uv": [0, 0]},
						{"origin": [-5.5, 22.5, -5], "size": [11, 3, 10], "uv": [0, 38]}
					]
				},
				{
					"name": "chest_fur",
					"parent": "chest",
					"pivot": [1, 21, 0]
				},
				{
					"name": "chest_fur_front",
					"parent": "chest_fur",
					"pivot": [0, 21.05, -6],
					"rotation": [-10, 0, 0],
					"cubes": [
						{"origin": [-8, 15.05, -6], "size": [16, 6, 0], "uv": [42, 45]}
					]
				},
				{
					"name": "chest_fur_back",
					"parent": "chest_fur",
					"pivot": [0, 21, 6],
					"rotation": [10, 0, 0],
					"cubes": [
						{"origin": [-8, 13, 6], "size": [16, 8, 0], "uv": [40, 19]}
					]
				},
				{
					"name": "chest_fur_back2",
					"parent": "chest_fur_back",
					"pivot": [0, 13, 6],
					"cubes": [
						{"origin": [-1.5, 11, 6], "size": [3, 2, 0], "uv": [72, 31]}
					]
				},
				{
					"name": "chest_fur_left",
					"parent": "chest_fur",
					"pivot": [7, 21, 0],
					"rotation": [0, 0, -10],
					"cubes": [
						{"origin": [7, 14, -7], "size": [0, 7, 14], "uv": [0, 37]}
					]
				},
				{
					"name": "chest_fur_right",
					"parent": "chest_fur",
					"pivot": [-7, 21, 0],
					"rotation": [0, 0, 10],
					"cubes": [
						{"origin": [-7, 14, -7], "size": [0, 7, 14], "uv": [32, 24]}
					]
				},
				{
					"name": "neck_fur",
					"parent": "chest",
					"pivot": [3, 27.4, -2.5]
				},
				{
					"name": "neck_fur_left",
					"parent": "neck_fur",
					"pivot": [3.5, 25.5, -3.25],
					"rotation": [-15, 0, 12.5]
				},
				{
					"name": "neck_fur_right",
					"parent": "neck_fur",
					"pivot": [-3.5, 25.5, -3.25],
					"rotation": [-15, 0, -12.5]
				},
				{
					"name": "wings",
					"parent": "chest",
					"pivot": [0, 15.5, 5.5],
					"rotation": [10, 0, 0]
				},
				{
					"name": "wing_top_left",
					"parent": "wings",
					"pivot": [1.5, 23.5, 5.5],
					"rotation": [0, -35, 0],
					"cubes": [
						{"origin": [1.5, 22, 5.5], "size": [8, 3, 0], "inflate": 0.01, "uv": [99, 82]}
					]
				},
				{
					"name": "wing_top_left2",
					"parent": "wing_top_left",
					"pivot": [9.5, 23.5, 5.5],
					"cubes": [
						{"origin": [9.5, 22, 5.5], "size": [8, 3, 0], "uv": [43, 99]}
					]
				},
				{
					"name": "wing_top_left3",
					"parent": "wing_top_left2",
					"pivot": [17.5, 23.5, 5.5],
					"cubes": [
						{"origin": [17.5, 22, 5.5], "size": [8, 3, 0], "inflate": 0.01, "uv": [98, 69]}
					]
				},
				{
					"name": "wing_top_left4",
					"parent": "wing_top_left3",
					"pivot": [25.5, 23.5, 5.5],
					"cubes": [
						{"origin": [25.5, 22, 5.5], "size": [7, 3, 0], "uv": [100, 46]}
					]
				},
				{
					"name": "wing_middle_left",
					"parent": "wings",
					"pivot": [2, 20.5, 6],
					"rotation": [0, -35, 0],
					"cubes": [
						{"origin": [2, 19, 6], "size": [8, 3, 0], "inflate": 0.01, "uv": [59, 98]}
					]
				},
				{
					"name": "wing_middle_left2",
					"parent": "wing_middle_left",
					"pivot": [10, 20.5, 6],
					"cubes": [
						{"origin": [10, 19, 6], "size": [8, 3, 0], "uv": [27, 98]}
					]
				},
				{
					"name": "wing_middle_left3",
					"parent": "wing_middle_left2",
					"pivot": [18, 20.5, 6],
					"cubes": [
						{"origin": [18, 19, 6], "size": [8, 3, 0], "inflate": 0.01, "uv": [90, 97]}
					]
				},
				{
					"name": "wing_middle_left4",
					"parent": "wing_middle_left3",
					"pivot": [26, 20.5, 6],
					"cubes": [
						{"origin": [26, 19, 6], "size": [7, 3, 0], "uv": [100, 27]}
					]
				},
				{
					"name": "wing_bottom_left",
					"parent": "wings",
					"pivot": [2.3, 17.5, 6],
					"rotation": [0, -35, 0],
					"cubes": [
						{"origin": [2.3, 16, 6], "size": [8, 3, 0], "inflate": 0.01, "uv": [96, 63]}
					]
				},
				{
					"name": "wing_bottom_left2",
					"parent": "wing_bottom_left",
					"pivot": [10.3, 17.5, 6],
					"cubes": [
						{"origin": [10.3, 16, 6], "size": [8, 3, 0], "uv": [96, 60]}
					]
				},
				{
					"name": "wing_bottom_left3",
					"parent": "wing_bottom_left2",
					"pivot": [18.3, 17.5, 6],
					"cubes": [
						{"origin": [18.3, 16, 6], "size": [8, 3, 0], "inflate": 0.01, "uv": [96, 57]}
					]
				},
				{
					"name": "wing_bottom_left4",
					"parent": "wing_bottom_left3",
					"pivot": [26.3, 17.5, 6],
					"cubes": [
						{"origin": [26.3, 16, 6], "size": [7, 3, 0], "uv": [100, 24]}
					]
				},
				{
					"name": "wing_top_right",
					"parent": "wings",
					"pivot": [-1.5, 23.5, 5.5],
					"rotation": [0, 35, 0],
					"cubes": [
						{"origin": [-9.5, 22, 5.5], "size": [8, 3, 0], "inflate": 0.01, "uv": [96, 51]}
					]
				},
				{
					"name": "wing_top_right2",
					"parent": "wing_top_right",
					"pivot": [-9.5, 23.5, 5.5],
					"cubes": [
						{"origin": [-17.5, 22, 5.5], "size": [8, 3, 0], "uv": [96, 43]}
					]
				},
				{
					"name": "wing_top_right3",
					"parent": "wing_top_right2",
					"pivot": [-17.5, 23.5, 5.5],
					"cubes": [
						{"origin": [-25.5, 22, 5.5], "size": [8, 3, 0], "inflate": 0.01, "uv": [43, 96]}
					]
				},
				{
					"name": "wing_top_right4",
					"parent": "wing_top_right3",
					"pivot": [-25.5, 23.5, 5.5],
					"cubes": [
						{"origin": [-32.5, 22, 5.5], "size": [7, 3, 0], "uv": [0, 100]}
					]
				},
				{
					"name": "wing_middle_right",
					"parent": "wings",
					"pivot": [-2, 20.5, 6],
					"rotation": [0, 35, 0],
					"cubes": [
						{"origin": [-10, 19, 6], "size": [8, 3, 0], "inflate": 0.01, "uv": [95, 79]}
					]
				},
				{
					"name": "wing_middle_right2",
					"parent": "wing_middle_right",
					"pivot": [-10, 20.5, 6],
					"cubes": [
						{"origin": [-18, 19, 6], "size": [8, 3, 0], "uv": [27, 95]}
					]
				},
				{
					"name": "wing_middle_right3",
					"parent": "wing_middle_right2",
					"pivot": [-18, 20.5, 6],
					"cubes": [
						{"origin": [-26, 19, 6], "size": [8, 3, 0], "inflate": 0.01, "uv": [90, 94]}
					]
				},
				{
					"name": "wing_middle_right4",
					"parent": "wing_middle_right3",
					"pivot": [-26, 20.5, 6],
					"cubes": [
						{"origin": [-33, 19, 6], "size": [7, 3, 0], "uv": [99, 85]}
					]
				},
				{
					"name": "wing_bottom_right",
					"parent": "wings",
					"pivot": [-2.3, 17.5, 6],
					"rotation": [0, 35, 0],
					"cubes": [
						{"origin": [-10.3, 16, 6], "size": [8, 3, 0], "inflate": 0.01, "uv": [90, 40]}
					]
				},
				{
					"name": "wing_bottom_right2",
					"parent": "wing_bottom_right",
					"pivot": [-10.3, 17.5, 6],
					"cubes": [
						{"origin": [-18.3, 16, 6], "size": [8, 3, 0], "uv": [87, 66]}
					]
				},
				{
					"name": "wing_bottom_right3",
					"parent": "wing_bottom_right2",
					"pivot": [-18.3, 17.5, 6],
					"cubes": [
						{"origin": [-26.3, 16, 6], "size": [8, 3, 0], "inflate": 0.01, "uv": [84, 48]}
					]
				},
				{
					"name": "wing_bottom_right4",
					"parent": "wing_bottom_right3",
					"pivot": [-26.3, 17.5, 6],
					"cubes": [
						{"origin": [-33.3, 16, 6], "size": [7, 3, 0], "uv": [75, 98]}
					]
				},
				{
					"name": "arms",
					"parent": "chest",
					"pivot": [0.5, 7, -0.5]
				},
				{
					"name": "arm_left",
					"parent": "arms",
					"pivot": [7, 23, 0],
					"cubes": [
						{"origin": [7, 20, -2], "size": [7, 3, 4], "uv": [69, 67]}
					]
				},
				{
					"name": "arm_left2",
					"parent": "arm_left",
					"pivot": [14, 23, 2],
					"cubes": [
						{"origin": [14, 19.5, -2], "size": [6, 4, 4], "inflate": 0.01, "uv": [79, 80]}
					]
				},
				{
					"name": "wrist_left",
					"parent": "arm_left2",
					"pivot": [20, 19.5, 0]
				},
				{
					"name": "hand_left",
					"parent": "wrist_left",
					"pivot": [20, 23.5, 0],
					"cubes": [
						{"origin": [20, 19, -2.5], "size": [3, 5, 5], "inflate": 0.02, "uv": [74, 88]}
					]
				},
				{
					"name": "hand_hair_left",
					"parent": "hand_left",
					"pivot": [20.5, 21.5, 0]
				},
				{
					"name": "hand_hair_front_left",
					"parent": "hand_hair_left",
					"pivot": [20.5, 21.5, -2.5],
					"rotation": [0, 27.5, 0],
					"cubes": [
						{"origin": [20.5, 19.5, -2.5], "size": [4, 4, 0], "uv": [102, 8]}
					]
				},
				{
					"name": "hand_hair_front_left2",
					"parent": "hand_hair_front_left",
					"pivot": [24.5, 21.5, -2.5],
					"rotation": [0, -15, 0],
					"cubes": [
						{"origin": [24.5, 20, -2.5], "size": [3, 3, 0], "uv": [102, 18]}
					]
				},
				{
					"name": "hand_hair_back_left",
					"parent": "hand_hair_left",
					"pivot": [20.5, 21.5, 2.5],
					"rotation": [0, -27.5, 0],
					"cubes": [
						{"origin": [20.5, 19.5, 2.5], "size": [4, 4, 0], "uv": [102, 4]}
					]
				},
				{
					"name": "hand_hair_back_left2",
					"parent": "hand_hair_back_left",
					"pivot": [24.5, 21.5, 2.5],
					"rotation": [0, 15, 0],
					"cubes": [
						{"origin": [24.5, 20, 2.5], "size": [3, 3, 0], "uv": [102, 15]}
					]
				},
				{
					"name": "hand_hair_top_left",
					"parent": "hand_hair_left",
					"pivot": [20.5, 24, 0],
					"rotation": [0, 0, -27.5],
					"cubes": [
						{"origin": [20.5, 24, -2], "size": [5, 0, 4], "uv": [88, 20]}
					]
				},
				{
					"name": "hand_hair_top_left2",
					"parent": "hand_hair_top_left",
					"pivot": [25.5, 24, 0],
					"rotation": [0, 0, 20],
					"cubes": [
						{"origin": [25.5, 24, -1.5], "size": [4, 0, 3], "uv": [62, 92]}
					]
				},
				{
					"name": "hand_hair_bottom_left",
					"parent": "hand_hair_left",
					"pivot": [20.5, 19, 0],
					"rotation": [0, 0, 27.5],
					"cubes": [
						{"origin": [20.5, 19, -2], "size": [4, 0, 4], "uv": [60, 67]}
					]
				},
				{
					"name": "hand_hair_top_front_left",
					"parent": "hand_hair_left",
					"pivot": [20.5, 23.5, -2],
					"rotation": [45, 22.5, -22.5],
					"cubes": [
						{"origin": [20.5, 23.5, -4], "size": [4, 0, 4], "uv": [36, 4]}
					]
				},
				{
					"name": "hand_hair_top_front_left2",
					"parent": "hand_hair_top_front_left",
					"pivot": [24.5, 23.5, -2],
					"rotation": [0, 0, 30],
					"cubes": [
						{"origin": [24.5, 23.5, -3.5], "size": [4, 0, 3], "uv": [19, 90]}
					]
				},
				{
					"name": "hand_hair_top_back_left",
					"parent": "hand_hair_left",
					"pivot": [20.5, 23.5, 2],
					"rotation": [-45, -22.5, -22.5],
					"cubes": [
						{"origin": [20.5, 23.5, 0], "size": [4, 0, 4], "uv": [36, 0]}
					]
				},
				{
					"name": "hand_hair_top_back_left2",
					"parent": "hand_hair_top_back_left",
					"pivot": [24.5, 23.5, 2],
					"rotation": [0, 0, 30],
					"cubes": [
						{"origin": [24.5, 23.5, 0.5], "size": [4, 0, 3], "uv": [71, 80]}
					]
				},
				{
					"name": "hand_hair_bottom_front_left",
					"parent": "hand_hair_left",
					"pivot": [20.5, 19.75, -1.75],
					"rotation": [-45, 27.5, 27.5],
					"cubes": [
						{"origin": [20.5, 19.75, -3.25], "size": [3, 0, 3], "uv": [62, 95]}
					]
				},
				{
					"name": "hand_hair_bottom_front_left2",
					"parent": "hand_hair_bottom_front_left",
					"pivot": [23.5, 19.75, -1.75],
					"rotation": [0, 0, -30],
					"cubes": [
						{"origin": [23.5, 19.75, -3.25], "size": [3, 0, 3], "uv": [0, 95]}
					]
				},
				{
					"name": "hand_hair_bottom_back_left",
					"parent": "hand_hair_left",
					"pivot": [20.5, 19.75, 1.75],
					"rotation": [45, -27.5, 27.5],
					"cubes": [
						{"origin": [20.5, 19.75, 0.25], "size": [3, 0, 3], "uv": [11, 86]}
					]
				},
				{
					"name": "hand_hair_bottom_back_left2",
					"parent": "hand_hair_bottom_back_left",
					"pivot": [23.5, 19.75, 1.75],
					"rotation": [0, 0, -30],
					"cubes": [
						{"origin": [23.5, 19.75, 0.25], "size": [3, 0, 3], "uv": [39, 72]}
					]
				},
				{
					"name": "upper_hand_left",
					"parent": "hand_left",
					"pivot": [23, 20, 0],
					"cubes": [
						{"origin": [23, 20, -3], "size": [7, 4, 6], "inflate": 0.01, "uv": [52, 27]},
						{"origin": [23, 19.98, -2.5], "size": [6, 0, 5], "uv": [79, 57]}
					]
				},
				{
					"name": "hand_eyes_left",
					"parent": "upper_hand_left",
					"pivot": [26.75, 22.2, 0]
				},
				{
					"name": "hand_eye_front_left",
					"parent": "hand_eyes_left",
					"pivot": [26.35, 22.5, -3.02],
					"rotation": [0, 0, 5],
					"cubes": [
						{"origin": [24.35, 21.5, -3.02], "size": [4, 2, 0], "uv": [98, 72]}
					]
				},
				{
					"name": "hand_eye_back_left",
					"parent": "hand_eyes_left",
					"pivot": [26.35, 22.5, 3.02],
					"rotation": [0, 0, 5],
					"cubes": [
						{"origin": [24.35, 21.5, 3.02], "size": [4, 2, 0], "uv": [0, 98]}
					]
				},
				{
					"name": "lower_hand_left",
					"parent": "hand_left",
					"pivot": [23, 20, 0],
					"cubes": [
						{"origin": [23, 19, -2.5], "size": [6, 1, 5], "uv": [79, 51]}
					]
				},
				{
					"name": "arm_right",
					"parent": "arms",
					"pivot": [-7, 23, 0],
					"cubes": [
						{"origin": [-14, 20, -2], "size": [7, 3, 4], "uv": [20, 68]}
					]
				},
				{
					"name": "arm_right2",
					"parent": "arm_right",
					"pivot": [-14, 23, 2],
					"cubes": [
						{"origin": [-20, 19.5, -2], "size": [6, 4, 4], "inflate": 0.01, "uv": [0, 78]}
					]
				},
				{
					"name": "wrist_right",
					"parent": "arm_right2",
					"pivot": [-20, 19.5, 0]
				},
				{
					"name": "hand_right",
					"parent": "wrist_right",
					"pivot": [-20, 23.5, 0],
					"cubes": [
						{"origin": [-23, 19, -2.5], "size": [3, 5, 5], "inflate": 0.02, "uv": [33, 85]}
					]
				},
				{
					"name": "hand_hair_right",
					"parent": "hand_right",
					"pivot": [-20.5, 21.5, 0]
				},
				{
					"name": "hand_hair_front_right",
					"parent": "hand_hair_right",
					"pivot": [-20.5, 21.5, -2.5],
					"rotation": [0, -27.5, 0],
					"cubes": [
						{"origin": [-24.5, 19.5, -2.5], "size": [4, 4, 0], "uv": [101, 100]}
					]
				},
				{
					"name": "hand_hair_front_right2",
					"parent": "hand_hair_front_right",
					"pivot": [-24.5, 21.5, -2.5],
					"rotation": [0, 15, 0],
					"cubes": [
						{"origin": [-27.5, 20, -2.5], "size": [3, 3, 0], "uv": [102, 12]}
					]
				},
				{
					"name": "hand_hair_back_right",
					"parent": "hand_hair_right",
					"pivot": [-20.5, 21.5, 2.5],
					"rotation": [0, 27.5, 0],
					"cubes": [
						{"origin": [-24.5, 19.5, 2.5], "size": [4, 4, 0], "uv": [101, 0]}
					]
				},
				{
					"name": "hand_hair_back_right2",
					"parent": "hand_hair_back_right",
					"pivot": [-24.5, 21.5, 2.5],
					"rotation": [0, -15, 0],
					"cubes": [
						{"origin": [-27.5, 20, 2.5], "size": [3, 3, 0], "uv": [83, 101]}
					]
				},
				{
					"name": "hand_hair_top_right",
					"parent": "hand_hair_right",
					"pivot": [-20.5, 24, 0],
					"rotation": [0, 0, 27.5],
					"cubes": [
						{"origin": [-25.5, 24, -2], "size": [5, 0, 4], "uv": [88, 12]}
					]
				},
				{
					"name": "hand_hair_top_right2",
					"parent": "hand_hair_top_right",
					"pivot": [-25.5, 24, 0],
					"rotation": [0, 0, -20],
					"cubes": [
						{"origin": [-29.5, 24, -1.5], "size": [4, 0, 3], "uv": [12, 68]}
					]
				},
				{
					"name": "hand_hair_bottom_right",
					"parent": "hand_hair_right",
					"pivot": [-20.5, 19, 0],
					"rotation": [0, 0, -27.5],
					"cubes": [
						{"origin": [-24.5, 19, -2], "size": [4, 0, 4], "uv": [0, 27]}
					]
				},
				{
					"name": "hand_hair_top_front_right",
					"parent": "hand_hair_right",
					"pivot": [-20.5, 23.5, -2],
					"rotation": [45, -22.5, 22.5],
					"cubes": [
						{"origin": [-24.5, 23.5, -4], "size": [4, 0, 4], "uv": [0, 23]}
					]
				},
				{
					"name": "hand_hair_top_front_right2",
					"parent": "hand_hair_top_front_right",
					"pivot": [-24.5, 23.5, -2],
					"rotation": [0, 0, -30],
					"cubes": [
						{"origin": [-28.5, 23.5, -3.5], "size": [4, 0, 3], "uv": [16, 58]}
					]
				},
				{
					"name": "hand_hair_top_back_right",
					"parent": "hand_hair_right",
					"pivot": [-20.5, 23.5, 2],
					"rotation": [-45, 22.5, 22.5],
					"cubes": [
						{"origin": [-24.5, 23.5, 0], "size": [4, 0, 4], "uv": [0, 19]}
					]
				},
				{
					"name": "hand_hair_top_back_right2",
					"parent": "hand_hair_top_back_right",
					"pivot": [-24.5, 23.5, 2],
					"rotation": [0, 0, -30],
					"cubes": [
						{"origin": [-28.5, 23.5, 0.5], "size": [4, 0, 3], "uv": [29, 45]}
					]
				},
				{
					"name": "hand_hair_bottom_front_right",
					"parent": "hand_hair_right",
					"pivot": [-20.5, 19.75, -1.75],
					"rotation": [-45, -27.5, -27.5],
					"cubes": [
						{"origin": [-23.5, 19.75, -3.25], "size": [3, 0, 3], "uv": [25, 54]}
					]
				},
				{
					"name": "hand_hair_bottom_front_right2",
					"parent": "hand_hair_bottom_front_right",
					"pivot": [-23.5, 19.75, -1.75],
					"rotation": [0, 0, 30],
					"cubes": [
						{"origin": [-26.5, 19.75, -3.25], "size": [3, 0, 3], "uv": [25, 51]}
					]
				},
				{
					"name": "hand_hair_bottom_back_right",
					"parent": "hand_hair_right",
					"pivot": [-20.5, 19.75, 1.75],
					"rotation": [45, 27.5, -27.5],
					"cubes": [
						{"origin": [-23.5, 19.75, 0.25], "size": [3, 0, 3], "uv": [49, 30]}
					]
				},
				{
					"name": "hand_hair_bottom_back_right2",
					"parent": "hand_hair_bottom_back_right",
					"pivot": [-23.5, 19.75, 1.75],
					"rotation": [0, 0, 30],
					"cubes": [
						{"origin": [-26.5, 19.75, 0.25], "size": [3, 0, 3], "uv": [49, 27]}
					]
				},
				{
					"name": "upper_hand_right",
					"parent": "hand_right",
					"pivot": [-23, 20, 0],
					"cubes": [
						{"origin": [-30, 20, -3], "size": [7, 4, 6], "inflate": 0.01, "uv": [28, 51]},
						{"origin": [-29, 19.98, -2.5], "size": [6, 0, 5], "uv": [79, 43]}
					]
				},
				{
					"name": "hand_eyes_right",
					"parent": "upper_hand_right",
					"pivot": [-26.75, 22.2, 0]
				},
				{
					"name": "hand_eye_front_right",
					"parent": "hand_eyes_right",
					"pivot": [-26.35, 22.5, -3.02],
					"rotation": [0, 0, -5],
					"cubes": [
						{"origin": [-28.35, 21.5, -3.02], "size": [4, 2, 0], "uv": [96, 54]}
					]
				},
				{
					"name": "hand_eye_back_right",
					"parent": "hand_eyes_right",
					"pivot": [-26.35, 22.5, 3.02],
					"rotation": [0, 0, -5],
					"cubes": [
						{"origin": [-28.35, 21.5, 3.02], "size": [4, 2, 0], "uv": [22, 93]}
					]
				},
				{
					"name": "lower_hand_right",
					"parent": "hand_right",
					"pivot": [-23, 20, 0],
					"cubes": [
						{"origin": [-29, 19, -2.5], "size": [6, 1, 5], "uv": [30, 75]}
					]
				},
				{
					"name": "neck",
					"parent": "chest",
					"pivot": [0, 25.5, 0],
					"rotation": [10, 0, 0],
					"cubes": [
						{"origin": [-2.5, 24.5, -2.5], "size": [5, 5, 5], "inflate": 0.02, "uv": [0, 68]}
					]
				},
				{
					"name": "neck2",
					"parent": "neck",
					"pivot": [0, 29.5, 2],
					"rotation": [20, 0, 0],
					"cubes": [
						{"origin": [-2.5, 29.5, -2], "size": [5, 5, 4], "inflate": 0.01, "uv": [0, 86]}
					]
				},
				{
					"name": "neck3",
					"parent": "neck2",
					"pivot": [0, 34.5, 2],
					"rotation": [30, 0, 0],
					"cubes": [
						{"origin": [-2.5, 34.5, -2], "size": [5, 5, 4], "uv": [20, 81]}
					]
				},
				{
					"name": "head",
					"parent": "neck3",
					"pivot": [0, 39.5, 2],
					"rotation": [-60, 0, 0]
				},
				{
					"name": "head_ai",
					"parent": "head",
					"pivot": [0, 37.5, 2]
				},
				{
					"name": "head_rotation",
					"parent": "head_ai",
					"pivot": [0, 39.5, 2],
					"rotation": [90, 0, 0],
					"cubes": [
						{"origin": [-3.5, 39.5, -3.5], "size": [7, 3, 6], "inflate": 0.02, "uv": [54, 51]}
					]
				},
				{
					"name": "head_fur",
					"parent": "head_rotation",
					"pivot": [0, 41.5, 1.5]
				},
				{
					"name": "head_fur_top",
					"parent": "head_fur",
					"pivot": [0, 41.5, 2.5],
					"cubes": [
						{"origin": [-2.5, 41.5, 2.5], "size": [5, 0, 6], "uv": [76, 24]}
					]
				},
				{
					"name": "head_fur_top2",
					"parent": "head_fur_top",
					"pivot": [0, 41.5, 8.5],
					"rotation": [12.5, 0, 0],
					"cubes": [
						{"origin": [-2.5, 41.5, 8.5], "size": [5, 0, 7], "uv": [65, 18]}
					]
				},
				{
					"name": "head_fur_top5",
					"parent": "head_fur",
					"pivot": [0, 32.5, -8.5],
					"rotation": [87.89114, 1.34295, 32.47528],
					"cubes": [
						{"origin": [-2.5, 32.5, -8.5], "size": [5, 0, 6], "uv": [73, 74]}
					]
				},
				{
					"name": "head_fur_top6",
					"parent": "head_fur_top5",
					"pivot": [0, 32.5, -2.5],
					"rotation": [12.5, 0, 0],
					"cubes": [
						{"origin": [-2.5, 32.5, -2.5], "size": [5, 0, 7], "uv": [65, 11]},
						{"origin": [-4.5, 33.5, -3.5], "size": [5, 0, 7], "pivot": [0.5, 30.5, -3.5], "rotation": [-2.5, -30, 0], "uv": [53, 37]}
					]
				},
				{
					"name": "head_fur_top7",
					"parent": "head_fur",
					"pivot": [0, 34.5, -8.5],
					"rotation": [88.9429, 2.26564, 64.9791],
					"cubes": [
						{"origin": [-2.5, 34.5, -8.5], "size": [5, 0, 6], "uv": [63, 74]}
					]
				},
				{
					"name": "head_fur_top8",
					"parent": "head_fur_top7",
					"pivot": [0, 34.5, -2.5],
					"rotation": [12.5, 0, 0],
					"cubes": [
						{"origin": [-2.5, 34.5, -2.5], "size": [5, 0, 7], "uv": [64, 0]}
					]
				},
				{
					"name": "head_fur_top13",
					"parent": "head_fur",
					"pivot": [0, 38.5, -8.5],
					"rotation": [89.88443, 0.75155, 162.51564],
					"cubes": [
						{"origin": [-2.5, 38.5, -8.5], "size": [5, 0, 6], "uv": [74, 37]}
					]
				},
				{
					"name": "head_fur_top14",
					"parent": "head_fur_top13",
					"pivot": [0, 38.5, -2.5],
					"rotation": [12.5, 0, 0],
					"cubes": [
						{"origin": [-2.5, 38.5, -2.5], "size": [5, 0, 7], "uv": [63, 37]},
						{"origin": [-2.5, 39.5, -0.5], "size": [5, 0, 7], "pivot": [0.5, 36.5, -3.5], "rotation": [0, -62.5, 0], "uv": [45, 11]}
					]
				},
				{
					"name": "head_fur_top15",
					"parent": "head_fur",
					"pivot": [0, 38.5, -8.5],
					"rotation": [90.18085, 0.73856, -174.98244],
					"cubes": [
						{"origin": [-2.5, 38.5, -8.5], "size": [5, 0, 6], "uv": [72, 31]}
					]
				},
				{
					"name": "head_fur_top16",
					"parent": "head_fur_top15",
					"pivot": [0, 38.5, -2.5],
					"rotation": [12.5, 0, 0],
					"cubes": [
						{"origin": [-2.5, 38.5, -2.5], "size": [5, 0, 7], "uv": [37, 61]}
					]
				},
				{
					"name": "head_fur_top17",
					"parent": "head_fur",
					"pivot": [0, 38.5, -8.5],
					"rotation": [90.50145, 0.57161, -147.4811],
					"cubes": [
						{"origin": [-2.5, 38.5, -8.5], "size": [5, 0, 6], "uv": [68, 60]}
					]
				},
				{
					"name": "head_fur_top18",
					"parent": "head_fur_top17",
					"pivot": [0, 38.5, -2.5],
					"rotation": [12.5, 0, 0],
					"cubes": [
						{"origin": [-2.5, 38.5, -2.5], "size": [5, 0, 7], "uv": [27, 61]}
					]
				},
				{
					"name": "head_fur_top19",
					"parent": "head_fur",
					"pivot": [2, 36.5, -8.5],
					"rotation": [90.73004, 0.21267, -114.98225],
					"cubes": [
						{"origin": [-0.5, 36.5, -8.5], "size": [5, 0, 6], "uv": [68, 50]}
					]
				},
				{
					"name": "head_fur_top20",
					"parent": "head_fur_top19",
					"pivot": [2, 36.5, -2.5],
					"rotation": [12.5, 0, 0],
					"cubes": [
						{"origin": [-0.5, 36.5, -2.5], "size": [5, 0, 7], "uv": [17, 61]}
					]
				},
				{
					"name": "head_fur_top21",
					"parent": "head_fur",
					"pivot": [2, 36.5, -8.5],
					"rotation": [90.73857, -0.18083, -84.98477],
					"cubes": [
						{"origin": [-0.5, 36.5, -8.5], "size": [5, 0, 6], "uv": [68, 44]}
					]
				},
				{
					"name": "head_fur_top22",
					"parent": "head_fur_top21",
					"pivot": [2, 36.5, -2.5],
					"rotation": [12.5, 0, 0],
					"cubes": [
						{"origin": [-0.5, 36.5, -2.5], "size": [5, 0, 7], "uv": [57, 60]}
					]
				},
				{
					"name": "head_fur_top23",
					"parent": "head_fur",
					"pivot": [2, 34.5, -8.5],
					"rotation": [90.54921, -0.52588, -54.98612],
					"cubes": [
						{"origin": [-0.5, 34.5, -8.5], "size": [5, 0, 6], "uv": [66, 25]}
					]
				},
				{
					"name": "head_fur_top24",
					"parent": "head_fur_top23",
					"pivot": [2, 34.5, -2.5],
					"rotation": [12.5, 0, 0],
					"cubes": [
						{"origin": [-0.5, 34.5, -2.5], "size": [5, 0, 7], "uv": [47, 60]}
					]
				},
				{
					"name": "head_fur_top25",
					"parent": "head_fur",
					"pivot": [0, 32.5, -8.5],
					"rotation": [90.21268, -0.73003, -24.98496],
					"cubes": [
						{"origin": [-2.5, 32.5, -8.5], "size": [5, 0, 6], "uv": [42, 51]}
					]
				},
				{
					"name": "head_fur_top26",
					"parent": "head_fur_top25",
					"pivot": [0, 32.5, -2.5],
					"rotation": [12.5, 0, 0],
					"cubes": [
						{"origin": [-2.5, 32.5, -2.5], "size": [5, 0, 7], "uv": [55, 11]}
					]
				},
				{
					"name": "head_fur_bottom",
					"parent": "head_fur",
					"pivot": [0, 41.2, -3.5],
					"rotation": [-85, 0, 0],
					"cubes": [
						{"origin": [-2.5, 41.2, -9.4], "size": [5, 0, 6], "uv": [76, 18]}
					]
				},
				{
					"name": "head_fur_left",
					"parent": "head_fur",
					"pivot": [3.5, 41.5, -2],
					"rotation": [0, -32.5, 0],
					"cubes": [
						{"origin": [3.5, 41.5, -2], "size": [5, 0, 4], "uv": [88, 16]}
					]
				},
				{
					"name": "head_fur_left2",
					"parent": "head_fur_left",
					"pivot": [8.5, 41.5, 0],
					"rotation": [0, 0, -12.5],
					"cubes": [
						{"origin": [8.5, 41.5, -2], "size": [6, 0, 4], "uv": [86, 36]}
					]
				},
				{
					"name": "head_fur_left5",
					"parent": "head_fur",
					"pivot": [3.5, 41.5, -2],
					"rotation": [0, -2.5, 0],
					"cubes": [
						{"origin": [3.5, 41.5, -2], "size": [5, 0, 4], "uv": [54, 78]}
					]
				},
				{
					"name": "head_fur_left6",
					"parent": "head_fur_left5",
					"pivot": [8.5, 41.5, 0],
					"rotation": [0, 0, -12.5],
					"cubes": [
						{"origin": [8.5, 41.5, -2], "size": [6, 0, 4], "uv": [36, 27]}
					]
				},
				{
					"name": "head_fur_left3",
					"parent": "head_fur",
					"pivot": [2.5, 41.5, -5],
					"rotation": [0, -2.5, 0],
					"cubes": [
						{"origin": [2.5, 41.5, -5], "size": [5, 0, 4], "uv": [87, 0]}
					]
				},
				{
					"name": "head_fur_left4",
					"parent": "head_fur_left3",
					"pivot": [7.5, 41.5, -3],
					"rotation": [0, 0, -12.5],
					"cubes": [
						{"origin": [7.5, 41.5, -5], "size": [6, 0, 4], "uv": [34, 68]}
					]
				},
				{
					"name": "head_fur_top_left",
					"parent": "head_fur",
					"pivot": [2.5, 41.5, 2.5],
					"rotation": [0, 40, 0],
					"cubes": [
						{"origin": [0, 41.45, 2.5], "size": [5, 0, 6], "uv": [76, 12]}
					]
				},
				{
					"name": "head_fur_top_left2",
					"parent": "head_fur_top_left",
					"pivot": [2.5, 41.45, 8.5],
					"rotation": [12.5, 0, 0],
					"cubes": [
						{"origin": [0, 41.45, 8.5], "size": [5, 0, 6], "uv": [76, 6]}
					]
				},
				{
					"name": "head_fur_bottom_left",
					"parent": "head_fur",
					"pivot": [3.5, 41.5, -1.5],
					"rotation": [0, 15, 0]
				},
				{
					"name": "head_fur_bottom_left2",
					"parent": "head_fur_bottom_left",
					"pivot": [8.5, 41.5, -2.5]
				},
				{
					"name": "head_fur_right1",
					"parent": "head_fur",
					"pivot": [-3.5, 41.5, -1],
					"rotation": [0, 10, 0],
					"cubes": [
						{"origin": [-8.5, 41.5, -1], "size": [5, 0, 4], "uv": [88, 8]}
					]
				},
				{
					"name": "head_fur_right2",
					"parent": "head_fur_right1",
					"pivot": [-8.5, 41.5, 1],
					"rotation": [0, 0, 12.5],
					"cubes": [
						{"origin": [-14.5, 41.5, -1], "size": [6, 0, 4], "uv": [30, 81]}
					]
				},
				{
					"name": "head_fur_right3",
					"parent": "head_fur",
					"pivot": [-1.5, 41.5, -5],
					"rotation": [0, 10, 0],
					"cubes": [
						{"origin": [-6.5, 41.5, -5], "size": [5, 0, 4], "uv": [88, 4]}
					]
				},
				{
					"name": "head_fur_right4",
					"parent": "head_fur_right3",
					"pivot": [-6.5, 41.5, -3],
					"rotation": [0, 0, 12.5],
					"cubes": [
						{"origin": [-12.5, 41.5, -5], "size": [6, 0, 4], "uv": [80, 62]}
					]
				},
				{
					"name": "head_fur_top_right",
					"parent": "head_fur",
					"pivot": [-2.5, 41.5, 2.5],
					"rotation": [0, -40, 0],
					"cubes": [
						{"origin": [-5, 41.45, 2.5], "size": [5, 0, 6], "uv": [14, 75]}
					]
				},
				{
					"name": "head_fur_top_right2",
					"parent": "head_fur_top_right",
					"pivot": [-2.5, 41.45, 8.5],
					"rotation": [12.5, 0, 0],
					"cubes": [
						{"origin": [-5, 41.45, 8.5], "size": [5, 0, 6], "uv": [75, 0]}
					]
				},
				{
					"name": "head_fur_bottom_right",
					"parent": "head_fur",
					"pivot": [-3.5, 41.5, -1.5],
					"rotation": [0, -15, 0]
				},
				{
					"name": "head_fur_bottom_right2",
					"parent": "head_fur_bottom_right",
					"pivot": [-8.5, 41.5, -2.5]
				},
				{
					"name": "head2",
					"parent": "head_rotation",
					"pivot": [0, 43, 3.5],
					"cubes": [
						{"origin": [-3.5, 42.5, -2.5], "size": [7, 5, 5], "inflate": 0.01, "uv": [0, 58]}
					]
				},
				{
					"name": "eyes",
					"parent": "head2",
					"pivot": [0, 43.95, 1.7]
				},
				{
					"name": "eye_left",
					"parent": "eyes",
					"pivot": [3.52, 45, 0]
				},
				{
					"name": "eye_neutral_left",
					"parent": "eye_left",
					"pivot": [3.52, 44.5, 0],
					"cubes": [
						{"origin": [3.52, 42.5, -1.5], "size": [0, 4, 3], "uv": [77, 98]}
					]
				},
				{
					"name": "eye_wide_left",
					"parent": "eye_left",
					"pivot": [3.42, 44.5, 0],
					"cubes": [
						{"origin": [3.42, 42.5, -1.5], "size": [0, 4, 3], "uv": [95, 97]}
					]
				},
				{
					"name": "eye_squint_left",
					"parent": "eye_left",
					"pivot": [3.42, 44.5, 0],
					"cubes": [
						{"origin": [3.42, 42.5, -1.5], "size": [0, 4, 3], "uv": [89, 97]}
					]
				},
				{
					"name": "eye_angry_left",
					"parent": "eye_left",
					"pivot": [3.42, 44.5, 0],
					"cubes": [
						{"origin": [3.42, 42.5, -1.5], "size": [0, 4, 3], "uv": [27, 98]}
					]
				},
				{
					"name": "pupil_left",
					"parent": "eye_left",
					"pivot": [3.53, 45, 0],
					"cubes": [
						{"origin": [3.53, 44, -0.5], "size": [0, 2, 1], "uv": [9, 0]}
					]
				},
				{
					"name": "pupil_small_left",
					"parent": "eye_left",
					"pivot": [3.43, 45, 0],
					"cubes": [
						{"origin": [3.43, 44.5, -0.5], "size": [0, 1, 1], "uv": [10, 8]}
					]
				},
				{
					"name": "eyelid_left",
					"parent": "eye_left",
					"pivot": [2.92, 44.5, 0],
					"cubes": [
						{"origin": [2.42, 42.5, -1.5], "size": [1, 4, 3], "inflate": 0.01, "uv": [0, 41]}
					]
				},
				{
					"name": "eye_right",
					"parent": "eyes",
					"pivot": [-3.52, 45, 0]
				},
				{
					"name": "eye_neutral_right",
					"parent": "eye_right",
					"pivot": [-3.52, 44.5, 0],
					"cubes": [
						{"origin": [-3.52, 42.5, -1.5], "size": [0, 4, 3], "uv": [71, 98]}
					]
				},
				{
					"name": "eye_wide_right",
					"parent": "eye_right",
					"pivot": [-3.42, 44.5, 0],
					"cubes": [
						{"origin": [-3.42, 42.5, -1.5], "size": [0, 4, 3], "uv": [59, 98]}
					]
				},
				{
					"name": "eye_squint_right",
					"parent": "eye_right",
					"pivot": [-3.42, 44.5, 0],
					"cubes": [
						{"origin": [-3.42, 42.5, -1.5], "size": [0, 4, 3], "uv": [33, 98]}
					]
				},
				{
					"name": "eye_angry_right",
					"parent": "eye_right",
					"pivot": [-3.42, 44.5, 0],
					"cubes": [
						{"origin": [-3.42, 42.5, -1.5], "size": [0, 4, 3], "uv": [65, 98]}
					]
				},
				{
					"name": "pupil_right",
					"parent": "eye_right",
					"pivot": [-3.53, 45, 0],
					"cubes": [
						{"origin": [-3.53, 44, -0.5], "size": [0, 2, 1], "uv": [0, 0]}
					]
				},
				{
					"name": "pupil_small_right",
					"parent": "eye_right",
					"pivot": [-3.43, 45, 0],
					"cubes": [
						{"origin": [-3.43, 44.5, -0.5], "size": [0, 1, 1], "uv": [10, 9]}
					]
				},
				{
					"name": "eyelid_right",
					"parent": "eye_right",
					"pivot": [-2.92, 44.5, 0],
					"cubes": [
						{"origin": [-3.42, 42.5, -1.5], "size": [1, 4, 3], "inflate": 0.01, "uv": [11, 100]}
					]
				},
				{
					"name": "nuzzle",
					"parent": "head2",
					"pivot": [0, 47.5, 1],
					"rotation": [5, 0, 0],
					"cubes": [
						{"origin": [-2.5, 47.5, -2.5], "size": [5, 3, 3], "inflate": 0.01, "uv": [49, 90]},
						{"origin": [-2, 47.5, -2.52], "size": [4, 2, 0], "uv": [92, 24]},
						{"origin": [2, 47.6, -2.7], "size": [0, 1, 1], "pivot": [2, 48, -3], "rotation": [45, 0, 0], "uv": [0, 22]},
						{"origin": [-2, 47.6, -2.7], "size": [0, 1, 1], "pivot": [-2, 48, -3], "rotation": [45, 0, 0], "uv": [2, 21]}
					]
				},
				{
					"name": "jaw",
					"parent": "head_rotation",
					"pivot": [0, 42.5, -2.5],
					"cubes": [
						{"origin": [-3, 42.5, -3.52], "size": [6, 5, 1], "uv": [90, 88]},
						{"origin": [-2, 47.5, -3.52], "size": [4, 1, 1], "uv": [71, 7]},
						{"origin": [2.5, 45.4, -2.4], "size": [0, 1, 1], "pivot": [2, 45.5, -3], "rotation": [45, 0, 0], "uv": [0, 21]},
						{"origin": [-2.5, 45.4, -2.4], "size": [0, 1, 1], "pivot": [-2, 45.5, -3], "rotation": [45, 0, 0], "uv": [10, 10]}
					]
				},
				{
					"name": "tail",
					"parent": "torso",
					"pivot": [0, 7, 2],
					"cubes": [
						{"origin": [-2.5, 2, -0.5], "size": [5, 6, 5], "uv": [49, 67]}
					]
				},
				{
					"name": "tail2",
					"parent": "tail",
					"pivot": [0, 2, 2],
					"cubes": [
						{"origin": [-2, -3, 0], "size": [4, 6, 4], "inflate": 0.01, "uv": [88, 26]}
					]
				},
				{
					"name": "tail3",
					"parent": "tail2",
					"pivot": [0, -3.2, 1.75],
					"cubes": [
						{"origin": [-1.5, -8.2, 0.25], "size": [3, 6, 3], "uv": [0, 0]}
					]
				},
				{
					"name": "tail4",
					"parent": "tail3",
					"pivot": [0, -8.2, 1.75],
					"cubes": [
						{"origin": [-1, -11.2, 0.75], "size": [2, 4, 2], "inflate": 0.01, "uv": [19, 100]}
					]
				},
				{
					"name": "tail5",
					"parent": "tail4",
					"pivot": [0, -11.2, 1.75],
					"cubes": [
						{"origin": [0, -14.2, 0.75], "size": [0, 3, 2], "inflate": 0.01, "uv": [0, 17]}
					]
				},
				{
					"name": "legs",
					"parent": "body",
					"pivot": [0, 10.5, -1.5]
				},
				{
					"name": "leg_left",
					"parent": "legs",
					"pivot": [7, 12, -1.5],
					"rotation": [-20, 0, 0],
					"cubes": [
						{"origin": [5, 5, -4], "size": [3, 7, 5], "inflate": 0.01, "uv": [63, 80]}
					]
				},
				{
					"name": "leg_left2",
					"parent": "leg_left",
					"pivot": [6.5, 5, -1.5],
					"cubes": [
						{"origin": [5.5, 0.5, -4], "size": [2, 5, 5], "uv": [13, 90]}
					]
				},
				{
					"name": "leg_left3",
					"parent": "leg_left2",
					"pivot": [6.5, 0.5, -1.5],
					"cubes": [
						{"origin": [6.5, -2.5, -4], "size": [0, 3, 5], "uv": [0, 33]}
					]
				},
				{
					"name": "leg_right",
					"parent": "legs",
					"pivot": [-7, 12, -1.5],
					"rotation": [-20, 0, 0],
					"cubes": [
						{"origin": [-8, 5, -4], "size": [3, 7, 5], "inflate": 0.01, "uv": [47, 78]}
					]
				},
				{
					"name": "leg_right2",
					"parent": "leg_right",
					"pivot": [-6.5, 5, -1.5],
					"cubes": [
						{"origin": [-7.5, 0.5, -4], "size": [2, 5, 5], "uv": [89, 69]}
					]
				},
				{
					"name": "leg_right3",
					"parent": "leg_right2",
					"pivot": [-6.5, 0.5, -4],
					"cubes": [
						{"origin": [-6.5, -2.5, -4], "size": [0, 3, 5], "uv": [0, 4]}
					]
				}
			]
		}
	]
}