{
	"format_version": "1.12.0",
	"minecraft:geometry": [
		{
			"description": {
				"identifier": "geometry.swellow",
				"texture_width": 128,
				"texture_height": 64,
				"visible_bounds_width": 5,
				"visible_bounds_height": 2.5,
				"visible_bounds_offset": [0, 0.75, 0]
			},
			"bones": [
				{
					"name": "swellow",
					"pivot": [0, 0, 0]
				},
				{
					"name": "body",
					"parent": "swellow",
					"pivot": [0, 0, 2]
				},
				{
					"name": "torso",
					"parent": "body",
					"pivot": [0, 4.5, 0.75],
					"rotation": [-25, 0, 0],
					"cubes": [
						{"origin": [-4.5, 3, -9], "size": [9, 8, 8], "uv": [0, 22]},
						{"origin": [-4, 3.5, -1], "size": [8, 7, 4], "uv": [101, 19]},
						{"origin": [-3, 4.5, 3], "size": [6, 5, 4], "uv": [108, 7]}
					]
				},
				{
					"name": "wing_right",
					"parent": "torso",
					"pivot": [-4.5, 7, -8.25],
					"cubes": [
						{"origin": [-10.5, 7, -13.25], "size": [6, 0, 11], "uv": [65, 24]}
					]
				},
				{
					"name": "wing_right2",
					"parent": "wing_right",
					"pivot": [-10.5, 7, -2.25],
					"cubes": [
						{"origin": [-17.5, 7, -13.25], "size": [7, 0, 11], "inflate": 0.01, "uv": [28, 0]}
					]
				},
				{
					"name": "wing_right3",
					"parent": "wing_right2",
					"pivot": [-17.5, 7, -13.25],
					"cubes": [
						{"origin": [-31.5, 7, -13.25], "size": [14, 0, 11], "uv": [0, 11]}
					]
				},
				{
					"name": "wing_left",
					"parent": "torso",
					"pivot": [4.5, 7, -8.25],
					"cubes": [
						{"origin": [4.5, 7, -13.25], "size": [6, 0, 11], "uv": [28, 11]}
					]
				},
				{
					"name": "wing_left2",
					"parent": "wing_left",
					"pivot": [10.5, 7, -2.25],
					"cubes": [
						{"origin": [10.5, 7, -13.25], "size": [7, 0, 11], "inflate": 0.01, "uv": [23, 22]}
					]
				},
				{
					"name": "wing_left3",
					"parent": "wing_left2",
					"pivot": [17.5, 7, -13.25],
					"cubes": [
						{"origin": [17.5, 7, -13.25], "size": [14, 0, 11], "uv": [0, 0]}
					]
				},
				{
					"name": "tail_left",
					"parent": "torso",
					"pivot": [-0.25, 6.5, 6],
					"rotation": [23.47603, 16.1299, 6.88003],
					"cubes": [
						{"origin": [-0.25, 6.5, 6], "size": [3, 0, 5], "inflate": 0.01, "uv": [0, 5]}
					]
				},
				{
					"name": "tail_left2",
					"parent": "tail_left",
					"pivot": [2.75, 6.5, 11],
					"rotation": [0, -12.5, 0],
					"cubes": [
						{"origin": [-0.25, 6.5, 11], "size": [3, 0, 12], "uv": [39, 11]}
					]
				},
				{
					"name": "tail_right",
					"parent": "torso",
					"pivot": [0.25, 6.5, 6],
					"rotation": [23.47603, -16.1299, -6.88003],
					"cubes": [
						{"origin": [-2.75, 6.5, 6], "size": [3, 0, 5], "inflate": 0.01, "uv": [0, 0]}
					]
				},
				{
					"name": "tail_right2",
					"parent": "tail_right",
					"pivot": [-2.75, 6.5, 11],
					"rotation": [0, 12.5, 0],
					"cubes": [
						{"origin": [-2.75, 6.5, 11], "size": [3, 0, 12], "uv": [76, 24]}
					]
				},
				{
					"name": "neck",
					"parent": "torso",
					"pivot": [0, 6.5, -7],
					"rotation": [50, 0, 0],
					"cubes": [
						{"origin": [-3, 4.5, -9.5], "size": [6, 8, 5], "uv": [68, 7]}
					]
				},
				{
					"name": "head",
					"parent": "neck",
					"pivot": [0, 12.77064, -5.89165],
					"rotation": [-22.5, 0, 0],
					"cubes": [
						{"origin": [-3, 10.5, -9.5], "size": [6, 5, 5], "inflate": 0.01, "uv": [86, 1]},
						{"origin": [-2.5, 11.75, -12], "size": [4, 1, 4], "inflate": 0.01, "pivot": [0, 12.25, -9.5], "rotation": [0, -45, 0], "uv": [47, 25]}
					]
				},
				{
					"name": "hair",
					"parent": "head",
					"pivot": [0, 12.77064, -2.39165],
					"rotation": [15, 0, 0]
				},
				{
					"name": "hair2",
					"parent": "head",
					"pivot": [0, 11.27064, -2.39165],
					"rotation": [7.5, 0, 0]
				},
				{
					"name": "hair_left",
					"parent": "head",
					"pivot": [1.5, 11.77064, -2.39165],
					"rotation": [7.5, 0, 0]
				},
				{
					"name": "hair_right",
					"parent": "head",
					"pivot": [-1.5, 11.77064, -2.39165],
					"rotation": [7.5, 0, 0]
				},
				{
					"name": "hair_left2",
					"parent": "head",
					"pivot": [2.75, 12.27064, -2.39165],
					"rotation": [12.5, 0, 0]
				},
				{
					"name": "hair_right2",
					"parent": "head",
					"pivot": [-2.75, 12.27064, -2.39165],
					"rotation": [12.5, 0, 0]
				},
				{
					"name": "jaw",
					"parent": "head",
					"pivot": [0, 11.75, -9],
					"cubes": [
						{"origin": [-1.5, 11.25, -11.5], "size": [4, 1, 4], "inflate": 0.01, "pivot": [0, 11.75, -9], "rotation": [0, 45, 0], "uv": [64, 31]}
					]
				},
				{
					"name": "eye_right",
					"parent": "head",
					"pivot": [0.5, 10.27064, -4.89165],
					"cubes": [
						{"origin": [-3.01, 12.5, -9.51], "size": [2, 2, 2], "inflate": 0.01, "uv": [0, 23]},
						{"origin": [-2.51, 13, -9.515], "size": [1, 1, 1], "inflate": 0.01, "uv": [4, 27]},
						{"origin": [-2.88398, 13.35242, -9.51654], "size": [2, 1, 2], "inflate": 0.02, "pivot": [-2.01, 14, -8.51], "rotation": [0, 0, 10], "uv": [26, 25]}
					]
				},
				{
					"name": "eyelid_right",
					"parent": "eye_right",
					"pivot": [0.6, 10.27064, -4.79165],
					"cubes": [
						{"origin": [-2.91, 12.50095, -9.41], "size": [2, 1, 2], "inflate": 0.03, "uv": [35, 40]}
					]
				},
				{
					"name": "eye_left",
					"parent": "head",
					"pivot": [-0.5, 10.27064, -4.89165],
					"cubes": [
						{"origin": [1.01, 12.5, -9.51], "size": [2, 2, 2], "inflate": 0.01, "uv": [0, 19]},
						{"origin": [1.51, 13, -9.515], "size": [1, 1, 1], "inflate": 0.01, "uv": [6, 19]},
						{"origin": [0.88398, 13.35242, -9.51654], "size": [2, 1, 2], "inflate": 0.02, "pivot": [2.01, 14, -8.51], "rotation": [0, 0, -10], "uv": [26, 22]}
					]
				},
				{
					"name": "eyelid_left",
					"parent": "eye_left",
					"pivot": [-0.6, 10, -5.9],
					"cubes": [
						{"origin": [0.91, 12.50095, -9.41], "size": [2, 1, 2], "inflate": 0.03, "uv": [35, 37]}
					]
				},
				{
					"name": "leg_left",
					"parent": "body",
					"pivot": [2.5, 4, -0.25],
					"rotation": [5, 0, 0],
					"cubes": [
						{"origin": [2, 2.75, -0.75], "size": [1, 2, 1], "inflate": 0.01, "uv": [53, 6]}
					]
				},
				{
					"name": "leg_left2",
					"parent": "leg_left",
					"pivot": [2.5, 2.75, 0.25],
					"rotation": [-15, 0, 0],
					"cubes": [
						{"origin": [2, 0.75, -0.75], "size": [1, 2, 1], "uv": [0, 6]}
					]
				},
				{
					"name": "foot_left",
					"parent": "leg_left2",
					"pivot": [2.5, 0.75, 0.25],
					"rotation": [10, 0, 0],
					"cubes": [
						{"origin": [1.5, -0.07635, -1.98481], "size": [2, 1, 3], "uv": [52, 34]}
					]
				},
				{
					"name": "toe_back_left",
					"parent": "foot_left",
					"pivot": [2.5, 0.92365, 1.01519],
					"cubes": [
						{"origin": [2, -0.07635, 1.01519], "size": [1, 1, 2], "inflate": 0.01, "uv": [53, 3]}
					]
				},
				{
					"name": "claw_back_left",
					"parent": "toe_back_left",
					"pivot": [2.5, 0.92365, 3.01519],
					"cubes": [
						{"origin": [2.5, -0.07635, 3.01519], "size": [0, 1, 1], "uv": [8, 20]}
					]
				},
				{
					"name": "toe_inner_left",
					"parent": "foot_left",
					"pivot": [2, 0.92365, -1.73481],
					"rotation": [0, 12.5, 0],
					"cubes": [
						{"origin": [1, -0.07635, -3.73481], "size": [1, 1, 2], "inflate": 0.01, "uv": [53, 0]}
					]
				},
				{
					"name": "claw_inner_left",
					"parent": "toe_inner_left",
					"pivot": [1.5, 0.92365, -3.73481],
					"cubes": [
						{"origin": [1.5, -0.07635, -4.73481], "size": [0, 1, 1], "uv": [0, 19]}
					]
				},
				{
					"name": "toe_middle_left",
					"parent": "foot_left",
					"pivot": [2.5, 0.92365, -1.98481],
					"cubes": [
						{"origin": [2, -0.07635, -3.98481], "size": [1, 1, 2], "inflate": 0.01, "uv": [48, 30]}
					]
				},
				{
					"name": "claw_middle_left",
					"parent": "toe_middle_left",
					"pivot": [2.5, 0.92365, -3.98481],
					"cubes": [
						{"origin": [2.5, -0.07635, -4.98481], "size": [0, 1, 1], "uv": [9, 18]}
					]
				},
				{
					"name": "toe_outer_left",
					"parent": "foot_left",
					"pivot": [3, 0.92365, -1.73481],
					"rotation": [0, -12.5, 0],
					"cubes": [
						{"origin": [3, -0.07635, -3.73481], "size": [1, 1, 2], "inflate": 0.01, "uv": [67, 9]}
					]
				},
				{
					"name": "claw_outer_left",
					"parent": "toe_outer_left",
					"pivot": [3.5, 0.92365, -3.73481],
					"cubes": [
						{"origin": [3.5, -0.07635, -4.73481], "size": [0, 1, 1], "uv": [0, 18]}
					]
				},
				{
					"name": "leg_right",
					"parent": "body",
					"pivot": [-2.5, 4, -0.25],
					"rotation": [5, 0, 0],
					"cubes": [
						{"origin": [-3, 2.75, -0.75], "size": [1, 2, 1], "inflate": 0.01, "uv": [0, 3]}
					]
				},
				{
					"name": "leg_right2",
					"parent": "leg_right",
					"pivot": [-2.5, 2.75, 0.25],
					"rotation": [-15, 0, 0],
					"cubes": [
						{"origin": [-3, 0.75, -0.75], "size": [1, 2, 1], "uv": [0, 0]}
					]
				},
				{
					"name": "foot_right",
					"parent": "leg_right2",
					"pivot": [-2.5, 0.75, 0.25],
					"rotation": [10, 0, 0],
					"cubes": [
						{"origin": [-3.5, -0.07635, -1.98481], "size": [2, 1, 3], "uv": [52, 30]}
					]
				},
				{
					"name": "toe_back_right",
					"parent": "foot_right",
					"pivot": [-2.5, 0.92365, 1.01519],
					"cubes": [
						{"origin": [-3, -0.07635, 1.01519], "size": [1, 1, 2], "inflate": 0.01, "uv": [72, 36]}
					]
				},
				{
					"name": "claw_back_right",
					"parent": "toe_back_right",
					"pivot": [-2.5, 0.92365, 3.01519],
					"cubes": [
						{"origin": [-2.5, -0.07635, 3.01519], "size": [0, 1, 1], "uv": [2, 8]}
					]
				},
				{
					"name": "toe_inner_right",
					"parent": "foot_right",
					"pivot": [-2, 0.92365, -1.73481],
					"rotation": [0, -12.5, 0],
					"cubes": [
						{"origin": [-2, -0.07635, -3.73481], "size": [1, 1, 2], "inflate": 0.01, "uv": [0, 42]}
					]
				},
				{
					"name": "claw_inner_right",
					"parent": "toe_inner_right",
					"pivot": [-1.5, 0.92365, -3.73481],
					"cubes": [
						{"origin": [-1.5, -0.07635, -4.73481], "size": [0, 1, 1], "uv": [0, 8]}
					]
				},
				{
					"name": "toe_middle_right",
					"parent": "foot_right",
					"pivot": [-2.5, 0.92365, -1.98481],
					"cubes": [
						{"origin": [-3, -0.07635, -3.98481], "size": [1, 1, 2], "inflate": 0.01, "uv": [0, 39]}
					]
				},
				{
					"name": "claw_middle_right",
					"parent": "toe_middle_right",
					"pivot": [-2.5, 0.92365, -3.98481],
					"cubes": [
						{"origin": [-2.5, -0.07635, -4.98481], "size": [0, 1, 1], "uv": [3, 5]}
					]
				},
				{
					"name": "toe_outer_right",
					"parent": "foot_right",
					"pivot": [-3, 0.92365, -1.73481],
					"rotation": [0, 12.5, 0],
					"cubes": [
						{"origin": [-4, -0.07635, -3.73481], "size": [1, 1, 2], "inflate": 0.01, "uv": [0, 27]}
					]
				},
				{
					"name": "claw_outer_right",
					"parent": "toe_outer_right",
					"pivot": [-3.5, 0.92365, -3.73481],
					"cubes": [
						{"origin": [-3.5, -0.07635, -4.73481], "size": [0, 1, 1], "uv": [3, 2]}
					]
				}
			]
		}
	]
}