{
	"format_version": "1.12.0",
	"minecraft:geometry": [
		{
			"description": {
				"identifier": "geometry.sawk",
				"texture_width": 64,
				"texture_height": 64,
				"visible_bounds_width": 4,
				"visible_bounds_height": 3.5,
				"visible_bounds_offset": [0, 1.25, 0]
			},
			"bones": [
				{
					"name": "sawk",
					"pivot": [0, 0, 0]
				},
				{
					"name": "arm_right",
					"parent": "sawk",
					"pivot": [1, 0, 0],
					"cubes": [
						{"origin": [24, 14, 1], "size": [4, 13, 3], "pivot": [20, 14, 4], "rotation": [0.88045, 9.96156, -84.92327], "uv": [18, 40]},
						{"origin": [37, 24, 1], "size": [2, 4, 1], "pivot": [33, 15, 4], "rotation": [0.44067, 9.99038, -87.46148], "uv": [32, 49]},
						{"origin": [36, 23, 3], "size": [2, 4, 1], "pivot": [32, 14, 6], "rotation": [0.44067, 9.99038, -87.46148], "uv": [46, 30]},
						{"origin": [36, 21, 1], "size": [2, 4, 1], "pivot": [32, 12, 4], "rotation": [-1.17915, 10.02262, -82.38551], "uv": [46, 35]}
					]
				},
				{
					"name": "arm_left",
					"parent": "sawk",
					"pivot": [6, 1, 9],
					"rotation": [162.61979, 3.24938, -177.61193],
					"cubes": [
						{"origin": [29, 15, 10], "size": [4, 13, 3], "pivot": [25, 15, 13], "rotation": [0.88045, 9.96156, -84.92327], "uv": [38, 0]},
						{"origin": [42, 25, 10], "size": [2, 4, 1], "pivot": [38, 16, 13], "rotation": [0.44067, 9.99038, -87.46148], "uv": [46, 16]},
						{"origin": [41, 24, 12], "size": [2, 4, 1], "pivot": [37, 15, 15], "rotation": [0.44067, 9.99038, -87.46148], "uv": [44, 25]},
						{"origin": [41, 22, 10], "size": [2, 4, 1], "pivot": [37, 13, 13], "rotation": [-1.17915, 10.02262, -82.38551], "uv": [0, 13]}
					]
				},
				{
					"name": "leg_right",
					"parent": "sawk",
					"pivot": [0, 0, 0],
					"cubes": [
						{"origin": [6, 0, 0], "size": [4, 13, 5], "uv": [26, 22]},
						{"origin": [7, 0, -1], "size": [3, 2, 2], "pivot": [10, 0, 0], "rotation": [0, -22.5, 0], "uv": [21, 22]}
					]
				},
				{
					"name": "leg_left",
					"parent": "sawk",
					"pivot": [0, 0, 0],
					"cubes": [
						{"origin": [-2, 0, 0], "size": [4, 13, 5], "uv": [0, 33]},
						{"origin": [-2, 0, -2], "size": [3, 2, 3], "pivot": [1, 0, 0], "rotation": [0, 22.5, 0], "uv": [13, 33]}
					]
				},
				{
					"name": "torso",
					"parent": "sawk",
					"pivot": [0, 0, 0],
					"cubes": [
						{"origin": [5, 15, 0], "size": [14, 8, 5], "pivot": [8, 15, 4], "rotation": [0, 10, -90], "uv": [0, 0]},
						{"origin": [7, 21, -1], "size": [6, 2, 1], "pivot": [14, 15, -1], "rotation": [0, -7.5, -90], "uv": [27, 16]},
						{"origin": [2, 21, -1], "size": [5, 2, 1], "pivot": [8, 15, -1], "rotation": [0, -7.5, -90], "uv": [39, 22]},
						{"origin": [7, 15, -1], "size": [1, 10, 7], "pivot": [8, 16, 4], "rotation": [0, 17.5, -90], "uv": [37, 33]},
						{"origin": [-1, 12, -1], "size": [10, 2, 7], "pivot": [0, 12, 4], "rotation": [10, 0, 0], "uv": [0, 13]}
					]
				},
				{
					"name": "head",
					"parent": "sawk",
					"pivot": [0, 0, 0],
					"cubes": [
						{"origin": [5, 27, -3], "size": [8, 6, 5], "pivot": [8, 26, 1], "rotation": [0, 17.5, -90], "uv": [0, 22]},
						{"origin": [13, 30, -3], "size": [2, 1, 1], "pivot": [12, 26, -3], "rotation": [0.78795, 17.48281, -87.37884], "uv": [0, 18]},
						{"origin": [12, 30, -4], "size": [2, 1, 1], "pivot": [11, 26, -4], "rotation": [0.78795, 17.48281, -87.37884], "uv": [27, 13]},
						{"origin": [5, 29, -4], "size": [5, 2, 1], "pivot": [8, 26, -4], "rotation": [0.78795, 17.48281, -87.37884], "uv": [34, 19]},
						{"origin": [11, 30, -4], "size": [1, 1, 1], "pivot": [10, 26, -4], "rotation": [0.78795, 17.48281, -87.37884], "uv": [0, 0]}
					]
				}
			]
		}
	]
}