{
	"format_version": "1.12.0",
	"minecraft:geometry": [
		{
			"description": {
				"identifier": "geometry.spoink",
				"texture_width": 32,
				"texture_height": 32,
				"visible_bounds_width": 2,
				"visible_bounds_height": 2.5,
				"visible_bounds_offset": [0, 0.75, 0]
			},
			"bones": [
				{
					"name": "spoink",
					"pivot": [0, 0, 0],
					"rotation": [0, -90, 0]
				},
				{
					"name": "springgroup1",
					"parent": "spoink",
					"pivot": [0, 1, 0],
					"cubes": [
						{"origin": [-1, 4, -1], "size": [1, 1, 1], "uv": [22, 0]},
						{"origin": [-1, 3, -1], "size": [1, 1, 3], "uv": [17, 14]},
						{"origin": [0, 3, 1], "size": [2, 1, 1], "uv": [20, 21]},
						{"origin": [0, 3, -1], "size": [2, 1, 1], "uv": [14, 21]},
						{"origin": [1, 3, 0], "size": [1, 1, 1], "uv": [16, 2]}
					]
				},
				{
					"name": "springgroup2",
					"parent": "spoink",
					"pivot": [0, -1, 0],
					"cubes": [
						{"origin": [1, 2, 1], "size": [1, 1, 1], "uv": [16, 0]},
						{"origin": [-1, 1, -1], "size": [1, 1, 3], "uv": [12, 13]},
						{"origin": [0, 1, 1], "size": [2, 1, 1], "uv": [21, 12]},
						{"origin": [0, 1, -1], "size": [2, 1, 1], "uv": [8, 21]},
						{"origin": [1, 1, 0], "size": [1, 1, 1], "uv": [0, 15]},
						{"origin": [0, 0, -1], "size": [1, 1, 1], "uv": [0, 13]}
					]
				},
				{
					"name": "right_arm",
					"parent": "spoink",
					"pivot": [0, 5, 0],
					"cubes": [
						{"origin": [0, 8, 3], "size": [1, 1, 2], "uv": [0, 3]}
					]
				},
				{
					"name": "left_arm",
					"parent": "spoink",
					"pivot": [0, 5, 0],
					"cubes": [
						{"origin": [0, 8, -5], "size": [1, 1, 2], "uv": [0, 0]}
					]
				},
				{
					"name": "torso",
					"parent": "spoink",
					"pivot": [0, 5, 0]
				},
				{
					"name": "right_ear",
					"parent": "torso",
					"pivot": [0, 0, 0],
					"cubes": [
						{"origin": [-1, 12, 2], "size": [3, 2, 1], "uv": [0, 21]}
					]
				},
				{
					"name": "left_ear",
					"parent": "torso",
					"pivot": [0, 0, 0],
					"cubes": [
						{"origin": [-1, 12, -3], "size": [3, 2, 1], "uv": [16, 18]}
					]
				},
				{
					"name": "snount",
					"parent": "torso",
					"pivot": [0, 0, 0],
					"cubes": [
						{"origin": [-3, 8, -2], "size": [1, 2, 4], "uv": [16, 0]}
					]
				},
				{
					"name": "body_extra",
					"parent": "torso",
					"pivot": [0, 0, 0],
					"cubes": [
						{"origin": [-2, 5, -3], "size": [5, 7, 6], "uv": [0, 0]}
					]
				},
				{
					"name": "pearl_extra",
					"parent": "torso",
					"pivot": [0, 5, 0],
					"cubes": [
						{"origin": [-1, 12, -2], "size": [4, 4, 4], "uv": [0, 13]}
					]
				}
			]
		}
	]
}