{
	"format_version": "1.12.0",
	"minecraft:geometry": [
		{
			"description": {
				"identifier": "geometry.spritzee",
				"texture_width": 32,
				"texture_height": 32,
				"visible_bounds_width": 2,
				"visible_bounds_height": 2.5,
				"visible_bounds_offset": [0, 0.75, 0]
			},
			"bones": [
				{
					"name": "all",
					"pivot": [0, 0, 0]
				},
				{
					"name": "body",
					"parent": "all",
					"pivot": [0, 0, 0],
					"cubes": [
						{"origin": [-2, 2, -3], "size": [4, 4, 4], "uv": [0, 0]}
					]
				},
				{
					"name": "legs",
					"parent": "all",
					"pivot": [0, 0, 0],
					"cubes": [
						{"origin": [-2, 0, -2], "size": [1, 2, 1], "uv": [0, 8]},
						{"origin": [1, 0, -2], "size": [1, 2, 1], "uv": [0, 0]}
					]
				},
				{
					"name": "wings",
					"parent": "all",
					"pivot": [0, 0, 0],
					"cubes": [
						{"origin": [-3, 3, -2], "size": [1, 2, 3], "uv": [0, 14]},
						{"origin": [2, 3, -2], "size": [1, 2, 3], "uv": [13, 5]},
						{"origin": [-4, 2, -2], "size": [2, 1, 2], "uv": [16, 10]},
						{"origin": [2, 2, -2], "size": [2, 1, 2], "uv": [8, 16]}
					]
				},
				{
					"name": "snounts",
					"parent": "all",
					"pivot": [0, 0, 0],
					"cubes": [
						{"origin": [-1, 3, -6], "size": [2, 2, 1], "pivot": [0, 0, 0], "rotation": [-2.5, 0, 0], "uv": [16, 16]},
						{"origin": [-1, 3, -5], "size": [2, 2, 2], "uv": [12, 0]},
						{"origin": [-1, 4, -5], "size": [2, 2, 1], "pivot": [0, 0, 0], "rotation": [5, 0, 0], "uv": [18, 4]}
					]
				},
				{
					"name": "hairs",
					"parent": "all",
					"pivot": [0, 0, 0],
					"cubes": [
						{"origin": [-1, 5, -2], "size": [2, 2, 4], "uv": [0, 8]},
						{"origin": [-1, 6, -2], "size": [2, 2, 3], "uv": [9, 11]},
						{"origin": [-1, 8, 1], "size": [2, 1, 1], "uv": [8, 9]}
					]
				}
			]
		}
	]
}