{
	"format_version": "1.12.0",
	"minecraft:geometry": [
		{
			"description": {
				"identifier": "geometry.sawk",
				"texture_width": 128,
				"texture_height": 128,
				"visible_bounds_width": 4,
				"visible_bounds_height": 3.5,
				"visible_bounds_offset": [0, 1.25, 0]
			},
			"bones": [
				{
					"name": "throh",
					"pivot": [0, 0, 0]
				},
				{
					"name": "torso",
					"parent": "throh",
					"pivot": [0, 0, 0],
					"cubes": [
						{"origin": [-6, 12, -1], "size": [20, 2, 7], "pivot": [0, 12, 4], "rotation": [10, 0, 0], "uv": [0, 36]},
						{"origin": [-4, 13, -1], "size": [16, 10, 7], "pivot": [0, 13, 4], "rotation": [5, 0, 0], "uv": [0, 19]},
						{"origin": [7, 11, -2], "size": [1, 18, 8], "pivot": [8, 16, 4], "rotation": [0, 17.5, -90], "uv": [44, 0]},
						{"origin": [7, 21, -1], "size": [6, 2, 1], "pivot": [14, 15, -1], "rotation": [0, -7.5, -90], "uv": [36, 5]},
						{"origin": [2, 21, -1], "size": [5, 2, 1], "pivot": [8, 15, -1], "rotation": [0, -7.5, -90], "uv": [54, 5]},
						{"origin": [-3, 15, 1], "size": [14, 11, 8], "pivot": [0, 15, 11], "rotation": [17.5, 0, 0], "uv": [0, 0]}
					]
				},
				{
					"name": "head",
					"parent": "throh",
					"pivot": [0, 0, 0],
					"cubes": [
						{"origin": [1, 17, -3], "size": [6, 7, 6], "pivot": [0, 14, 1], "rotation": [15, 0, 0], "uv": [22, 55]},
						{"origin": [5, 22, -5], "size": [5, 2, 1], "pivot": [8, 19, -5], "rotation": [0.78795, 17.48281, -87.37884], "uv": [46, 26]},
						{"origin": [8, 20, -5], "size": [1, 6, 1], "pivot": [7, 20, -5], "rotation": [0, 17.5, -90], "uv": [0, 0]},
						{"origin": [7, 25, -4], "size": [1, 1, 1], "pivot": [6, 20, -4], "rotation": [0, 17.5, -90], "uv": [4, 2]},
						{"origin": [14, 25, -4], "size": [1, 1, 1], "pivot": [13, 20, -4], "rotation": [0, 17.5, -90], "uv": [4, 0]}
					]
				},
				{
					"name": "leg_left",
					"parent": "throh",
					"pivot": [0, 0, 0],
					"cubes": [
						{"origin": [-5, 0, 0], "size": [6, 13, 5], "uv": [0, 55]},
						{"origin": [-4, 0, -2], "size": [4, 2, 3], "pivot": [0, 0, 0], "rotation": [-7.85952, -17.34551, 2.35666], "uv": [54, 0]}
					]
				},
				{
					"name": "leg_right",
					"parent": "throh",
					"pivot": [0, 0, 0],
					"cubes": [
						{"origin": [7, 0, 0], "size": [6, 13, 5], "uv": [54, 26]},
						{"origin": [8, 0, -2], "size": [4, 2, 3], "pivot": [11, 0, 0], "rotation": [-7.85952, 17.34551, -2.35666], "uv": [36, 0]}
					]
				},
				{
					"name": "arm_right",
					"parent": "throh",
					"pivot": [8, 0, 4],
					"rotation": [0, 180, 0],
					"cubes": [
						{"origin": [-8, 15, 4], "size": [12, 6, 4], "pivot": [-8, 15, 7], "rotation": [5, 0, 0], "uv": [0, 45]},
						{"origin": [-10, 15, 4], "size": [2, 3, 1], "pivot": [-20, 15, 7], "rotation": [5, 0, 0], "uv": [28, 45]},
						{"origin": [-10, 15, 7], "size": [2, 3, 1], "pivot": [-20, 15, 10], "rotation": [5, 0, 0], "uv": [0, 36]},
						{"origin": [-10, 18, 5], "size": [2, 3, 1], "pivot": [-20, 18, 8], "rotation": [4.89169, -2.70615, 2.27522], "uv": [0, 19]}
					]
				},
				{
					"name": "arm_left",
					"parent": "throh",
					"pivot": [0, 0, 0],
					"cubes": [
						{"origin": [-16, 15, 0], "size": [12, 6, 4], "pivot": [-16, 15, 3], "rotation": [5, 0, 0], "uv": [32, 45]},
						{"origin": [-18, 15, 0], "size": [2, 3, 1], "pivot": [-28, 15, 3], "rotation": [5, 0, 0], "uv": [47, 37]},
						{"origin": [-18, 15, 3], "size": [2, 3, 1], "pivot": [-28, 15, 6], "rotation": [5, 0, 0], "uv": [47, 33]},
						{"origin": [-18, 18, 1], "size": [2, 3, 1], "pivot": [-28, 18, 4], "rotation": [4.89169, -2.70615, 2.27522], "uv": [46, 29]}
					]
				}
			]
		}
	]
}