{
	"format_version": "1.12.0",
	"minecraft:geometry": [
		{
			"description": {
				"identifier": "geometry.taillow",
				"texture_width": 64,
				"texture_height": 32,
				"visible_bounds_width": 4,
				"visible_bounds_height": 2.5,
				"visible_bounds_offset": [0, 0.75, 0]
			},
			"bones": [
				{
					"name": "taillow",
					"pivot": [0, 0, 0]
				},
				{
					"name": "body",
					"parent": "taillow",
					"pivot": [0, 5, 0]
				},
				{
					"name": "torso",
					"parent": "body",
					"pivot": [0, 4, -1],
					"rotation": [-17.5, 0, 0],
					"cubes": [
						{"origin": [-3, 2, -5], "size": [6, 6, 6], "uv": [0, 0]},
						{"origin": [-2.5, 2.5, 0.5], "size": [5, 5, 3], "uv": [48, 0]}
					]
				},
				{
					"name": "tail_left",
					"parent": "torso",
					"pivot": [0.25, 4.5, 3.5],
					"rotation": [0, 10, 0],
					"cubes": [
						{"origin": [0.25, 4.5, 3.5], "size": [2, 0, 3], "inflate": 0.01, "uv": [21, 8]}
					]
				},
				{
					"name": "tail_left2",
					"parent": "tail_left",
					"pivot": [2.25, 4.5, 6.5],
					"rotation": [0, -10, 0],
					"cubes": [
						{"origin": [0.25, 4.5, 6.5], "size": [2, 0, 5], "uv": [3, 25]}
					]
				},
				{
					"name": "tail_right",
					"parent": "torso",
					"pivot": [-0.25, 4.5, 3.5],
					"rotation": [0, -10, 0],
					"cubes": [
						{"origin": [-2.25, 4.5, 3.5], "size": [2, 0, 3], "inflate": 0.01, "uv": [21, 5]}
					]
				},
				{
					"name": "tail_right2",
					"parent": "tail_right",
					"pivot": [-2.25, 4.5, 6.5],
					"rotation": [0, 10, 0],
					"cubes": [
						{"origin": [-2.25, 4.5, 6.5], "size": [2, 0, 5], "uv": [24, 8]}
					]
				},
				{
					"name": "neck",
					"parent": "torso",
					"pivot": [0, 4.75, -3],
					"rotation": [22.5, 0, 0],
					"cubes": [
						{"origin": [-2.5, 3.75, -5.5], "size": [5, 4, 5], "uv": [15, 17]}
					]
				},
				{
					"name": "head",
					"parent": "neck",
					"pivot": [0, 8, -3],
					"rotation": [-5, 0, 0],
					"cubes": [
						{"origin": [-1.5, 5.5, -7], "size": [1, 1, 1], "inflate": 0.01, "pivot": [0, 7, -5.5], "rotation": [-15.96333, -42.9891, 11.14596], "uv": [32, 20]},
						{"origin": [-1.5, 6.5, -7], "size": [3, 1, 3], "inflate": 0.01, "pivot": [0, 7, -5.5], "rotation": [3.53329, -44.94549, -2.49762], "uv": [30, 18]},
						{"origin": [-2.5, 5.5, -5.5], "size": [5, 5, 5], "inflate": 0.01, "uv": [0, 12]}
					]
				},
				{
					"name": "jaw",
					"parent": "head",
					"pivot": [0, 6.5, -5],
					"rotation": [-2.5, 0, 0],
					"cubes": [
						{"origin": [-1.5, 6, -6.5], "size": [3, 1, 3], "inflate": 0.01, "pivot": [0, 7, -5], "rotation": [0, -45, 0], "uv": [52, 11]}
					]
				},
				{
					"name": "eye_left",
					"parent": "head",
					"pivot": [1.51, 8, -5.01],
					"cubes": [
						{"origin": [0.51, 7, -5.51], "size": [2, 2, 1], "inflate": 0.01, "uv": [33, 10]},
						{"origin": [1.01, 7.75, -5.515], "size": [1, 1, 1], "inflate": 0.01, "uv": [40, 3]}
					]
				},
				{
					"name": "eyelid_left",
					"parent": "eye_left",
					"pivot": [1.41, 8, -4.91],
					"cubes": [
						{"origin": [0.41, 7, -5.41], "size": [2, 2, 1], "inflate": 0.02, "uv": [42, 15]}
					]
				},
				{
					"name": "eye_right",
					"parent": "head",
					"pivot": [-1.51, 8, -5.01],
					"cubes": [
						{"origin": [-2.51, 7, -5.51], "size": [2, 2, 1], "inflate": 0.01, "uv": [0, 3]},
						{"origin": [-2.01, 7.75, -5.515], "size": [1, 1, 1], "inflate": 0.01, "uv": [40, 0]}
					]
				},
				{
					"name": "eyelid_right",
					"parent": "eye_right",
					"pivot": [-1.41, 8, -4.91],
					"cubes": [
						{"origin": [-2.41, 7, -5.41], "size": [2, 2, 1], "inflate": 0.02, "uv": [0, 0]}
					]
				},
				{
					"name": "wing_left",
					"parent": "torso",
					"pivot": [3, 6, -3.75],
					"cubes": [
						{"origin": [3, 6, -5.75], "size": [3, 0, 5], "uv": [28, 5]}
					]
				},
				{
					"name": "wing_left2",
					"parent": "wing_left",
					"pivot": [6, 6, -0.75],
					"cubes": [
						{"origin": [6, 6, -5.75], "size": [4, 0, 5], "inflate": 0.01, "uv": [37, 10]}
					]
				},
				{
					"name": "wing_left3",
					"parent": "wing_left2",
					"pivot": [10, 6, -5.75],
					"cubes": [
						{"origin": [10, 6, -5.75], "size": [7, 0, 5], "uv": [13, 0]}
					]
				},
				{
					"name": "wing_right",
					"parent": "torso",
					"pivot": [-3, 6, -3.75],
					"cubes": [
						{"origin": [-6, 6, -5.75], "size": [3, 0, 5], "uv": [27, 0]}
					]
				},
				{
					"name": "wing_right2",
					"parent": "wing_right",
					"pivot": [-6, 6, -0.75],
					"cubes": [
						{"origin": [-10, 6, -5.75], "size": [4, 0, 5], "inflate": 0.01, "uv": [25, 13]}
					]
				},
				{
					"name": "wing_right3",
					"parent": "wing_right2",
					"pivot": [-10, 6, -5.75],
					"cubes": [
						{"origin": [-17, 6, -5.75], "size": [7, 0, 5], "uv": [10, 12]}
					]
				},
				{
					"name": "leg_left",
					"parent": "body",
					"pivot": [1.5, 3, -0.75],
					"rotation": [5, 0, 0],
					"cubes": [
						{"origin": [1, 1.75, -1.25], "size": [1, 1, 1], "inflate": 0.01, "uv": [4, 28]}
					]
				},
				{
					"name": "leg_left2",
					"parent": "leg_left",
					"pivot": [1.5, 1.75, -0.25],
					"rotation": [-15, 0, 0],
					"cubes": [
						{"origin": [1, 0.75, -1.25], "size": [1, 1, 1], "uv": [0, 28]}
					]
				},
				{
					"name": "foot_left",
					"parent": "leg_left2",
					"pivot": [1.5, 0.75, -1.25],
					"rotation": [10, 0, 0],
					"cubes": [
						{"origin": [0.5, -0.25, -2], "size": [2, 1, 2], "uv": [0, 25]}
					]
				},
				{
					"name": "toe_back_left",
					"parent": "foot_left",
					"pivot": [1.5, 0.75, 0],
					"cubes": [
						{"origin": [1.5, -0.25, 0], "size": [0, 1, 1], "inflate": 0.01, "uv": [6, 24]}
					]
				},
				{
					"name": "claw_back_left",
					"parent": "toe_back_left",
					"pivot": [1.5, 0.75, 1],
					"cubes": [
						{"origin": [1.5, -0.25, 1], "size": [0, 1, 1], "uv": [0, 24]}
					]
				},
				{
					"name": "toe_inner_left",
					"parent": "foot_left",
					"pivot": [0.75, 0.75, -2],
					"cubes": [
						{"origin": [0.75, -0.25, -3], "size": [0, 1, 1], "inflate": 0.01, "uv": [12, 23]}
					]
				},
				{
					"name": "claw_inner_left",
					"parent": "toe_inner_left",
					"pivot": [0.75, 0.75, -3],
					"cubes": [
						{"origin": [0.75, -0.25, -4], "size": [0, 1, 1], "uv": [12, 22]}
					]
				},
				{
					"name": "toe_middle_left",
					"parent": "foot_left",
					"pivot": [1.5, 0.75, -2],
					"cubes": [
						{"origin": [1.5, -0.25, -3], "size": [0, 1, 1], "inflate": 0.01, "uv": [0, 22]}
					]
				},
				{
					"name": "claw_middle_left",
					"parent": "toe_middle_left",
					"pivot": [1.5, 0.75, -3],
					"cubes": [
						{"origin": [1.5, -0.25, -4], "size": [0, 1, 1], "uv": [12, 21]}
					]
				},
				{
					"name": "toe_outer_left",
					"parent": "foot_left",
					"pivot": [2.25, 0.75, -2],
					"cubes": [
						{"origin": [2.25, -0.25, -3], "size": [0, 1, 1], "inflate": 0.01, "uv": [6, 22]}
					]
				},
				{
					"name": "claw_outer_left",
					"parent": "toe_outer_left",
					"pivot": [2.25, 0.75, -3],
					"cubes": [
						{"origin": [2.25, -0.25, -4], "size": [0, 1, 1], "uv": [22, 4]}
					]
				},
				{
					"name": "leg_right",
					"parent": "body",
					"pivot": [-1.5, 3, -0.75],
					"rotation": [5, 0, 0],
					"cubes": [
						{"origin": [-2, 1.75, -1.25], "size": [1, 1, 1], "inflate": 0.01, "uv": [0, 14]}
					]
				},
				{
					"name": "leg_right2",
					"parent": "leg_right",
					"pivot": [-1.5, 1.75, -0.25],
					"rotation": [-15, 0, 0],
					"cubes": [
						{"origin": [-2, 0.75, -1.25], "size": [1, 1, 1], "uv": [0, 12]}
					]
				},
				{
					"name": "foot_right",
					"parent": "leg_right2",
					"pivot": [-1.5, 0.75, -1.25],
					"rotation": [10, 0, 0],
					"cubes": [
						{"origin": [-2.5, -0.25, -2], "size": [2, 1, 2], "uv": [0, 22]}
					]
				},
				{
					"name": "toe_back_right",
					"parent": "foot_right",
					"pivot": [-1.5, 0.75, 0],
					"cubes": [
						{"origin": [-1.5, -0.25, 0], "size": [0, 1, 1], "inflate": 0.01, "uv": [6, 21]}
					]
				},
				{
					"name": "claw_back_right",
					"parent": "toe_back_right",
					"pivot": [-1.5, 0.75, 1],
					"cubes": [
						{"origin": [-1.5, -0.25, 1], "size": [0, 1, 1], "uv": [0, 21]}
					]
				},
				{
					"name": "toe_inner_right",
					"parent": "foot_right",
					"pivot": [-0.75, 0.75, -2],
					"cubes": [
						{"origin": [-0.75, -0.25, -3], "size": [0, 1, 1], "inflate": 0.01, "uv": [20, 4]}
					]
				},
				{
					"name": "claw_inner_right",
					"parent": "toe_inner_right",
					"pivot": [-0.75, 0.75, -3],
					"cubes": [
						{"origin": [-0.75, -0.25, -4], "size": [0, 1, 1], "uv": [18, 4]}
					]
				},
				{
					"name": "toe_middle_right",
					"parent": "foot_right",
					"pivot": [-1.5, 0.75, -2],
					"cubes": [
						{"origin": [-1.5, -0.25, -3], "size": [0, 1, 1], "inflate": 0.01, "uv": [2, 15]}
					]
				},
				{
					"name": "claw_middle_right",
					"parent": "toe_middle_right",
					"pivot": [-1.5, 0.75, -3],
					"cubes": [
						{"origin": [-1.5, -0.25, -4], "size": [0, 1, 1], "uv": [0, 15]}
					]
				},
				{
					"name": "toe_outer_right",
					"parent": "foot_right",
					"pivot": [-2.25, 0.75, -2],
					"cubes": [
						{"origin": [-2.25, -0.25, -3], "size": [0, 1, 1], "inflate": 0.01, "uv": [3, 13]}
					]
				},
				{
					"name": "claw_outer_right",
					"parent": "toe_outer_right",
					"pivot": [-2.25, 0.75, -3],
					"cubes": [
						{"origin": [-2.25, -0.25, -4], "size": [0, 1, 1], "uv": [3, 11]}
					]
				}
			]
		}
	]
}