{
	"format_version": "1.8.0",
	"animations": {
		"animation.sunflora.sleep": {
			"loop": true,
			"bones": {
				"front_petal_0": {
					"rotation": [120, 0, 0],
					"position": [0, 0, -0.3]
				},
				"front_petal_1": {
					"rotation": [140, 0, 0],
					"position": [0, 0, -0.8]
				},
				"front_petal_2": {
					"rotation": [0, 110, 0],
					"position": [0, 0, -0.3]
				},
				"front_petal_3": {
					"rotation": [-140, 0, 0],
					"position": [0, 0, -0.8]
				},
				"front_petal_4": {
					"rotation": [-110, 0, 0],
					"position": [0, 0, -0.3]
				},
				"front_petal_5": {
					"rotation": [-140, 0, 0],
					"position": [0, 0, -0.8]
				},
				"front_petal_6": {
					"rotation": [0, -110, 0],
					"position": [0, 0, -0.3]
				},
				"front_petal_7": {
					"rotation": [140, 0, 0],
					"position": [0, 0, -0.8]
				},
				"back_petal_0": {
					"rotation": [10, 0, 0]
				},
				"back_petal_1": {
					"rotation": [0, 10, 0]
				},
				"back_petal_7": {
					"rotation": [10, 0, 0]
				},
				"back_petal_2": {
					"rotation": [0, 10, 0]
				},
				"back_petal_4": {
					"rotation": [-10, 0, 0]
				},
				"back_petal_3": {
					"rotation": [-10, 0, 0]
				},
				"back_petal_5": {
					"rotation": [0, -10, 0]
				},
				"back_petal_6": {
					"rotation": [0, -10, 0]
				},
				"eyelids": {
					"position": [0, 0.7, 0]
				},
				"head": {
					"rotation": ["-5 + math.sin(((query.anim_time) - (0.5/4)) * 90 * 1) * (-4 * 1)", 0, 0]
				},
				"neck_1": {
					"rotation": [7.5, 0, 0]
				},
				"neck_0": {
					"rotation": ["5 + math.cos(((query.anim_time) - (0.5/4)) * 90 * 1) * (-2 * 1)", 0, 0]
				},
				"torso": {
					"rotation": ["2.5 + math.sin(((query.anim_time) - (0.5/4)) * 90 * 1) * (-4 * 1)", 0, 0]
				},
				"waist": {
					"rotation": ["7.5 + math.cos(((query.anim_time) - (0.5/4)) * 90 * 1) * (-4 * 1)", 0, 0]
				},
				"mouth": {
					"position": [0, 0, 1]
				},
				"l_arm": {
					"rotation": [-30, 50, 2.5]
				},
				"l_forearm": {
					"rotation": [0, 0, "32.5 + math.sin(((query.anim_time) - (0.5/4)) * 90 * -1) * (4 * 1)"]
				},
				"l_hand": {
					"rotation": [0, 0, "30 + math.sin(((query.anim_time) - (0.5/4)) * 90 * 1) * (-4 * 1)"]
				},
				"r_arm": {
					"rotation": [-30, -50, -2.5]
				},
				"r_forearm": {
					"rotation": [0, 0, "-32.5 + math.sin(((query.anim_time) - (0.5/4)) * 90 * 1) * (4 * 1)"]
				},
				"r_hand": {
					"rotation": [0, 0, "-30 + math.sin(((query.anim_time) - (0.5/4)) * 90 * 1) * (4 * 1)"]
				},
				"closed_mouth": {
					"position": [0, 0, -1]
				},
				"eyes": {
					"position": [0, 0.3, 0]
				}
			}
		},
		"animation.sunflora.faint": {
			"animation_length": 2.885,
			"bones": {
				"waist": {
					"rotation": {
						"0.0": {
							"post": [0, 0, 0],
							"lerp_mode": "catmullrom"
						},
						"0.3333": {
							"post": [12, 0, 0],
							"lerp_mode": "catmullrom"
						},
						"0.625": {
							"post": [29, 0, 0],
							"lerp_mode": "catmullrom"
						},
						"1.125": {
							"post": [29, 0, 0],
							"lerp_mode": "catmullrom"
						},
						"1.6667": {
							"post": [-70, 0, 0],
							"lerp_mode": "catmullrom"
						},
						"1.9167": {
							"post": [-74, 0, 0],
							"lerp_mode": "catmullrom"
						},
						"2.125": {
							"post": [-69, 0, 0],
							"lerp_mode": "catmullrom"
						},
						"2.875": {
							"post": [-69, 0, 0],
							"lerp_mode": "catmullrom"
						}
					},
					"position": {
						"0.0": {
							"post": [0, 0, 0],
							"lerp_mode": "catmullrom"
						},
						"0.1667": {
							"post": [0, 0.5, 0.2],
							"lerp_mode": "catmullrom"
						},
						"0.3333": {
							"post": [0, 0, -0.6],
							"lerp_mode": "catmullrom"
						},
						"0.625": {
							"post": [0, -0.06, -0.85],
							"lerp_mode": "catmullrom"
						},
						"1.125": {
							"post": [0, -0.06, -0.85],
							"lerp_mode": "catmullrom"
						},
						"1.6667": {
							"post": [0, -1.7, 3.2],
							"lerp_mode": "catmullrom"
						},
						"2.875": {
							"post": [0, -1.7, 3.2],
							"lerp_mode": "catmullrom"
						}
					}
				},
				"torso": {
					"rotation": {
						"0.0": {
							"post": [0, 0, 0],
							"lerp_mode": "catmullrom"
						},
						"0.3333": {
							"post": [5, 0, 0],
							"lerp_mode": "catmullrom"
						},
						"0.625": {
							"post": [20, 0, 0],
							"lerp_mode": "catmullrom"
						},
						"1.125": {
							"post": [20, 0, 0],
							"lerp_mode": "catmullrom"
						},
						"1.6667": {
							"post": [9.10327, 0.59434, -0.46017],
							"lerp_mode": "catmullrom"
						},
						"1.9167": {
							"post": [-26, 0, 0],
							"lerp_mode": "catmullrom"
						},
						"2.875": {
							"post": [-26, 0, 0],
							"lerp_mode": "catmullrom"
						}
					}
				},
				"neck_0": {
					"rotation": {
						"0.0": {
							"post": [0, 0, 0],
							"lerp_mode": "catmullrom"
						},
						"1.875": {
							"post": [3.45463, 0, 0.81631],
							"lerp_mode": "catmullrom"
						},
						"2.0833": {
							"post": [-22, 0, 0],
							"lerp_mode": "catmullrom"
						},
						"2.875": {
							"post": [-22, 0, 0],
							"lerp_mode": "catmullrom"
						}
					}
				},
				"neck_1": {
					"rotation": {
						"0.0": {
							"post": [0, 0, 0],
							"lerp_mode": "catmullrom"
						},
						"0.3333": {
							"post": [5, 0, 0],
							"lerp_mode": "catmullrom"
						},
						"0.625": {
							"post": [10, 0, 0],
							"lerp_mode": "catmullrom"
						},
						"1.125": {
							"post": [10, 0, 0],
							"lerp_mode": "catmullrom"
						},
						"1.6667": {
							"post": [-9.68, 0, 0],
							"lerp_mode": "catmullrom"
						},
						"2.0833": {
							"post": [1.32, 0, 0],
							"lerp_mode": "catmullrom"
						},
						"2.875": {
							"post": [1.32, 0, 0],
							"lerp_mode": "catmullrom"
						}
					}
				},
				"head": {
					"rotation": {
						"0.0": [0, 0, 0],
						"0.3333": ["-5 + math.sin(((query.anim_time) - (0.5/4)) * 90 * 1) * (-4 * 1)", 0, 0],
						"1.6667": ["27+math.sin(((query.anim_time) - (0.5/4)) * 90 * 1) * (-4 * 1)", 0, 0]
					}
				},
				"mouth": {
					"position": {
						"0.0": {
							"post": [0, 0, 0],
							"lerp_mode": "catmullrom"
						},
						"0.3333": {
							"post": [0, 0, 1],
							"lerp_mode": "catmullrom"
						},
						"2.875": {
							"post": [0, 0, 1],
							"lerp_mode": "catmullrom"
						}
					}
				},
				"closed_mouth": {
					"rotation": {
						"0.0": {
							"post": [0, 0, 0],
							"lerp_mode": "catmullrom"
						},
						"0.0833": {
							"post": [0, 0, 181],
							"lerp_mode": "catmullrom"
						},
						"0.3333": {
							"post": [0, 0, 180],
							"lerp_mode": "catmullrom"
						},
						"2.875": {
							"post": [0, 0, 180],
							"lerp_mode": "catmullrom"
						}
					},
					"position": {
						"0.0": {
							"post": [0, 0, 0],
							"lerp_mode": "catmullrom"
						},
						"0.0833": {
							"post": [0, 1.17, -1.17],
							"lerp_mode": "catmullrom"
						},
						"0.3333": {
							"post": [0, 1, -1],
							"lerp_mode": "catmullrom"
						},
						"2.875": {
							"post": [0, 1, -1],
							"lerp_mode": "catmullrom"
						}
					}
				},
				"front_petal_0": {
					"rotation": {
						"0.0": {
							"post": [0, 0, 0],
							"lerp_mode": "catmullrom"
						},
						"0.3333": {
							"post": [120, 0, 0],
							"lerp_mode": "catmullrom"
						},
						"2.875": {
							"post": [120, 0, 0],
							"lerp_mode": "catmullrom"
						}
					},
					"position": {
						"0.0": {
							"post": [0, 0, 0],
							"lerp_mode": "catmullrom"
						},
						"0.3333": {
							"post": [0, 0, -0.3],
							"lerp_mode": "catmullrom"
						},
						"2.875": {
							"post": [0, 0, -0.3],
							"lerp_mode": "catmullrom"
						}
					}
				},
				"front_petal_1": {
					"rotation": {
						"0.0": {
							"post": [0, 0, 0],
							"lerp_mode": "catmullrom"
						},
						"0.3333": {
							"post": [140, 0, 0],
							"lerp_mode": "catmullrom"
						},
						"2.875": {
							"post": [140, 0, 0],
							"lerp_mode": "catmullrom"
						}
					},
					"position": {
						"0.0": {
							"post": [0, 0, 0],
							"lerp_mode": "catmullrom"
						},
						"0.3333": {
							"post": [0, 0, -0.8],
							"lerp_mode": "catmullrom"
						},
						"2.875": {
							"post": [0, 0, -0.8],
							"lerp_mode": "catmullrom"
						}
					}
				},
				"front_petal_2": {
					"rotation": {
						"0.0": {
							"post": [0, 0, 0],
							"lerp_mode": "catmullrom"
						},
						"0.3333": {
							"post": [0, 110, 0],
							"lerp_mode": "catmullrom"
						},
						"2.875": {
							"post": [0, 110, 0],
							"lerp_mode": "catmullrom"
						}
					},
					"position": {
						"0.0": {
							"post": [0, 0, 0],
							"lerp_mode": "catmullrom"
						},
						"0.3333": {
							"post": [0, 0, -0.3],
							"lerp_mode": "catmullrom"
						},
						"2.875": {
							"post": [0, 0, -0.3],
							"lerp_mode": "catmullrom"
						}
					}
				},
				"front_petal_3": {
					"rotation": {
						"0.0": {
							"post": [0, 0, 0],
							"lerp_mode": "catmullrom"
						},
						"0.3333": {
							"post": [-140, 0, 0],
							"lerp_mode": "catmullrom"
						},
						"2.875": {
							"post": [-140, 0, 0],
							"lerp_mode": "catmullrom"
						}
					},
					"position": {
						"0.0": {
							"post": [0, 0, 0],
							"lerp_mode": "catmullrom"
						},
						"0.3333": {
							"post": [0, 0, -0.8],
							"lerp_mode": "catmullrom"
						},
						"2.875": {
							"post": [0, 0, -0.8],
							"lerp_mode": "catmullrom"
						}
					}
				},
				"front_petal_5": {
					"rotation": {
						"0.0": {
							"post": [0, 0, 0],
							"lerp_mode": "catmullrom"
						},
						"0.3333": {
							"post": [-140, 0, 0],
							"lerp_mode": "catmullrom"
						},
						"2.875": {
							"post": [-140, 0, 0],
							"lerp_mode": "catmullrom"
						}
					},
					"position": {
						"0.0": {
							"post": [0, 0, 0],
							"lerp_mode": "catmullrom"
						},
						"0.3333": {
							"post": [0, 0, -0.8],
							"lerp_mode": "catmullrom"
						},
						"2.875": {
							"post": [0, 0, -0.8],
							"lerp_mode": "catmullrom"
						}
					}
				},
				"front_petal_6": {
					"rotation": {
						"0.0": {
							"post": [0, 0, 0],
							"lerp_mode": "catmullrom"
						},
						"0.3333": {
							"post": [0, -110, 0],
							"lerp_mode": "catmullrom"
						},
						"2.875": {
							"post": [0, -110, 0],
							"lerp_mode": "catmullrom"
						}
					},
					"position": {
						"0.0": {
							"post": [0, 0, 0],
							"lerp_mode": "catmullrom"
						},
						"0.3333": {
							"post": [0, 0, -0.3],
							"lerp_mode": "catmullrom"
						},
						"2.875": {
							"post": [0, 0, -0.3],
							"lerp_mode": "catmullrom"
						}
					}
				},
				"front_petal_7": {
					"rotation": {
						"0.0": {
							"post": [0, 0, 0],
							"lerp_mode": "catmullrom"
						},
						"0.3333": {
							"post": [140, 0, 0],
							"lerp_mode": "catmullrom"
						},
						"2.875": {
							"post": [140, 0, 0],
							"lerp_mode": "catmullrom"
						}
					},
					"position": {
						"0.0": {
							"post": [0, 0, 0],
							"lerp_mode": "catmullrom"
						},
						"0.3333": {
							"post": [0, 0, -0.8],
							"lerp_mode": "catmullrom"
						},
						"2.875": {
							"post": [0, 0, -0.8],
							"lerp_mode": "catmullrom"
						}
					}
				},
				"back_petal_0": {
					"rotation": {
						"0.0": {
							"post": [0, 0, 0],
							"lerp_mode": "catmullrom"
						},
						"0.3333": {
							"post": [10, 0, 0],
							"lerp_mode": "catmullrom"
						},
						"2.875": {
							"post": [10, 0, 0],
							"lerp_mode": "catmullrom"
						}
					}
				},
				"back_petal_1": {
					"rotation": {
						"0.0": {
							"post": [0, 0, 0],
							"lerp_mode": "catmullrom"
						},
						"0.3333": {
							"post": [0, 10, 0],
							"lerp_mode": "catmullrom"
						},
						"2.875": {
							"post": [0, 10, 0],
							"lerp_mode": "catmullrom"
						}
					}
				},
				"back_petal_2": {
					"rotation": {
						"0.0": {
							"post": [0, 0, 0],
							"lerp_mode": "catmullrom"
						},
						"0.3333": {
							"post": [0, 10, 0],
							"lerp_mode": "catmullrom"
						},
						"2.875": {
							"post": [0, 10, 0],
							"lerp_mode": "catmullrom"
						}
					}
				},
				"back_petal_3": {
					"rotation": {
						"0.0": {
							"post": [0, 0, 0],
							"lerp_mode": "catmullrom"
						},
						"0.3333": {
							"post": [-10, 0, 0],
							"lerp_mode": "catmullrom"
						},
						"2.875": {
							"post": [-10, 0, 0],
							"lerp_mode": "catmullrom"
						}
					}
				},
				"back_petal_4": {
					"rotation": {
						"0.0": {
							"post": [0, 0, 0],
							"lerp_mode": "catmullrom"
						},
						"0.3333": {
							"post": [-10, 0, 0],
							"lerp_mode": "catmullrom"
						},
						"2.875": {
							"post": [-10, 0, 0],
							"lerp_mode": "catmullrom"
						}
					}
				},
				"back_petal_5": {
					"rotation": {
						"0.0": {
							"post": [0, 0, 0],
							"lerp_mode": "catmullrom"
						},
						"0.3333": {
							"post": [0, -10, 0],
							"lerp_mode": "catmullrom"
						},
						"2.875": {
							"post": [0, -10, 0],
							"lerp_mode": "catmullrom"
						}
					}
				},
				"back_petal_6": {
					"rotation": {
						"0.0": {
							"post": [0, 0, 0],
							"lerp_mode": "catmullrom"
						},
						"0.3333": {
							"post": [0, -10, 0],
							"lerp_mode": "catmullrom"
						},
						"2.875": {
							"post": [0, -10, 0],
							"lerp_mode": "catmullrom"
						}
					}
				},
				"back_petal_7": {
					"rotation": {
						"0.0": {
							"post": [0, 0, 0],
							"lerp_mode": "catmullrom"
						},
						"0.3333": {
							"post": [10, 0, 0],
							"lerp_mode": "catmullrom"
						},
						"2.875": {
							"post": [10, 0, 0],
							"lerp_mode": "catmullrom"
						}
					}
				},
				"l_arm": {
					"rotation": {
						"0.0": {
							"post": [0, 0, 31],
							"lerp_mode": "catmullrom"
						},
						"0.3333": {
							"post": [-43, 19.5, 0],
							"lerp_mode": "catmullrom"
						},
						"0.625": {
							"post": [-30.1503, 37.13021, 26.40601],
							"lerp_mode": "catmullrom"
						},
						"1.2917": {
							"post": [-30.1503, 37.13021, 26.40601],
							"lerp_mode": "catmullrom"
						},
						"1.6667": {
							"post": [-63.64503, 50.02914, 18.57718],
							"lerp_mode": "catmullrom"
						},
						"2.0": {
							"post": [-119.24975, -28.84334, 11.55719],
							"lerp_mode": "catmullrom"
						},
						"2.875": {
							"post": [-119.25, -28.84, 11.56],
							"lerp_mode": "catmullrom"
						}
					}
				},
				"l_forearm": {
					"rotation": {
						"0.0": {
							"post": [0, 0, 0],
							"lerp_mode": "catmullrom"
						},
						"0.3333": {
							"post": [0, 0, 18],
							"lerp_mode": "catmullrom"
						},
						"0.625": {
							"post": [0, 0, 25],
							"lerp_mode": "catmullrom"
						},
						"1.2917": {
							"post": [0, 0, 25],
							"lerp_mode": "catmullrom"
						},
						"2.0": {
							"post": [0, 0, 27],
							"lerp_mode": "catmullrom"
						},
						"2.875": {
							"post": [0, 0, 27],
							"lerp_mode": "catmullrom"
						}
					}
				},
				"l_hand": {
					"rotation": {
						"0.0": {
							"post": [0, 0, 0],
							"lerp_mode": "catmullrom"
						},
						"0.3333": {
							"post": [0, 0, 14],
							"lerp_mode": "catmullrom"
						},
						"2.0": {
							"post": [0, 0, 8],
							"lerp_mode": "catmullrom"
						},
						"2.875": {
							"post": [0, 0, 8],
							"lerp_mode": "catmullrom"
						}
					}
				},
				"r_arm": {
					"rotation": {
						"0.0": {
							"post": [0, 0, -40],
							"lerp_mode": "catmullrom"
						},
						"0.3333": {
							"post": [-48, -25, 0],
							"lerp_mode": "catmullrom"
						},
						"0.625": {
							"post": [-29.79371, -45.66867, -30.49182],
							"lerp_mode": "catmullrom"
						},
						"1.2917": {
							"post": [-29.79371, -45.66867, -30.49182],
							"lerp_mode": "catmullrom"
						},
						"1.6667": {
							"post": [-74.93588, -61.65608, -29.58929],
							"lerp_mode": "catmullrom"
						},
						"2.0": {
							"post": [-112.29073, 20.34965, -12.451],
							"lerp_mode": "catmullrom"
						},
						"2.875": {
							"post": [-112.29, 20.35, -12.45],
							"lerp_mode": "catmullrom"
						}
					}
				},
				"r_forearm": {
					"rotation": {
						"0.0": {
							"post": [0, 0, 0],
							"lerp_mode": "catmullrom"
						},
						"0.3333": {
							"post": [0, 0, -17],
							"lerp_mode": "catmullrom"
						},
						"2.0": {
							"post": [0, 0, -13],
							"lerp_mode": "catmullrom"
						},
						"2.875": {
							"post": [0, 0, -13],
							"lerp_mode": "catmullrom"
						}
					}
				},
				"r_hand": {
					"rotation": {
						"0.0": {
							"post": [0, 0, 0],
							"lerp_mode": "catmullrom"
						},
						"0.3333": {
							"post": [0, 0, -26],
							"lerp_mode": "catmullrom"
						},
						"2.0": {
							"post": [-3.53465, 0.2235, -8.47698],
							"lerp_mode": "catmullrom"
						},
						"2.875": {
							"post": [-3.53, 0.22, -8.48],
							"lerp_mode": "catmullrom"
						}
					}
				},
				"left_leg": {
					"rotation": {
						"0.0": {
							"post": [0, 0, 0],
							"lerp_mode": "catmullrom"
						},
						"0.625": {
							"post": [-1.67, 0, 0],
							"lerp_mode": "catmullrom"
						},
						"1.125": {
							"post": [-1.67, 0, 0],
							"lerp_mode": "catmullrom"
						},
						"1.6667": {
							"post": [-45, 0, 0],
							"lerp_mode": "catmullrom"
						},
						"2.875": {
							"post": [-45, 0, 0],
							"lerp_mode": "catmullrom"
						}
					},
					"position": {
						"0.0": {
							"post": [0, 0, 0],
							"lerp_mode": "catmullrom"
						},
						"0.625": {
							"post": [0, -0.36, -0.22],
							"lerp_mode": "catmullrom"
						},
						"1.125": {
							"post": [0, -0.36, -0.22],
							"lerp_mode": "catmullrom"
						},
						"1.6667": {
							"post": [0, -1.5, 2.1],
							"lerp_mode": "catmullrom"
						},
						"2.875": {
							"post": [0, -1.5, 2.1],
							"lerp_mode": "catmullrom"
						}
					}
				},
				"left_foot": {
					"rotation": {
						"0.0": {
							"post": [0, 0, 0],
							"lerp_mode": "catmullrom"
						},
						"2.875": {
							"post": [0, 0, 0],
							"lerp_mode": "catmullrom"
						}
					}
				},
				"right_leg": {
					"rotation": {
						"0.0": {
							"post": [0, 0, 0],
							"lerp_mode": "catmullrom"
						},
						"0.625": {
							"post": [-8.74, 0, 0],
							"lerp_mode": "catmullrom"
						},
						"1.125": {
							"post": [-8.74, 0, 0],
							"lerp_mode": "catmullrom"
						},
						"1.6667": {
							"post": [-66, 0, 0],
							"lerp_mode": "catmullrom"
						},
						"2.1667": {
							"post": [-62, 0, 0],
							"lerp_mode": "catmullrom"
						},
						"2.875": {
							"post": [-62, 0, 0],
							"lerp_mode": "catmullrom"
						}
					},
					"position": {
						"0.0": {
							"post": [0, 0, 0],
							"lerp_mode": "catmullrom"
						},
						"0.625": {
							"post": [0, -0.26, 0.07],
							"lerp_mode": "catmullrom"
						},
						"1.125": {
							"post": [0, -0.26, 0.07],
							"lerp_mode": "catmullrom"
						},
						"1.6667": {
							"post": [0, -1.3, 1.8],
							"lerp_mode": "catmullrom"
						},
						"2.1667": {
							"post": [0, -2.1, 1.8],
							"lerp_mode": "catmullrom"
						},
						"2.875": {
							"post": [0, -2.1, 1.8],
							"lerp_mode": "catmullrom"
						}
					}
				},
				"right_foot": {
					"rotation": [0, 0, "-(math.sin(((query.anim_time) - (0.5/4)) * 90 * 1.2) * (-5 * 1))"]
				}
			}
		},
		"animation.sunflora.ground_idle": {
			"loop": true,
			"bones": {
				"waist": {
					"rotation": [0, 0, "math.cos(((query.anim_time) - (0.5/4)) * 90 * 1.2) * (12 * 1)"],
					"position": [0, "math.cos(((query.anim_time) - (0.5/4)) * 90 * 2.4) * (0.2 * 1)", 0]
				},
				"torso": {
					"rotation": [0, 0, "math.sin(((query.anim_time) - (0.5/4)) * 90 * 1.2) * (5 * 1)"]
				},
				"neck_0": {
					"rotation": [0, 0, "math.sin(((query.anim_time) - (0.5/4)) * 90 * 1.2) * (12 * 1)"]
				},
				"l_arm": {
					"rotation": [0, 0, "math.sin(((query.anim_time) - (0.5/4)) * 90 * 1.2) * (15 * 1)"]
				},
				"l_forearm": {
					"rotation": [0, 0, "math.sin(((query.anim_time) - (0.5/4)) * 90 * 1.2) * (15 * 1)"]
				},
				"l_hand": {
					"rotation": [0, 0, "math.sin(((query.anim_time) - (0.5/4)) * 90 * 1.2) * (12 * 1)"]
				},
				"r_arm": {
					"rotation": [0, 0, "math.sin(((query.anim_time) - (0.5/4)) * 90 * 1.2) * (15 * 1)"]
				},
				"r_forearm": {
					"rotation": [0, 0, "math.sin(((query.anim_time) - (0.5/4)) * 90 * 1.2) * (15 * 1)"]
				},
				"r_hand": {
					"rotation": [0, 0, "math.sin(((query.anim_time) - (0.5/4)) * 90 * 1.2) * (12 * 1)"]
				},
				"left_leg": {
					"position": [0, "math.cos(((query.anim_time) - (0.5/4)) * 90 * 1.2) * (-0.2 * 1)", 0]
				},
				"left_foot": {
					"rotation": [0, 0, "math.sin(((query.anim_time) - (0.5/4)) * 90 * 1.2) * (5 * 1)"]
				},
				"right_leg": {
					"position": [0, "math.cos(((query.anim_time) - (0.5/4)) * 90 * 1.2) * (0.2 * 1)", 0]
				},
				"right_foot": {
					"rotation": [0, 0, "-(math.sin(((query.anim_time) - (0.5/4)) * 90 * 1.2) * (-5 * 1))"]
				}
			}
		},
		"animation.sunflora.ground_walk": {
			"loop": true,
			"animation_length": 1.33333,
			"bones": {
				"waist": {
					"rotation": [0, 0, "math.cos(((query.anim_time) - (0.5/4)) * 90 * 3) * (12 * 1)"],
					"position": [0, "0.7+math.cos(((query.anim_time) - (0.5/4)) * 90 * 6) * (1 * 1)", 0]
				},
				"torso": {
					"rotation": [0, 0, "math.sin(((query.anim_time) - (0.5/4)) * 90 * 3) * (5 * 1)"]
				},
				"neck_0": {
					"rotation": ["math.sin(((query.anim_time) - (0.5/4)) * 90 * 6) * (-10 * 1)", 0, "0+math.sin(((query.anim_time) - (0.5/4)) * 90 * 3) * (12 * 1)"]
				},
				"l_arm": {
					"rotation": [0, -18, "0+math.sin(((query.anim_time) - (0.5/4)) * 90 * 3) * (15 * 1)"]
				},
				"l_forearm": {
					"rotation": [0, -13, "math.sin(((query.anim_time) - (0.5/4)) * 90 * 3) * (8 * 1)"]
				},
				"l_hand": {
					"rotation": [0, 0, "math.sin(((query.anim_time) - (0.5/4)) * 90 * 3) * (8 * 1)"]
				},
				"r_arm": {
					"rotation": [0, 18, "math.sin(((query.anim_time) - (0.5/4)) * 90 * 3) * (8 * 1)"]
				},
				"r_forearm": {
					"rotation": [0, 13, "0+math.sin(((query.anim_time) - (0.5/4)) * 90 * 3) * (8 * 1)"]
				},
				"r_hand": {
					"rotation": [0, 0, "math.sin(((query.anim_time) - (0.5/4)) * 90 * 3) * (12 * 1)"]
				},
				"left_leg": {
					"rotation": ["math.sin(((query.anim_time) - (0.5/4)) * 90 * 6) * (-20 * 1)", 0, 0],
					"position": [0, "0.8+math.cos(((query.anim_time) - (0.5/4)) * 90 * 6) * (1.5 * 1)", 0]
				},
				"left_foot": {
					"rotation": [0, 57.5, "0+math.sin(((query.anim_time) - (0.5/4)) * 90 * 1.2) * (20 * 1)"]
				},
				"right_leg": {
					"rotation": ["math.sin(((query.anim_time) - (0.5/4)) * 90 * 6) * (20 * 1)", 0, 0],
					"position": [0, "1.65+math.cos(((query.anim_time) - (0.5/4)) * 90 * 6) * (-1 * 1)", 0]
				},
				"right_foot": {
					"rotation": [0, -57.5, "0+math.sin(((query.anim_time) - (0.5/4)) * 90 * 1.2) * (-20 * 1)"]
				}
			}
		}
	}
}