{
  "format_version": "1.12.0",
  "minecraft:geometry": [
    {
      "description": {
        "identifier": "geometry.unknown",
        "texture_width": 128,
        "texture_height": 128,
        "visible_bounds_width": 3,
        "visible_bounds_height": 4.5,
        "visible_bounds_offset": [0, 1.75, 0]
      },
      "bones": [
        {
          "name": "musharna",
          "pivot": [0, 0, 0]
        },
        {
          "name": "body",
          "parent": "musharna",
          "pivot": [0, 15.5, -0.225],
          "cubes": [
            { "origin": [-6.5, 9, -7.725], "size": [13, 13, 15], "uv": [0, 0] }
          ]
        },
        {
          "name": "leg_right2",
          "parent": "body",
          "pivot": [-5.92394, 12.31065, -3.83134],
          "rotation": [90, 0, -13.5],
          "cubes": [
            {
              "origin": [-7.91322, 10.25757, -8.04306],
              "size": [4, 4, 5],
              "uv": [13, 58]
            },
            {
              "origin": [-7.48822, 10.63257, -10.66806],
              "size": [3, 3, 5],
              "uv": [18, 49]
            }
          ]
        },
        {
          "name": "leg_left2",
          "parent": "body",
          "pivot": [5.92394, 12.31065, -3.83134],
          "rotation": [90, 0, 13.5],
          "cubes": [
            {
              "origin": [3.91322, 10.25757, -8.04306],
              "size": [4, 4, 5],
              "uv": [62, 20]
            },
            {
              "origin": [4.48822, 10.63257, -10.66806],
              "size": [3, 3, 5],
              "uv": [47, 65]
            }
          ]
        },
        {
          "name": "leg_right",
          "parent": "body",
          "pivot": [-5.0875, 11.3375, 6.6125],
          "rotation": [34.27504, -3.05328, 0],
          "cubes": [
            {
              "origin": [-7.55, 8.9, 1.425],
              "size": [5, 5, 5],
              "uv": [56, 10],
              "mirror": true
            },
            {
              "origin": [-7.125, 9.275, -1.525],
              "size": [4, 4, 5],
              "uv": [0, 63],
              "mirror": true
            }
          ]
        },
        {
          "name": "leg_left",
          "parent": "body",
          "pivot": [5.0875, 11.3375, 6.6125],
          "rotation": [34.27504, 3.05328, 0],
          "cubes": [
            { "origin": [2.55, 8.9, 1.425], "size": [5, 5, 5], "uv": [56, 10] },
            {
              "origin": [3.125, 9.275, -1.525],
              "size": [4, 4, 5],
              "uv": [0, 63]
            }
          ]
        },
        {
          "name": "head",
          "parent": "body",
          "pivot": [0, 15.33161, -6.91395],
          "cubes": [
            {
              "origin": [-5.5, 10.225, -11.81567],
              "size": [11, 12, 6],
              "pivot": [0.5, 14.5, -2.19067],
              "rotation": [15, 0, 0],
              "uv": [34, 28]
            },
            {
              "origin": [-4.5, 4.27754, -16.7278],
              "size": [9, 13, 8],
              "pivot": [0, 13.83192, -13.49081],
              "rotation": [45, 0, 0],
              "uv": [0, 28]
            }
          ]
        },
        {
          "name": "bone7",
          "parent": "head",
          "pivot": [0, 7.3228, -7.3665],
          "cubes": [
            {
              "origin": [-2.55126, 4.8228, -9.0915],
              "size": [5, 5, 5],
              "pivot": [0.12374, 7.3228, -7.3665],
              "rotation": [62.76369, -41.64114, 18.88172],
              "uv": [0, 72]
            }
          ]
        },
        {
          "name": "hair",
          "parent": "head",
          "pivot": [-3, 13.83192, -13.01581],
          "cubes": [
            {
              "origin": [-1.5, 7.27754, -16.6278],
              "size": [3, 4, 0],
              "pivot": [-3, 13.83192, -13.01581],
              "rotation": [45, 0, 0],
              "uv": [9, 0]
            }
          ]
        },
        {
          "name": "bone3",
          "parent": "hair",
          "pivot": [0, 8.13061, -12.12178],
          "cubes": [
            {
              "origin": [0, 7.67754, -19.6278],
              "size": [0, 3, 3],
              "pivot": [4.5, 13.83192, -13.01581],
              "rotation": [45, 0, 0],
              "uv": [0, 25]
            },
            {
              "origin": [-1, 2.83004, -18.30391],
              "size": [2, 6, 4],
              "pivot": [0, 5.83004, -15.77891],
              "rotation": [70.5, 0, 0],
              "uv": [63, 65]
            }
          ]
        },
        {
          "name": "bone4",
          "parent": "bone3",
          "pivot": [0, 6.12606, -18.3644],
          "cubes": [
            {
              "origin": [0, 5.28828, -22.5803],
              "size": [0, 2, 5],
              "pivot": [0, 8.08828, -20.2053],
              "rotation": [-14.25, 0, 0],
              "uv": [0, 8]
            },
            {
              "origin": [-1.5, 6.84431, -28.63889],
              "size": [3, 8, 6],
              "pivot": [0.5, 12.41931, -24.26389],
              "rotation": [46.25, 0, 0],
              "uv": [0, 49]
            }
          ]
        },
        {
          "name": "bone5",
          "parent": "bone4",
          "pivot": [0, 13.50554, -25.13243],
          "cubes": [
            {
              "origin": [-1, 19.1952, -24.15728],
              "size": [2, 8, 5],
              "pivot": [0, 22.1952, -22.15728],
              "rotation": [143, 0, 0],
              "uv": [0, 0]
            },
            {
              "origin": [0, 15.03645, -29.32837],
              "size": [0, 3, 8],
              "pivot": [0, 16.66145, -25.20337],
              "rotation": [78.25, 0, 0],
              "uv": [41, 2]
            }
          ]
        },
        {
          "name": "bone6",
          "parent": "bone5",
          "pivot": [0, 21.8702, -20.70728],
          "cubes": [
            {
              "origin": [0, 3.8452, -24.15728],
              "size": [0, 20, 9],
              "pivot": [-1, 22.1952, -22.15728],
              "rotation": [110.75, 0, 0],
              "uv": [34, 37]
            }
          ]
        }
      ]
    }
  ]
}
