{
  "format_version": "1.12.0",
  "minecraft:geometry": [
    {
      "description": {
        "identifier": "geometry.palafin",
        "texture_width": 64,
        "texture_height": 64,
        "visible_bounds_width": 4,
        "visible_bounds_height": 2.5,
        "visible_bounds_offset": [0, 0.75, 0]
      },
      "bones": [
        {
          "name": "bone2",
          "pivot": [0, 0, 0]
        },
        {
          "name": "body",
          "parent": "bone2",
          "pivot": [-0.5, 9, -4.47189],
          "cubes": [
            { "origin": [-4.5, 5, -12.47189], "size": [8, 8, 16], "uv": [0, 0] }
          ]
        },
        {
          "name": "fin_left",
          "parent": "body",
          "pivot": [3.5, 7, -4.875],
          "cubes": [
            { "origin": [3.5, 7, -7.375], "size": [6, 0, 5], "uv": [-5, 51] }
          ]
        },
        {
          "name": "bone4",
          "parent": "fin_left",
          "pivot": [9.5, 7, -4.375],
          "cubes": [
            { "origin": [9.5, 7, -6.375], "size": [4, 0, 4], "uv": [-4, 56] }
          ]
        },
        {
          "name": "fin_right",
          "parent": "body",
          "pivot": [-4.6, 7, -4.875],
          "cubes": [
            {
              "origin": [-10.6, 7, -7.375],
              "size": [6, 0, 5],
              "uv": [-5, 51],
              "mirror": true
            }
          ]
        },
        {
          "name": "bone3",
          "parent": "fin_right",
          "pivot": [-10.6, 7, -4.375],
          "cubes": [
            {
              "origin": [-14.6, 7, -6.375],
              "size": [4, 0, 4],
              "uv": [-4, 56],
              "mirror": true
            }
          ]
        },
        {
          "name": "back_tail",
          "parent": "body",
          "pivot": [-0.5, 7.45, 2.52811],
          "rotation": [-12.5, 0, 0]
        },
        {
          "name": "bone5",
          "parent": "back_tail",
          "pivot": [-0.5, 7.46173, 3.52804],
          "cubes": [
            {
              "origin": [-2.525, 4.96173, 1.52804],
              "size": [4, 6, 7],
              "uv": [0, 24]
            }
          ]
        },
        {
          "name": "bone6",
          "parent": "bone5",
          "pivot": [-0.5, 6.48205, 8.19014],
          "cubes": [
            {
              "origin": [-2, 5.11228, 5.42875],
              "size": [3, 3, 7],
              "uv": [15, 30]
            }
          ]
        },
        {
          "name": "bone",
          "parent": "bone6",
          "pivot": [-0.55, 6.78066, 11.93935],
          "cubes": [
            {
              "origin": [-6.05, 5.86228, 11.35375],
              "size": [11, 0, 7],
              "pivot": [-0.575, 6.71228, 10.70375],
              "rotation": [12.5, 0, 0],
              "uv": [-7, 44]
            }
          ]
        },
        {
          "name": "eye_right",
          "parent": "body",
          "pivot": [-1, 0, -3.47189],
          "cubes": [
            {
              "origin": [-4.51, 7.5, -10.99689],
              "size": [1, 2, 1],
              "uv": [0, 37],
              "mirror": true
            },
            {
              "origin": [-4.69, 8.85, -11.32189],
              "size": [1, 1, 1],
              "inflate": -0.175,
              "uv": [0, 41],
              "mirror": true
            }
          ]
        },
        {
          "name": "eye_left",
          "parent": "body",
          "pivot": [0, 0, -3.47189],
          "cubes": [
            {
              "origin": [2.51, 7.5, -10.99689],
              "size": [1, 2, 1],
              "uv": [0, 37]
            },
            {
              "origin": [2.69, 8.85, -11.32189],
              "size": [1, 1, 1],
              "inflate": -0.175,
              "uv": [0, 41]
            }
          ]
        },
        {
          "name": "mouth",
          "parent": "body",
          "pivot": [-0.525, 6.01288, -13.69827],
          "cubes": [
            {
              "origin": [-2.025, 5.125, -15.09689],
              "size": [3, 1, 3],
              "pivot": [-0.025, 5.525, -11.89689],
              "rotation": [2.5, 0, 0],
              "uv": [1, 1]
            },
            {
              "origin": [-2.025, 5.975, -15.29689],
              "size": [3, 1, 3],
              "uv": [1, 6]
            }
          ]
        },
        {
          "name": "fi_top",
          "parent": "mouth",
          "pivot": [0.04525, 13.05, -4.12338],
          "cubes": [
            {
              "origin": [-5.25475, 12.075, -3.17338],
              "size": [8, 1, 4],
              "pivot": [0.04525, 13.05, -4.12338],
              "rotation": [0, 35, 90],
              "uv": [28, 30]
            }
          ]
        }
      ]
    }
  ]
}
