{
  "implemented": true,
  "name": "Hariyama",
  "nationalPokedexNumber": 297,
  "primaryType": "fighting",
  "abilities": [
    "thickfat",
    "guts",
    "h:sheerforce"
  ],
  "baseStats": {
    "hp": 144,
    "attack": 120,
    "defence": 60,
    "special_attack": 40,
    "special_defence": 60,
    "speed": 50
  },
  "catchRate": 200,
  "maleRatio": 0.75,
  "shoulderMountable": false,
  "baseExperienceYield": 166,
  "experienceGroup": "fluctuating",
  "eggCycles": 20,
  "eggGroups": [
    "human_like"
  ],
  "moves": [
    "1:armthrust",
    "1:brine",
    "1:focusenergy",
    "1:sandattack",
    "1:tackle",
    "13:vitalthrow",
    "19:fakeout",
    "22:bulkup",
    "22:whirlwind",
    "29:knockoff",
    "30:detect",
    "32:forcepalm",
    "33:smellingsalts",
    "38:focuspunch",
    "40:bellydrum",
    "42:wakeupslap",
    "44:endure",
    "51:seismictoss",
    "52:closecombat",
    "55:reversal",
    "60:headlongrush",
    "62:heavyslam",
    "tm:attract",
    "tm:bodypress",
    "tm:bodyslam",
    "tm:brickbreak",
    "tm:brine",
    "tm:bulkup",
    "tm:bulldoze",
    "tm:captivate",
    "tm:chillingwater",
    "tm:closecombat",
    "tm:confide",
    "tm:dig",
    "tm:doubleteam",
    "tm:drainpunch",
    "tm:earthquake",
    "tm:endure",
    "tm:facade",
    "tm:firepunch",
    "tm:fling",
    "tm:focusblast",
    "tm:focuspunch",
    "tm:frustration",
    "tm:gigaimpact",
    "tm:heavyslam",
    "tm:helpinghand",
    "tm:hiddenpower",
    "tm:hyperbeam",
    "tm:icepunch",
    "tm:ironhead",
    "tm:lowkick",
    "tm:lowsweep",
    "tm:metronome",
    "tm:mudshot",
    "tm:mudslap",
    "tm:naturalgift",
    "tm:payback",
    "tm:poisonjab",
    "tm:poweruppunch",
    "tm:protect",
    "tm:raindance",
    "tm:rest",
    "tm:retaliate",
    "tm:return",
    "tm:reversal",
    "tm:rockclimb",
    "tm:rockslide",
    "tm:rocksmash",
    "tm:rocktomb",
    "tm:round",
    "tm:scaryface",
    "tm:secretpower",
    "tm:sleeptalk",
    "tm:smackdown",
    "tm:stompingtantrum",
    "tm:stoneedge",
    "tm:strength",
    "tm:substitute",
    "tm:sunnyday",
    "tm:surf",
    "tm:swagger",
    "tm:swift",
    "tm:takedown",
    "tm:taunt",
    "tm:terablast",
    "tm:thief",
    "tm:thunderpunch",
    "tm:toxic",
    "tm:whirlpool",
    "tm:workup",
    "tm:zenheadbutt",
    "tutor:bodyslam",
    "tutor:counter",
    "tutor:doubleedge",
    "tutor:dynamicpunch",
    "tutor:endure",
    "tutor:firepunch",
    "tutor:focuspunch",
    "tutor:headbutt",
    "tutor:helpinghand",
    "tutor:icepunch",
    "tutor:ironhead",
    "tutor:knockoff",
    "tutor:lowkick",
    "tutor:megakick",
    "tutor:megapunch",
    "tutor:metronome",
    "tutor:mimic",
    "tutor:mudslap",
    "tutor:rockslide",
    "tutor:roleplay",
    "tutor:seismictoss",
    "tutor:sleeptalk",
    "tutor:snore",
    "tutor:stompingtantrum",
    "tutor:substitute",
    "tutor:superpower",
    "tutor:swagger",
    "tutor:throatchop",
    "tutor:thunderpunch",
    "tutor:vacuumwave"
  ],
  "labels": [
    "gen3"
  ],
  "pokedex": [
    "cobblemon.species.hariyama.desc"
  ],
  "preEvolution": "makuhita",
  "evolutions": [],
  "baseScale": 1,
  "hitbox": {
    "width": 1,
    "height": 1,
    "fixed": false
  },
  "baseFriendship": 70,
  "evYield": {
    "hp": 2,
    "attack": 0,
    "defence": 0,
    "special_attack": 0,
    "special_defence": 0,
    "speed": 0
  },
  "height": 23,
  "weight": 2538,
  "aspects": [],
  "cannotDynamax": false
}