{
  "implemented": true,
  "name": "Makuhita",
  "nationalPokedexNumber": 296,
  "primaryType": "fighting",
  "abilities": [
    "thickfat",
    "guts",
    "h:sheerforce"
  ],
  "baseStats": {
    "hp": 72,
    "attack": 60,
    "defence": 30,
    "special_attack": 20,
    "special_defence": 30,
    "speed": 25
  },
  "catchRate": 180,
  "maleRatio": 0.75,
  "shoulderMountable": false,
  "baseExperienceYield": 47,
  "experienceGroup": "fluctuating",
  "eggCycles": 20,
  "eggGroups": [
    "human_like"
  ],
  "moves": [
    "1:focusenergy",
    "1:tackle",
    "4:sandattack",
    "10:armthrust",
    "13:vitalthrow",
    "19:fakeout",
    "22:bulkup",
    "22:whirlwind",
    "28:detect",
    "28:forcepalm",
    "28:knockoff",
    "31:smellingsalts",
    "34:focuspunch",
    "34:wakeupslap",
    "37:bellydrum",
    "40:closecombat",
    "40:endure",
    "46:heavyslam",
    "46:seismictoss",
    "49:reversal",
    "egg:bulletpunch",
    "egg:chipaway",
    "egg:counter",
    "egg:crosschop",
    "egg:detect",
    "egg:dynamicpunch",
    "egg:feint",
    "egg:feintattack",
    "egg:focuspunch",
    "egg:foresight",
    "egg:helpinghand",
    "egg:revenge",
    "egg:wakeupslap",
    "egg:wideguard",
    "tm:attract",
    "tm:bodypress",
    "tm:bodyslam",
    "tm:brickbreak",
    "tm:bulkup",
    "tm:bulldoze",
    "tm:captivate",
    "tm:chillingwater",
    "tm:closecombat",
    "tm:confide",
    "tm:dig",
    "tm:doubleteam",
    "tm:drainpunch",
    "tm:earthquake",
    "tm:endure",
    "tm:facade",
    "tm:firepunch",
    "tm:fling",
    "tm:focusblast",
    "tm:focuspunch",
    "tm:frustration",
    "tm:heavyslam",
    "tm:helpinghand",
    "tm:hiddenpower",
    "tm:icepunch",
    "tm:lowkick",
    "tm:lowsweep",
    "tm:metronome",
    "tm:mudshot",
    "tm:mudslap",
    "tm:naturalgift",
    "tm:poisonjab",
    "tm:poweruppunch",
    "tm:protect",
    "tm:raindance",
    "tm:rest",
    "tm:retaliate",
    "tm:return",
    "tm:reversal",
    "tm:rockclimb",
    "tm:rockslide",
    "tm:rocksmash",
    "tm:rocktomb",
    "tm:round",
    "tm:secretpower",
    "tm:sleeptalk",
    "tm:smackdown",
    "tm:stompingtantrum",
    "tm:stoneedge",
    "tm:strength",
    "tm:substitute",
    "tm:sunnyday",
    "tm:surf",
    "tm:swagger",
    "tm:swift",
    "tm:takedown",
    "tm:taunt",
    "tm:terablast",
    "tm:thief",
    "tm:thunderpunch",
    "tm:toxic",
    "tm:whirlpool",
    "tm:workup",
    "tm:zenheadbutt",
    "tutor:armthrust",
    "tutor:bodyslam",
    "tutor:brickbreak",
    "tutor:counter",
    "tutor:doubleedge",
    "tutor:dynamicpunch",
    "tutor:endure",
    "tutor:firepunch",
    "tutor:focuspunch",
    "tutor:headbutt",
    "tutor:helpinghand",
    "tutor:icepunch",
    "tutor:knockoff",
    "tutor:lowkick",
    "tutor:megakick",
    "tutor:megapunch",
    "tutor:metronome",
    "tutor:mimic",
    "tutor:mudslap",
    "tutor:refresh",
    "tutor:rockslide",
    "tutor:rocktomb",
    "tutor:roleplay",
    "tutor:seismictoss",
    "tutor:sleeptalk",
    "tutor:snore",
    "tutor:substitute",
    "tutor:superpower",
    "tutor:swagger",
    "tutor:thunderpunch",
    "tutor:vacuumwave"
  ],
  "labels": [
    "gen3"
  ],
  "pokedex": [
    "cobblemon.species.makuhita.desc"
  ],
  "evolutions": [
    {
      "id": "makuhita_hariyama",
      "variant": "level_up",
      "result": "hariyama",
      "consumeHeldItem": false,
      "learnableMoves": [],
      "requirements": [
        {
          "variant": "level",
          "minLevel": 24
        }
      ]
    }
  ],
  "baseScale": 1,
  "hitbox": {
    "width": 1,
    "height": 1,
    "fixed": false
  },
  "baseFriendship": 70,
  "evYield": {
    "hp": 1,
    "attack": 0,
    "defence": 0,
    "special_attack": 0,
    "special_defence": 0,
    "speed": 0
  },
  "height": 10,
  "weight": 864,
  "aspects": [],
  "cannotDynamax": false
}