{
  "name": "Zangoose",
  "nationalPokedexNumber": 335,
  "primaryType": "normal",
  "abilities": [
    "immunity",
    "h:toxicboost"
  ],
  "baseStats": {
    "hp": 73,
    "attack": 115,
    "defence": 60,
    "special_attack": 60,
    "special_defence": 60,
    "speed": 90
  },
  "catchRate": 90,
  "maleRatio": 0.5,
  "shoulderMountable": false,
  "baseExperienceYield": 160,
  "experienceGroup": "erratic",
  "eggCycles": 20,
  "eggGroups": [
    "field"
  ],
  "moves": [
    "1:bellydrum",
    "1:counter",
    "1:curse",
    "1:disable",
    "1:doublehit",
    "1:doublekick",
    "1:feint",
    "1:finalgambit",
    "1:flail",
    "1:furyswipes",
    "1:nightslash",
    "1:quickguard",
    "1:scratch",
    "4:leer",
    "7:quickattack",
    "10:swordsdance",
    "12:metalclaw",
    "13:furycutter",
    "15:honeclaws",
    "19:slash",
    "22:powertrip",
    "25:pursuit",
    "26:revenge",
    "27:embargo",
    "31:crushclaw",
    "33:switcheroo",
    "37:taunt",
    "46:detect",
    "48:xscissor",
    "53:closecombat",
    "55:falseswipe",
    "egg:bellydrum",
    "egg:counter",
    "egg:curse",
    "egg:disable",
    "egg:doublehit",
    "egg:doublekick",
    "egg:feint",
    "egg:finalgambit",
    "egg:flail",
    "egg:furyswipes",
    "egg:irontail",
    "egg:metalclaw",
    "egg:nightslash",
    "egg:quickguard",
    "egg:razorwind",
    "egg:roar",
    "tm:aerialace",
    "tm:agility",
    "tm:attract",
    "tm:aurasphere",
    "tm:batonpass",
    "tm:blizzard",
    "tm:bodyslam",
    "tm:brickbreak",
    "tm:captivate",
    "tm:closecombat",
    "tm:confide",
    "tm:dig",
    "tm:doubleteam",
    "tm:embargo",
    "tm:endure",
    "tm:facade",
    "tm:falseswipe",
    "tm:fireblast",
    "tm:firepunch",
    "tm:flamethrower",
    "tm:fling",
    "tm:focusblast",
    "tm:focuspunch",
    "tm:frustration",
    "tm:gigadrain",
    "tm:gigaimpact",
    "tm:grassknot",
    "tm:gunkshot",
    "tm:helpinghand",
    "tm:hiddenpower",
    "tm:honeclaws",
    "tm:hyperbeam",
    "tm:icebeam",
    "tm:icepunch",
    "tm:icywind",
    "tm:incinerate",
    "tm:irontail",
    "tm:lowkick",
    "tm:lowsweep",
    "tm:metalclaw",
    "tm:naturalgift",
    "tm:payback",
    "tm:poisonjab",
    "tm:poweruppunch",
    "tm:protect",
    "tm:raindance",
    "tm:rest",
    "tm:retaliate",
    "tm:return",
    "tm:reversal",
    "tm:roar",
    "tm:rockclimb",
    "tm:rockslide",
    "tm:rocksmash",
    "tm:rocktomb",
    "tm:round",
    "tm:secretpower",
    "tm:seedbomb",
    "tm:shadowball",
    "tm:shadowclaw",
    "tm:shockwave",
    "tm:sleeptalk",
    "tm:solarbeam",
    "tm:strength",
    "tm:substitute",
    "tm:sunnyday",
    "tm:surf",
    "tm:swagger",
    "tm:swift",
    "tm:swordsdance",
    "tm:takedown",
    "tm:taunt",
    "tm:terablast",
    "tm:thief",
    "tm:thunder",
    "tm:thunderbolt",
    "tm:thunderpunch",
    "tm:thunderwave",
    "tm:toxic",
    "tm:waterpulse",
    "tm:workup",
    "tm:xscissor",
    "tm:zenheadbutt",
    "tutor:bodyslam",
    "tutor:brickbreak",
    "tutor:counter",
    "tutor:crushclaw",
    "tutor:defensecurl",
    "tutor:doubleedge",
    "tutor:doublehit",
    "tutor:dynamicpunch",
    "tutor:endeavor",
    "tutor:endure",
    "tutor:firepunch",
    "tutor:focuspunch",
    "tutor:furycutter",
    "tutor:gigadrain",
    "tutor:headbutt",
    "tutor:icepunch",
    "tutor:icywind",
    "tutor:irontail",
    "tutor:knockoff",
    "tutor:lastresort",
    "tutor:leer",
    "tutor:lowkick",
    "tutor:megakick",
    "tutor:megapunch",
    "tutor:mimic",
    "tutor:mudslap",
    "tutor:quickattack",
    "tutor:refresh",
    "tutor:rockslide",
    "tutor:rollout",
    "tutor:scratch",
    "tutor:seismictoss",
    "tutor:shockwave",
    "tutor:sleeptalk",
    "tutor:snore",
    "tutor:substitute",
    "tutor:swagger",
    "tutor:swift",
    "tutor:swordsdance",
    "tutor:throatchop",
    "tutor:thunderpunch",
    "tutor:thunderwave",
    "tutor:waterpulse"
  ],
  "labels": [
    "gen3"
  ],
  "pokedex": [
    "cobblemon.species.zangoose.desc"
  ],
  "evolutions": [],
  "baseScale": 0.8,
  "hitbox": {
    "width": 1,
    "height": 1,
    "fixed": false
  },
  "baseFriendship": 70,
  "evYield": {
    "hp": 0,
    "attack": 2,
    "defence": 0,
    "special_attack": 0,
    "special_defence": 0,
    "speed": 0
  },
  "height": 13,
  "weight": 403,
  "aspects": [],
  "cannotDynamax": false
}