{
  "format_version": "1.12.0",
  "minecraft:geometry": [
    {
      "description": {
        "identifier": "geometry.pyroar_f",
        "texture_width": 128,
        "texture_height": 128,
        "visible_bounds_width": 6,
        "visible_bounds_height": 3.5,
        "visible_bounds_offset": [0, 1.25, 0]
      },
      "bones": [
        {
          "name": "body",
          "pivot": [0, 0, 0],
          "cubes": [
            {
              "origin": [0, 14, -16],
              "size": [0, 4, 4],
              "pivot": [0, 16, -13],
              "rotation": [25, 0, 0],
              "uv": [0, 20]
            },
            {
              "origin": [-3.5, 12, -13],
              "size": [7, 8, 9],
              "pivot": [0, 15, -8.5],
              "rotation": [-10, 0, 0],
              "uv": [0, 20]
            },
            { "origin": [-3, 12.5, -4.5], "size": [6, 6, 13], "uv": [0, 0] }
          ]
        },
        {
          "name": "neck",
          "parent": "body",
          "pivot": [0, 19, -12.5],
          "cubes": [
            { "origin": [-2, 16, -13.5], "size": [4, 9, 4], "uv": [31, 57] }
          ]
        },
        {
          "name": "head",
          "parent": "neck",
          "pivot": [0, 23.5, -13.5],
          "rotation": [5, 0, 0],
          "cubes": [
            {
              "origin": [-3.5, 22.51, -13.75],
              "size": [7, 6, 5],
              "uv": [44, 26]
            }
          ]
        },
        {
          "name": "ear_l",
          "parent": "head",
          "pivot": [3.5, 28.5, -13.75],
          "rotation": [0, 5, 45],
          "cubes": [
            {
              "origin": [1.5, 26.51, -12.75],
              "size": [4, 4, 2],
              "uv": [84, 51]
            }
          ]
        },
        {
          "name": "ear_r",
          "parent": "head",
          "pivot": [-3.5, 28.5, -13.75],
          "rotation": [0, -5, -45],
          "cubes": [
            {
              "origin": [-5.5, 26.5, -12.75],
              "size": [4, 4, 2],
              "uv": [24, 84]
            }
          ]
        },
        {
          "name": "face",
          "parent": "head",
          "pivot": [0, 23.5, -13.5],
          "rotation": [0, 45, 0],
          "cubes": [
            {
              "origin": [-2.25, 22.5, -16.25],
              "size": [5, 6, 5],
              "uv": [50, 8]
            }
          ]
        },
        {
          "name": "face_r",
          "parent": "face",
          "pivot": [0, 29.5, -13.5],
          "cubes": [
            {
              "origin": [-2.25, 25, -16.26],
              "size": [3, 2, 0],
              "uv": [56, 49]
            },
            {
              "origin": [-7.25, 25, -16.26],
              "size": [5, 2, 0],
              "pivot": [-2.25, 26.5, -16.25],
              "rotation": [0, 45, 0],
              "uv": [45, 0]
            }
          ]
        },
        {
          "name": "eye_r",
          "parent": "face_r",
          "pivot": [0.25, 26.75, -17.5],
          "rotation": [10, -90, 0],
          "cubes": [
            {
              "origin": [1.48, 25.75, -18],
              "size": [0, 1, 2],
              "pivot": [0.25, 26.75, -17.5],
              "rotation": [5, 0, 0],
              "uv": [44, 26]
            },
            { "origin": [1.47, 25.85, -18], "size": [0, 1, 1], "uv": [10, 0] }
          ]
        },
        {
          "name": "eye_r_closed",
          "parent": "eye_r",
          "pivot": [0.25, 26.75, -17.5],
          "cubes": [
            {
              "origin": [1.5, 25.75, -18],
              "size": [0, 1, 2],
              "pivot": [0.25, 26.75, -17.5],
              "rotation": [5, 0, 0],
              "uv": [0, 38]
            }
          ]
        },
        {
          "name": "face_l",
          "parent": "face",
          "pivot": [0, 29.5, -13.5],
          "rotation": [0, -90, 0],
          "cubes": [
            {
              "origin": [-0.75, 25, -16.26],
              "size": [3, 2, 0],
              "uv": [19, 38]
            },
            {
              "origin": [-2.75, 25, -16.26],
              "size": [5, 2, 0],
              "pivot": [2.25, 26.5, -16.25],
              "rotation": [0, 135, 0],
              "uv": [33, 28]
            }
          ]
        },
        {
          "name": "eye_l",
          "parent": "face_l",
          "pivot": [-0.25, 27, -17.5],
          "rotation": [10, 90, 0],
          "cubes": [
            {
              "origin": [-1.48, 25.75, -18],
              "size": [0, 1, 2],
              "pivot": [-0.25, 27, -17.5],
              "rotation": [5, 0, 0],
              "uv": [26, 0]
            },
            { "origin": [-1.47, 25.85, -18], "size": [0, 1, 1], "uv": [0, 0] }
          ]
        },
        {
          "name": "eye_l_closed",
          "parent": "eye_l",
          "pivot": [-0.25, 26.75, -17.5],
          "cubes": [
            {
              "origin": [-1.5, 25.75, -18],
              "size": [0, 1, 2],
              "pivot": [-0.25, 26.75, -17.5],
              "rotation": [5, 0, 0],
              "uv": [24, 20]
            }
          ]
        },
        {
          "name": "snout",
          "parent": "head",
          "pivot": [0, 25.5, -16.5],
          "rotation": [10, 0, 0],
          "mirror": true,
          "cubes": [
            { "origin": [-2, 22.76, -19], "size": [4, 3, 4], "uv": [80, 0] }
          ],
          "locators": {
            "fire": {
              "offset": [0, 27, -22],
              "rotation": [-5, 0, 0]
            }
          }
        },
        {
          "name": "tongue",
          "parent": "snout",
          "pivot": [0, 23.75, -15],
          "mirror": true,
          "cubes": [
            { "origin": [-1, 23.75, -17.75], "size": [2, 0, 3], "uv": [97, 2] }
          ]
        },
        {
          "name": "hair",
          "parent": "head",
          "pivot": [0, 27.5, -16.5],
          "rotation": [65, 0, 0],
          "cubes": [
            { "origin": [-1, 27, -17.5], "size": [2, 2, 2], "uv": [26, 45] }
          ]
        },
        {
          "name": "hair2",
          "parent": "hair",
          "pivot": [0, 29, -15.5],
          "rotation": [-10, 0, 0],
          "cubes": [
            { "origin": [-1.5, 26, -15.5], "size": [3, 3, 3], "uv": [81, 27] }
          ]
        },
        {
          "name": "hair3",
          "parent": "hair2",
          "pivot": [0, 29, -12.5],
          "rotation": [-27.5, 0, 0],
          "cubes": [
            {
              "origin": [-2.5, 24, -12.5],
              "size": [5, 5, 5],
              "inflate": 0.01,
              "uv": [51, 38]
            }
          ]
        },
        {
          "name": "hair4",
          "parent": "hair3",
          "pivot": [0, 29, -7.5],
          "rotation": [-32.5, 0, 0],
          "cubes": [
            { "origin": [-2.5, 23, -7.5], "size": [5, 6, 5], "uv": [35, 45] }
          ]
        },
        {
          "name": "hair5",
          "parent": "hair4",
          "pivot": [0.5, 29, -2.5],
          "rotation": [-25, 0, 0],
          "cubes": [
            {
              "origin": [-3, 23, -2.5],
              "size": [6, 6, 6],
              "inflate": 0.01,
              "uv": [0, 38]
            }
          ]
        },
        {
          "name": "hair10",
          "parent": "hair5",
          "pivot": [0.5, 29, 3.5],
          "rotation": [-20, 0, 0],
          "cubes": [
            { "origin": [-3, 23, 3.5], "size": [6, 6, 6], "uv": [26, 0] }
          ]
        },
        {
          "name": "hair6",
          "parent": "hair10",
          "pivot": [0, 23, 8.5],
          "rotation": [17.5, 0, 0],
          "cubes": [
            {
              "origin": [-2.5, 23, 8.5],
              "size": [5, 6, 7],
              "inflate": 0.01,
              "uv": [26, 31]
            }
          ]
        },
        {
          "name": "hair7",
          "parent": "hair6",
          "pivot": [0, 23, 13.5],
          "rotation": [17.5, 0, 0],
          "cubes": [
            { "origin": [-2.5, 23, 13.5], "size": [5, 5, 7], "uv": [32, 13] }
          ]
        },
        {
          "name": "hair8",
          "parent": "hair7",
          "pivot": [-0.5, 23, 20.5],
          "rotation": [17.5, 0, 0],
          "cubes": [
            { "origin": [-2, 23.5, 20.5], "size": [4, 4, 5], "uv": [64, 20] }
          ]
        },
        {
          "name": "hair9",
          "parent": "hair8",
          "pivot": [-0.5, 23.5, 25.5],
          "rotation": [17.5, 0, 0],
          "cubes": [
            { "origin": [-1.5, 24, 25.5], "size": [3, 3, 5], "uv": [43, 69] }
          ]
        },
        {
          "name": "hair11",
          "parent": "hair9",
          "pivot": [-1, 24, 30.5],
          "rotation": [17.5, 0, 0],
          "cubes": [
            { "origin": [-1, 24.5, 30.5], "size": [2, 2, 4], "uv": [40, 78] }
          ]
        },
        {
          "name": "shoulder_l",
          "parent": "body",
          "pivot": [3.5, 18, -8],
          "cubes": [
            { "origin": [2, 9, -10], "size": [3, 11, 4], "uv": [52, 53] }
          ]
        },
        {
          "name": "forearm_l",
          "parent": "shoulder_l",
          "pivot": [3.5, 9, -6],
          "rotation": [-7.5, 0, 0],
          "cubes": [
            { "origin": [1.99, 0, -9], "size": [3, 9, 3], "uv": [27, 71] }
          ]
        },
        {
          "name": "paw_fl",
          "parent": "forearm_l",
          "pivot": [3.5, 2, -6],
          "rotation": [7.5, 0, 0],
          "cubes": [
            { "origin": [1.5, -0.01, -10.99], "size": [4, 2, 5], "uv": [66, 3] }
          ]
        },
        {
          "name": "shoulder_r",
          "parent": "body",
          "pivot": [-3.5, 18, -8],
          "cubes": [
            { "origin": [-5, 9, -10], "size": [3, 11, 4], "uv": [0, 51] }
          ]
        },
        {
          "name": "forearm_r",
          "parent": "shoulder_r",
          "pivot": [-3.5, 9, -6],
          "rotation": [-7.5, 0, 0],
          "cubes": [
            { "origin": [-4.99, 0, -9], "size": [3, 9, 3], "uv": [0, 0] }
          ]
        },
        {
          "name": "paw_fr",
          "parent": "forearm_r",
          "pivot": [-3.5, 2, -6],
          "rotation": [7.5, 0, 0],
          "cubes": [
            {
              "origin": [-5.5, -0.01, -10.99],
              "size": [4, 2, 5],
              "uv": [67, 33]
            }
          ]
        },
        {
          "name": "thigh_r",
          "parent": "body",
          "pivot": [-3, 15, 6],
          "cubes": [
            { "origin": [-5, 10.25, 2.5], "size": [3, 7, 5], "uv": [62, 64] },
            { "origin": [-5.01, 13.25, 5.5], "size": [0, 8, 5], "uv": [0, 70] }
          ]
        },
        {
          "name": "knee_r",
          "parent": "thigh_r",
          "pivot": [-3, 10, 2.5],
          "rotation": [30, 0, 0],
          "cubes": [
            {
              "origin": [-4.99, 5.21651, 2.625],
              "size": [3, 5, 4],
              "uv": [77, 41]
            }
          ]
        },
        {
          "name": "calf_r",
          "parent": "knee_r",
          "pivot": [-3.5, 5, 6.5],
          "rotation": [-35, 0, 0],
          "cubes": [
            {
              "origin": [-4.98, -2.75095, 3.47821],
              "size": [3, 8, 3],
              "uv": [76, 74]
            }
          ]
        },
        {
          "name": "paw_br",
          "parent": "calf_r",
          "pivot": [-3.5, -1, 6.5],
          "rotation": [5, 0, 0],
          "cubes": [
            { "origin": [-5.5, -2.76, 1.5], "size": [4, 2, 5], "uv": [63, 49] }
          ]
        },
        {
          "name": "thigh_l",
          "parent": "body",
          "pivot": [3, 15, 6],
          "cubes": [
            { "origin": [2, 10.25, 2.5], "size": [3, 7, 5], "uv": [10, 62] },
            { "origin": [5.01, 13.25, 5.5], "size": [0, 8, 5], "uv": [55, 73] }
          ]
        },
        {
          "name": "knee_l",
          "parent": "thigh_l",
          "pivot": [3, 10, 2.5],
          "rotation": [30, 0, 0],
          "cubes": [
            {
              "origin": [1.99, 5.21651, 2.625],
              "size": [3, 5, 4],
              "uv": [11, 75]
            }
          ]
        },
        {
          "name": "calf_l",
          "parent": "knee_l",
          "pivot": [3.5, 5, 6.5],
          "rotation": [-35, 0, 0],
          "cubes": [
            {
              "origin": [1.98, -2.75095, 3.47821],
              "size": [3, 8, 3],
              "uv": [74, 57]
            }
          ]
        },
        {
          "name": "paw_bl",
          "parent": "calf_l",
          "pivot": [3.5, -1, 6.5],
          "rotation": [5, 0, 0],
          "cubes": [
            { "origin": [1.5, -2.76, 1.5], "size": [4, 2, 5], "uv": [51, 0] }
          ]
        },
        {
          "name": "tail",
          "parent": "body",
          "pivot": [0, 18, 8.5],
          "cubes": [
            { "origin": [-0.5, 17.5, 8.5], "size": [1, 1, 5], "uv": [0, 84] }
          ]
        },
        {
          "name": "tail_seg2",
          "parent": "tail",
          "pivot": [-0.5, 18, 13.5],
          "cubes": [
            { "origin": [-0.5, 17.5, 13.5], "size": [1, 1, 5], "uv": [83, 15] }
          ]
        },
        {
          "name": "tail_seg3",
          "parent": "tail_seg2",
          "pivot": [-0.5, 18, 18.5],
          "cubes": [
            { "origin": [-0.5, 17.5, 18.5], "size": [1, 1, 5], "uv": [82, 64] }
          ]
        },
        {
          "name": "tail_seg4",
          "parent": "tail_seg3",
          "pivot": [-0.5, 18, 23.5],
          "cubes": [
            { "origin": [-0.5, 17.5, 23.5], "size": [1, 1, 5], "uv": [66, 81] }
          ]
        },
        {
          "name": "tail_seg_end",
          "parent": "tail_seg4",
          "pivot": [-0.5, 18, 28.5],
          "cubes": [
            { "origin": [-0.5, 17.5, 28.5], "size": [1, 1, 5], "uv": [24, 21] },
            { "origin": [0, 14.5, 29.5], "size": [0, 8, 9], "uv": [16, 42] }
          ]
        }
      ]
    }
  ]
}
