{
  "implemented": true,
  "name": "bloodmoonursaluna",
  "nationalPokedexNumber": 901,
  "primaryType": "ground",
  "secondaryType": "normal",
  "abilities": [
    "scrappy"
  ],
  "drops": {
    "amount": 8,
    "entries": [
      {
        "item": "minecraft:sweet_berries",
        "quantityRange": "3-5"
      },
      {
        "item": "minecraft:honey_bottle",
        "percentage": 10.0
      },
      {
        "item": "cobblemon:peat_block",
        "percentage": 10.0
      },
      {
        "item": "cobblemon:oran_berry",
        "percentage": 10.0
      }
    ]
  },
  "baseStats": {
    "hp": 113,
    "attack": 70,
    "defence": 120,
    "special_attack": 135,
    "special_defence": 65,
    "speed": 52
  },
  "catchRate": 6,
  "maleRatio": 0.5,
  "shoulderMountable": false,
  "baseExperienceYield": 275,
  "baseFriendship": 0,
  "evYield": {
    "hp": 0,
    "attack": 3,
    "defence": 0,
    "special_attack": 0,
    "special_defence": 0,
    "speed": 0
  },
  "experienceGroup": "medium_fast",
  "eggCycles": 0,
  "eggGroups": [
    "field"
  ],
  "moves": [
    "1:covet",
    "1:faketears",
    "1:leer",
    "1:lick",
    "1:scratch",
    "8:furyswipes",
    "13:payback",
    "17:sweetscent",
    "22:slash",
    "25:playnice",
    "29:playrough",
    "35:scaryface",
    "41:rest",
    "41:snore",
    "48:highhorsepower",
    "56:thrash",
    "64:hammerarm",
    "tm:avalanche",
    "tm:bodypress",
    "tm:bodyslam",
    "tm:brickbreak",
    "tm:bulkup",
    "tm:bulldoze",
    "tm:charm",
    "tm:closecombat",
    "tm:crunch",
    "tm:dig",
    "tm:drainpunch",
    "tm:earthpower",
    "tm:earthquake",
    "tm:endure",
    "tm:facade",
    "tm:faketears",
    "tm:firepunch",
    "tm:fling",
    "tm:gigaimpact",
    "tm:gunkshot",
    "tm:heavyslam",
    "tm:helpinghand",
    "tm:hyperbeam",
    "tm:hypervoice",
    "tm:icepunch",
    "tm:lowkick",
    "tm:metalclaw",
    "tm:metronome",
    "tm:playrough",
    "tm:protect",
    "tm:raindance",
    "tm:rest",
    "tm:rockslide",
    "tm:rocktomb",
    "tm:scaryface",
    "tm:seedbomb",
    "tm:shadowclaw",
    "tm:sleeptalk",
    "tm:stompingtantrum",
    "tm:stoneedge",
    "tm:substitute",
    "tm:sunnyday",
    "tm:swift",
    "tm:swordsdance",
    "tm:takedown",
    "tm:taunt",
    "tm:terablast",
    "tm:thief",
    "tm:thunderpunch",
    "tm:trailblaze"
  ],
  "labels": [
    "gen8"
  ],
  "pokedex": [
    "cobblemon.species.bloodmoonursaluna.desc"
  ],
  "baseScale": 1.0,
  "hitbox": {
    "width": 1.8,
    "height": 2.0,
    "fixed": false
  },
  "height": 24,
  "weight": 2900,
  "preEvolution": "ursaring",
  "evolutions": [],
  "aspects": [],
  "cannotDynamax": false
}