{
    "implemented": true,
    "name": "Cramorant",
    "nationalPokedexNumber": 845,
    "primaryType": "flying",
    "secondaryType": "water",
    "abilities": [
        "gulpmissile"
        
        
    ],
    "baseStats": {
        "hp": 70,
        "attack": 85,
        "defence": 55,
        "special_attack": 85,
        "special_defence": 95,
        "speed": 85
    },
    "behaviour": {
        "resting": {
            "canSleep": true,
            "depth": "normal",
            "light": "0-4"
        },
        "moving": {
            "canLook": false,
            "walk": {
                "canWalk": true,
                "avoidsLand": false
            },
            "swim": {
                "swimSpeed": 0.1,
                "canSwimInWater": true,
                "canBreatheUnderwater": false
            }
        }
    },
    "catchRate": 104,
    "maleRatio": 0.5,
    "shoulderMountable": false,
    
    "baseExperienceYield": 166,
    "experienceGroup": "erratic",
    "eggCycles": 20,
    "eggGroups": [
        "flying",
        "water_1"
    ],
    "drops": {
        "amount": "1",
        "entries": [
        {"item": "minecraft:tropical_fish", "quantityRange": "1-2", "percentage": 50}
        ]
    },
    "moves": [
        "1:belch",
        "1:peck",
        "1:spitup",
        "1:stockpile",
        "1:swallow",
        "7:watergun",
        "14:furyattack",
        "21:pluck",
        "28:dive",
        "35:drillpeck",
        "42:amnesia",
        "49:thrash",
        "56:hydropump"
    ],
    "labels": [
        "custom"
    ],
    "pokedex": [
        "cobblemon.species.cramorant.desc1",
        "cobblemon.species.cramorant.desc2"
    ],
    
    
    "baseScale": 1.0,
    "hitbox": {
        "width": 0.5,
        "height": 1.0,
        "fixed": false
    },
    "baseFriendship": 50,
    "evYield": {
        "hp": 0,
        "attack": 0,
        "defence": 0,
        "special_attack": 0,
        "special_defence": 2,
        "speed": 0
    },
    "height": 1,
    "weight": 1
}