{
	"format_version": "1.12.0",
	"minecraft:geometry": [
		{
			"description": {
				"identifier": "geometry.wormadam-plant",
				"texture_width": 64,
				"texture_height": 64,
				"visible_bounds_width": 3,
				"visible_bounds_height": 3.5,
				"visible_bounds_offset": [0, 1.25, 0]
			},
			"bones": [
				{
					"name": "wormadam",
					"pivot": [0, 0, 0]
				},
				{
					"name": "body",
					"parent": "wormadam",
					"pivot": [3.7, -4.9, 0.5]
				},
				{
					"name": "head",
					"parent": "body",
					"pivot": [8, 8, -8],
					"cubes": [
						{"origin": [-2.375, 8, -2.6], "size": [5, 4, 5], "uv": [30, 0]}
					]
				},
				{
					"name": "head_leaves",
					"parent": "head",
					"pivot": [8, 8, -8]
				},
				{
					"name": "leaf_right",
					"parent": "head_leaves",
					"pivot": [3.525, 10.85, 0.925],
					"cubes": [
						{"origin": [2.525, 8.85, 0.925], "size": [2, 4, 0], "uv": [0, 33]}
					]
				},
				{
					"name": "leaf_right_2",
					"parent": "leaf_right",
					"pivot": [5.525, 10.85, 0.925],
					"cubes": [
						{"origin": [4.525, 8.85, 0.925], "size": [2, 4, 0], "uv": [4, 33]}
					]
				},
				{
					"name": "leaf_right_3",
					"parent": "leaf_right_2",
					"pivot": [7.525, 10.85, 0.925],
					"cubes": [
						{"origin": [6.525, 8.85, 0.925], "size": [2, 4, 0], "uv": [8, 33]}
					]
				},
				{
					"name": "leaf_right_4",
					"parent": "leaf_right_3",
					"pivot": [9.525, 10.85, 0.925],
					"cubes": [
						{"origin": [8.525, 8.85, 0.925], "size": [2, 4, 0], "uv": [12, 33]}
					]
				},
				{
					"name": "leaf_left",
					"parent": "head_leaves",
					"pivot": [-3.35, 10.85, 0.925],
					"cubes": [
						{"origin": [-4.35, 8.85, 0.925], "size": [2, 4, 0], "uv": [0, 33], "mirror": true}
					]
				},
				{
					"name": "leaf_left_2",
					"parent": "leaf_left",
					"pivot": [-5.35, 10.85, 0.925],
					"cubes": [
						{"origin": [-6.35, 8.85, 0.925], "size": [2, 4, 0], "uv": [4, 33], "mirror": true}
					]
				},
				{
					"name": "leaf_left_3",
					"parent": "leaf_left_2",
					"pivot": [-7.35, 10.85, 0.925],
					"cubes": [
						{"origin": [-8.35, 8.85, 0.925], "size": [2, 4, 0], "uv": [8, 33], "mirror": true}
					]
				},
				{
					"name": "leaf_left_4",
					"parent": "leaf_left_3",
					"pivot": [-9.35, 10.85, 0.925],
					"cubes": [
						{"origin": [-10.35, 8.85, 0.925], "size": [2, 4, 0], "uv": [12, 33], "mirror": true}
					]
				},
				{
					"name": "eyes",
					"parent": "head",
					"pivot": [8, 8, -8]
				},
				{
					"name": "eye_r",
					"parent": "eyes",
					"pivot": [3.7, -4.9, 0.5],
					"cubes": [
						{"origin": [-1.925, 9.8, -2.625], "size": [1, 1, 0], "uv": [2, 2]}
					]
				},
				{
					"name": "eye_l",
					"parent": "eyes",
					"pivot": [-3.7, -4.9, 0.5],
					"cubes": [
						{"origin": [1.1, 9.8, -2.625], "size": [1, 1, 0], "uv": [2, 2], "mirror": true}
					]
				},
				{
					"name": "stems",
					"parent": "head",
					"pivot": [8, 8, -8]
				},
				{
					"name": "stem_1",
					"parent": "stems",
					"pivot": [8, 8, -8],
					"cubes": [
						{"origin": [-0.375, 11.7, -0.5], "size": [1, 6, 1], "uv": [0, 22]}
					]
				},
				{
					"name": "stem_2",
					"parent": "stems",
					"pivot": [0.2125, 18.275, -0.05],
					"cubes": [
						{"origin": [0.175, 16.85, -0.575], "size": [1, 2, 1], "pivot": [0.2125, 18.275, -0.05], "rotation": [0, 0, 45], "uv": [12, 22]}
					]
				},
				{
					"name": "stem_3",
					"parent": "stems",
					"pivot": [0.2125, 18.275, -0.05],
					"cubes": [
						{"origin": [-1.125, 17.825, 0.1], "size": [2, 3, 0], "uv": [4, 25]}
					]
				},
				{
					"name": "ears",
					"parent": "head",
					"pivot": [8, 8, -8]
				},
				{
					"name": "ear_right",
					"parent": "ears",
					"pivot": [3.7, 11.1, 0.5],
					"cubes": [
						{"origin": [0.9, 10.6, 0.85], "size": [2, 2, 0], "pivot": [3.7, 11.1, 0.5], "rotation": [0, 0, 22.5], "uv": [0, 29]}
					]
				},
				{
					"name": "ear_left",
					"parent": "ears",
					"pivot": [-3.25, 11.1, 0.5],
					"cubes": [
						{"origin": [-2.65, 10.6, 0.85], "size": [2, 2, 0], "pivot": [-3.25, 11.1, 0.5], "rotation": [0, 0, -22.5], "uv": [12, 25]}
					]
				},
				{
					"name": "mouth",
					"parent": "head",
					"pivot": [8, 8, -8]
				},
				{
					"name": "chest",
					"parent": "body",
					"pivot": [8, 8, -8],
					"cubes": [
						{"origin": [-4.4, 5.8, -2.9], "size": [9, 4, 6], "uv": [0, 0]}
					]
				},
				{
					"name": "flowers",
					"parent": "chest",
					"pivot": [8, 8, -8]
				},
				{
					"name": "flower_1",
					"parent": "flowers",
					"pivot": [-2.4, 7.775, -3],
					"cubes": [
						{"origin": [-3.4, 6.775, -3], "size": [2, 2, 0], "pivot": [-2.4, 7.775, -3], "rotation": [0, 0, -15.75], "uv": [19, 29]}
					]
				},
				{
					"name": "flower_2",
					"parent": "flowers",
					"pivot": [2.4, 7.775, -3],
					"cubes": [
						{"origin": [1.4, 6.775, -3], "size": [2, 2, 0], "pivot": [2.4, 7.775, -3], "rotation": [0, 0, 15.75], "uv": [19, 29], "mirror": true}
					]
				},
				{
					"name": "flower_3",
					"parent": "flowers",
					"pivot": [-0.31643, 6.80077, -3],
					"cubes": [
						{"origin": [-1.01643, 5.45077, -3], "size": [2, 2, 0], "pivot": [-0.31643, 6.80077, -3], "rotation": [0, 0, -25.25], "uv": [19, 29], "mirror": true}
					]
				},
				{
					"name": "outer_leaves",
					"parent": "body",
					"pivot": [3.7, -4.9, 0.5]
				},
				{
					"name": "outer_leaves_right",
					"parent": "outer_leaves",
					"pivot": [8, 8, -8],
					"cubes": [
						{"origin": [2.075, 4.8, -0.425], "size": [4, 5, 0], "uv": [24, 17]}
					]
				},
				{
					"name": "outer_leaves_left",
					"parent": "outer_leaves",
					"pivot": [-7.55, 8, -8],
					"cubes": [
						{"origin": [-5.375, 4.775, -0.425], "size": [4, 5, 0], "uv": [16, 17]}
					]
				},
				{
					"name": "second_layer",
					"parent": "body",
					"pivot": [8, 8, -8],
					"cubes": [
						{"origin": [-1.9, 2.6, -1.7], "size": [4, 4, 3], "uv": [0, 10]}
					]
				},
				{
					"name": "bottom",
					"parent": "body",
					"pivot": [3.7, -4.9, 0.5],
					"cubes": [
						{"origin": [-0.775, 1.1, -1.175], "size": [2, 2, 2], "uv": [35, 18]}
					]
				},
				{
					"name": "tail",
					"parent": "body",
					"pivot": [8, 8, -8],
					"cubes": [
						{"origin": [-1.775, -0.35, -0.15], "size": [4, 3, 0], "uv": [4, 22]}
					]
				}
			]
		}
	]
}