{
	"format_version": "1.8.0",
	"animations": {
		"animation.arcdeo.ground_idle": {
			"loop": true,
			"animation_length": 1,
			"bones": {
				"arceus": {
					"position": {
						"0.0": [0, 9, 0],
						"0.5": [0, 7, 0],
						"1.0": [0, 9, 0]
					}
				},
				"tail": {
					"rotation": {
						"0.0": [-17.5, 0, 0],
						"0.4583": [-5, 0, 0],
						"1.0": [-15, 0, 0]
					}
				},
				"bone13": {
					"rotation": {
						"0.0": [-10, 0, 0],
						"0.4583": [5, 0, 0],
						"1.0": [-10, 0, 0]
					},
					"position": {
						"0.0": [0, -1, 0],
						"0.4583": [0, 0, 0],
						"1.0": [0, -1, 0]
					}
				},
				"bone14": {
					"rotation": {
						"0.0": [-12.5, 0, 0],
						"0.4583": [15, 0, 0],
						"1.0": [-12.5, 0, 0]
					},
					"position": {
						"0.0": [0, -3, 1],
						"0.4583": [0, -1, -1],
						"1.0": [0, -3, 1]
					}
				},
				"bone15": {
					"rotation": {
						"0.0": [-12.5, 0, 0],
						"0.4583": [15, 0, 0],
						"1.0": [-10, 0, 0]
					},
					"position": {
						"0.0": [0, -2, 1],
						"0.4583": [0, 2, -2],
						"1.0": [0, -2, 1]
					}
				},
				"leg_left": {
					"position": {
						"0.0": [0, 0, 0],
						"0.4583": [0, -1, 0],
						"1.0": [0, 0, 0]
					}
				},
				"bone5": {
					"rotation": [25, 0, 0],
					"position": [0, 0, 6]
				},
				"leg_right": {
					"position": {
						"0.0": [0, 0, 0],
						"0.4583": [0, -1, 0],
						"1.0": [0, 0, 0]
					}
				},
				"bone11": {
					"rotation": [30, 0, 0],
					"position": [0, 0, 7]
				},
				"leg_left2": {
					"position": {
						"0.0": [0, 0, 0],
						"0.4583": [0, -1, 0],
						"1.0": [0, 0, 0]
					}
				},
				"bone7": {
					"rotation": [30, 0, 0],
					"position": [0, 4, 5]
				},
				"leg_right2": {
					"position": {
						"0.0": [0, 0, 0],
						"0.4583": [0, -1, 0],
						"1.0": [0, 0, 0]
					}
				},
				"bone9": {
					"rotation": [30, 0, 0],
					"position": [0, 4, 5]
				},
				"arcdeo": {
					"position": {
						"0.0": [0, 0, 0],
						"0.25": [0, 1, 0],
						"0.6667": [0, 0, 0],
						"1.0": [0, 0, 0]
					}
				},
				"head": {
					"rotation": [7.5, 0, 0]
				}
			}
		},
		"animation.arcdeo.faint": {
			"loop": "hold_on_last_frame",
			"animation_length": 5.25,
			"bones": {
				"arceus": {
					"position": {
						"0.0": [0, 11, 0],
						"0.75": [0, -14, 0]
					}
				},
				"tail": {
					"rotation": {
						"0.0": [0, 0, 0],
						"0.75": [-32.5, 0, 0]
					}
				},
				"bone13": {
					"rotation": {
						"0.0": [0, 0, 0],
						"0.75": [-32.5, 0, 0]
					},
					"position": {
						"0.0": [0, 0, 0],
						"0.75": [0, -3, -3]
					}
				},
				"bone14": {
					"rotation": {
						"0.0": [0, 0, 0],
						"0.75": [-27.5, 0, 0]
					},
					"position": {
						"0.0": [0, 0, 0],
						"0.75": [0, -6, 0]
					}
				},
				"bone15": {
					"rotation": {
						"0.0": [0, 0, 0],
						"0.75": [-25, 0, 0]
					},
					"position": {
						"0.0": [0, 0, 0],
						"0.75": [0, -5, 1]
					}
				},
				"neck": {
					"rotation": {
						"0.0": [0, 0, 0],
						"0.75": [35, 0, 0]
					},
					"position": {
						"0.0": [0, 0, 0],
						"0.75": [0, 1, 5]
					}
				},
				"head": {
					"rotation": {
						"0.0": [0, 0, 0],
						"0.75": [20, 0, 0]
					}
				},
				"bone": {
					"rotation": {
						"0.0": [0, 0, 0],
						"0.75": [-17.5, 0, 0]
					},
					"position": {
						"0.0": [0, 0, 0],
						"0.75": [0, 0, -2]
					}
				},
				"bone2": {
					"rotation": {
						"0.0": [0, 0, 0],
						"0.75": [-37.5, 0, 0]
					},
					"position": {
						"0.0": [0, 0, 0],
						"0.75": [0, 1, -3]
					}
				},
				"bone5": {
					"rotation": {
						"0.0": [12.5, 0, 0],
						"0.4167": [22.5, 0, 0]
					},
					"position": {
						"0.0": [0, 0, 0],
						"0.4167": [0, 3, 6]
					}
				},
				"bone11": {
					"rotation": {
						"0.0": [12.5, 0, 0],
						"0.4167": [32.5, 0, 0]
					},
					"position": {
						"0.0": [0, 0, 0],
						"0.4167": [0, 2, 6]
					}
				},
				"bone7": {
					"rotation": {
						"0.0": [10, 0, 0],
						"0.4167": [32.5, 0, 0]
					},
					"position": {
						"0.0": [0, 0, 0],
						"0.4167": [0, 3, 6]
					}
				},
				"bone9": {
					"rotation": {
						"0.0": [10, 0, 0],
						"0.4167": [32.5, 0, 0]
					},
					"position": {
						"0.0": [0, 0, 0],
						"0.4167": [0, 2, 5]
					}
				}
			}
		},
		"animation.arcdeo.ground_walk": {
			"loop": true,
			"animation_length": 1.5,
			"bones": {
				"arceus": {
					"position": [0, 10, 0]
				},
				"body": {
					"position": {
						"0.0": [0, -2, 0],
						"0.7917": [0, 0, 0],
						"1.5": [0, -2, 0]
					}
				},
				"bone13": {
					"rotation": {
						"0.0": [-22.5, 0, 0],
						"0.7083": [12.5, 0, 0],
						"1.5": [-22.5, 0, 0]
					},
					"position": [0, -2, -1]
				},
				"bone14": {
					"rotation": {
						"0.0": [-15, 0, 0],
						"0.7083": [20, 0, 0],
						"1.4583": [-17.5, 0, 0]
					},
					"position": {
						"0.0": [0, -3, 1],
						"0.7083": [0, 2, -1],
						"1.4583": [0, -4, 1]
					}
				},
				"bone15": {
					"rotation": {
						"0.0": [-12.5, 0, 0],
						"0.7083": [30, 0, 0],
						"1.4583": [-12.5, 0, 0]
					},
					"position": {
						"0.0": [0, -3, 1],
						"0.7083": [0, 2, -4],
						"1.4583": [0, -3, 0]
					}
				},
				"neck": {
					"rotation": [5, 0, 0]
				},
				"head": {
					"rotation": [7.5, 0, 0]
				},
				"leg_left": {
					"position": {
						"0.0": [0, 0, 0],
						"0.5": [0, -1, 0],
						"1.5": [0, 0, 0]
					}
				},
				"bone5": {
					"rotation": [25, 0, 0],
					"position": [0, 2, 4]
				},
				"leg_right": {
					"position": {
						"0.0": [0, 0, 0],
						"0.5": [0, -1, 0],
						"1.5": [0, 0, 0]
					}
				},
				"bone11": {
					"rotation": [30, 0, 0],
					"position": [0, 2, 5]
				},
				"leg_left2": {
					"position": {
						"0.0": [0, 0, 0],
						"0.5": [0, -1, 0],
						"1.5": [0, 0, 0]
					}
				},
				"bone7": {
					"rotation": [30, 0, 0],
					"position": [0, 2, 5]
				},
				"leg_right2": {
					"position": {
						"0.0": [0, 0, 0],
						"0.5": [0, -1, 0],
						"1.5": [0, 0, 0]
					}
				},
				"bone9": {
					"rotation": [27.5, 0, 0],
					"position": [0, 2, 5]
				}
			}
		}
	}
}