{
  "format_version": "1.12.0",
  "minecraft:geometry": [
    {
      "description": {
        "identifier": "geometry.kyurem",
        "texture_width": 128,
        "texture_height": 128,
        "visible_bounds_width": 6,
        "visible_bounds_height": 4.5,
        "visible_bounds_offset": [0, 1.75, 0]
      },
      "bones": [
        {
          "name": "root",
          "pivot": [0, 0, 12]
        },
        {
          "name": "kyurem",
          "parent": "root",
          "pivot": [0, 0, 12]
        },
        {
          "name": "legs",
          "parent": "kyurem",
          "pivot": [0, 0, 12]
        },
        {
          "name": "left",
          "parent": "legs",
          "pivot": [9, 16.70352, 14.15711],
          "cubes": [
            {
              "origin": [7.5, 0.5, 12.25],
              "size": [3, 8, 3],
              "inflate": 0.01,
              "pivot": [9, 2, 14.5],
              "rotation": [-30, 0, 0],
              "uv": [0, 29]
            },
            {
              "origin": [7, 8.5, 12.25],
              "size": [4, 5, 4],
              "pivot": [9, 2, 14.5],
              "rotation": [-30, 0, 0],
              "uv": [97, 32]
            },
            {
              "origin": [6, 8, 4.25],
              "size": [6, 10, 8],
              "pivot": [9, 2, 14.5],
              "rotation": [-30, 0, 0],
              "uv": [54, 15]
            }
          ]
        },
        {
          "name": "leftfoot",
          "parent": "left",
          "pivot": [9, 1.35, 14.6],
          "cubes": [
            { "origin": [6.5, 0, 11], "size": [5, 3, 5], "uv": [90, 10] },
            { "origin": [9, 0, 6], "size": [0, 2, 4], "uv": [62, 72] },
            { "origin": [10.5, 0, 6], "size": [0, 2, 4], "uv": [39, 73] },
            { "origin": [7.5, 0, 6], "size": [0, 2, 4], "uv": [47, 73] },
            { "origin": [7, 0, 10], "size": [4, 2, 1], "uv": [11, 83] }
          ]
        },
        {
          "name": "right",
          "parent": "legs",
          "pivot": [-9, 16.70352, 14.15711],
          "cubes": [
            {
              "origin": [-10.5, 0.5, 12.25],
              "size": [3, 8, 3],
              "inflate": 0.01,
              "pivot": [-9, 2, 14.5],
              "rotation": [-30, 0, 0],
              "uv": [0, 0]
            },
            {
              "origin": [-11, 8.5, 12.25],
              "size": [4, 5, 4],
              "pivot": [-9, 2, 14.5],
              "rotation": [-30, 0, 0],
              "uv": [18, 96]
            },
            {
              "origin": [-12, 8, 4.25],
              "size": [6, 10, 8],
              "pivot": [-9, 2, 14.5],
              "rotation": [-30, 0, 0],
              "uv": [0, 52]
            }
          ]
        },
        {
          "name": "rightfoot",
          "parent": "right",
          "pivot": [-9, 1.35, 14.6],
          "cubes": [
            { "origin": [-11.5, 0, 11], "size": [5, 3, 5], "uv": [89, 0] },
            { "origin": [-9, 0, 6], "size": [0, 2, 4], "uv": [62, 70] },
            { "origin": [-10.5, 0, 6], "size": [0, 2, 4], "uv": [27, 69] },
            { "origin": [-7.5, 0, 6], "size": [0, 2, 4], "uv": [62, 68] },
            { "origin": [-11, 0, 10], "size": [4, 2, 1], "uv": [74, 20] }
          ]
        },
        {
          "name": "body",
          "parent": "legs",
          "pivot": [0, 19.16313, 13.36746],
          "cubes": [
            {
              "origin": [-6, 10.5173, 5.08734],
              "size": [12, 14, 14],
              "pivot": [4.5, 15.5173, 15.08734],
              "rotation": [-35, 0, 0],
              "uv": [1, 1]
            }
          ]
        },
        {
          "name": "body2",
          "parent": "body",
          "pivot": [1, 21.82309, 12.3238],
          "cubes": [
            {
              "origin": [-5, 17.90116, -0.615],
              "size": [10, 11, 11],
              "pivot": [1, 18.82309, 4.3238],
              "rotation": [-10, 0, 0],
              "uv": [1, 30]
            }
          ]
        },
        {
          "name": "arms",
          "parent": "body2",
          "pivot": [0, 0, 12]
        },
        {
          "name": "left2",
          "parent": "arms",
          "pivot": [0, 0, 14],
          "cubes": [
            {
              "origin": [5, 19.90116, 0.635],
              "size": [3, 5, 5],
              "pivot": [1, 18.82309, 4.3238],
              "rotation": [-10, 0, 0],
              "uv": [77, 91]
            }
          ]
        },
        {
          "name": "armleft",
          "parent": "left2",
          "pivot": [8, 22.82309, 3.8238],
          "cubes": [
            {
              "origin": [8, 21.15116, 1.635],
              "size": [5, 3, 3],
              "pivot": [1, 18.82309, 4.3238],
              "rotation": [-10, 0, 0],
              "uv": [95, 55]
            }
          ]
        },
        {
          "name": "left_elbow",
          "parent": "armleft",
          "pivot": [13, 22.82309, 3.8238],
          "cubes": [
            {
              "origin": [13, 21.65116, 2.135],
              "size": [7, 2, 2],
              "pivot": [1, 18.82309, 4.3238],
              "rotation": [-10, 0, 0],
              "uv": [64, 92]
            }
          ]
        },
        {
          "name": "finger1",
          "parent": "left_elbow",
          "pivot": [20, 23.37866, 3.41222],
          "cubes": [
            {
              "origin": [20, 22.87866, 2.91222],
              "size": [3, 1, 1],
              "pivot": [20, 23.37866, 3.41222],
              "rotation": [-10, 0, 0],
              "uv": [27, 84]
            }
          ]
        },
        {
          "name": "finger2",
          "parent": "left_elbow",
          "pivot": [20, 23.20501, 4.39703],
          "cubes": [
            {
              "origin": [20, 22.70501, 3.89703],
              "size": [3, 1, 1],
              "pivot": [20, 23.20501, 4.39703],
              "rotation": [-10, 0, 0],
              "uv": [26, 80]
            }
          ]
        },
        {
          "name": "right2",
          "parent": "arms",
          "pivot": [0, 0, 14],
          "cubes": [
            {
              "origin": [-8, 19.90116, 0.635],
              "size": [3, 5, 5],
              "pivot": [-1, 18.82309, 4.3238],
              "rotation": [-10, 0, 0],
              "uv": [16, 70]
            }
          ]
        },
        {
          "name": "armright",
          "parent": "right2",
          "pivot": [-8, 22.82309, 3.8238],
          "cubes": [
            {
              "origin": [-13, 21.15116, 1.635],
              "size": [5, 3, 3],
              "pivot": [-1, 18.82309, 4.3238],
              "rotation": [-10, 0, 0],
              "uv": [39, 71]
            }
          ]
        },
        {
          "name": "right_elbow",
          "parent": "armright",
          "pivot": [-13, 22.82309, 3.8238],
          "cubes": [
            {
              "origin": [-20, 21.65116, 2.135],
              "size": [7, 2, 2],
              "pivot": [-1, 18.82309, 4.3238],
              "rotation": [-10, 0, 0],
              "uv": [54, 47]
            }
          ]
        },
        {
          "name": "finger3",
          "parent": "right_elbow",
          "pivot": [-20, 23.37866, 3.41222],
          "cubes": [
            {
              "origin": [-23, 22.87866, 2.91222],
              "size": [3, 1, 1],
              "pivot": [-20, 23.37866, 3.41222],
              "rotation": [-10, 0, 0],
              "uv": [39, 79]
            }
          ]
        },
        {
          "name": "finger4",
          "parent": "right_elbow",
          "pivot": [-20, 23.20501, 4.39703],
          "cubes": [
            {
              "origin": [-23, 22.70501, 3.89703],
              "size": [3, 1, 1],
              "pivot": [-20, 23.20501, 4.39703],
              "rotation": [-10, 0, 0],
              "uv": [74, 16]
            }
          ]
        },
        {
          "name": "body3",
          "parent": "body2",
          "pivot": [1.5, 23.43935, 1.10491],
          "cubes": [
            {
              "origin": [-4.5, 20.02277, -6.70006],
              "size": [9, 7, 8],
              "uv": [39, 0]
            }
          ]
        },
        {
          "name": "neck",
          "parent": "body3",
          "pivot": [0, 23.18935, -6.89509],
          "cubes": [
            {
              "origin": [-2.5, 20.52277, -21.70006],
              "size": [5, 5, 16],
              "uv": [28, 36]
            },
            {
              "origin": [-1, 24.02277, -17.95006],
              "size": [2, 2, 2],
              "uv": [82, 36]
            },
            {
              "origin": [0, 24.27277, -15.30006],
              "size": [0, 3, 3],
              "pivot": [0, 26.02277, -14.20006],
              "rotation": [27.5, 0, 0],
              "uv": [9, 8]
            },
            {
              "origin": [0, 24.93808, -11.48484],
              "size": [0, 2, 2],
              "pivot": [0, 25.93808, -10.48484],
              "rotation": [25, 0, 0],
              "uv": [39, 34]
            },
            {
              "origin": [0, 24.52277, -18.70006],
              "size": [0, 4, 3],
              "pivot": [0, 26.02277, -14.20006],
              "rotation": [22.5, 0, 0],
              "uv": [60, 54]
            }
          ]
        },
        {
          "name": "head",
          "parent": "neck",
          "pivot": [0.02652, 22.70823, -19.34898],
          "cubes": [
            {
              "origin": [-2.5, 20.52277, -23.70006],
              "size": [6, 5, 6],
              "pivot": [0, 23.02277, -21.20006],
              "rotation": [17.5, -45, -12.5],
              "uv": [72, 47]
            },
            {
              "origin": [1.40814, 21.32082, -22.72683],
              "size": [1, 1, 0],
              "pivot": [1.80814, 21.92082, -22.72683],
              "rotation": [-27.40548, -40.56821, 50.09452],
              "uv": [0, 11]
            },
            {
              "origin": [2.40814, 22.32082, -22.72683],
              "size": [1, 1, 0],
              "pivot": [1.80814, 21.92082, -22.72683],
              "rotation": [-27.40548, -40.56821, 50.09452],
              "uv": [9, 1]
            },
            {
              "origin": [3.40814, 23.32082, -22.72683],
              "size": [1, 1, 0],
              "pivot": [1.80814, 21.92082, -22.72683],
              "rotation": [-27.40548, -40.56821, 50.09452],
              "uv": [9, 0]
            },
            {
              "origin": [-4.30814, 23.12082, -23.02683],
              "size": [1, 1, 0],
              "pivot": [-1.80814, 21.92082, -22.72683],
              "rotation": [-27.40548, 40.56821, -50.09452],
              "uv": [0, 0]
            },
            {
              "origin": [-3.30814, 22.12082, -23.02683],
              "size": [1, 1, 0],
              "pivot": [-1.80814, 21.92082, -22.72683],
              "rotation": [-27.40548, 40.56821, -50.09452],
              "uv": [0, 1]
            },
            {
              "origin": [-2.40814, 21.22082, -23.02683],
              "size": [1, 1, 0],
              "pivot": [-1.80814, 21.92082, -22.72683],
              "rotation": [-27.40548, 40.56821, -50.09452],
              "uv": [0, 2]
            },
            {
              "origin": [0.5, 25.52277, -20.70006],
              "size": [3, 1, 3],
              "pivot": [0, 23.02277, -21.20006],
              "rotation": [17.5, -45, -12.5],
              "uv": [0, 11]
            }
          ]
        },
        {
          "name": "top",
          "parent": "head",
          "pivot": [-0.01628, 24.72039, -20.91266],
          "cubes": [
            {
              "origin": [-1.91513, 20.62439, -29.25127],
              "size": [3, 3, 3],
              "pivot": [0.13487, 23.77439, -27.25127],
              "rotation": [64.66706, -22.90408, -38.48094],
              "uv": [55, 104]
            },
            {
              "origin": [-1, 25.80952, -27.81251],
              "size": [2, 2, 9],
              "pivot": [0, 27.05952, -23.31251],
              "rotation": [47.5, 0, 0],
              "uv": [26, 73]
            },
            {
              "origin": [1.64832, 21.81769, -19.85287],
              "size": [3, 4, 2],
              "pivot": [3.64832, 20.31769, -21.35287],
              "rotation": [7.79062, 19.93354, 1.03842],
              "uv": [105, 8]
            },
            {
              "origin": [2, 24.52277, -26.02189],
              "size": [3, 3, 8],
              "pivot": [3.5, 25.52277, -22.02189],
              "rotation": [25.29062, 19.93354, 1.03842],
              "uv": [82, 36]
            },
            {
              "origin": [-5, 24.52277, -26.02189],
              "size": [3, 3, 8],
              "pivot": [-3.5, 25.52277, -22.02189],
              "rotation": [25.29062, -19.93354, -1.03842],
              "uv": [82, 36],
              "mirror": true
            },
            {
              "origin": [0, 25.27277, -26.02189],
              "size": [2, 2, 8],
              "pivot": [3.5, 25.52277, -22.02189],
              "rotation": [25.29062, 19.93354, 1.03842],
              "uv": [74, 10]
            },
            {
              "origin": [-2, 25.27277, -26.02189],
              "size": [2, 2, 8],
              "pivot": [-3.5, 25.52277, -22.02189],
              "rotation": [25.29062, -19.93354, -1.03842],
              "uv": [73, 0]
            },
            {
              "origin": [-2, 24.27277, -21.02189],
              "size": [2, 1, 3],
              "pivot": [-3.5, 25.52277, -22.02189],
              "rotation": [25.29062, -19.93354, -1.03842],
              "uv": [82, 20]
            },
            {
              "origin": [0, 24.27277, -21.02189],
              "size": [2, 1, 3],
              "pivot": [3.5, 25.52277, -22.02189],
              "rotation": [25.29062, 19.93354, 1.03842],
              "uv": [0, 76]
            },
            {
              "origin": [2, 25.52277, -18.02189],
              "size": [2, 2, 6],
              "pivot": [3.5, 25.52277, -22.02189],
              "rotation": [25.29062, 19.93354, 1.03842],
              "uv": [65, 0]
            },
            {
              "origin": [3.25, 24.77277, -18.02189],
              "size": [1, 1, 4],
              "pivot": [3.5, 25.52277, -22.02189],
              "rotation": [25.29062, 19.93354, 1.03842],
              "uv": [68, 47]
            },
            {
              "origin": [-4.25, 24.77277, -18.02189],
              "size": [1, 1, 2],
              "pivot": [-3.5, 25.52277, -22.02189],
              "rotation": [25.29062, -19.93354, -1.03842],
              "uv": [9, 0]
            },
            {
              "origin": [-4, 25.52277, -18.02189],
              "size": [2, 2, 3],
              "pivot": [-3.5, 25.52277, -22.02189],
              "rotation": [25.29062, -19.93354, -1.03842],
              "uv": [32, 36]
            },
            {
              "origin": [0.79366, 22.08763, -27.37715],
              "size": [2, 3, 3],
              "pivot": [1.54366, 24.08763, -25.87715],
              "rotation": [44.16396, 23.56313, 4.74187],
              "uv": [104, 61]
            },
            {
              "origin": [-2.79366, 22.08763, -27.37715],
              "size": [2, 3, 3],
              "pivot": [-1.54366, 24.08763, -25.87715],
              "rotation": [44.16396, -23.56313, -4.74187],
              "uv": [20, 54]
            },
            {
              "origin": [-0.35248, 19.74386, -27.87375],
              "size": [3, 2, 4],
              "pivot": [1.64752, 19.74386, -25.37375],
              "rotation": [-22.46813, 33.94325, -5.00121],
              "uv": [98, 101]
            },
            {
              "origin": [-2.64752, 19.74386, -27.87375],
              "size": [3, 2, 4],
              "pivot": [-1.64752, 19.74386, -25.37375],
              "rotation": [-22.46813, -33.94325, 5.00121],
              "uv": [70, 101]
            },
            {
              "origin": [1.89832, 19.06769, -24.35287],
              "size": [3, 3, 7],
              "pivot": [3.64832, 20.31769, -21.35287],
              "rotation": [7.79062, 19.93354, 1.03842],
              "uv": [62, 82]
            },
            {
              "origin": [-4.89832, 19.06769, -24.35287],
              "size": [3, 3, 7],
              "pivot": [-3.64832, 20.31769, -21.35287],
              "rotation": [7.79062, -19.93354, -1.03842],
              "uv": [62, 82],
              "mirror": true
            },
            {
              "origin": [-4.64832, 21.81769, -19.85287],
              "size": [3, 4, 2],
              "pivot": [-3.64832, 20.31769, -21.35287],
              "rotation": [7.79062, -19.93354, -1.03842],
              "uv": [0, 70]
            }
          ]
        },
        {
          "name": "wings",
          "parent": "body2",
          "pivot": [1, 18.82309, 4.3238]
        },
        {
          "name": "wingleft",
          "parent": "wings",
          "pivot": [2.90959, 28.64271, 5.89474],
          "rotation": [0, 0, -10],
          "cubes": [
            {
              "origin": [1.16066, 27.73849, 3.55897],
              "size": [9, 4, 3],
              "inflate": 0.01,
              "pivot": [5.16066, 29.73849, 5.55897],
              "rotation": [-7.96341, -6.06809, -37.07723],
              "uv": [45, 82]
            },
            {
              "origin": [10.16066, 30.73849, 3.55897],
              "size": [2, 1, 3],
              "inflate": 0.01,
              "pivot": [5.16066, 29.73849, 5.55897],
              "rotation": [-7.96341, -6.06809, -37.07723],
              "uv": [72, 63]
            },
            {
              "origin": [7.00748, 30.2846, 4.40466],
              "size": [6, 4, 3],
              "pivot": [11.50748, 34.5346, 6.40466],
              "rotation": [-9.91615, -1.29876, -7.38733],
              "uv": [95, 77]
            },
            {
              "origin": [11.30582, 31.98658, 4.44909],
              "size": [6, 4, 3],
              "inflate": 0.01,
              "pivot": [14.80582, 34.78658, 6.44909],
              "rotation": [-8.21888, -5.71617, -34.58897],
              "uv": [95, 70]
            },
            {
              "origin": [9.30582, 34.98658, 4.44909],
              "size": [10, 2, 3],
              "inflate": -0.01,
              "pivot": [14.80582, 34.78658, 6.44909],
              "rotation": [-8.21888, -5.71617, -34.58897],
              "uv": [72, 58]
            },
            {
              "origin": [19.30582, 35.98658, 4.44909],
              "size": [1, 1, 3],
              "pivot": [14.80582, 34.78658, 6.44909],
              "rotation": [-8.21888, -5.71617, -34.58897],
              "uv": [82, 40]
            },
            {
              "origin": [15.75, 35.3549, 4.71187],
              "size": [7, 3, 3],
              "inflate": 0.01,
              "pivot": [19.23911, 36.3549, 6.21187],
              "rotation": [-9.96271, -0.86717, -4.92442],
              "uv": [90, 47]
            },
            {
              "origin": [14.82748, 32.34254, 4.9819],
              "size": [8, 4, 3],
              "pivot": [20.32748, 37.84254, 6.9819],
              "rotation": [-10, 0, 0],
              "uv": [82, 63]
            },
            {
              "origin": [22.82748, 33.84254, 5.3819],
              "size": [4, 0, 2],
              "inflate": 0.01,
              "pivot": [20.32748, 37.34254, 6.8819],
              "rotation": [-10, 0, 0],
              "uv": [72, 14]
            },
            {
              "origin": [22.82748, 33.98254, 4.78172],
              "size": [4, 0, 2],
              "inflate": 0.01,
              "pivot": [24.82748, 33.98254, 5.78172],
              "rotation": [80, 0, 0],
              "uv": [25, 71]
            },
            {
              "origin": [22.57748, 37.23254, 5.38172],
              "size": [4, 0, 2],
              "inflate": 0.01,
              "pivot": [24.57748, 37.23254, 6.38172],
              "rotation": [80, 0, 0],
              "uv": [71, 10]
            },
            {
              "origin": [22.57748, 37.09254, 5.9819],
              "size": [4, 0, 2],
              "inflate": 0.01,
              "pivot": [20.07748, 40.59254, 7.4819],
              "rotation": [-10, 0, 0],
              "uv": [71, 12]
            }
          ]
        },
        {
          "name": "wingright",
          "parent": "wings",
          "pivot": [-2.90959, 28.64271, 5.89474],
          "rotation": [0, 0, 12.5],
          "cubes": [
            {
              "origin": [-9.16066, 27.73849, 3.55897],
              "size": [8, 4, 3],
              "inflate": 0.01,
              "pivot": [-5.16066, 29.73849, 5.55897],
              "rotation": [-7.96341, 6.06809, 37.07723],
              "uv": [32, 29]
            },
            {
              "origin": [-12.40748, 29.2846, 4.25466],
              "size": [6, 4, 3],
              "pivot": [-10.50748, 33.5346, 6.25466],
              "rotation": [-9.91615, 1.29876, 7.38733],
              "uv": [0, 95]
            },
            {
              "origin": [-12.3884, 31.9558, 4.27664],
              "size": [3, 3, 3],
              "inflate": 0.01,
              "pivot": [-11.1884, 33.7058, 5.77664],
              "rotation": [-9.91615, 1.29876, 7.38733],
              "uv": [104, 41]
            },
            {
              "origin": [-10.4884, 32.7058, 4.27664],
              "size": [3, 3, 3],
              "pivot": [-11.1884, 33.6058, 5.77664],
              "rotation": [-7.10708, 7.05302, 44.56145],
              "uv": [31, 103]
            },
            {
              "origin": [-16.37748, 31.14254, 4.9319],
              "size": [4, 0, 2],
              "inflate": 0.01,
              "pivot": [-9.87748, 34.64254, 6.4319],
              "rotation": [-10, 0, 0],
              "uv": [60, 70]
            },
            {
              "origin": [-16.37748, 31.28254, 4.33172],
              "size": [4, 0, 2],
              "inflate": 0.01,
              "pivot": [-14.37748, 31.28254, 5.33172],
              "rotation": [80, 0, 0],
              "uv": [53, 64]
            },
            {
              "origin": [-16.12748, 34.03254, 4.83172],
              "size": [4, 0, 2],
              "inflate": 0.01,
              "pivot": [-14.12748, 34.03254, 5.83172],
              "rotation": [80, 0, 0],
              "uv": [45, 64]
            },
            {
              "origin": [-16.12748, 33.89254, 5.4319],
              "size": [4, 0, 2],
              "inflate": 0.01,
              "pivot": [-9.62748, 37.39254, 6.9319],
              "rotation": [-10, 0, 0],
              "uv": [18, 52]
            }
          ]
        },
        {
          "name": "ice2",
          "parent": "body2",
          "pivot": [6, 23.161, 0.32756],
          "cubes": [
            {
              "origin": [3.9, 21.46456, -0.42716],
              "size": [3, 7, 5],
              "pivot": [5.5, 24.46456, 1.57284],
              "rotation": [-52.49067, 0.43399, 2.46207],
              "uv": [48, 89]
            },
            {
              "origin": [1.89512, 26.5662, 0.35066],
              "size": [4, 2, 5],
              "pivot": [4.14512, 27.5662, 2.85066],
              "rotation": [-99.74043, 11.79726, -19.76314],
              "uv": [93, 91]
            },
            {
              "origin": [-5.89512, 26.5662, 0.35066],
              "size": [4, 2, 5],
              "pivot": [-4.14512, 27.5662, 2.85066],
              "rotation": [-99.74043, -11.79726, 19.76314],
              "uv": [93, 25]
            },
            {
              "origin": [-5.90254, 26.33064, 3.04211],
              "size": [4, 2, 5],
              "pivot": [-3.90254, 27.33064, 6.29211],
              "rotation": [99.56123, 4.4031, 18.49402],
              "uv": [93, 18]
            },
            {
              "origin": [1.90254, 26.33064, 3.04211],
              "size": [4, 2, 5],
              "pivot": [3.90254, 27.33064, 6.29211],
              "rotation": [99.56123, -4.4031, -18.49402],
              "uv": [47, 57]
            },
            {
              "origin": [3.71303, 19.99837, 3.80127],
              "size": [3, 7, 5],
              "pivot": [5.31303, 21.99837, 4.10127],
              "rotation": [15.00933, 0.43399, 2.46207],
              "uv": [32, 84]
            },
            {
              "origin": [5, 19.161, -0.47244],
              "size": [2, 5, 2],
              "pivot": [6, 23.161, 0.32756],
              "rotation": [2.5, 0, 0],
              "uv": [28, 58]
            },
            {
              "origin": [4.9, 16.924, 0.22366],
              "size": [2, 5, 1],
              "pivot": [5.9, 18.674, 0.72366],
              "rotation": [10, 0, 0],
              "uv": [75, 0]
            },
            {
              "origin": [4.7, 17.2045, 6.00227],
              "size": [2, 5, 2],
              "pivot": [5.9, 20.4545, 6.50227],
              "rotation": [-15, 0, 0],
              "uv": [54, 15]
            }
          ]
        },
        {
          "name": "ice3",
          "parent": "body2",
          "pivot": [-6, 23.161, 0.32756],
          "cubes": [
            {
              "origin": [-6.7, 17.2045, 6.00227],
              "size": [2, 5, 2],
              "pivot": [-5.9, 20.4545, 6.50227],
              "rotation": [-15, 0, 0],
              "uv": [54, 15],
              "mirror": true
            },
            {
              "origin": [-6.9, 21.46456, -0.42716],
              "size": [3, 7, 5],
              "pivot": [-5.5, 24.46456, 1.57284],
              "rotation": [-52.49067, -0.43399, -2.46207],
              "uv": [16, 84]
            },
            {
              "origin": [-6.71303, 19.99837, 3.80127],
              "size": [3, 7, 5],
              "pivot": [-5.31303, 21.99837, 4.10127],
              "rotation": [15.00933, -0.43399, -2.46207],
              "uv": [0, 83]
            },
            {
              "origin": [-7, 19.161, -0.47244],
              "size": [2, 5, 2],
              "pivot": [-6, 23.161, 0.32756],
              "rotation": [2.5, 0, 0],
              "uv": [0, 52]
            },
            {
              "origin": [-6.9, 16.924, 0.22366],
              "size": [2, 5, 1],
              "pivot": [-5.9, 18.674, 0.72366],
              "rotation": [10, 0, 0],
              "uv": [65, 0]
            }
          ]
        },
        {
          "name": "tail",
          "parent": "body",
          "pivot": [0, 0, 12],
          "cubes": [
            {
              "origin": [-2.5, 18.02277, 18.04994],
              "size": [5, 5, 9],
              "uv": [28, 57]
            },
            {
              "origin": [-4.5, 16.02277, 27.04994],
              "size": [9, 9, 3],
              "uv": [71, 70]
            },
            {
              "origin": [3.25, 14.25987, 29.10192],
              "size": [3, 3, 10],
              "uv": [0, 70]
            },
            {
              "origin": [2.25, 15.25987, 26.10192],
              "size": [3, 3, 4],
              "uv": [34, 96]
            },
            {
              "origin": [-3.75, 17.25987, 25.10192],
              "size": [3, 3, 3],
              "uv": [102, 84]
            },
            {
              "origin": [0.75, 17.25987, 25.10192],
              "size": [3, 3, 3],
              "uv": [0, 102]
            },
            {
              "origin": [-5.25, 15.25987, 26.10192],
              "size": [3, 3, 4],
              "uv": [75, 82]
            },
            {
              "origin": [-6.25, 14.25987, 29.10192],
              "size": [3, 3, 10],
              "uv": [56, 57]
            },
            {
              "origin": [-1, 24.25987, 29.10192],
              "size": [3, 3, 10],
              "pivot": [0.25, 25.75987, 34.10192],
              "rotation": [0, 0, -180],
              "uv": [56, 57]
            },
            {
              "origin": [-5.75, 14.75987, 30.10192],
              "size": [2, 2, 5],
              "inflate": -0.01,
              "uv": [88, 98]
            },
            {
              "origin": [-1.5, 24.25987, 27.10192],
              "size": [3, 2, 4],
              "inflate": -0.01,
              "uv": [44, 101]
            },
            {
              "origin": [-1.5, 22.00987, 25.10192],
              "size": [3, 3, 4],
              "inflate": -0.01,
              "uv": [60, 97]
            },
            {
              "origin": [-5.5, 15.02277, 30.04994],
              "size": [11, 11, 3],
              "uv": [54, 33]
            }
          ]
        }
      ]
    }
  ]
}
