{
    "enabled": "true",
    "neededInstalledMods": [],
    "neededUninstalledMods": [],
    "spawns": [
        {
            "id": "burmy_trash-1",
            "pokemon": "burmy",
            "type": "pokemon",
            "context": "grounded",
            "bucket": "common",
            "level": "25-45",
            "weight": 15.0,
            "condition": {
                "biomes": [
                    "betterend:dry_shrubland"
                ]
            }
        },
        {
            "id": "burmy_trash-2",
            "pokemon": "burmy",
            "type": "pokemon",
            "context": "grounded",
            "bucket": "common",
            "level": "5-26",
            "weight": 2,
            "condition": {
                "biomes": [
                    "#cobblemon:is_badlands"
                ]
            }
        }
    ]
}