{
    "enabled": "true",
    "neededInstalledMods": [],
    "neededUninstalledMods": [],
    "spawns": [
        {
            "id": "wormadam-1",
            "pokemon": "wormadam",
            "type": "pokemon",
            "context": "grounded",
            "bucket": "uncommon",
            "level": "35-55",
            "weight": 15.0,
            "condition": {
                "biomes": [
                    "betterend:amber_land"
                ]
            }
        },
        {
            "id": "wormadam-2",
            "pokemon": "wormadam",
            "type": "pokemon",
            "context": "grounded",
            "bucket": "uncommon",
            "level": "15-32",
            "weight": 2,
            "condition": {
                "biomes": [
                    "#minecraft:is_forest"
                ]
            }
        }
    ]
}