{
    "enabled": true,
    "neededInstalledMods": [],
    "neededUninstalledMods": [],
    "spawns": [
        {
            "id": "tadbulb-1",
            "pokemon": "tadbulb",
            "presets": [
                "natural"
            ],
            "type": "pokemon",
            "context": "grounded",
            "bucket": "uncommon",
            "level": "34-55",
            "weight": 16.0,
            "condition": {
                "biomes": [
                    "betterend:foggy_mushroomland"
                ]
            }
        },
        {
            "id": "tadbulb-2",
            "pokemon": "tadbulb",
            "type": "pokemon",
            "context": "grounded",
            "bucket": "rare",
            "level": "25-40",
            "weight": 2,
            "condition": {
                "biomes": [
                    "#cobblemon:is_coast"
                ]
            }
        }
    ]
}