{
  "enabled": true,
  "neededInstalledMods": [],
  "neededUninstalledMods": [],
  "spawns": [
    {
      "id": "lugia_shadow-1",
      "pokemon": "lugia_shadow-",
      "presets": ["natural"],
      "type": "pokemon",
      "context": "submerged",
      "bucket": "ultra-rare",
      "level": "70",
      "weight": 9.0,
      "condition": {
        "canSeeSky": true,
        "biomes": ["minecraft:warm_ocean"]
      }
    },
    {
      "id": "lugia_shadow--2",
      "pokemon": "lugia_shadow-",
      "presets": ["natural"],
      "type": "pokemon",
      "context": "submerged",
      "bucket": "ultra-rare",
      "level": "70",
      "weight": 9.0,
      "condition": {
        "biomes": ["#minecraft:is_ocean"]
      }
    }
  ]
}
