{
    "implemented": true,
    "name": "pecharunt",
    "nationalPokedexNumber": 9999,
    "primaryType": "poison",
    "secondaryType": "ghost",
    "abilities": [
        "protosynthesis"
        
        
    ],
    "baseStats": {
        "hp": 88,
        "attack": 88,
        "defence": 160,
        "special_attack": 88,
        "special_defence": 88,
        "speed": 88
    },
    "behaviour": {
        "resting": {
            "canSleep": true,
            "depth": "normal",
            "light": "0-4"
        },
        "moving": {
            "canLook": false,
            "walk": {
                "canWalk": true,
                "avoidsLand": false
            },
            "swim": {
                "swimSpeed": 0.1,
                "canSwimInWater": true,
                "canBreatheUnderwater": false
            }
        }
    },
    "catchRate": 20,
    "maleRatio": -1,
    "shoulderMountable": false,
    
    "baseExperienceYield": 100,
    "experienceGroup": "slow",
    "eggCycles": 25,
    "eggGroups": [
        "undiscovered"
        
    ],
    
    "moves": [
        "1:astonish",
        "1:memento",
        "1:poisongas",
        "1:smog",
        "8:withdraw",
        "16:destinybond",
        "24:faketears",
        "32:partingshot",
        "40:shadowball",
        "48:poisonfang",
        "56:toxic",
        "64:nastyplot",
        "72:recover",
        "80:protect"
    ],
    "labels": [
        "custom"
    ],
    "pokedex": [
        "cobblemon.species.pecharunt.desc1",
        "cobblemon.species.pecharunt.desc2"
    ],
    
    
    "baseScale": 0.5,
    "hitbox": {
        "width": 1.0,
        "height": 1.0,
        "fixed": false
    },
    "baseFriendship": 50,
    "evYield": {
        "hp": 0,
        "attack": 0,
        "defence": 1,
        "special_attack": 0,
        "special_defence": 0,
        "speed": 0
    },
    "height": 1,
    "weight": 1
}