{
    "implemented": true,
    "name": "poltchageist",
    "nationalPokedexNumber": 1012,
    "primaryType": "grass",
    "secondaryType": "ghost",
    "abilities": [
        "heatproof",
        "sweetveil"
        
    ],
    "baseStats": {
        "hp": 40,
        "attack": 45,
        "defence": 45,
        "special_attack": 74,
        "special_defence": 54,
        "speed": 50
    },
    "behaviour": {
        "resting": {
            "canSleep": false,
            "depth": "normal",
            "light": "0-4"
        },
        "moving": {
            "canLook": false,
            "walk": {
                "canWalk": true,
                "avoidsLand": false
            },
            "swim": {
                "swimSpeed": 0.1,
                "canSwimInWater": false,
                "canBreatheUnderwater": false
            }
        }
    },
    "catchRate": 75,
    "maleRatio": -1,
    "shoulderMountable": false,
    
    "baseExperienceYield": 100,
    "experienceGroup": "erratic",
    "eggCycles": 25,
    "eggGroups": [
        "amorphous",
        "mineral"
    ],
    "drops": {
        "amount": "1",
        "entries": [
        {"item": "minecraft:green_dye", "quantityRange": "1-2", "percentage": 50}
        ]
    },
    "moves": [
        "1:astonish",
        "1:stunspore",
        "1:withdraw",
        "6:absorb",
        "12:lifedew",
        "18:foulplay",
        "24:megadrain",
        "30:hex",
        "36:ragepowder",
        "42:gigadrain",
        "48:shadowball",
        "54:memento",
        "60:leafstorm"
    ],
    "labels": [
        "custom"
    ],
    "pokedex": [
        "cobblemon.species.poltchageist.desc1",
        "cobblemon.species.poltchageist.desc2"
    ],
    "evolutions": [
        {
            "id": "poltchageist_sinistcha",
            "variant": "level_up",
            "result": "sinistcha",
            "consumeHeldItem": true,
            "learnableMoves": [],
			"requirements": [
			{
          "variant": "held_item",
          "itemCondition": "cobblemon:cracked_pot"
			},
			{
          "variant": "level",
          "minLevel": 1
			}
        ]
    }
 ],      
    "baseScale": 0.4,
    "hitbox": {
        "width": 0.5,
        "height": 1.0,
        "fixed": false
    },
    "baseFriendship": 50,
    "evYield": {
        "hp": 0,
        "attack": 0,
        "defence": 0,
        "special_attack": 1,
        "special_defence": 0,
        "speed": 0
    },
    "height": 1,
    "weight": 1
}