{
  "name": "Hattrem",
  "nationalPokedexNumber": 857,
  "primaryType": "psychic",
  "abilities": [
    "healer",
    "anticipation",
    "h:magicbounce"
  ],
  "baseStats": {
    "hp": 57,
    "attack": 40,
    "defence": 65,
    "special_attack": 86,
    "special_defence": 73,
    "speed": 49
  },
  "catchRate": 120,
  "maleRatio": 0,
  "shoulderMountable": false,
  "baseExperienceYield": 130,
  "experienceGroup": "slow",
  "eggCycles": 20,
  "eggGroups": [
    "fairy"
  ],
  "moves": [
    "1:confusion",
    "1:disarmingvoice",
    "1:lifedew",
    "1:playnice",
    "15:aromatherapy",
    "15:aromaticmist",
    "20:psybeam",
    "25:healpulse",
    "30:dazzlinggleam",
    "37:calmmind",
    "44:psychic",
    "51:healingwish",
    "tm:attract",
    "tm:batonpass",
    "tm:brutalswing",
    "tm:calmmind",
    "tm:charm",
    "tm:darkpulse",
    "tm:dazzlinggleam",
    "tm:disarmingvoice",
    "tm:drainingkiss",
    "tm:endure",
    "tm:expandingforce",
    "tm:facade",
    "tm:futuresight",
    "tm:gigadrain",
    "tm:helpinghand",
    "tm:imprison",
    "tm:lightscreen",
    "tm:magicalleaf",
    "tm:metronome",
    "tm:mistyterrain",
    "tm:mysticalfire",
    "tm:playrough",
    "tm:protect",
    "tm:psybeam",
    "tm:psychic",
    "tm:psychicterrain",
    "tm:psychup",
    "tm:psyshock",
    "tm:reflect",
    "tm:rest",
    "tm:round",
    "tm:safeguard",
    "tm:skillswap",
    "tm:sleeptalk",
    "tm:snore",
    "tm:storedpower",
    "tm:substitute",
    "tm:swift",
    "tm:terablast",
    "tm:thunderwave",
    "tm:trick",
    "tm:trickroom",
    "tutor:expandingforce"
  ],
  "labels": [
    "gen8"
  ],
  "pokedex": [
    "cobblemon.species.hattrem.desc"
  ],
  "preEvolution": "hatenna",
  "evolutions": [
    {
      "id": "hattrem_hatterene",
      "variant": "level_up",
      "result": "hatterene",
      "consumeHeldItem": false,
      "learnableMoves": [
        "psychocut"
      ],
      "requirements": [
        {
          "variant": "level",
          "minLevel": 42
        }
      ]
    }
  ],
  "baseScale": 1,
  "hitbox": {
    "width": 1,
    "height": 1,
    "fixed": false
  },
  "baseFriendship": 50,
  "evYield": {
    "hp": 0,
    "attack": 0,
    "defence": 0,
    "special_attack": 2,
    "special_defence": 0,
    "speed": 0
  },
  "height": 6,
  "weight": 48,
  "aspects": [],
  "cannotDynamax": false,
  "drops": {
    "amount": 1,
    "entries": [
      {
        "item": "cobblemon:babiri_berry",
        "percentage": 5.0
      }
    ]
  }
}
