{
	"format_version": "1.12.0",
	"minecraft:geometry": [
		{
			"description": {
				"identifier": "geometry.hydreigon",
				"texture_width": 128,
				"texture_height": 128,
				"visible_bounds_width": 5,
				"visible_bounds_height": 5,
				"visible_bounds_offset": [0, 1.5, 0]
			},
			"bones": [
				{
					"name": "hydreigon",
					"pivot": [0, 0, 0]
				},
				{
					"name": "body",
					"parent": "hydreigon",
					"pivot": [0, 16, 0]
				},
				{
					"name": "torso",
					"parent": "body",
					"pivot": [0, 10, -1.5],
					"cubes": [
						{"origin": [-5.5, 7, -4], "size": [11, 2, 9], "inflate": 0.01, "uv": [20, 51]},
						{"origin": [-7, 9, -6], "size": [14, 7, 12], "inflate": 0.01, "uv": [23, 32]}
					]
				},
				{
					"name": "chest",
					"parent": "torso",
					"pivot": [0, 16, 6],
					"cubes": [
						{"origin": [-7, 16, -6], "size": [14, 7, 12], "uv": [32, 13]},
						{"origin": [-5.5, 22.5, -5], "size": [11, 3, 10], "uv": [34, 0]}
					]
				},
				{
					"name": "chest_fur",
					"parent": "chest",
					"pivot": [1, 21, 0]
				},
				{
					"name": "chest_fur_front",
					"parent": "chest_fur",
					"pivot": [0, 21.05, -6],
					"rotation": [-10, 0, 0],
					"cubes": [
						{"origin": [-8, 15.05, -6], "size": [16, 6, 0], "uv": [0, 63]}
					]
				},
				{
					"name": "chest_fur_back",
					"parent": "chest_fur",
					"pivot": [0, 21, 6],
					"rotation": [10, 0, 0],
					"cubes": [
						{"origin": [-8, 13, 6], "size": [16, 8, 0], "uv": [32, 62]}
					]
				},
				{
					"name": "chest_fur_back2",
					"parent": "chest_fur_back",
					"pivot": [0, 13, 6],
					"cubes": [
						{"origin": [-1.5, 11, 6], "size": [3, 2, 0], "uv": [51, 58]}
					]
				},
				{
					"name": "chest_fur_left",
					"parent": "chest_fur",
					"pivot": [7, 21, 0],
					"rotation": [0, 0, -10],
					"cubes": [
						{"origin": [7, 14, -7], "size": [0, 7, 14], "uv": [0, 55]}
					]
				},
				{
					"name": "chest_fur_right",
					"parent": "chest_fur",
					"pivot": [-7, 21, 0],
					"rotation": [0, 0, 10],
					"cubes": [
						{"origin": [-7, 14, -7], "size": [0, 7, 14], "uv": [28, 56], "mirror": true}
					]
				},
				{
					"name": "neck_fur",
					"parent": "chest",
					"pivot": [3, 27.4, -2.5]
				},
				{
					"name": "neck_fur_left",
					"parent": "neck_fur",
					"pivot": [3.5, 25.5, -3.25],
					"rotation": [-15, 0, 12.5],
					"cubes": [
						{"origin": [3.5, 25, -3.25], "size": [0, 6, 6], "uv": [63, 26]}
					]
				},
				{
					"name": "neck_fur_right",
					"parent": "neck_fur",
					"pivot": [-3.5, 25.5, -3.25],
					"rotation": [-15, 0, -12.5],
					"cubes": [
						{"origin": [-3.5, 25, -3.25], "size": [0, 6, 6], "uv": [63, 32], "mirror": true}
					]
				},
				{
					"name": "wings",
					"parent": "chest",
					"pivot": [0, 15.5, 5.5],
					"rotation": [10, 0, 0]
				},
				{
					"name": "wing_top_left",
					"parent": "wings",
					"pivot": [1.5, 23.5, 5.5],
					"rotation": [0, -35, 0],
					"cubes": [
						{"origin": [1.5, 22, 5.5], "size": [8, 3, 0], "inflate": 0.01, "uv": [0, 99]}
					]
				},
				{
					"name": "wing_top_left2",
					"parent": "wing_top_left",
					"pivot": [9.5, 23.5, 5.5],
					"cubes": [
						{"origin": [9.5, 22, 5.5], "size": [8, 3, 0], "uv": [0, 102]}
					]
				},
				{
					"name": "wing_top_left3",
					"parent": "wing_top_left2",
					"pivot": [17.5, 23.5, 5.5],
					"cubes": [
						{"origin": [17.5, 22, 5.5], "size": [8, 3, 0], "inflate": 0.01, "uv": [0, 105]}
					]
				},
				{
					"name": "wing_top_left4",
					"parent": "wing_top_left3",
					"pivot": [25.5, 23.5, 5.5],
					"cubes": [
						{"origin": [25.5, 22, 5.5], "size": [7, 3, 0], "uv": [0, 108]}
					]
				},
				{
					"name": "wing_middle_left",
					"parent": "wings",
					"pivot": [2, 20.5, 6],
					"rotation": [0, -35, 0],
					"cubes": [
						{"origin": [2, 19, 6], "size": [8, 3, 0], "inflate": 0.01, "uv": [16, 99]}
					]
				},
				{
					"name": "wing_middle_left2",
					"parent": "wing_middle_left",
					"pivot": [10, 20.5, 6],
					"cubes": [
						{"origin": [10, 19, 6], "size": [8, 3, 0], "uv": [16, 102]}
					]
				},
				{
					"name": "wing_middle_left3",
					"parent": "wing_middle_left2",
					"pivot": [18, 20.5, 6],
					"cubes": [
						{"origin": [18, 19, 6], "size": [8, 3, 0], "inflate": 0.01, "uv": [16, 105]}
					]
				},
				{
					"name": "wing_middle_left4",
					"parent": "wing_middle_left3",
					"pivot": [26, 20.5, 6],
					"cubes": [
						{"origin": [26, 19, 6], "size": [7, 3, 0], "uv": [14, 108]}
					]
				},
				{
					"name": "wing_bottom_left",
					"parent": "wings",
					"pivot": [2.3, 17.5, 6],
					"rotation": [0, -35, 0],
					"cubes": [
						{"origin": [2.3, 16, 6], "size": [8, 3, 0], "inflate": 0.01, "uv": [32, 99]}
					]
				},
				{
					"name": "wing_bottom_left2",
					"parent": "wing_bottom_left",
					"pivot": [10.3, 17.5, 6],
					"cubes": [
						{"origin": [10.3, 16, 6], "size": [8, 3, 0], "uv": [32, 102]}
					]
				},
				{
					"name": "wing_bottom_left3",
					"parent": "wing_bottom_left2",
					"pivot": [18.3, 17.5, 6],
					"cubes": [
						{"origin": [18.3, 16, 6], "size": [8, 3, 0], "inflate": 0.01, "uv": [32, 105]}
					]
				},
				{
					"name": "wing_bottom_left4",
					"parent": "wing_bottom_left3",
					"pivot": [26.3, 17.5, 6],
					"cubes": [
						{"origin": [26.3, 16, 6], "size": [7, 3, 0], "uv": [28, 108]}
					]
				},
				{
					"name": "wing_top_right",
					"parent": "wings",
					"pivot": [-1.5, 23.5, 5.5],
					"rotation": [0, 35, 0],
					"cubes": [
						{"origin": [-9.5, 22, 5.5], "size": [8, 3, 0], "inflate": 0.01, "uv": [0, 111], "mirror": true}
					]
				},
				{
					"name": "wing_top_right2",
					"parent": "wing_top_right",
					"pivot": [-9.5, 23.5, 5.5],
					"cubes": [
						{"origin": [-17.5, 22, 5.5], "size": [8, 3, 0], "uv": [0, 114], "mirror": true}
					]
				},
				{
					"name": "wing_top_right3",
					"parent": "wing_top_right2",
					"pivot": [-17.5, 23.5, 5.5],
					"cubes": [
						{"origin": [-25.5, 22, 5.5], "size": [8, 3, 0], "inflate": 0.01, "uv": [0, 117], "mirror": true}
					]
				},
				{
					"name": "wing_top_right4",
					"parent": "wing_top_right3",
					"pivot": [-25.5, 23.5, 5.5],
					"cubes": [
						{"origin": [-32.5, 22, 5.5], "size": [7, 3, 0], "uv": [0, 120], "mirror": true}
					]
				},
				{
					"name": "wing_middle_right",
					"parent": "wings",
					"pivot": [-2, 20.5, 6],
					"rotation": [0, 35, 0],
					"cubes": [
						{"origin": [-10, 19, 6], "size": [8, 3, 0], "inflate": 0.01, "uv": [16, 111], "mirror": true}
					]
				},
				{
					"name": "wing_middle_right2",
					"parent": "wing_middle_right",
					"pivot": [-10, 20.5, 6],
					"cubes": [
						{"origin": [-18, 19, 6], "size": [8, 3, 0], "uv": [16, 114], "mirror": true}
					]
				},
				{
					"name": "wing_middle_right3",
					"parent": "wing_middle_right2",
					"pivot": [-18, 20.5, 6],
					"cubes": [
						{"origin": [-26, 19, 6], "size": [8, 3, 0], "inflate": 0.01, "uv": [16, 117], "mirror": true}
					]
				},
				{
					"name": "wing_middle_right4",
					"parent": "wing_middle_right3",
					"pivot": [-26, 20.5, 6],
					"cubes": [
						{"origin": [-33, 19, 6], "size": [7, 3, 0], "uv": [14, 120], "mirror": true}
					]
				},
				{
					"name": "wing_bottom_right",
					"parent": "wings",
					"pivot": [-2.3, 17.5, 6],
					"rotation": [0, 35, 0],
					"cubes": [
						{"origin": [-10.3, 16, 6], "size": [8, 3, 0], "inflate": 0.01, "uv": [32, 111], "mirror": true}
					]
				},
				{
					"name": "wing_bottom_right2",
					"parent": "wing_bottom_right",
					"pivot": [-10.3, 17.5, 6],
					"cubes": [
						{"origin": [-18.3, 16, 6], "size": [8, 3, 0], "uv": [32, 114], "mirror": true}
					]
				},
				{
					"name": "wing_bottom_right3",
					"parent": "wing_bottom_right2",
					"pivot": [-18.3, 17.5, 6],
					"cubes": [
						{"origin": [-26.3, 16, 6], "size": [8, 3, 0], "inflate": 0.01, "uv": [32, 117], "mirror": true}
					]
				},
				{
					"name": "wing_bottom_right4",
					"parent": "wing_bottom_right3",
					"pivot": [-26.3, 17.5, 6],
					"cubes": [
						{"origin": [-33.3, 16, 6], "size": [7, 3, 0], "uv": [28, 120], "mirror": true}
					]
				},
				{
					"name": "arms",
					"parent": "chest",
					"pivot": [0.5, 7, -0.5]
				},
				{
					"name": "arm_left",
					"parent": "arms",
					"pivot": [7, 23, 0],
					"cubes": [
						{"origin": [7, 20, -2], "size": [7, 3, 4], "uv": [66, 0]}
					]
				},
				{
					"name": "arm_left2",
					"parent": "arm_left",
					"pivot": [14, 23, 2],
					"cubes": [
						{"origin": [14, 19.5, -2], "size": [6, 4, 4], "inflate": 0.01, "uv": [106, 3]}
					]
				},
				{
					"name": "wrist_left",
					"parent": "arm_left2",
					"pivot": [20, 19.5, 0]
				},
				{
					"name": "hand_left",
					"parent": "wrist_left",
					"pivot": [20, 23.5, 0],
					"cubes": [
						{"origin": [20, 19, -2.5], "size": [3, 5, 5], "inflate": 0.02, "uv": [72, 8]}
					]
				},
				{
					"name": "hand_hair_left",
					"parent": "hand_left",
					"pivot": [20.5, 21.5, 0]
				},
				{
					"name": "hand_hair_front_left",
					"parent": "hand_hair_left",
					"pivot": [20.5, 21.5, -2.5],
					"rotation": [0, 27.5, 0],
					"cubes": [
						{"origin": [20.5, 19.5, -2.5], "size": [4, 4, 0], "uv": [75, 37]}
					]
				},
				{
					"name": "hand_hair_front_left2",
					"parent": "hand_hair_front_left",
					"pivot": [24.5, 21.5, -2.5],
					"rotation": [0, -15, 0],
					"cubes": [
						{"origin": [24.5, 20, -2.5], "size": [3, 3, 0], "uv": [83, 37]}
					]
				},
				{
					"name": "hand_hair_back_left",
					"parent": "hand_hair_left",
					"pivot": [20.5, 21.5, 2.5],
					"rotation": [0, -27.5, 0],
					"cubes": [
						{"origin": [20.5, 19.5, 2.5], "size": [4, 4, 0], "uv": [89, 37]}
					]
				},
				{
					"name": "hand_hair_back_left2",
					"parent": "hand_hair_back_left",
					"pivot": [24.5, 21.5, 2.5],
					"rotation": [0, 15, 0],
					"cubes": [
						{"origin": [24.5, 20, 2.5], "size": [3, 3, 0], "uv": [83, 43]}
					]
				},
				{
					"name": "hand_hair_top_left",
					"parent": "hand_hair_left",
					"pivot": [20.5, 24, 0],
					"rotation": [0, 0, -27.5],
					"cubes": [
						{"origin": [20.5, 24, -2], "size": [5, 0, 4], "uv": [93, 38]}
					]
				},
				{
					"name": "hand_hair_top_left2",
					"parent": "hand_hair_top_left",
					"pivot": [25.5, 24, 0],
					"rotation": [0, 0, 20],
					"cubes": [
						{"origin": [25.5, 24, -1.5], "size": [4, 0, 3], "uv": [112, 26]}
					]
				},
				{
					"name": "hand_hair_bottom_left",
					"parent": "hand_hair_left",
					"pivot": [20.5, 19, 0],
					"rotation": [0, 0, 27.5],
					"cubes": [
						{"origin": [20.5, 19, -2], "size": [4, 0, 4], "uv": [106, 11]}
					]
				},
				{
					"name": "hand_hair_top_front_left",
					"parent": "hand_hair_left",
					"pivot": [20.5, 23.5, -2],
					"rotation": [45, 22.5, -22.5],
					"cubes": [
						{"origin": [20.5, 23.5, -4], "size": [4, 0, 4], "uv": [71, 45]}
					]
				},
				{
					"name": "hand_hair_top_front_left2",
					"parent": "hand_hair_top_front_left",
					"pivot": [24.5, 23.5, -2],
					"rotation": [0, 0, 30],
					"cubes": [
						{"origin": [24.5, 23.5, -3.5], "size": [4, 0, 3], "uv": [80, 49]}
					]
				},
				{
					"name": "hand_hair_top_back_left",
					"parent": "hand_hair_left",
					"pivot": [20.5, 23.5, 2],
					"rotation": [-45, -22.5, -22.5],
					"cubes": [
						{"origin": [20.5, 23.5, 0], "size": [4, 0, 4], "uv": [85, 45]}
					]
				},
				{
					"name": "hand_hair_top_back_left2",
					"parent": "hand_hair_top_back_left",
					"pivot": [24.5, 23.5, 2],
					"rotation": [0, 0, 30],
					"cubes": [
						{"origin": [24.5, 23.5, 0.5], "size": [4, 0, 3], "uv": [94, 42]}
					]
				},
				{
					"name": "hand_hair_bottom_front_left",
					"parent": "hand_hair_left",
					"pivot": [20.5, 19.75, -1.75],
					"rotation": [-45, 27.5, 27.5],
					"cubes": [
						{"origin": [20.5, 19.75, -3.25], "size": [3, 0, 3], "uv": [102, 42]}
					]
				},
				{
					"name": "hand_hair_bottom_front_left2",
					"parent": "hand_hair_bottom_front_left",
					"pivot": [23.5, 19.75, -1.75],
					"rotation": [0, 0, -30],
					"cubes": [
						{"origin": [23.5, 19.75, -3.25], "size": [3, 0, 3], "uv": [108, 42]}
					]
				},
				{
					"name": "hand_hair_bottom_back_left",
					"parent": "hand_hair_left",
					"pivot": [20.5, 19.75, 1.75],
					"rotation": [45, -27.5, 27.5],
					"cubes": [
						{"origin": [20.5, 19.75, 0.25], "size": [3, 0, 3], "uv": [114, 38]}
					]
				},
				{
					"name": "hand_hair_bottom_back_left2",
					"parent": "hand_hair_bottom_back_left",
					"pivot": [23.5, 19.75, 1.75],
					"rotation": [0, 0, -30],
					"cubes": [
						{"origin": [23.5, 19.75, 0.25], "size": [3, 0, 3], "uv": [114, 44]}
					]
				},
				{
					"name": "upper_hand_left",
					"parent": "hand_left",
					"pivot": [23, 20, 0],
					"cubes": [
						{"origin": [23, 20, -3], "size": [7, 4, 6], "inflate": 0.01, "uv": [99, 15]},
						{"origin": [23, 19.98, -2.5], "size": [6, 0, 5], "uv": [46, 51]}
					]
				},
				{
					"name": "hand_eyes_left",
					"parent": "upper_hand_left",
					"pivot": [26.75, 22.2, 0]
				},
				{
					"name": "hand_eye_front_left",
					"parent": "hand_eyes_left",
					"pivot": [26.35, 22.5, -3.02],
					"rotation": [0, 0, 5],
					"cubes": [
						{"origin": [24.35, 21.5, -3.02], "size": [4, 2, 0], "uv": [72, 18]}
					]
				},
				{
					"name": "hand_eye_back_left",
					"parent": "hand_eyes_left",
					"pivot": [26.35, 22.5, 3.02],
					"rotation": [0, 0, 5],
					"cubes": [
						{"origin": [24.35, 21.5, 3.02], "size": [4, 2, 0], "uv": [94, 15]}
					]
				},
				{
					"name": "lower_hand_left",
					"parent": "hand_left",
					"pivot": [23, 20, 0],
					"cubes": [
						{"origin": [23, 19, -2.5], "size": [6, 1, 5], "uv": [98, 26]}
					]
				},
				{
					"name": "arm_right",
					"parent": "arms",
					"pivot": [-7, 23, 0],
					"cubes": [
						{"origin": [-14, 20, -2], "size": [7, 3, 4], "uv": [88, 0], "mirror": true}
					]
				},
				{
					"name": "arm_right2",
					"parent": "arm_right",
					"pivot": [-14, 23, 2],
					"cubes": [
						{"origin": [-20, 19.5, -2], "size": [6, 4, 4], "inflate": 0.01, "uv": [90, 7], "mirror": true}
					]
				},
				{
					"name": "wrist_right",
					"parent": "arm_right2",
					"pivot": [-20, 19.5, 0]
				},
				{
					"name": "hand_right",
					"parent": "wrist_right",
					"pivot": [-20, 23.5, 0],
					"cubes": [
						{"origin": [-23, 19, -2.5], "size": [3, 5, 5], "inflate": 0.02, "uv": [83, 15], "mirror": true}
					]
				},
				{
					"name": "hand_hair_right",
					"parent": "hand_right",
					"pivot": [-20.5, 21.5, 0]
				},
				{
					"name": "hand_hair_front_right",
					"parent": "hand_hair_right",
					"pivot": [-20.5, 21.5, -2.5],
					"rotation": [0, -27.5, 0],
					"cubes": [
						{"origin": [-24.5, 19.5, -2.5], "size": [4, 4, 0], "uv": [75, 41], "mirror": true}
					]
				},
				{
					"name": "hand_hair_front_right2",
					"parent": "hand_hair_front_right",
					"pivot": [-24.5, 21.5, -2.5],
					"rotation": [0, 15, 0],
					"cubes": [
						{"origin": [-27.5, 20, -2.5], "size": [3, 3, 0], "uv": [83, 40], "mirror": true}
					]
				},
				{
					"name": "hand_hair_back_right",
					"parent": "hand_hair_right",
					"pivot": [-20.5, 21.5, 2.5],
					"rotation": [0, 27.5, 0],
					"cubes": [
						{"origin": [-24.5, 19.5, 2.5], "size": [4, 4, 0], "uv": [89, 41], "mirror": true}
					]
				},
				{
					"name": "hand_hair_back_right2",
					"parent": "hand_hair_back_right",
					"pivot": [-24.5, 21.5, 2.5],
					"rotation": [0, -15, 0],
					"cubes": [
						{"origin": [-27.5, 20, 2.5], "size": [3, 3, 0], "uv": [83, 46], "mirror": true}
					]
				},
				{
					"name": "hand_hair_top_right",
					"parent": "hand_hair_right",
					"pivot": [-20.5, 24, 0],
					"rotation": [0, 0, 27.5],
					"cubes": [
						{"origin": [-25.5, 24, -2], "size": [5, 0, 4], "uv": [103, 38], "mirror": true}
					]
				},
				{
					"name": "hand_hair_top_right2",
					"parent": "hand_hair_top_right",
					"pivot": [-25.5, 24, 0],
					"rotation": [0, 0, -20],
					"cubes": [
						{"origin": [-29.5, 24, -1.5], "size": [4, 0, 3], "uv": [113, 32], "mirror": true}
					]
				},
				{
					"name": "hand_hair_bottom_right",
					"parent": "hand_hair_right",
					"pivot": [-20.5, 19, 0],
					"rotation": [0, 0, -27.5],
					"cubes": [
						{"origin": [-24.5, 19, -2], "size": [4, 0, 4], "uv": [114, 11], "mirror": true}
					]
				},
				{
					"name": "hand_hair_top_front_right",
					"parent": "hand_hair_right",
					"pivot": [-20.5, 23.5, -2],
					"rotation": [45, -22.5, 22.5],
					"cubes": [
						{"origin": [-24.5, 23.5, -4], "size": [4, 0, 4], "uv": [71, 49], "mirror": true}
					]
				},
				{
					"name": "hand_hair_top_front_right2",
					"parent": "hand_hair_top_front_right",
					"pivot": [-24.5, 23.5, -2],
					"rotation": [0, 0, -30],
					"cubes": [
						{"origin": [-28.5, 23.5, -3.5], "size": [4, 0, 3], "uv": [80, 52], "mirror": true}
					]
				},
				{
					"name": "hand_hair_top_back_right",
					"parent": "hand_hair_right",
					"pivot": [-20.5, 23.5, 2],
					"rotation": [-45, 22.5, 22.5],
					"cubes": [
						{"origin": [-24.5, 23.5, 0], "size": [4, 0, 4], "uv": [86, 49], "mirror": true}
					]
				},
				{
					"name": "hand_hair_top_back_right2",
					"parent": "hand_hair_top_back_right",
					"pivot": [-24.5, 23.5, 2],
					"rotation": [0, 0, -30],
					"cubes": [
						{"origin": [-28.5, 23.5, 0.5], "size": [4, 0, 3], "uv": [94, 45], "mirror": true}
					]
				},
				{
					"name": "hand_hair_bottom_front_right",
					"parent": "hand_hair_right",
					"pivot": [-20.5, 19.75, -1.75],
					"rotation": [-45, -27.5, -27.5],
					"cubes": [
						{"origin": [-23.5, 19.75, -3.25], "size": [3, 0, 3], "uv": [102, 45], "mirror": true}
					]
				},
				{
					"name": "hand_hair_bottom_front_right2",
					"parent": "hand_hair_bottom_front_right",
					"pivot": [-23.5, 19.75, -1.75],
					"rotation": [0, 0, 30],
					"cubes": [
						{"origin": [-26.5, 19.75, -3.25], "size": [3, 0, 3], "uv": [108, 45], "mirror": true}
					]
				},
				{
					"name": "hand_hair_bottom_back_right",
					"parent": "hand_hair_right",
					"pivot": [-20.5, 19.75, 1.75],
					"rotation": [45, 27.5, -27.5],
					"cubes": [
						{"origin": [-23.5, 19.75, 0.25], "size": [3, 0, 3], "uv": [114, 41], "mirror": true}
					]
				},
				{
					"name": "hand_hair_bottom_back_right2",
					"parent": "hand_hair_bottom_back_right",
					"pivot": [-23.5, 19.75, 1.75],
					"rotation": [0, 0, 30],
					"cubes": [
						{"origin": [-26.5, 19.75, 0.25], "size": [3, 0, 3], "uv": [114, 47], "mirror": true}
					]
				},
				{
					"name": "upper_hand_right",
					"parent": "hand_right",
					"pivot": [-23, 20, 0],
					"cubes": [
						{"origin": [-30, 20, -3], "size": [7, 4, 6], "inflate": 0.01, "uv": [78, 26], "mirror": true},
						{"origin": [-29, 19.98, -2.5], "size": [6, 0, 5], "uv": [58, 51], "mirror": true}
					]
				},
				{
					"name": "hand_eyes_right",
					"parent": "upper_hand_right",
					"pivot": [-26.75, 22.2, 0]
				},
				{
					"name": "hand_eye_front_right",
					"parent": "hand_eyes_right",
					"pivot": [-26.35, 22.5, -3.02],
					"rotation": [0, 0, -5],
					"cubes": [
						{"origin": [-28.35, 21.5, -3.02], "size": [4, 2, 0], "uv": [72, 20], "mirror": true}
					]
				},
				{
					"name": "hand_eye_back_right",
					"parent": "hand_eyes_right",
					"pivot": [-26.35, 22.5, 3.02],
					"rotation": [0, 0, -5],
					"cubes": [
						{"origin": [-28.35, 21.5, 3.02], "size": [4, 2, 0], "uv": [94, 17], "mirror": true}
					]
				},
				{
					"name": "lower_hand_right",
					"parent": "hand_right",
					"pivot": [-23, 20, 0],
					"cubes": [
						{"origin": [-29, 19, -2.5], "size": [6, 1, 5], "uv": [99, 32], "mirror": true}
					]
				},
				{
					"name": "neck",
					"parent": "chest",
					"pivot": [0, 25.5, 0],
					"rotation": [10, 0, 0],
					"cubes": [
						{"origin": [-2.5, 24.5, -2.5], "size": [5, 5, 5], "inflate": 0.02, "uv": [15, 33]}
					]
				},
				{
					"name": "neck2",
					"parent": "neck",
					"pivot": [0, 29.5, 2],
					"rotation": [20, 0, 0],
					"cubes": [
						{"origin": [-2.5, 29.5, -2], "size": [5, 5, 4], "inflate": 0.01, "uv": [24, 13]}
					]
				},
				{
					"name": "neck3",
					"parent": "neck2",
					"pivot": [0, 34.5, 2],
					"rotation": [30, 0, 0],
					"cubes": [
						{"origin": [-2.5, 34.5, -2], "size": [5, 5, 4], "uv": [12, 22]}
					]
				},
				{
					"name": "head",
					"parent": "neck3",
					"pivot": [0, 39.5, 2],
					"rotation": [-60, 0, 0]
				},
				{
					"name": "head_ai",
					"parent": "head",
					"pivot": [0, 37.5, 2]
				},
				{
					"name": "head_rotation",
					"parent": "head_ai",
					"pivot": [0, 39.5, 2],
					"rotation": [90, 0, 0],
					"cubes": [
						{"origin": [-3.5, 39.5, -3.5], "size": [7, 3, 6], "inflate": 0.02, "uv": [2, 1]}
					]
				},
				{
					"name": "head_fur",
					"parent": "head_rotation",
					"pivot": [0, 41.5, 1.5]
				},
				{
					"name": "head_fur_top",
					"parent": "head_fur",
					"pivot": [0, 41.5, 2.5],
					"cubes": [
						{"origin": [-2.5, 41.5, 2.5], "size": [5, 0, 6], "uv": [-6, 29]}
					]
				},
				{
					"name": "head_fur_top2",
					"parent": "head_fur_top",
					"pivot": [0, 41.5, 8.5],
					"rotation": [12.5, 0, 0],
					"cubes": [
						{"origin": [-2.5, 41.5, 8.5], "size": [5, 0, 7], "uv": [3, 31]}
					]
				},
				{
					"name": "head_fur_bottom",
					"parent": "head_fur",
					"pivot": [0, 41.2, -3.5],
					"rotation": [-85, 0, 0],
					"cubes": [
						{"origin": [-2.5, 41.2, -9.4], "size": [5, 0, 6], "uv": [6, 43]}
					]
				},
				{
					"name": "head_fur_left",
					"parent": "head_fur",
					"pivot": [3.5, 41.5, -2],
					"rotation": [0, -10, 0],
					"cubes": [
						{"origin": [3.5, 41.5, -2], "size": [5, 0, 4], "uv": [-4, 39]}
					]
				},
				{
					"name": "head_fur_left2",
					"parent": "head_fur_left",
					"pivot": [8.5, 41.5, 0],
					"rotation": [0, 0, -12.5],
					"cubes": [
						{"origin": [8.5, 41.5, -2], "size": [6, 0, 4], "uv": [-4, 43]}
					]
				},
				{
					"name": "head_fur_top_left",
					"parent": "head_fur",
					"pivot": [2.5, 41.5, 2.5],
					"rotation": [0, 40, 0],
					"cubes": [
						{"origin": [0, 41.45, 2.5], "size": [5, 0, 6], "uv": [-6, 51]}
					]
				},
				{
					"name": "head_fur_top_left2",
					"parent": "head_fur_top_left",
					"pivot": [2.5, 41.45, 8.5],
					"rotation": [12.5, 0, 0],
					"cubes": [
						{"origin": [0, 41.45, 8.5], "size": [5, 0, 6], "uv": [-6, 57]}
					]
				},
				{
					"name": "head_fur_bottom_left",
					"parent": "head_fur",
					"pivot": [3.5, 41.5, -1.5],
					"rotation": [0, 15, 0],
					"cubes": [
						{"origin": [3.5, 41.45, -3.5], "size": [5, 0, 2], "uv": [-2, 27]}
					]
				},
				{
					"name": "head_fur_bottom_left2",
					"parent": "head_fur_bottom_left",
					"pivot": [8.5, 41.5, -2.5],
					"cubes": [
						{"origin": [8.5, 41.45, -3], "size": [3, 0, 1], "uv": [18, 13]}
					]
				},
				{
					"name": "head_fur_right",
					"parent": "head_fur",
					"pivot": [-3.5, 41.5, -2],
					"rotation": [0, 10, 0],
					"cubes": [
						{"origin": [-8.5, 41.5, -2], "size": [5, 0, 4], "uv": [-4, 35], "mirror": true}
					]
				},
				{
					"name": "head_fur_right2",
					"parent": "head_fur_right",
					"pivot": [-8.5, 41.5, 0],
					"rotation": [0, 0, 12.5],
					"cubes": [
						{"origin": [-14.5, 41.5, -2], "size": [6, 0, 4], "uv": [-4, 47], "mirror": true}
					]
				},
				{
					"name": "head_fur_top_right",
					"parent": "head_fur",
					"pivot": [-2.5, 41.5, 2.5],
					"rotation": [0, -40, 0],
					"cubes": [
						{"origin": [-5, 41.45, 2.5], "size": [5, 0, 6], "uv": [6, 49], "mirror": true}
					]
				},
				{
					"name": "head_fur_top_right2",
					"parent": "head_fur_top_right",
					"pivot": [-2.5, 41.45, 8.5],
					"rotation": [12.5, 0, 0],
					"cubes": [
						{"origin": [-5, 41.45, 8.5], "size": [5, 0, 6], "uv": [4, 55], "mirror": true}
					]
				},
				{
					"name": "head_fur_bottom_right",
					"parent": "head_fur",
					"pivot": [-3.5, 41.5, -1.5],
					"rotation": [0, -15, 0],
					"cubes": [
						{"origin": [-8.5, 41.45, -3.5], "size": [5, 0, 2], "uv": [18, 31], "mirror": true}
					]
				},
				{
					"name": "head_fur_bottom_right2",
					"parent": "head_fur_bottom_right",
					"pivot": [-8.5, 41.5, -2.5],
					"cubes": [
						{"origin": [-11.5, 41.45, -3], "size": [3, 0, 1], "uv": [18, 12], "mirror": true}
					]
				},
				{
					"name": "head2",
					"parent": "head_rotation",
					"pivot": [0, 43, 3.5],
					"cubes": [
						{"origin": [-3.5, 42.5, -2.5], "size": [7, 5, 5], "inflate": 0.01, "uv": [0, 10]}
					]
				},
				{
					"name": "eyes",
					"parent": "head2",
					"pivot": [0, 43.95, 1.7]
				},
				{
					"name": "eye_left",
					"parent": "eyes",
					"pivot": [3.52, 45, 0]
				},
				{
					"name": "eye_neutral_left",
					"parent": "eye_left",
					"pivot": [3.52, 44.5, 0],
					"cubes": [
						{"origin": [3.52, 42.5, -1.5], "size": [0, 4, 3], "uv": [31, -3]}
					]
				},
				{
					"name": "eye_wide_left",
					"parent": "eye_left",
					"pivot": [3.42, 44.5, 0],
					"cubes": [
						{"origin": [3.42, 42.5, -1.5], "size": [0, 4, 3], "uv": [18, 120]}
					]
				},
				{
					"name": "eye_squint_left",
					"parent": "eye_left",
					"pivot": [3.42, 44.5, 0],
					"cubes": [
						{"origin": [3.42, 42.5, -1.5], "size": [0, 4, 3], "uv": [30, 120]}
					]
				},
				{
					"name": "eye_angry_left",
					"parent": "eye_left",
					"pivot": [3.42, 44.5, 0],
					"cubes": [
						{"origin": [3.42, 42.5, -1.5], "size": [0, 4, 3], "uv": [6, 120]}
					]
				},
				{
					"name": "pupil_left",
					"parent": "eye_left",
					"pivot": [3.53, 45, 0],
					"cubes": [
						{"origin": [3.53, 44, -0.5], "size": [0, 2, 1], "uv": [27, 9]}
					]
				},
				{
					"name": "pupil_small_left",
					"parent": "eye_left",
					"pivot": [3.43, 45, 0],
					"cubes": [
						{"origin": [3.43, 44.5, -0.5], "size": [0, 1, 1], "uv": [31, 10]}
					]
				},
				{
					"name": "eyelid_left",
					"parent": "eye_left",
					"pivot": [2.92, 44.5, 0],
					"cubes": [
						{"origin": [2.42, 42.5, -1.5], "size": [1, 4, 3], "inflate": 0.01, "uv": [22, 0]}
					]
				},
				{
					"name": "eye_right",
					"parent": "eyes",
					"pivot": [-3.52, 45, 0]
				},
				{
					"name": "eye_neutral_right",
					"parent": "eye_right",
					"pivot": [-3.52, 44.5, 0],
					"cubes": [
						{"origin": [-3.52, 42.5, -1.5], "size": [0, 4, 3], "uv": [37, -3], "mirror": true}
					]
				},
				{
					"name": "eye_wide_right",
					"parent": "eye_right",
					"pivot": [-3.42, 44.5, 0],
					"cubes": [
						{"origin": [-3.42, 42.5, -1.5], "size": [0, 4, 3], "uv": [12, 120], "mirror": true}
					]
				},
				{
					"name": "eye_squint_right",
					"parent": "eye_right",
					"pivot": [-3.42, 44.5, 0],
					"cubes": [
						{"origin": [-3.42, 42.5, -1.5], "size": [0, 4, 3], "uv": [24, 120], "mirror": true}
					]
				},
				{
					"name": "eye_angry_right",
					"parent": "eye_right",
					"pivot": [-3.42, 44.5, 0],
					"cubes": [
						{"origin": [-3.42, 42.5, -1.5], "size": [0, 4, 3], "uv": [0, 120], "mirror": true}
					]
				},
				{
					"name": "pupil_right",
					"parent": "eye_right",
					"pivot": [-3.53, 45, 0],
					"cubes": [
						{"origin": [-3.53, 44, -0.5], "size": [0, 2, 1], "uv": [29, 9], "mirror": true}
					]
				},
				{
					"name": "pupil_small_right",
					"parent": "eye_right",
					"pivot": [-3.43, 45, 0],
					"cubes": [
						{"origin": [-3.43, 44.5, -0.5], "size": [0, 1, 1], "uv": [31, 9], "mirror": true}
					]
				},
				{
					"name": "eyelid_right",
					"parent": "eye_right",
					"pivot": [-2.92, 44.5, 0],
					"cubes": [
						{"origin": [-3.42, 42.5, -1.5], "size": [1, 4, 3], "inflate": 0.01, "uv": [0, 0], "mirror": true}
					]
				},
				{
					"name": "nuzzle",
					"parent": "head2",
					"pivot": [0, 47.5, 1],
					"rotation": [5, 0, 0],
					"cubes": [
						{"origin": [-2.5, 47.5, -2.5], "size": [5, 3, 3], "inflate": 0.01, "uv": [28, 4]},
						{"origin": [-2, 47.5, -2.52], "size": [4, 2, 0], "uv": [19, 10]},
						{"origin": [2, 47.6, -2.7], "size": [0, 1, 1], "pivot": [2, 48, -3], "rotation": [45, 0, 0], "uv": [25, 11]},
						{"origin": [-2, 47.6, -2.7], "size": [0, 1, 1], "pivot": [-2, 48, -3], "rotation": [45, 0, 0], "uv": [29, 11], "mirror": true}
					]
				},
				{
					"name": "jaw",
					"parent": "head_rotation",
					"pivot": [0, 42.5, -2.5],
					"cubes": [
						{"origin": [-3, 42.5, -3.52], "size": [6, 5, 1], "uv": [0, 20]},
						{"origin": [-2, 47.5, -3.52], "size": [4, 1, 1], "uv": [26, 22]},
						{"origin": [2.5, 45.4, -2.4], "size": [0, 1, 1], "pivot": [2, 45.5, -3], "rotation": [45, 0, 0], "uv": [27, 11]},
						{"origin": [-2.5, 45.4, -2.4], "size": [0, 1, 1], "pivot": [-2, 45.5, -3], "rotation": [45, 0, 0], "uv": [31, 11], "mirror": true}
					]
				},
				{
					"name": "tail",
					"parent": "torso",
					"pivot": [0, 7, 2],
					"cubes": [
						{"origin": [-2.5, 2, -0.5], "size": [5, 6, 5], "uv": [0, 76]}
					]
				},
				{
					"name": "tail2",
					"parent": "tail",
					"pivot": [0, 2, 2],
					"cubes": [
						{"origin": [-2, -3, 0], "size": [4, 6, 4], "inflate": 0.01, "uv": [20, 77]}
					]
				},
				{
					"name": "tail3",
					"parent": "tail2",
					"pivot": [0, -3.2, 1.75],
					"cubes": [
						{"origin": [-1.5, -8.2, 0.25], "size": [3, 6, 3], "uv": [0, 87]}
					]
				},
				{
					"name": "tail4",
					"parent": "tail3",
					"pivot": [0, -8.2, 1.75],
					"cubes": [
						{"origin": [-1, -11.2, 0.75], "size": [2, 4, 2], "inflate": 0.01, "uv": [28, 87]}
					]
				},
				{
					"name": "tail5",
					"parent": "tail4",
					"pivot": [0, -11.2, 1.75],
					"cubes": [
						{"origin": [0, -14.2, 0.75], "size": [0, 3, 2], "inflate": 0.01, "uv": [9, 85]}
					]
				},
				{
					"name": "legs",
					"parent": "body",
					"pivot": [0, 10.5, -1.5]
				},
				{
					"name": "leg_left",
					"parent": "legs",
					"pivot": [7, 12, -1.5],
					"rotation": [-20, 0, 0],
					"cubes": [
						{"origin": [5, 5, -4], "size": [3, 7, 5], "inflate": 0.01, "uv": [12, 87]}
					]
				},
				{
					"name": "leg_left2",
					"parent": "leg_left",
					"pivot": [6.5, 5, -1.5],
					"cubes": [
						{"origin": [5.5, 0.5, -4], "size": [2, 5, 5], "uv": [31, 89]}
					]
				},
				{
					"name": "leg_left3",
					"parent": "leg_left2",
					"pivot": [6.5, 0.5, -1.5],
					"cubes": [
						{"origin": [6.5, -2.5, -4], "size": [0, 3, 5], "uv": [40, 84]}
					]
				},
				{
					"name": "leg_right",
					"parent": "legs",
					"pivot": [-7, 12, -1.5],
					"rotation": [-20, 0, 0],
					"cubes": [
						{"origin": [-8, 5, -4], "size": [3, 7, 5], "inflate": 0.01, "uv": [36, 77], "mirror": true}
					]
				},
				{
					"name": "leg_right2",
					"parent": "leg_right",
					"pivot": [-6.5, 5, -1.5],
					"cubes": [
						{"origin": [-7.5, 0.5, -4], "size": [2, 5, 5], "uv": [51, 72], "mirror": true}
					]
				},
				{
					"name": "leg_right3",
					"parent": "leg_right2",
					"pivot": [-6.5, 0.5, -4],
					"cubes": [
						{"origin": [-6.5, -2.5, -4], "size": [0, 3, 5], "uv": [52, 77], "mirror": true}
					]
				}
			]
		}
	]
}