{
	"format_version": "1.8.0",
	"animations": {
		"animation.rotommow.ground_idle": {
			"loop": true,
			"animation_length": 6,
			"bones": {
				"body": {
					"position": [0, 1, 0]
				},
				"front": {
					"rotation": {
						"0.0": {
							"post": [0, 0, 0],
							"lerp_mode": "catmullrom"
						},
						"0.5": {
							"post": [0, 2.5, 0],
							"lerp_mode": "catmullrom"
						},
						"1.0": {
							"post": [0, 0, 0],
							"lerp_mode": "catmullrom"
						},
						"1.5": {
							"post": [0, -2.5, 0],
							"lerp_mode": "catmullrom"
						},
						"2.0": {
							"post": [0, 0, 0],
							"lerp_mode": "catmullrom"
						},
						"2.5": {
							"post": [0, 2.5, 0],
							"lerp_mode": "catmullrom"
						},
						"3.0": {
							"post": [0, 0, 0],
							"lerp_mode": "catmullrom"
						},
						"3.5": {
							"post": [0, -2.5, 0],
							"lerp_mode": "catmullrom"
						},
						"4.0": {
							"post": [0, 0, 0],
							"lerp_mode": "catmullrom"
						},
						"4.5": {
							"post": [0, 2.5, 0],
							"lerp_mode": "catmullrom"
						},
						"5.0": {
							"post": [0, 0, 0],
							"lerp_mode": "catmullrom"
						},
						"5.5": {
							"post": [0, -2.5, 0],
							"lerp_mode": "catmullrom"
						},
						"6.0": {
							"post": [0, 0, 0],
							"lerp_mode": "catmullrom"
						}
					},
					"position": {
						"0.0": {
							"post": [0, 0, 0],
							"lerp_mode": "catmullrom"
						},
						"0.5": {
							"post": [0.3, 0.3, 0],
							"lerp_mode": "catmullrom"
						},
						"1.0": {
							"post": [0, 0, 0],
							"lerp_mode": "catmullrom"
						},
						"1.5": {
							"post": [-0.3, 0.3, 0],
							"lerp_mode": "catmullrom"
						},
						"2.0": {
							"post": [0, 0, 0],
							"lerp_mode": "catmullrom"
						},
						"2.5": {
							"post": [0.3, 0.3, 0],
							"lerp_mode": "catmullrom"
						},
						"3.0": {
							"post": [0, 0, 0],
							"lerp_mode": "catmullrom"
						},
						"3.5": {
							"post": [-0.3, 0.3, 0],
							"lerp_mode": "catmullrom"
						},
						"4.0": {
							"post": [0, 0, 0],
							"lerp_mode": "catmullrom"
						},
						"4.5": {
							"post": [0.3, 0.3, 0],
							"lerp_mode": "catmullrom"
						},
						"5.0": {
							"post": [0, 0, 0],
							"lerp_mode": "catmullrom"
						},
						"5.5": {
							"post": [-0.3, 0.3, 0],
							"lerp_mode": "catmullrom"
						},
						"6.0": {
							"post": [0, 0, 0],
							"lerp_mode": "catmullrom"
						}
					}
				},
				"wheels": {
					"rotation": {
						"0.0": [0, 0, 0],
						"4.0": [0, 0, 0],
						"4.625": [360, 0, 0],
						"4.6667": [0, 0, 0],
						"5.3333": [360, 0, 0],
						"5.375": [0, 0, 0],
						"6.0": [360, 0, 0]
					},
					"position": [0, 0, 0]
				},
				"left3": {
					"scale": {
						"0.0": {
							"post": [1, 1, 1],
							"lerp_mode": "catmullrom"
						},
						"0.0833": {
							"post": [1, 1.8, 1],
							"lerp_mode": "catmullrom"
						},
						"0.1667": {
							"post": [1.5, 1, 1],
							"lerp_mode": "catmullrom"
						},
						"0.2083": {
							"post": [1, 1, 1],
							"lerp_mode": "catmullrom"
						},
						"0.2917": {
							"post": [1, 1.8, 1],
							"lerp_mode": "catmullrom"
						},
						"0.375": {
							"post": [1.5, 1, 1],
							"lerp_mode": "catmullrom"
						},
						"0.4167": {
							"post": [1, 1, 1],
							"lerp_mode": "catmullrom"
						},
						"0.5": {
							"post": [1, 1.8, 1],
							"lerp_mode": "catmullrom"
						},
						"0.5833": {
							"post": [1.5, 1, 1],
							"lerp_mode": "catmullrom"
						},
						"0.625": {
							"post": [1, 1, 1],
							"lerp_mode": "catmullrom"
						},
						"0.7083": {
							"post": [1, 1.8, 1],
							"lerp_mode": "catmullrom"
						},
						"0.7917": {
							"post": [1.5, 1, 1],
							"lerp_mode": "catmullrom"
						},
						"0.8333": {
							"post": [1, 1, 1],
							"lerp_mode": "catmullrom"
						},
						"0.9167": {
							"post": [1, 1.8, 1],
							"lerp_mode": "catmullrom"
						},
						"1.0": {
							"post": [1.5, 1, 1],
							"lerp_mode": "catmullrom"
						},
						"1.0417": {
							"post": [1, 1, 1],
							"lerp_mode": "catmullrom"
						},
						"1.125": {
							"post": [1, 1.8, 1],
							"lerp_mode": "catmullrom"
						},
						"1.2083": {
							"post": [1.5, 1, 1],
							"lerp_mode": "catmullrom"
						},
						"1.25": {
							"post": [1, 1, 1],
							"lerp_mode": "catmullrom"
						},
						"1.3333": {
							"post": [1, 1.8, 1],
							"lerp_mode": "catmullrom"
						},
						"1.4167": {
							"post": [1.5, 1, 1],
							"lerp_mode": "catmullrom"
						},
						"1.4583": {
							"post": [1, 1, 1],
							"lerp_mode": "catmullrom"
						},
						"1.5417": {
							"post": [1, 1.8, 1],
							"lerp_mode": "catmullrom"
						},
						"1.625": {
							"post": [1.5, 1, 1],
							"lerp_mode": "catmullrom"
						},
						"1.6667": {
							"post": [1, 1, 1],
							"lerp_mode": "catmullrom"
						},
						"1.75": {
							"post": [1, 1.8, 1],
							"lerp_mode": "catmullrom"
						},
						"1.8333": {
							"post": [1.5, 1, 1],
							"lerp_mode": "catmullrom"
						},
						"1.875": {
							"post": [1, 1, 1],
							"lerp_mode": "catmullrom"
						},
						"1.9583": {
							"post": [1, 1.8, 1],
							"lerp_mode": "catmullrom"
						},
						"2.0417": {
							"post": [1.5, 1, 1],
							"lerp_mode": "catmullrom"
						},
						"2.0833": {
							"post": [1, 1, 1],
							"lerp_mode": "catmullrom"
						},
						"2.1667": {
							"post": [1, 1.8, 1],
							"lerp_mode": "catmullrom"
						},
						"2.25": {
							"post": [1.5, 1, 1],
							"lerp_mode": "catmullrom"
						},
						"2.2917": {
							"post": [1, 1, 1],
							"lerp_mode": "catmullrom"
						},
						"2.375": {
							"post": [1, 1.8, 1],
							"lerp_mode": "catmullrom"
						},
						"2.4583": {
							"post": [1.5, 1, 1],
							"lerp_mode": "catmullrom"
						},
						"2.5": {
							"post": [1, 1, 1],
							"lerp_mode": "catmullrom"
						},
						"2.5833": {
							"post": [1, 1.8, 1],
							"lerp_mode": "catmullrom"
						},
						"2.6667": {
							"post": [1.5, 1, 1],
							"lerp_mode": "catmullrom"
						},
						"2.7083": {
							"post": [1, 1, 1],
							"lerp_mode": "catmullrom"
						},
						"2.7917": {
							"post": [1, 1.8, 1],
							"lerp_mode": "catmullrom"
						},
						"2.875": {
							"post": [1.5, 1, 1],
							"lerp_mode": "catmullrom"
						},
						"2.9167": {
							"post": [1, 1, 1],
							"lerp_mode": "catmullrom"
						},
						"3.0": {
							"post": [1, 1.8, 1],
							"lerp_mode": "catmullrom"
						},
						"3.0833": {
							"post": [1.5, 1, 1],
							"lerp_mode": "catmullrom"
						},
						"3.125": {
							"post": [1, 1, 1],
							"lerp_mode": "catmullrom"
						},
						"3.2083": {
							"post": [1, 1.8, 1],
							"lerp_mode": "catmullrom"
						},
						"3.2917": {
							"post": [1.5, 1, 1],
							"lerp_mode": "catmullrom"
						},
						"3.3333": {
							"post": [1, 1, 1],
							"lerp_mode": "catmullrom"
						},
						"3.4167": {
							"post": [1, 1.8, 1],
							"lerp_mode": "catmullrom"
						},
						"3.5": {
							"post": [1.5, 1, 1],
							"lerp_mode": "catmullrom"
						},
						"3.5417": {
							"post": [1, 1, 1],
							"lerp_mode": "catmullrom"
						},
						"3.625": {
							"post": [1, 1.8, 1],
							"lerp_mode": "catmullrom"
						},
						"3.7083": {
							"post": [1.5, 1, 1],
							"lerp_mode": "catmullrom"
						},
						"3.75": {
							"post": [1, 1, 1],
							"lerp_mode": "catmullrom"
						},
						"3.8333": {
							"post": [1, 1.8, 1],
							"lerp_mode": "catmullrom"
						},
						"3.9167": {
							"post": [1.5, 1, 1],
							"lerp_mode": "catmullrom"
						},
						"3.9583": {
							"post": [1, 1, 1],
							"lerp_mode": "catmullrom"
						},
						"4.0417": {
							"post": [1, 1.8, 1],
							"lerp_mode": "catmullrom"
						},
						"4.125": {
							"post": [1.5, 1, 1],
							"lerp_mode": "catmullrom"
						},
						"4.1667": {
							"post": [1, 1, 1],
							"lerp_mode": "catmullrom"
						},
						"4.25": {
							"post": [1, 1.8, 1],
							"lerp_mode": "catmullrom"
						},
						"4.3333": {
							"post": [1.5, 1, 1],
							"lerp_mode": "catmullrom"
						},
						"4.375": {
							"post": [1, 1, 1],
							"lerp_mode": "catmullrom"
						},
						"4.4583": {
							"post": [1, 1.8, 1],
							"lerp_mode": "catmullrom"
						},
						"4.5417": {
							"post": [1.5, 1, 1],
							"lerp_mode": "catmullrom"
						},
						"4.5833": {
							"post": [1, 1, 1],
							"lerp_mode": "catmullrom"
						},
						"4.6667": {
							"post": [1, 1.8, 1],
							"lerp_mode": "catmullrom"
						},
						"4.75": {
							"post": [1.5, 1, 1],
							"lerp_mode": "catmullrom"
						},
						"4.7917": {
							"post": [1, 1, 1],
							"lerp_mode": "catmullrom"
						},
						"4.875": {
							"post": [1, 1.8, 1],
							"lerp_mode": "catmullrom"
						},
						"4.9583": {
							"post": [1.5, 1, 1],
							"lerp_mode": "catmullrom"
						},
						"5.0": {
							"post": [1, 1, 1],
							"lerp_mode": "catmullrom"
						},
						"5.0833": {
							"post": [1, 1.8, 1],
							"lerp_mode": "catmullrom"
						},
						"5.1667": {
							"post": [1.5, 1, 1],
							"lerp_mode": "catmullrom"
						},
						"5.2083": {
							"post": [1, 1, 1],
							"lerp_mode": "catmullrom"
						},
						"5.2917": {
							"post": [1, 1.8, 1],
							"lerp_mode": "catmullrom"
						},
						"5.375": {
							"post": [1.5, 1, 1],
							"lerp_mode": "catmullrom"
						},
						"5.4167": {
							"post": [1, 1, 1],
							"lerp_mode": "catmullrom"
						},
						"5.5": {
							"post": [1, 1.8, 1],
							"lerp_mode": "catmullrom"
						},
						"5.5833": {
							"post": [1.5, 1, 1],
							"lerp_mode": "catmullrom"
						},
						"5.625": {
							"post": [1, 1, 1],
							"lerp_mode": "catmullrom"
						},
						"5.7083": {
							"post": [1, 1.8, 1],
							"lerp_mode": "catmullrom"
						},
						"5.7917": {
							"post": [1.5, 1, 1],
							"lerp_mode": "catmullrom"
						},
						"5.8333": {
							"post": [1, 1, 1],
							"lerp_mode": "catmullrom"
						},
						"5.9167": {
							"post": [1, 1.8, 1],
							"lerp_mode": "catmullrom"
						},
						"6.0": {
							"post": [1.5, 1, 1],
							"lerp_mode": "catmullrom"
						}
					}
				},
				"right3": {
					"scale": {
						"0.0": {
							"post": [1, 1, 1],
							"lerp_mode": "catmullrom"
						},
						"0.0833": {
							"post": [1, 1.8, 1],
							"lerp_mode": "catmullrom"
						},
						"0.1667": {
							"post": [1.5, 1, 1],
							"lerp_mode": "catmullrom"
						},
						"0.2083": {
							"post": [1, 1, 1],
							"lerp_mode": "catmullrom"
						},
						"0.2917": {
							"post": [1, 1.8, 1],
							"lerp_mode": "catmullrom"
						},
						"0.375": {
							"post": [1.5, 1, 1],
							"lerp_mode": "catmullrom"
						},
						"0.4167": {
							"post": [1, 1, 1],
							"lerp_mode": "catmullrom"
						},
						"0.5": {
							"post": [1, 1.8, 1],
							"lerp_mode": "catmullrom"
						},
						"0.5833": {
							"post": [1.5, 1, 1],
							"lerp_mode": "catmullrom"
						},
						"0.625": {
							"post": [1, 1, 1],
							"lerp_mode": "catmullrom"
						},
						"0.7083": {
							"post": [1, 1.8, 1],
							"lerp_mode": "catmullrom"
						},
						"0.7917": {
							"post": [1.5, 1, 1],
							"lerp_mode": "catmullrom"
						},
						"0.8333": {
							"post": [1, 1, 1],
							"lerp_mode": "catmullrom"
						},
						"0.9167": {
							"post": [1, 1.8, 1],
							"lerp_mode": "catmullrom"
						},
						"1.0": {
							"post": [1.5, 1, 1],
							"lerp_mode": "catmullrom"
						},
						"1.0417": {
							"post": [1, 1, 1],
							"lerp_mode": "catmullrom"
						},
						"1.125": {
							"post": [1, 1.8, 1],
							"lerp_mode": "catmullrom"
						},
						"1.2083": {
							"post": [1.5, 1, 1],
							"lerp_mode": "catmullrom"
						},
						"1.25": {
							"post": [1, 1, 1],
							"lerp_mode": "catmullrom"
						},
						"1.3333": {
							"post": [1, 1.8, 1],
							"lerp_mode": "catmullrom"
						},
						"1.4167": {
							"post": [1.5, 1, 1],
							"lerp_mode": "catmullrom"
						},
						"1.4583": {
							"post": [1, 1, 1],
							"lerp_mode": "catmullrom"
						},
						"1.5417": {
							"post": [1, 1.8, 1],
							"lerp_mode": "catmullrom"
						},
						"1.625": {
							"post": [1.5, 1, 1],
							"lerp_mode": "catmullrom"
						},
						"1.6667": {
							"post": [1, 1, 1],
							"lerp_mode": "catmullrom"
						},
						"1.75": {
							"post": [1, 1.8, 1],
							"lerp_mode": "catmullrom"
						},
						"1.8333": {
							"post": [1.5, 1, 1],
							"lerp_mode": "catmullrom"
						},
						"1.875": {
							"post": [1, 1, 1],
							"lerp_mode": "catmullrom"
						},
						"1.9583": {
							"post": [1, 1.8, 1],
							"lerp_mode": "catmullrom"
						},
						"2.0417": {
							"post": [1.5, 1, 1],
							"lerp_mode": "catmullrom"
						},
						"2.0833": {
							"post": [1, 1, 1],
							"lerp_mode": "catmullrom"
						},
						"2.1667": {
							"post": [1, 1.8, 1],
							"lerp_mode": "catmullrom"
						},
						"2.25": {
							"post": [1.5, 1, 1],
							"lerp_mode": "catmullrom"
						},
						"2.2917": {
							"post": [1, 1, 1],
							"lerp_mode": "catmullrom"
						},
						"2.375": {
							"post": [1, 1.8, 1],
							"lerp_mode": "catmullrom"
						},
						"2.4583": {
							"post": [1.5, 1, 1],
							"lerp_mode": "catmullrom"
						},
						"2.5": {
							"post": [1, 1, 1],
							"lerp_mode": "catmullrom"
						},
						"2.5833": {
							"post": [1, 1.8, 1],
							"lerp_mode": "catmullrom"
						},
						"2.6667": {
							"post": [1.5, 1, 1],
							"lerp_mode": "catmullrom"
						},
						"2.7083": {
							"post": [1, 1, 1],
							"lerp_mode": "catmullrom"
						},
						"2.7917": {
							"post": [1, 1.8, 1],
							"lerp_mode": "catmullrom"
						},
						"2.875": {
							"post": [1.5, 1, 1],
							"lerp_mode": "catmullrom"
						},
						"2.9167": {
							"post": [1, 1, 1],
							"lerp_mode": "catmullrom"
						},
						"3.0": {
							"post": [1, 1.8, 1],
							"lerp_mode": "catmullrom"
						},
						"3.0833": {
							"post": [1.5, 1, 1],
							"lerp_mode": "catmullrom"
						},
						"3.125": {
							"post": [1, 1, 1],
							"lerp_mode": "catmullrom"
						},
						"3.2083": {
							"post": [1, 1.8, 1],
							"lerp_mode": "catmullrom"
						},
						"3.2917": {
							"post": [1.5, 1, 1],
							"lerp_mode": "catmullrom"
						},
						"3.3333": {
							"post": [1, 1, 1],
							"lerp_mode": "catmullrom"
						},
						"3.4167": {
							"post": [1, 1.8, 1],
							"lerp_mode": "catmullrom"
						},
						"3.5": {
							"post": [1.5, 1, 1],
							"lerp_mode": "catmullrom"
						},
						"3.5417": {
							"post": [1, 1, 1],
							"lerp_mode": "catmullrom"
						},
						"3.625": {
							"post": [1, 1.8, 1],
							"lerp_mode": "catmullrom"
						},
						"3.7083": {
							"post": [1.5, 1, 1],
							"lerp_mode": "catmullrom"
						},
						"3.75": {
							"post": [1, 1, 1],
							"lerp_mode": "catmullrom"
						},
						"3.8333": {
							"post": [1, 1.8, 1],
							"lerp_mode": "catmullrom"
						},
						"3.9167": {
							"post": [1.5, 1, 1],
							"lerp_mode": "catmullrom"
						},
						"3.9583": {
							"post": [1, 1, 1],
							"lerp_mode": "catmullrom"
						},
						"4.0417": {
							"post": [1, 1.8, 1],
							"lerp_mode": "catmullrom"
						},
						"4.125": {
							"post": [1.5, 1, 1],
							"lerp_mode": "catmullrom"
						},
						"4.1667": {
							"post": [1, 1, 1],
							"lerp_mode": "catmullrom"
						},
						"4.25": {
							"post": [1, 1.8, 1],
							"lerp_mode": "catmullrom"
						},
						"4.3333": {
							"post": [1.5, 1, 1],
							"lerp_mode": "catmullrom"
						},
						"4.375": {
							"post": [1, 1, 1],
							"lerp_mode": "catmullrom"
						},
						"4.4583": {
							"post": [1, 1.8, 1],
							"lerp_mode": "catmullrom"
						},
						"4.5417": {
							"post": [1.5, 1, 1],
							"lerp_mode": "catmullrom"
						},
						"4.5833": {
							"post": [1, 1, 1],
							"lerp_mode": "catmullrom"
						},
						"4.6667": {
							"post": [1, 1.8, 1],
							"lerp_mode": "catmullrom"
						},
						"4.75": {
							"post": [1.5, 1, 1],
							"lerp_mode": "catmullrom"
						},
						"4.7917": {
							"post": [1, 1, 1],
							"lerp_mode": "catmullrom"
						},
						"4.875": {
							"post": [1, 1.8, 1],
							"lerp_mode": "catmullrom"
						},
						"4.9583": {
							"post": [1.5, 1, 1],
							"lerp_mode": "catmullrom"
						},
						"5.0": {
							"post": [1, 1, 1],
							"lerp_mode": "catmullrom"
						},
						"5.0833": {
							"post": [1, 1.8, 1],
							"lerp_mode": "catmullrom"
						},
						"5.1667": {
							"post": [1.5, 1, 1],
							"lerp_mode": "catmullrom"
						},
						"5.2083": {
							"post": [1, 1, 1],
							"lerp_mode": "catmullrom"
						},
						"5.2917": {
							"post": [1, 1.8, 1],
							"lerp_mode": "catmullrom"
						},
						"5.375": {
							"post": [1.5, 1, 1],
							"lerp_mode": "catmullrom"
						},
						"5.4167": {
							"post": [1, 1, 1],
							"lerp_mode": "catmullrom"
						},
						"5.5": {
							"post": [1, 1.8, 1],
							"lerp_mode": "catmullrom"
						},
						"5.5833": {
							"post": [1.5, 1, 1],
							"lerp_mode": "catmullrom"
						},
						"5.625": {
							"post": [1, 1, 1],
							"lerp_mode": "catmullrom"
						},
						"5.7083": {
							"post": [1, 1.8, 1],
							"lerp_mode": "catmullrom"
						},
						"5.7917": {
							"post": [1.5, 1, 1],
							"lerp_mode": "catmullrom"
						},
						"5.8333": {
							"post": [1, 1, 1],
							"lerp_mode": "catmullrom"
						},
						"5.9167": {
							"post": [1, 1.8, 1],
							"lerp_mode": "catmullrom"
						},
						"6.0": {
							"post": [1.5, 1, 1],
							"lerp_mode": "catmullrom"
						}
					}
				},
				"back": {
					"rotation": {
						"0.0": {
							"post": [0, 0, 0],
							"lerp_mode": "catmullrom"
						},
						"0.5": {
							"post": [0, 2.5, 0],
							"lerp_mode": "catmullrom"
						},
						"1.0": {
							"post": [0, 0, 0],
							"lerp_mode": "catmullrom"
						},
						"1.5": {
							"post": [0, -2.5, 0],
							"lerp_mode": "catmullrom"
						},
						"2.0": {
							"post": [0, 0, 0],
							"lerp_mode": "catmullrom"
						},
						"2.5": {
							"post": [0, 2.5, 0],
							"lerp_mode": "catmullrom"
						},
						"3.0": {
							"post": [0, 0, 0],
							"lerp_mode": "catmullrom"
						},
						"3.5": {
							"post": [0, -2.5, 0],
							"lerp_mode": "catmullrom"
						},
						"4.0": {
							"post": [0, 0, 0],
							"lerp_mode": "catmullrom"
						},
						"4.5": {
							"post": [0, 2.5, 0],
							"lerp_mode": "catmullrom"
						},
						"5.0": {
							"post": [0, 0, 0],
							"lerp_mode": "catmullrom"
						},
						"5.5": {
							"post": [0, -2.5, 0],
							"lerp_mode": "catmullrom"
						},
						"6.0": {
							"post": [0, 0, 0],
							"lerp_mode": "catmullrom"
						}
					},
					"position": {
						"0.0": {
							"post": [0, 0, 0],
							"lerp_mode": "catmullrom"
						},
						"0.5": {
							"post": [0.6, 0.3, 0],
							"lerp_mode": "catmullrom"
						},
						"1.0": {
							"post": [0, 0, 0],
							"lerp_mode": "catmullrom"
						},
						"1.5": {
							"post": [-0.6, 0.3, 0],
							"lerp_mode": "catmullrom"
						},
						"2.0": {
							"post": [0, 0, 0],
							"lerp_mode": "catmullrom"
						},
						"2.5": {
							"post": [0.6, 0.3, 0],
							"lerp_mode": "catmullrom"
						},
						"3.0": {
							"post": [0, 0, 0],
							"lerp_mode": "catmullrom"
						},
						"3.5": {
							"post": [-0.6, 0.3, 0],
							"lerp_mode": "catmullrom"
						},
						"4.0": {
							"post": [0, 0, 0],
							"lerp_mode": "catmullrom"
						},
						"4.5": {
							"post": [0.6, 0.3, 0],
							"lerp_mode": "catmullrom"
						},
						"5.0": {
							"post": [0, 0, 0],
							"lerp_mode": "catmullrom"
						},
						"5.5": {
							"post": [-0.6, 0.3, 0],
							"lerp_mode": "catmullrom"
						},
						"6.0": {
							"post": [0, 0, 0],
							"lerp_mode": "catmullrom"
						}
					}
				}
			}
		},
		"animation.rotommow.ground_walk": {
			"loop": true,
			"animation_length": 6,
			"bones": {
				"body": {
					"position": [0, 1, 0]
				},
				"front": {
					"rotation": {
						"0.0": {
							"post": [0, 0, 0],
							"lerp_mode": "catmullrom"
						},
						"0.5": {
							"post": [0, 2.5, 0],
							"lerp_mode": "catmullrom"
						},
						"1.0": {
							"post": [0, 0, 0],
							"lerp_mode": "catmullrom"
						},
						"1.5": {
							"post": [0, -2.5, 0],
							"lerp_mode": "catmullrom"
						},
						"2.0": {
							"post": [0, 0, 0],
							"lerp_mode": "catmullrom"
						},
						"2.5": {
							"post": [0, 2.5, 0],
							"lerp_mode": "catmullrom"
						},
						"3.0": {
							"post": [0, 0, 0],
							"lerp_mode": "catmullrom"
						},
						"3.5": {
							"post": [0, -2.5, 0],
							"lerp_mode": "catmullrom"
						},
						"4.0": {
							"post": [0, 0, 0],
							"lerp_mode": "catmullrom"
						},
						"4.5": {
							"post": [0, 2.5, 0],
							"lerp_mode": "catmullrom"
						},
						"5.0": {
							"post": [0, 0, 0],
							"lerp_mode": "catmullrom"
						},
						"5.5": {
							"post": [0, -2.5, 0],
							"lerp_mode": "catmullrom"
						},
						"6.0": {
							"post": [0, 0, 0],
							"lerp_mode": "catmullrom"
						}
					},
					"position": {
						"0.0": {
							"post": [0, 0, 0],
							"lerp_mode": "catmullrom"
						},
						"0.5": {
							"post": [0.3, 0.3, 0],
							"lerp_mode": "catmullrom"
						},
						"1.0": {
							"post": [0, 0, 0],
							"lerp_mode": "catmullrom"
						},
						"1.5": {
							"post": [-0.3, 0.3, 0],
							"lerp_mode": "catmullrom"
						},
						"2.0": {
							"post": [0, 0, 0],
							"lerp_mode": "catmullrom"
						},
						"2.5": {
							"post": [0.3, 0.3, 0],
							"lerp_mode": "catmullrom"
						},
						"3.0": {
							"post": [0, 0, 0],
							"lerp_mode": "catmullrom"
						},
						"3.5": {
							"post": [-0.3, 0.3, 0],
							"lerp_mode": "catmullrom"
						},
						"4.0": {
							"post": [0, 0, 0],
							"lerp_mode": "catmullrom"
						},
						"4.5": {
							"post": [0.3, 0.3, 0],
							"lerp_mode": "catmullrom"
						},
						"5.0": {
							"post": [0, 0, 0],
							"lerp_mode": "catmullrom"
						},
						"5.5": {
							"post": [-0.3, 0.3, 0],
							"lerp_mode": "catmullrom"
						},
						"6.0": {
							"post": [0, 0, 0],
							"lerp_mode": "catmullrom"
						}
					}
				},
				"wheels": {
					"rotation": {
						"0.0": [0, 0, 0],
						"0.6667": [360, 0, 0],
						"0.7083": [0, 0, 0],
						"1.3333": [360, 0, 0],
						"1.375": [0, 0, 0],
						"2.0417": [360, 0, 0],
						"2.0833": [0, 0, 0],
						"2.7083": [360, 0, 0],
						"2.75": [0, 0, 0],
						"3.4167": [360, 0, 0],
						"3.4583": [0, 0, 0],
						"4.0833": [360, 0, 0],
						"4.125": [0, 0, 0],
						"4.7917": [360, 0, 0],
						"4.8333": [0, 0, 0],
						"5.4583": [360, 0, 0],
						"5.5": [0, 0, 0],
						"6.0": [360, 0, 0]
					},
					"position": [0, 0, 0]
				},
				"left3": {
					"scale": {
						"0.0": {
							"post": [1, 1, 1],
							"lerp_mode": "catmullrom"
						},
						"0.0833": {
							"post": [1, 1.8, 1],
							"lerp_mode": "catmullrom"
						},
						"0.1667": {
							"post": [1.5, 1, 1],
							"lerp_mode": "catmullrom"
						},
						"0.2083": {
							"post": [1, 1, 1],
							"lerp_mode": "catmullrom"
						},
						"0.2917": {
							"post": [1, 1.8, 1],
							"lerp_mode": "catmullrom"
						},
						"0.375": {
							"post": [1.5, 1, 1],
							"lerp_mode": "catmullrom"
						},
						"0.4167": {
							"post": [1, 1, 1],
							"lerp_mode": "catmullrom"
						},
						"0.5": {
							"post": [1, 1.8, 1],
							"lerp_mode": "catmullrom"
						},
						"0.5833": {
							"post": [1.5, 1, 1],
							"lerp_mode": "catmullrom"
						},
						"0.625": {
							"post": [1, 1, 1],
							"lerp_mode": "catmullrom"
						},
						"0.7083": {
							"post": [1, 1.8, 1],
							"lerp_mode": "catmullrom"
						},
						"0.7917": {
							"post": [1.5, 1, 1],
							"lerp_mode": "catmullrom"
						},
						"0.8333": {
							"post": [1, 1, 1],
							"lerp_mode": "catmullrom"
						},
						"0.9167": {
							"post": [1, 1.8, 1],
							"lerp_mode": "catmullrom"
						},
						"1.0": {
							"post": [1.5, 1, 1],
							"lerp_mode": "catmullrom"
						},
						"1.0417": {
							"post": [1, 1, 1],
							"lerp_mode": "catmullrom"
						},
						"1.125": {
							"post": [1, 1.8, 1],
							"lerp_mode": "catmullrom"
						},
						"1.2083": {
							"post": [1.5, 1, 1],
							"lerp_mode": "catmullrom"
						},
						"1.25": {
							"post": [1, 1, 1],
							"lerp_mode": "catmullrom"
						},
						"1.3333": {
							"post": [1, 1.8, 1],
							"lerp_mode": "catmullrom"
						},
						"1.4167": {
							"post": [1.5, 1, 1],
							"lerp_mode": "catmullrom"
						},
						"1.4583": {
							"post": [1, 1, 1],
							"lerp_mode": "catmullrom"
						},
						"1.5417": {
							"post": [1, 1.8, 1],
							"lerp_mode": "catmullrom"
						},
						"1.625": {
							"post": [1.5, 1, 1],
							"lerp_mode": "catmullrom"
						},
						"1.6667": {
							"post": [1, 1, 1],
							"lerp_mode": "catmullrom"
						},
						"1.75": {
							"post": [1, 1.8, 1],
							"lerp_mode": "catmullrom"
						},
						"1.8333": {
							"post": [1.5, 1, 1],
							"lerp_mode": "catmullrom"
						},
						"1.875": {
							"post": [1, 1, 1],
							"lerp_mode": "catmullrom"
						},
						"1.9583": {
							"post": [1, 1.8, 1],
							"lerp_mode": "catmullrom"
						},
						"2.0417": {
							"post": [1.5, 1, 1],
							"lerp_mode": "catmullrom"
						},
						"2.0833": {
							"post": [1, 1, 1],
							"lerp_mode": "catmullrom"
						},
						"2.1667": {
							"post": [1, 1.8, 1],
							"lerp_mode": "catmullrom"
						},
						"2.25": {
							"post": [1.5, 1, 1],
							"lerp_mode": "catmullrom"
						},
						"2.2917": {
							"post": [1, 1, 1],
							"lerp_mode": "catmullrom"
						},
						"2.375": {
							"post": [1, 1.8, 1],
							"lerp_mode": "catmullrom"
						},
						"2.4583": {
							"post": [1.5, 1, 1],
							"lerp_mode": "catmullrom"
						},
						"2.5": {
							"post": [1, 1, 1],
							"lerp_mode": "catmullrom"
						},
						"2.5833": {
							"post": [1, 1.8, 1],
							"lerp_mode": "catmullrom"
						},
						"2.6667": {
							"post": [1.5, 1, 1],
							"lerp_mode": "catmullrom"
						},
						"2.7083": {
							"post": [1, 1, 1],
							"lerp_mode": "catmullrom"
						},
						"2.7917": {
							"post": [1, 1.8, 1],
							"lerp_mode": "catmullrom"
						},
						"2.875": {
							"post": [1.5, 1, 1],
							"lerp_mode": "catmullrom"
						},
						"2.9167": {
							"post": [1, 1, 1],
							"lerp_mode": "catmullrom"
						},
						"3.0": {
							"post": [1, 1.8, 1],
							"lerp_mode": "catmullrom"
						},
						"3.0833": {
							"post": [1.5, 1, 1],
							"lerp_mode": "catmullrom"
						},
						"3.125": {
							"post": [1, 1, 1],
							"lerp_mode": "catmullrom"
						},
						"3.2083": {
							"post": [1, 1.8, 1],
							"lerp_mode": "catmullrom"
						},
						"3.2917": {
							"post": [1.5, 1, 1],
							"lerp_mode": "catmullrom"
						},
						"3.3333": {
							"post": [1, 1, 1],
							"lerp_mode": "catmullrom"
						},
						"3.4167": {
							"post": [1, 1.8, 1],
							"lerp_mode": "catmullrom"
						},
						"3.5": {
							"post": [1.5, 1, 1],
							"lerp_mode": "catmullrom"
						},
						"3.5417": {
							"post": [1, 1, 1],
							"lerp_mode": "catmullrom"
						},
						"3.625": {
							"post": [1, 1.8, 1],
							"lerp_mode": "catmullrom"
						},
						"3.7083": {
							"post": [1.5, 1, 1],
							"lerp_mode": "catmullrom"
						},
						"3.75": {
							"post": [1, 1, 1],
							"lerp_mode": "catmullrom"
						},
						"3.8333": {
							"post": [1, 1.8, 1],
							"lerp_mode": "catmullrom"
						},
						"3.9167": {
							"post": [1.5, 1, 1],
							"lerp_mode": "catmullrom"
						},
						"3.9583": {
							"post": [1, 1, 1],
							"lerp_mode": "catmullrom"
						},
						"4.0417": {
							"post": [1, 1.8, 1],
							"lerp_mode": "catmullrom"
						},
						"4.125": {
							"post": [1.5, 1, 1],
							"lerp_mode": "catmullrom"
						},
						"4.1667": {
							"post": [1, 1, 1],
							"lerp_mode": "catmullrom"
						},
						"4.25": {
							"post": [1, 1.8, 1],
							"lerp_mode": "catmullrom"
						},
						"4.3333": {
							"post": [1.5, 1, 1],
							"lerp_mode": "catmullrom"
						},
						"4.375": {
							"post": [1, 1, 1],
							"lerp_mode": "catmullrom"
						},
						"4.4583": {
							"post": [1, 1.8, 1],
							"lerp_mode": "catmullrom"
						},
						"4.5417": {
							"post": [1.5, 1, 1],
							"lerp_mode": "catmullrom"
						},
						"4.5833": {
							"post": [1, 1, 1],
							"lerp_mode": "catmullrom"
						},
						"4.6667": {
							"post": [1, 1.8, 1],
							"lerp_mode": "catmullrom"
						},
						"4.75": {
							"post": [1.5, 1, 1],
							"lerp_mode": "catmullrom"
						},
						"4.7917": {
							"post": [1, 1, 1],
							"lerp_mode": "catmullrom"
						},
						"4.875": {
							"post": [1, 1.8, 1],
							"lerp_mode": "catmullrom"
						},
						"4.9583": {
							"post": [1.5, 1, 1],
							"lerp_mode": "catmullrom"
						},
						"5.0": {
							"post": [1, 1, 1],
							"lerp_mode": "catmullrom"
						},
						"5.0833": {
							"post": [1, 1.8, 1],
							"lerp_mode": "catmullrom"
						},
						"5.1667": {
							"post": [1.5, 1, 1],
							"lerp_mode": "catmullrom"
						},
						"5.2083": {
							"post": [1, 1, 1],
							"lerp_mode": "catmullrom"
						},
						"5.2917": {
							"post": [1, 1.8, 1],
							"lerp_mode": "catmullrom"
						},
						"5.375": {
							"post": [1.5, 1, 1],
							"lerp_mode": "catmullrom"
						},
						"5.4167": {
							"post": [1, 1, 1],
							"lerp_mode": "catmullrom"
						},
						"5.5": {
							"post": [1, 1.8, 1],
							"lerp_mode": "catmullrom"
						},
						"5.5833": {
							"post": [1.5, 1, 1],
							"lerp_mode": "catmullrom"
						},
						"5.625": {
							"post": [1, 1, 1],
							"lerp_mode": "catmullrom"
						},
						"5.7083": {
							"post": [1, 1.8, 1],
							"lerp_mode": "catmullrom"
						},
						"5.7917": {
							"post": [1.5, 1, 1],
							"lerp_mode": "catmullrom"
						},
						"5.8333": {
							"post": [1, 1, 1],
							"lerp_mode": "catmullrom"
						},
						"5.9167": {
							"post": [1, 1.8, 1],
							"lerp_mode": "catmullrom"
						},
						"6.0": {
							"post": [1.5, 1, 1],
							"lerp_mode": "catmullrom"
						}
					}
				},
				"right3": {
					"scale": {
						"0.0": {
							"post": [1, 1, 1],
							"lerp_mode": "catmullrom"
						},
						"0.0833": {
							"post": [1, 1.8, 1],
							"lerp_mode": "catmullrom"
						},
						"0.1667": {
							"post": [1.5, 1, 1],
							"lerp_mode": "catmullrom"
						},
						"0.2083": {
							"post": [1, 1, 1],
							"lerp_mode": "catmullrom"
						},
						"0.2917": {
							"post": [1, 1.8, 1],
							"lerp_mode": "catmullrom"
						},
						"0.375": {
							"post": [1.5, 1, 1],
							"lerp_mode": "catmullrom"
						},
						"0.4167": {
							"post": [1, 1, 1],
							"lerp_mode": "catmullrom"
						},
						"0.5": {
							"post": [1, 1.8, 1],
							"lerp_mode": "catmullrom"
						},
						"0.5833": {
							"post": [1.5, 1, 1],
							"lerp_mode": "catmullrom"
						},
						"0.625": {
							"post": [1, 1, 1],
							"lerp_mode": "catmullrom"
						},
						"0.7083": {
							"post": [1, 1.8, 1],
							"lerp_mode": "catmullrom"
						},
						"0.7917": {
							"post": [1.5, 1, 1],
							"lerp_mode": "catmullrom"
						},
						"0.8333": {
							"post": [1, 1, 1],
							"lerp_mode": "catmullrom"
						},
						"0.9167": {
							"post": [1, 1.8, 1],
							"lerp_mode": "catmullrom"
						},
						"1.0": {
							"post": [1.5, 1, 1],
							"lerp_mode": "catmullrom"
						},
						"1.0417": {
							"post": [1, 1, 1],
							"lerp_mode": "catmullrom"
						},
						"1.125": {
							"post": [1, 1.8, 1],
							"lerp_mode": "catmullrom"
						},
						"1.2083": {
							"post": [1.5, 1, 1],
							"lerp_mode": "catmullrom"
						},
						"1.25": {
							"post": [1, 1, 1],
							"lerp_mode": "catmullrom"
						},
						"1.3333": {
							"post": [1, 1.8, 1],
							"lerp_mode": "catmullrom"
						},
						"1.4167": {
							"post": [1.5, 1, 1],
							"lerp_mode": "catmullrom"
						},
						"1.4583": {
							"post": [1, 1, 1],
							"lerp_mode": "catmullrom"
						},
						"1.5417": {
							"post": [1, 1.8, 1],
							"lerp_mode": "catmullrom"
						},
						"1.625": {
							"post": [1.5, 1, 1],
							"lerp_mode": "catmullrom"
						},
						"1.6667": {
							"post": [1, 1, 1],
							"lerp_mode": "catmullrom"
						},
						"1.75": {
							"post": [1, 1.8, 1],
							"lerp_mode": "catmullrom"
						},
						"1.8333": {
							"post": [1.5, 1, 1],
							"lerp_mode": "catmullrom"
						},
						"1.875": {
							"post": [1, 1, 1],
							"lerp_mode": "catmullrom"
						},
						"1.9583": {
							"post": [1, 1.8, 1],
							"lerp_mode": "catmullrom"
						},
						"2.0417": {
							"post": [1.5, 1, 1],
							"lerp_mode": "catmullrom"
						},
						"2.0833": {
							"post": [1, 1, 1],
							"lerp_mode": "catmullrom"
						},
						"2.1667": {
							"post": [1, 1.8, 1],
							"lerp_mode": "catmullrom"
						},
						"2.25": {
							"post": [1.5, 1, 1],
							"lerp_mode": "catmullrom"
						},
						"2.2917": {
							"post": [1, 1, 1],
							"lerp_mode": "catmullrom"
						},
						"2.375": {
							"post": [1, 1.8, 1],
							"lerp_mode": "catmullrom"
						},
						"2.4583": {
							"post": [1.5, 1, 1],
							"lerp_mode": "catmullrom"
						},
						"2.5": {
							"post": [1, 1, 1],
							"lerp_mode": "catmullrom"
						},
						"2.5833": {
							"post": [1, 1.8, 1],
							"lerp_mode": "catmullrom"
						},
						"2.6667": {
							"post": [1.5, 1, 1],
							"lerp_mode": "catmullrom"
						},
						"2.7083": {
							"post": [1, 1, 1],
							"lerp_mode": "catmullrom"
						},
						"2.7917": {
							"post": [1, 1.8, 1],
							"lerp_mode": "catmullrom"
						},
						"2.875": {
							"post": [1.5, 1, 1],
							"lerp_mode": "catmullrom"
						},
						"2.9167": {
							"post": [1, 1, 1],
							"lerp_mode": "catmullrom"
						},
						"3.0": {
							"post": [1, 1.8, 1],
							"lerp_mode": "catmullrom"
						},
						"3.0833": {
							"post": [1.5, 1, 1],
							"lerp_mode": "catmullrom"
						},
						"3.125": {
							"post": [1, 1, 1],
							"lerp_mode": "catmullrom"
						},
						"3.2083": {
							"post": [1, 1.8, 1],
							"lerp_mode": "catmullrom"
						},
						"3.2917": {
							"post": [1.5, 1, 1],
							"lerp_mode": "catmullrom"
						},
						"3.3333": {
							"post": [1, 1, 1],
							"lerp_mode": "catmullrom"
						},
						"3.4167": {
							"post": [1, 1.8, 1],
							"lerp_mode": "catmullrom"
						},
						"3.5": {
							"post": [1.5, 1, 1],
							"lerp_mode": "catmullrom"
						},
						"3.5417": {
							"post": [1, 1, 1],
							"lerp_mode": "catmullrom"
						},
						"3.625": {
							"post": [1, 1.8, 1],
							"lerp_mode": "catmullrom"
						},
						"3.7083": {
							"post": [1.5, 1, 1],
							"lerp_mode": "catmullrom"
						},
						"3.75": {
							"post": [1, 1, 1],
							"lerp_mode": "catmullrom"
						},
						"3.8333": {
							"post": [1, 1.8, 1],
							"lerp_mode": "catmullrom"
						},
						"3.9167": {
							"post": [1.5, 1, 1],
							"lerp_mode": "catmullrom"
						},
						"3.9583": {
							"post": [1, 1, 1],
							"lerp_mode": "catmullrom"
						},
						"4.0417": {
							"post": [1, 1.8, 1],
							"lerp_mode": "catmullrom"
						},
						"4.125": {
							"post": [1.5, 1, 1],
							"lerp_mode": "catmullrom"
						},
						"4.1667": {
							"post": [1, 1, 1],
							"lerp_mode": "catmullrom"
						},
						"4.25": {
							"post": [1, 1.8, 1],
							"lerp_mode": "catmullrom"
						},
						"4.3333": {
							"post": [1.5, 1, 1],
							"lerp_mode": "catmullrom"
						},
						"4.375": {
							"post": [1, 1, 1],
							"lerp_mode": "catmullrom"
						},
						"4.4583": {
							"post": [1, 1.8, 1],
							"lerp_mode": "catmullrom"
						},
						"4.5417": {
							"post": [1.5, 1, 1],
							"lerp_mode": "catmullrom"
						},
						"4.5833": {
							"post": [1, 1, 1],
							"lerp_mode": "catmullrom"
						},
						"4.6667": {
							"post": [1, 1.8, 1],
							"lerp_mode": "catmullrom"
						},
						"4.75": {
							"post": [1.5, 1, 1],
							"lerp_mode": "catmullrom"
						},
						"4.7917": {
							"post": [1, 1, 1],
							"lerp_mode": "catmullrom"
						},
						"4.875": {
							"post": [1, 1.8, 1],
							"lerp_mode": "catmullrom"
						},
						"4.9583": {
							"post": [1.5, 1, 1],
							"lerp_mode": "catmullrom"
						},
						"5.0": {
							"post": [1, 1, 1],
							"lerp_mode": "catmullrom"
						},
						"5.0833": {
							"post": [1, 1.8, 1],
							"lerp_mode": "catmullrom"
						},
						"5.1667": {
							"post": [1.5, 1, 1],
							"lerp_mode": "catmullrom"
						},
						"5.2083": {
							"post": [1, 1, 1],
							"lerp_mode": "catmullrom"
						},
						"5.2917": {
							"post": [1, 1.8, 1],
							"lerp_mode": "catmullrom"
						},
						"5.375": {
							"post": [1.5, 1, 1],
							"lerp_mode": "catmullrom"
						},
						"5.4167": {
							"post": [1, 1, 1],
							"lerp_mode": "catmullrom"
						},
						"5.5": {
							"post": [1, 1.8, 1],
							"lerp_mode": "catmullrom"
						},
						"5.5833": {
							"post": [1.5, 1, 1],
							"lerp_mode": "catmullrom"
						},
						"5.625": {
							"post": [1, 1, 1],
							"lerp_mode": "catmullrom"
						},
						"5.7083": {
							"post": [1, 1.8, 1],
							"lerp_mode": "catmullrom"
						},
						"5.7917": {
							"post": [1.5, 1, 1],
							"lerp_mode": "catmullrom"
						},
						"5.8333": {
							"post": [1, 1, 1],
							"lerp_mode": "catmullrom"
						},
						"5.9167": {
							"post": [1, 1.8, 1],
							"lerp_mode": "catmullrom"
						},
						"6.0": {
							"post": [1.5, 1, 1],
							"lerp_mode": "catmullrom"
						}
					}
				},
				"back": {
					"rotation": {
						"0.0": {
							"post": [0, 0, 0],
							"lerp_mode": "catmullrom"
						},
						"0.5": {
							"post": [0, 2.5, 0],
							"lerp_mode": "catmullrom"
						},
						"1.0": {
							"post": [0, 0, 0],
							"lerp_mode": "catmullrom"
						},
						"1.5": {
							"post": [0, -2.5, 0],
							"lerp_mode": "catmullrom"
						},
						"2.0": {
							"post": [0, 0, 0],
							"lerp_mode": "catmullrom"
						},
						"2.5": {
							"post": [0, 2.5, 0],
							"lerp_mode": "catmullrom"
						},
						"3.0": {
							"post": [0, 0, 0],
							"lerp_mode": "catmullrom"
						},
						"3.5": {
							"post": [0, -2.5, 0],
							"lerp_mode": "catmullrom"
						},
						"4.0": {
							"post": [0, 0, 0],
							"lerp_mode": "catmullrom"
						},
						"4.5": {
							"post": [0, 2.5, 0],
							"lerp_mode": "catmullrom"
						},
						"5.0": {
							"post": [0, 0, 0],
							"lerp_mode": "catmullrom"
						},
						"5.5": {
							"post": [0, -2.5, 0],
							"lerp_mode": "catmullrom"
						},
						"6.0": {
							"post": [0, 0, 0],
							"lerp_mode": "catmullrom"
						}
					},
					"position": {
						"0.0": {
							"post": [0, 0, 0],
							"lerp_mode": "catmullrom"
						},
						"0.5": {
							"post": [0.6, 0.3, 0],
							"lerp_mode": "catmullrom"
						},
						"1.0": {
							"post": [0, 0, 0],
							"lerp_mode": "catmullrom"
						},
						"1.5": {
							"post": [-0.6, 0.3, 0],
							"lerp_mode": "catmullrom"
						},
						"2.0": {
							"post": [0, 0, 0],
							"lerp_mode": "catmullrom"
						},
						"2.5": {
							"post": [0.6, 0.3, 0],
							"lerp_mode": "catmullrom"
						},
						"3.0": {
							"post": [0, 0, 0],
							"lerp_mode": "catmullrom"
						},
						"3.5": {
							"post": [-0.6, 0.3, 0],
							"lerp_mode": "catmullrom"
						},
						"4.0": {
							"post": [0, 0, 0],
							"lerp_mode": "catmullrom"
						},
						"4.5": {
							"post": [0.6, 0.3, 0],
							"lerp_mode": "catmullrom"
						},
						"5.0": {
							"post": [0, 0, 0],
							"lerp_mode": "catmullrom"
						},
						"5.5": {
							"post": [-0.6, 0.3, 0],
							"lerp_mode": "catmullrom"
						},
						"6.0": {
							"post": [0, 0, 0],
							"lerp_mode": "catmullrom"
						}
					}
				}
			}
		},
		"animation.rotommow.faint": {
			"loop": true,
			"animation_length": 6,
			"bones": {
				"body": {
					"position": [0, 1, 0]
				},
				"front": {
					"rotation": {
						"0.0": {
							"post": [0, 0, 0],
							"lerp_mode": "catmullrom"
						},
						"0.5": {
							"post": [0, 2.5, 0],
							"lerp_mode": "catmullrom"
						},
						"1.0": {
							"post": [0, 0, 0],
							"lerp_mode": "catmullrom"
						},
						"1.5": {
							"post": [0, -2.5, 0],
							"lerp_mode": "catmullrom"
						},
						"2.0": {
							"post": [0, 0, 0],
							"lerp_mode": "catmullrom"
						},
						"2.5": {
							"post": [0, 2.5, 0],
							"lerp_mode": "catmullrom"
						},
						"3.0": {
							"post": [0, 0, 0],
							"lerp_mode": "catmullrom"
						},
						"3.5": {
							"post": [0, -2.5, 0],
							"lerp_mode": "catmullrom"
						},
						"4.0": {
							"post": [0, 0, 0],
							"lerp_mode": "catmullrom"
						},
						"4.5": {
							"post": [0, 2.5, 0],
							"lerp_mode": "catmullrom"
						},
						"5.0": {
							"post": [0, 0, 0],
							"lerp_mode": "catmullrom"
						},
						"5.5": {
							"post": [0, -2.5, 0],
							"lerp_mode": "catmullrom"
						},
						"6.0": {
							"post": [0, 0, 0],
							"lerp_mode": "catmullrom"
						}
					},
					"position": {
						"0.0": {
							"post": [0, 0, 0],
							"lerp_mode": "catmullrom"
						},
						"0.5": {
							"post": [0.3, 0.3, 0],
							"lerp_mode": "catmullrom"
						},
						"1.0": {
							"post": [0, 0, 0],
							"lerp_mode": "catmullrom"
						},
						"1.5": {
							"post": [-0.3, 0.3, 0],
							"lerp_mode": "catmullrom"
						},
						"2.0": {
							"post": [0, 0, 0],
							"lerp_mode": "catmullrom"
						},
						"2.5": {
							"post": [0.3, 0.3, 0],
							"lerp_mode": "catmullrom"
						},
						"3.0": {
							"post": [0, 0, 0],
							"lerp_mode": "catmullrom"
						},
						"3.5": {
							"post": [-0.3, 0.3, 0],
							"lerp_mode": "catmullrom"
						},
						"4.0": {
							"post": [0, 0, 0],
							"lerp_mode": "catmullrom"
						},
						"4.5": {
							"post": [0.3, 0.3, 0],
							"lerp_mode": "catmullrom"
						},
						"5.0": {
							"post": [0, 0, 0],
							"lerp_mode": "catmullrom"
						},
						"5.5": {
							"post": [-0.3, 0.3, 0],
							"lerp_mode": "catmullrom"
						},
						"6.0": {
							"post": [0, 0, 0],
							"lerp_mode": "catmullrom"
						}
					}
				},
				"wheels": {
					"rotation": {
						"0.0": [0, 0, 0],
						"4.0": [0, 0, 0],
						"4.625": [360, 0, 0],
						"4.6667": [0, 0, 0],
						"5.3333": [360, 0, 0],
						"5.375": [0, 0, 0],
						"6.0": [360, 0, 0]
					},
					"position": [0, 0, 0]
				},
				"left3": {
					"scale": {
						"0.0": {
							"post": [1, 1, 1],
							"lerp_mode": "catmullrom"
						},
						"0.0833": {
							"post": [1, 1.8, 1],
							"lerp_mode": "catmullrom"
						},
						"0.1667": {
							"post": [1.5, 1, 1],
							"lerp_mode": "catmullrom"
						},
						"0.2083": {
							"post": [1, 1, 1],
							"lerp_mode": "catmullrom"
						},
						"0.2917": {
							"post": [1, 1.8, 1],
							"lerp_mode": "catmullrom"
						},
						"0.375": {
							"post": [1.5, 1, 1],
							"lerp_mode": "catmullrom"
						},
						"0.4167": {
							"post": [1, 1, 1],
							"lerp_mode": "catmullrom"
						},
						"0.5": {
							"post": [1, 1.8, 1],
							"lerp_mode": "catmullrom"
						},
						"0.5833": {
							"post": [1.5, 1, 1],
							"lerp_mode": "catmullrom"
						},
						"0.625": {
							"post": [1, 1, 1],
							"lerp_mode": "catmullrom"
						},
						"0.7083": {
							"post": [1, 1.8, 1],
							"lerp_mode": "catmullrom"
						},
						"0.7917": {
							"post": [1.5, 1, 1],
							"lerp_mode": "catmullrom"
						},
						"0.8333": {
							"post": [1, 1, 1],
							"lerp_mode": "catmullrom"
						},
						"0.9167": {
							"post": [1, 1.8, 1],
							"lerp_mode": "catmullrom"
						},
						"1.0": {
							"post": [1.5, 1, 1],
							"lerp_mode": "catmullrom"
						},
						"1.0417": {
							"post": [1, 1, 1],
							"lerp_mode": "catmullrom"
						},
						"1.125": {
							"post": [1, 1.8, 1],
							"lerp_mode": "catmullrom"
						},
						"1.2083": {
							"post": [1.5, 1, 1],
							"lerp_mode": "catmullrom"
						},
						"1.25": {
							"post": [1, 1, 1],
							"lerp_mode": "catmullrom"
						},
						"1.3333": {
							"post": [1, 1.8, 1],
							"lerp_mode": "catmullrom"
						},
						"1.4167": {
							"post": [1.5, 1, 1],
							"lerp_mode": "catmullrom"
						},
						"1.4583": {
							"post": [1, 1, 1],
							"lerp_mode": "catmullrom"
						},
						"1.5417": {
							"post": [1, 1.8, 1],
							"lerp_mode": "catmullrom"
						},
						"1.625": {
							"post": [1.5, 1, 1],
							"lerp_mode": "catmullrom"
						},
						"1.6667": {
							"post": [1, 1, 1],
							"lerp_mode": "catmullrom"
						},
						"1.75": {
							"post": [1, 1.8, 1],
							"lerp_mode": "catmullrom"
						},
						"1.8333": {
							"post": [1.5, 1, 1],
							"lerp_mode": "catmullrom"
						},
						"1.875": {
							"post": [1, 1, 1],
							"lerp_mode": "catmullrom"
						},
						"1.9583": {
							"post": [1, 1.8, 1],
							"lerp_mode": "catmullrom"
						},
						"2.0417": {
							"post": [1.5, 1, 1],
							"lerp_mode": "catmullrom"
						},
						"2.0833": {
							"post": [1, 1, 1],
							"lerp_mode": "catmullrom"
						},
						"2.1667": {
							"post": [1, 1.8, 1],
							"lerp_mode": "catmullrom"
						},
						"2.25": {
							"post": [1.5, 1, 1],
							"lerp_mode": "catmullrom"
						},
						"2.2917": {
							"post": [1, 1, 1],
							"lerp_mode": "catmullrom"
						},
						"2.375": {
							"post": [1, 1.8, 1],
							"lerp_mode": "catmullrom"
						},
						"2.4583": {
							"post": [1.5, 1, 1],
							"lerp_mode": "catmullrom"
						},
						"2.5": {
							"post": [1, 1, 1],
							"lerp_mode": "catmullrom"
						},
						"2.5833": {
							"post": [1, 1.8, 1],
							"lerp_mode": "catmullrom"
						},
						"2.6667": {
							"post": [1.5, 1, 1],
							"lerp_mode": "catmullrom"
						},
						"2.7083": {
							"post": [1, 1, 1],
							"lerp_mode": "catmullrom"
						},
						"2.7917": {
							"post": [1, 1.8, 1],
							"lerp_mode": "catmullrom"
						},
						"2.875": {
							"post": [1.5, 1, 1],
							"lerp_mode": "catmullrom"
						},
						"2.9167": {
							"post": [1, 1, 1],
							"lerp_mode": "catmullrom"
						},
						"3.0": {
							"post": [1, 1.8, 1],
							"lerp_mode": "catmullrom"
						},
						"3.0833": {
							"post": [1.5, 1, 1],
							"lerp_mode": "catmullrom"
						},
						"3.125": {
							"post": [1, 1, 1],
							"lerp_mode": "catmullrom"
						},
						"3.2083": {
							"post": [1, 1.8, 1],
							"lerp_mode": "catmullrom"
						},
						"3.2917": {
							"post": [1.5, 1, 1],
							"lerp_mode": "catmullrom"
						},
						"3.3333": {
							"post": [1, 1, 1],
							"lerp_mode": "catmullrom"
						},
						"3.4167": {
							"post": [1, 1.8, 1],
							"lerp_mode": "catmullrom"
						},
						"3.5": {
							"post": [1.5, 1, 1],
							"lerp_mode": "catmullrom"
						},
						"3.5417": {
							"post": [1, 1, 1],
							"lerp_mode": "catmullrom"
						},
						"3.625": {
							"post": [1, 1.8, 1],
							"lerp_mode": "catmullrom"
						},
						"3.7083": {
							"post": [1.5, 1, 1],
							"lerp_mode": "catmullrom"
						},
						"3.75": {
							"post": [1, 1, 1],
							"lerp_mode": "catmullrom"
						},
						"3.8333": {
							"post": [1, 1.8, 1],
							"lerp_mode": "catmullrom"
						},
						"3.9167": {
							"post": [1.5, 1, 1],
							"lerp_mode": "catmullrom"
						},
						"3.9583": {
							"post": [1, 1, 1],
							"lerp_mode": "catmullrom"
						},
						"4.0417": {
							"post": [1, 1.8, 1],
							"lerp_mode": "catmullrom"
						},
						"4.125": {
							"post": [1.5, 1, 1],
							"lerp_mode": "catmullrom"
						},
						"4.1667": {
							"post": [1, 1, 1],
							"lerp_mode": "catmullrom"
						},
						"4.25": {
							"post": [1, 1.8, 1],
							"lerp_mode": "catmullrom"
						},
						"4.3333": {
							"post": [1.5, 1, 1],
							"lerp_mode": "catmullrom"
						},
						"4.375": {
							"post": [1, 1, 1],
							"lerp_mode": "catmullrom"
						},
						"4.4583": {
							"post": [1, 1.8, 1],
							"lerp_mode": "catmullrom"
						},
						"4.5417": {
							"post": [1.5, 1, 1],
							"lerp_mode": "catmullrom"
						},
						"4.5833": {
							"post": [1, 1, 1],
							"lerp_mode": "catmullrom"
						},
						"4.6667": {
							"post": [1, 1.8, 1],
							"lerp_mode": "catmullrom"
						},
						"4.75": {
							"post": [1.5, 1, 1],
							"lerp_mode": "catmullrom"
						},
						"4.7917": {
							"post": [1, 1, 1],
							"lerp_mode": "catmullrom"
						},
						"4.875": {
							"post": [1, 1.8, 1],
							"lerp_mode": "catmullrom"
						},
						"4.9583": {
							"post": [1.5, 1, 1],
							"lerp_mode": "catmullrom"
						},
						"5.0": {
							"post": [1, 1, 1],
							"lerp_mode": "catmullrom"
						},
						"5.0833": {
							"post": [1, 1.8, 1],
							"lerp_mode": "catmullrom"
						},
						"5.1667": {
							"post": [1.5, 1, 1],
							"lerp_mode": "catmullrom"
						},
						"5.2083": {
							"post": [1, 1, 1],
							"lerp_mode": "catmullrom"
						},
						"5.2917": {
							"post": [1, 1.8, 1],
							"lerp_mode": "catmullrom"
						},
						"5.375": {
							"post": [1.5, 1, 1],
							"lerp_mode": "catmullrom"
						},
						"5.4167": {
							"post": [1, 1, 1],
							"lerp_mode": "catmullrom"
						},
						"5.5": {
							"post": [1, 1.8, 1],
							"lerp_mode": "catmullrom"
						},
						"5.5833": {
							"post": [1.5, 1, 1],
							"lerp_mode": "catmullrom"
						},
						"5.625": {
							"post": [1, 1, 1],
							"lerp_mode": "catmullrom"
						},
						"5.7083": {
							"post": [1, 1.8, 1],
							"lerp_mode": "catmullrom"
						},
						"5.7917": {
							"post": [1.5, 1, 1],
							"lerp_mode": "catmullrom"
						},
						"5.8333": {
							"post": [1, 1, 1],
							"lerp_mode": "catmullrom"
						},
						"5.9167": {
							"post": [1, 1.8, 1],
							"lerp_mode": "catmullrom"
						},
						"6.0": {
							"post": [1.5, 1, 1],
							"lerp_mode": "catmullrom"
						}
					}
				},
				"right3": {
					"scale": {
						"0.0": {
							"post": [1, 1, 1],
							"lerp_mode": "catmullrom"
						},
						"0.0833": {
							"post": [1, 1.8, 1],
							"lerp_mode": "catmullrom"
						},
						"0.1667": {
							"post": [1.5, 1, 1],
							"lerp_mode": "catmullrom"
						},
						"0.2083": {
							"post": [1, 1, 1],
							"lerp_mode": "catmullrom"
						},
						"0.2917": {
							"post": [1, 1.8, 1],
							"lerp_mode": "catmullrom"
						},
						"0.375": {
							"post": [1.5, 1, 1],
							"lerp_mode": "catmullrom"
						},
						"0.4167": {
							"post": [1, 1, 1],
							"lerp_mode": "catmullrom"
						},
						"0.5": {
							"post": [1, 1.8, 1],
							"lerp_mode": "catmullrom"
						},
						"0.5833": {
							"post": [1.5, 1, 1],
							"lerp_mode": "catmullrom"
						},
						"0.625": {
							"post": [1, 1, 1],
							"lerp_mode": "catmullrom"
						},
						"0.7083": {
							"post": [1, 1.8, 1],
							"lerp_mode": "catmullrom"
						},
						"0.7917": {
							"post": [1.5, 1, 1],
							"lerp_mode": "catmullrom"
						},
						"0.8333": {
							"post": [1, 1, 1],
							"lerp_mode": "catmullrom"
						},
						"0.9167": {
							"post": [1, 1.8, 1],
							"lerp_mode": "catmullrom"
						},
						"1.0": {
							"post": [1.5, 1, 1],
							"lerp_mode": "catmullrom"
						},
						"1.0417": {
							"post": [1, 1, 1],
							"lerp_mode": "catmullrom"
						},
						"1.125": {
							"post": [1, 1.8, 1],
							"lerp_mode": "catmullrom"
						},
						"1.2083": {
							"post": [1.5, 1, 1],
							"lerp_mode": "catmullrom"
						},
						"1.25": {
							"post": [1, 1, 1],
							"lerp_mode": "catmullrom"
						},
						"1.3333": {
							"post": [1, 1.8, 1],
							"lerp_mode": "catmullrom"
						},
						"1.4167": {
							"post": [1.5, 1, 1],
							"lerp_mode": "catmullrom"
						},
						"1.4583": {
							"post": [1, 1, 1],
							"lerp_mode": "catmullrom"
						},
						"1.5417": {
							"post": [1, 1.8, 1],
							"lerp_mode": "catmullrom"
						},
						"1.625": {
							"post": [1.5, 1, 1],
							"lerp_mode": "catmullrom"
						},
						"1.6667": {
							"post": [1, 1, 1],
							"lerp_mode": "catmullrom"
						},
						"1.75": {
							"post": [1, 1.8, 1],
							"lerp_mode": "catmullrom"
						},
						"1.8333": {
							"post": [1.5, 1, 1],
							"lerp_mode": "catmullrom"
						},
						"1.875": {
							"post": [1, 1, 1],
							"lerp_mode": "catmullrom"
						},
						"1.9583": {
							"post": [1, 1.8, 1],
							"lerp_mode": "catmullrom"
						},
						"2.0417": {
							"post": [1.5, 1, 1],
							"lerp_mode": "catmullrom"
						},
						"2.0833": {
							"post": [1, 1, 1],
							"lerp_mode": "catmullrom"
						},
						"2.1667": {
							"post": [1, 1.8, 1],
							"lerp_mode": "catmullrom"
						},
						"2.25": {
							"post": [1.5, 1, 1],
							"lerp_mode": "catmullrom"
						},
						"2.2917": {
							"post": [1, 1, 1],
							"lerp_mode": "catmullrom"
						},
						"2.375": {
							"post": [1, 1.8, 1],
							"lerp_mode": "catmullrom"
						},
						"2.4583": {
							"post": [1.5, 1, 1],
							"lerp_mode": "catmullrom"
						},
						"2.5": {
							"post": [1, 1, 1],
							"lerp_mode": "catmullrom"
						},
						"2.5833": {
							"post": [1, 1.8, 1],
							"lerp_mode": "catmullrom"
						},
						"2.6667": {
							"post": [1.5, 1, 1],
							"lerp_mode": "catmullrom"
						},
						"2.7083": {
							"post": [1, 1, 1],
							"lerp_mode": "catmullrom"
						},
						"2.7917": {
							"post": [1, 1.8, 1],
							"lerp_mode": "catmullrom"
						},
						"2.875": {
							"post": [1.5, 1, 1],
							"lerp_mode": "catmullrom"
						},
						"2.9167": {
							"post": [1, 1, 1],
							"lerp_mode": "catmullrom"
						},
						"3.0": {
							"post": [1, 1.8, 1],
							"lerp_mode": "catmullrom"
						},
						"3.0833": {
							"post": [1.5, 1, 1],
							"lerp_mode": "catmullrom"
						},
						"3.125": {
							"post": [1, 1, 1],
							"lerp_mode": "catmullrom"
						},
						"3.2083": {
							"post": [1, 1.8, 1],
							"lerp_mode": "catmullrom"
						},
						"3.2917": {
							"post": [1.5, 1, 1],
							"lerp_mode": "catmullrom"
						},
						"3.3333": {
							"post": [1, 1, 1],
							"lerp_mode": "catmullrom"
						},
						"3.4167": {
							"post": [1, 1.8, 1],
							"lerp_mode": "catmullrom"
						},
						"3.5": {
							"post": [1.5, 1, 1],
							"lerp_mode": "catmullrom"
						},
						"3.5417": {
							"post": [1, 1, 1],
							"lerp_mode": "catmullrom"
						},
						"3.625": {
							"post": [1, 1.8, 1],
							"lerp_mode": "catmullrom"
						},
						"3.7083": {
							"post": [1.5, 1, 1],
							"lerp_mode": "catmullrom"
						},
						"3.75": {
							"post": [1, 1, 1],
							"lerp_mode": "catmullrom"
						},
						"3.8333": {
							"post": [1, 1.8, 1],
							"lerp_mode": "catmullrom"
						},
						"3.9167": {
							"post": [1.5, 1, 1],
							"lerp_mode": "catmullrom"
						},
						"3.9583": {
							"post": [1, 1, 1],
							"lerp_mode": "catmullrom"
						},
						"4.0417": {
							"post": [1, 1.8, 1],
							"lerp_mode": "catmullrom"
						},
						"4.125": {
							"post": [1.5, 1, 1],
							"lerp_mode": "catmullrom"
						},
						"4.1667": {
							"post": [1, 1, 1],
							"lerp_mode": "catmullrom"
						},
						"4.25": {
							"post": [1, 1.8, 1],
							"lerp_mode": "catmullrom"
						},
						"4.3333": {
							"post": [1.5, 1, 1],
							"lerp_mode": "catmullrom"
						},
						"4.375": {
							"post": [1, 1, 1],
							"lerp_mode": "catmullrom"
						},
						"4.4583": {
							"post": [1, 1.8, 1],
							"lerp_mode": "catmullrom"
						},
						"4.5417": {
							"post": [1.5, 1, 1],
							"lerp_mode": "catmullrom"
						},
						"4.5833": {
							"post": [1, 1, 1],
							"lerp_mode": "catmullrom"
						},
						"4.6667": {
							"post": [1, 1.8, 1],
							"lerp_mode": "catmullrom"
						},
						"4.75": {
							"post": [1.5, 1, 1],
							"lerp_mode": "catmullrom"
						},
						"4.7917": {
							"post": [1, 1, 1],
							"lerp_mode": "catmullrom"
						},
						"4.875": {
							"post": [1, 1.8, 1],
							"lerp_mode": "catmullrom"
						},
						"4.9583": {
							"post": [1.5, 1, 1],
							"lerp_mode": "catmullrom"
						},
						"5.0": {
							"post": [1, 1, 1],
							"lerp_mode": "catmullrom"
						},
						"5.0833": {
							"post": [1, 1.8, 1],
							"lerp_mode": "catmullrom"
						},
						"5.1667": {
							"post": [1.5, 1, 1],
							"lerp_mode": "catmullrom"
						},
						"5.2083": {
							"post": [1, 1, 1],
							"lerp_mode": "catmullrom"
						},
						"5.2917": {
							"post": [1, 1.8, 1],
							"lerp_mode": "catmullrom"
						},
						"5.375": {
							"post": [1.5, 1, 1],
							"lerp_mode": "catmullrom"
						},
						"5.4167": {
							"post": [1, 1, 1],
							"lerp_mode": "catmullrom"
						},
						"5.5": {
							"post": [1, 1.8, 1],
							"lerp_mode": "catmullrom"
						},
						"5.5833": {
							"post": [1.5, 1, 1],
							"lerp_mode": "catmullrom"
						},
						"5.625": {
							"post": [1, 1, 1],
							"lerp_mode": "catmullrom"
						},
						"5.7083": {
							"post": [1, 1.8, 1],
							"lerp_mode": "catmullrom"
						},
						"5.7917": {
							"post": [1.5, 1, 1],
							"lerp_mode": "catmullrom"
						},
						"5.8333": {
							"post": [1, 1, 1],
							"lerp_mode": "catmullrom"
						},
						"5.9167": {
							"post": [1, 1.8, 1],
							"lerp_mode": "catmullrom"
						},
						"6.0": {
							"post": [1.5, 1, 1],
							"lerp_mode": "catmullrom"
						}
					}
				},
				"back": {
					"rotation": {
						"0.0": {
							"post": [0, 0, 0],
							"lerp_mode": "catmullrom"
						},
						"0.5": {
							"post": [0, 2.5, 0],
							"lerp_mode": "catmullrom"
						},
						"1.0": {
							"post": [0, 0, 0],
							"lerp_mode": "catmullrom"
						},
						"1.5": {
							"post": [0, -2.5, 0],
							"lerp_mode": "catmullrom"
						},
						"2.0": {
							"post": [0, 0, 0],
							"lerp_mode": "catmullrom"
						},
						"2.5": {
							"post": [0, 2.5, 0],
							"lerp_mode": "catmullrom"
						},
						"3.0": {
							"post": [0, 0, 0],
							"lerp_mode": "catmullrom"
						},
						"3.5": {
							"post": [0, -2.5, 0],
							"lerp_mode": "catmullrom"
						},
						"4.0": {
							"post": [0, 0, 0],
							"lerp_mode": "catmullrom"
						},
						"4.5": {
							"post": [0, 2.5, 0],
							"lerp_mode": "catmullrom"
						},
						"5.0": {
							"post": [0, 0, 0],
							"lerp_mode": "catmullrom"
						},
						"5.5": {
							"post": [0, -2.5, 0],
							"lerp_mode": "catmullrom"
						},
						"6.0": {
							"post": [0, 0, 0],
							"lerp_mode": "catmullrom"
						}
					},
					"position": {
						"0.0": {
							"post": [0, 0, 0],
							"lerp_mode": "catmullrom"
						},
						"0.5": {
							"post": [0.6, 0.3, 0],
							"lerp_mode": "catmullrom"
						},
						"1.0": {
							"post": [0, 0, 0],
							"lerp_mode": "catmullrom"
						},
						"1.5": {
							"post": [-0.6, 0.3, 0],
							"lerp_mode": "catmullrom"
						},
						"2.0": {
							"post": [0, 0, 0],
							"lerp_mode": "catmullrom"
						},
						"2.5": {
							"post": [0.6, 0.3, 0],
							"lerp_mode": "catmullrom"
						},
						"3.0": {
							"post": [0, 0, 0],
							"lerp_mode": "catmullrom"
						},
						"3.5": {
							"post": [-0.6, 0.3, 0],
							"lerp_mode": "catmullrom"
						},
						"4.0": {
							"post": [0, 0, 0],
							"lerp_mode": "catmullrom"
						},
						"4.5": {
							"post": [0.6, 0.3, 0],
							"lerp_mode": "catmullrom"
						},
						"5.0": {
							"post": [0, 0, 0],
							"lerp_mode": "catmullrom"
						},
						"5.5": {
							"post": [-0.6, 0.3, 0],
							"lerp_mode": "catmullrom"
						},
						"6.0": {
							"post": [0, 0, 0],
							"lerp_mode": "catmullrom"
						}
					}
				}
			}
		},
		"animation.rotom_mow.ground_idle": {
			"loop": true,
			"animation_length": 2,
			"bones": {
				"body": {
					"rotation": [
						"0+math.sin(query.anim_time*90*variable.idlespeed-0)*1",
						"0+math.sin(query.anim_time*90*variable.idlespeed/2-0)*03",
						"0+math.sin(query.anim_time*90*variable.idlespeed-0)*0.15"
					],
					"position": [
						"0+math.sin(query.anim_time*90*variable.idlespeed/2-90)*0.5+math.sin(query.anim_time*90*variable.idlespeed*20-0)*0.025",
						"5+math.sin(query.anim_time*90*variable.idlespeed-0)*0.25+math.sin(query.anim_time*90*variable.idlespeed*20-0)*0.025",
						0
					]
				},
				"antenna": {
					"rotation": ["-10+math.sin(query.anim_time*90*variable.idlespeed-30)*1", 0, 0]
				},
				"tray": {
					"rotation": ["-10+math.sin(query.anim_time*90*variable.idlespeed-25)*1", 0, 0]
				},
				"left_wheel": {
					"rotation": ["320+query.anim_time *90*6", 0, 0]
				},
				"right_wheel": {
					"rotation": ["320+query.anim_time *90*6", 0, 0]
				},
				"handle_top": {
					"rotation": [10.25, 0, 0]
				},
				"left_arm": {
					"rotation": [
						"110-math.sin(query.anim_time*90*variable.idlespeed-0)*1",
						"0-math.sin(query.anim_time*90*variable.idlespeed-0)*0.25",
						"0-math.sin(query.anim_time*90*20)*1.5"
					],
					"position": [0, 0, -1],
					"scale": ["1+math.sin(query.anim_time*90*variable.walkspeed*8-0)*0.1", 1, 1]
				},
				"right_arm": {
					"rotation": [
						"110-math.sin(query.anim_time*90*variable.idlespeed-0)*1",
						"0-math.sin(query.anim_time*90*variable.idlespeed-0)*0.25",
						"0-math.sin(query.anim_time*90*20)*1.5"
					],
					"position": [0, 0, -1],
					"scale": ["1+math.sin(query.anim_time*90*variable.walkspeed*8-0)*0.1", 1, 1]
				}
			}
		},
		"animation.rotom_mow.ground_walk": {
			"loop": true,
			"animation_length": 2.6667,
			"bones": {
				"body": {
					"rotation": [
						"17.5+math.sin(query.anim_time*90*variable.walkspeed-0)*3",
						"0+math.sin(query.anim_time*90*variable.walkspeed/2-0)*03",
						"0+math.sin(query.anim_time*90*variable.walkspeed-0)*0.15"
					],
					"position": [
						"0+math.sin(query.anim_time*90*variable.walkspeed/2-90)*0.5+math.sin(query.anim_time*90*variable.walkspeed*20-0)*0.025",
						"5+math.sin(query.anim_time*90*variable.walkspeed-0)*0.25+math.sin(query.anim_time*90*variable.walkspeed*20-0)*0.025",
						"0-math.sin(query.anim_time*90*variable.walkspeed-90)*1.25"
					]
				},
				"antenna": {
					"rotation": ["-10+math.sin(query.anim_time*90*variable.walkspeed-30)*1", 0, 0]
				},
				"tray": {
					"rotation": ["-10+math.sin(query.anim_time*90*variable.walkspeed-25)*1", 0, 0]
				},
				"left_wheel": {
					"rotation": ["320+query.anim_time *90*6", 0, 0]
				},
				"right_wheel": {
					"rotation": ["320+query.anim_time *90*6", 0, 0]
				},
				"handle_top": {
					"rotation": [10.25, 0, 0]
				},
				"left_arm": {
					"rotation": [
						"110-math.sin(query.anim_time*90*variable.walkspeed-0)*1",
						"0-math.sin(query.anim_time*90*variable.walkspeed-0)*0.25",
						"0-math.sin(query.anim_time*90*20)*1.5"
					],
					"position": [0, 0, -1],
					"scale": ["1+math.sin(query.anim_time*90*variable.walkspeed*8-0)*0.1", 1, 1]
				},
				"right_arm": {
					"rotation": [
						"110+math.sin(query.anim_time*90*variable.walkspeed/2-90)*0.5",
						"0-math.sin(query.anim_time*90*variable.walkspeed-0)*0.25",
						"0-math.sin(query.anim_time*90*20)*1.5"
					],
					"position": [0, 0, -1],
					"scale": ["1+math.sin(query.anim_time*90*variable.walkspeed*8-0)*0.1", 1, 1]
				}
			}
		},
		"animation.rotom_mow.move_test": {
			"loop": true,
			"animation_length": 2,
			"bones": {
				"body": {
					"position": [0, 0, "0-query.anim_time*90*0.3"]
				}
			}
		},
		"animation.rotom_mow.cry": {
			"loop": true
		}
	}
}