{
 "portraitScale": 2.5,
 "portraitTranslation": [-0.1, -1.5, 0],
 "profileScale": 1.1,
 "profileTranslation": [-0.05, 0.15, 0],
 "animations": {
   "faint": "q.bedrock_primary('basculin', 'faint', q.curve('one'))",
   "cry": "q.bedrock_stateful('basculin', 'cry')",
   "physical": "q.bedrock_primary('basculin', 'physical', q.curve('symmetrical_wide'))",
   "special": "q.bedrock_primary('basculin', 'special', q.curve('symmetrical_wide'))"
 },
 "poses": {
   "battle-standing": {
     "poseTypes": ["STAND"],
     "isBattle": true,
     "animations": [
       "q.look('head')",
       "q.bedrock('basculin', 'battle_idle')"
     ],
     "quirks": ["q.bedrock_quirk('basculin', 'blink')"]
   },
   "standing": {
     "poseTypes": ["STAND", "NONE", "PORTRAIT", "PROFILE"],
     "isBattle": false,
     "animations": [
       "q.look('head')",
       "q.bedrock('basculin', 'ground_idle')"
     ],
     "quirks": [
       "q.bedrock_quirk('basculin', 'blink')"
     ]
   },
   "walking": {
     "poseTypes": ["WALK"],
     "animations": [
       "q.look('head')",
       "q.bedrock('basculin', 'ground_walk')"
     ],
     "quirks": ["q.bedrock_quirk('basculin', 'blink')"]
   },
   "float": {
     "poseTypes": ["FLOAT"],
     "animations": [
       "q.look('head')",
       "q.bedrock('basculin', 'water_idle')"
     ],
     "quirks": ["q.bedrock_quirk('basculin', 'blink')"]
   },
   "swim": {
     "poseTypes": ["SWIM"],
     "animations": [
       "q.look('head')",
       "q.bedrock('basculin', 'water_swim')"
     ],
     "quirks": ["q.bedrock_quirk('basculin', 'blink')"]
   },
   "sleep": {
     "poseTypes": ["SLEEP"],
     "animations": ["q.bedrock('basculin', 'sleep')"]
   }
 }
}
