{
	"format_version": "1.12.0",
	"minecraft:geometry": [
		{
			"description": {
				"identifier": "geometry.wigglytuff",
				"texture_width": 64,
				"texture_height": 64,
				"visible_bounds_width": 3,
				"visible_bounds_height": 3.5,
				"visible_bounds_offset": [0, 1.25, 0]
			},
			"bones": [
				{
					"name": "wigglytuff",
					"pivot": [0, 0, 0]
				},
				{
					"name": "body",
					"parent": "wigglytuff",
					"pivot": [0, 0, 0]
				},
				{
					"name": "torso",
					"parent": "body",
					"pivot": [0, 9.75, 0.25],
					"cubes": [
						{"origin": [-5, 2.25, -3.75], "size": [10, 6, 9], "uv": [0, 16]},
						{"origin": [-5, 8.25, -3.75], "size": [10, 8, 8], "uv": [0, 0]},
						{"origin": [-8, 6, -7.75], "size": [16, 16, 16], "inflate": -2.9, "uv": [0, 32]}
					]
				},
				{
					"name": "mouth",
					"parent": "torso",
					"pivot": [0, 10.25, -3.76]
				},
				{
					"name": "mouth_closed",
					"parent": "mouth",
					"pivot": [0, 10.25, -3.76],
					"cubes": [
						{"origin": [-1.5, 9.75, -3.76], "size": [3, 1, 0], "uv": [28, 5]}
					]
				},
				{
					"name": "mouth_open",
					"parent": "mouth",
					"pivot": [0, 10, -3.66],
					"cubes": [
						{"origin": [-1.5, 9, -3.66], "size": [3, 2, 0], "uv": [28, 6]}
					]
				},
				{
					"name": "eyes",
					"parent": "torso",
					"pivot": [0, 15.25, -5.01]
				},
				{
					"name": "eye_right",
					"parent": "eyes",
					"pivot": [-3, 15.25, -5.01],
					"rotation": [0, 0, 2.5],
					"cubes": [
						{"origin": [-4.5, 13.75, -5.01], "size": [3, 3, 0], "uv": [0, 16], "mirror": true}
					]
				},
				{
					"name": "eyelid_right",
					"parent": "eye_right",
					"pivot": [-3, 15.25, -4.41],
					"cubes": [
						{"origin": [-4.5, 13.75, -4.91], "size": [3, 3, 1], "inflate": 0.01, "uv": [0, 0], "mirror": true}
					]
				},
				{
					"name": "eye_left",
					"parent": "eyes",
					"pivot": [3, 15.25, -5.01],
					"rotation": [0, 0, -2.5],
					"cubes": [
						{"origin": [1.5, 13.75, -5.01], "size": [3, 3, 0], "uv": [0, 19]}
					]
				},
				{
					"name": "eyelid_left",
					"parent": "eye_left",
					"pivot": [3, 15.25, -4.41],
					"cubes": [
						{"origin": [1.5, 13.75, -4.91], "size": [3, 3, 1], "inflate": 0.01, "uv": [0, 0]}
					]
				},
				{
					"name": "ear_left",
					"parent": "torso",
					"pivot": [3.5, 15.25, 0.5],
					"rotation": [0, -10, 30],
					"cubes": [
						{"origin": [1, 15.25, 0.5], "size": [5, 4, 0], "uv": [54, 14]}
					]
				},
				{
					"name": "ear_left2",
					"parent": "ear_left",
					"pivot": [3.5, 19.25, 0.5],
					"cubes": [
						{"origin": [1, 19.25, 0.5], "size": [5, 5, 0], "uv": [54, 9]}
					]
				},
				{
					"name": "ear_right",
					"parent": "torso",
					"pivot": [-3.5, 15.25, 0.5],
					"rotation": [0, 10, -30],
					"cubes": [
						{"origin": [-6, 15.25, 0.5], "size": [5, 4, 0], "uv": [54, 5]}
					]
				},
				{
					"name": "ear_right2",
					"parent": "ear_right",
					"pivot": [-3.5, 19.25, 0.5],
					"cubes": [
						{"origin": [-6, 19.25, 0.5], "size": [5, 5, 0], "uv": [54, 0]}
					]
				},
				{
					"name": "arm_left",
					"parent": "torso",
					"pivot": [5, 10.75, -1.75],
					"cubes": [
						{"origin": [5, 7.75, -3.75], "size": [4, 3, 2], "uv": [28, 0]}
					]
				},
				{
					"name": "arm_right",
					"parent": "torso",
					"pivot": [-5, 10.75, -1.75],
					"cubes": [
						{"origin": [-9, 7.75, -3.75], "size": [4, 3, 2], "uv": [40, 0]}
					]
				},
				{
					"name": "leg_right",
					"parent": "body",
					"pivot": [-3.25, 4, 0.75],
					"rotation": [0, 7.5, 0],
					"cubes": [
						{"origin": [-4.25, 1.5, -0.75], "size": [2, 2, 3], "uv": [29, 16], "mirror": true}
					]
				},
				{
					"name": "foot_right",
					"parent": "leg_right",
					"pivot": [-3.25, 2, 0.75],
					"cubes": [
						{"origin": [-4.75, 0, -1.25], "size": [3, 2, 4], "uv": [36, 18]}
					]
				},
				{
					"name": "foot_right2",
					"parent": "foot_right",
					"pivot": [-3.25, 0, -1.25],
					"cubes": [
						{"origin": [-4.75, 0, -4.25], "size": [3, 2, 3], "inflate": 0.01, "uv": [50, 18]}
					]
				},
				{
					"name": "leg_left",
					"parent": "body",
					"pivot": [3.25, 4, 0.75],
					"rotation": [0, -7.5, 0],
					"cubes": [
						{"origin": [2.25, 1.5, -0.75], "size": [2, 2, 3], "uv": [38, 24]}
					]
				},
				{
					"name": "foot_left",
					"parent": "leg_left",
					"pivot": [3.25, 2, 0.75],
					"cubes": [
						{"origin": [1.75, 0, -1.25], "size": [3, 2, 4], "uv": [36, 12]}
					]
				},
				{
					"name": "foot_left2",
					"parent": "foot_left",
					"pivot": [3.25, 0, -1.25],
					"cubes": [
						{"origin": [1.75, 0, -4.25], "size": [3, 2, 3], "inflate": 0.01, "uv": [50, 23]}
					]
				}
			]
		}
	]
}