{
	"format_version": "1.12.0",
	"minecraft:geometry": [
		{
			"description": {
				"identifier": "geometry.ditto",
				"texture_width": 32,
				"texture_height": 32,
				"visible_bounds_width": 2,
				"visible_bounds_height": 2.5,
				"visible_bounds_offset": [0, 0.75, 0]
			},
			"bones": [
				{
					"name": "ditto",
					"pivot": [0, 0, 0]
				},
				{
					"name": "body",
					"parent": "ditto",
					"pivot": [0, 1.5, 0.5],
					"cubes": [
						{"origin": [-5, 0, -2.5], "size": [10, 3, 6], "uv": [0, 23]}
					]
				},
				{
					"name": "body2",
					"parent": "body",
					"pivot": [0, 3, 0.5],
					"cubes": [
						{"origin": [-4.5, 2, -2], "size": [9, 3, 5], "uv": [0, 0]}
					]
				},
				{
					"name": "head",
					"parent": "body2",
					"pivot": [0, 5, 0],
					"cubes": [
						{"origin": [-3.4, 5.5, -1], "size": [0, 1, 1], "pivot": [-3.5, 6, -1.2], "rotation": [-45, 0, 0], "uv": [0, -1]},
						{"origin": [3.4, 5.5, -1], "size": [0, 1, 1], "pivot": [-3.5, 6, -1.2], "rotation": [-45, 0, 0], "uv": [0, -1]},
						{"origin": [-2.9, 6.1, -0.2], "size": [0, 1, 1], "pivot": [-3.3, 6, -1], "rotation": [0, 90, 45], "uv": [0, -1]},
						{"origin": [0.9, 6.1, -0.2], "size": [0, 1, 1], "pivot": [0.5, 6, -1], "rotation": [0, 90, 45], "uv": [0, -1]},
						{"origin": [-1.1, 6.1, -0.2], "size": [0, 1, 1], "pivot": [-1.5, 6, -1], "rotation": [0, 90, 45], "uv": [0, -1]},
						{"origin": [-3.5, 4.5, -1.5], "size": [7, 1, 3], "inflate": 0.01, "uv": [0, 12]},
						{"origin": [-3.5, 4.5, -1.5], "size": [7, 1, 3], "inflate": 0.01, "uv": [0, 12]},
						{"origin": [-3.5, 4, 1.25], "size": [7, 3, 1], "uv": [0, 16]}
					]
				},
				{
					"name": "tounge1",
					"parent": "head",
					"pivot": [0, 5.5, 1.5],
					"cubes": [
						{"origin": [-0.5, 5.5, -0.5], "size": [1, 0, 2], "uv": [-2, 27]}
					]
				},
				{
					"name": "tounge2",
					"parent": "tounge1",
					"pivot": [0, 5.5, -0.5],
					"rotation": [-177.5, 0, 0],
					"cubes": [
						{"origin": [-0.5, 5.5, -2.5], "size": [1, 0, 2], "uv": [-2, 25]}
					]
				},
				{
					"name": "tounge3",
					"parent": "tounge2",
					"pivot": [0, 5.5, -2.5],
					"rotation": [175, 0, 0],
					"cubes": [
						{"origin": [-0.5, 5.5, -4.5], "size": [1, 0, 2], "uv": [-2, 23]}
					]
				},
				{
					"name": "head2",
					"parent": "head",
					"pivot": [0, 5.5, 1.5],
					"rotation": [0, 0, 0],
					"cubes": [
						{"origin": [-3.5, 5.5, -1.5], "size": [7, 4, 3], "inflate": 0.01, "uv": [0, 8]},
						{"origin": [-2.5, 5.9, -2], "size": [5, 3, 1], "inflate": 0.01, "uv": [20, 18]},
						{"origin": [-3.5, 9.5, -1], "size": [3, 1, 2], "uv": [0, 20]},
						{"origin": [0.5, 9.5, -1], "size": [3, 1, 2], "uv": [10, 20]},
						{"origin": [-3.4, 6.80194, 1.31187], "size": [0, 1, 1], "pivot": [-3.5, 8, -1], "rotation": [-45, 0, 0], "uv": [0, -1]},
						{"origin": [-3.1, 6.68579, 1.21421], "size": [0, 1, 1], "pivot": [-3.5, 8, -1], "rotation": [0, 90, 45], "uv": [0, -1]},
						{"origin": [-1.1, 6.68579, 1.21421], "size": [0, 1, 1], "pivot": [-1.5, 8, -1], "rotation": [0, 90, 45], "uv": [0, -1]},
						{"origin": [-1.1, 6.1201, 0.64853], "size": [0, 1, 1], "pivot": [-1.5, 8, -1], "rotation": [0, 90, 45], "uv": [0, -1]},
						{"origin": [-1.1, 4.84731, -0.62426], "size": [0, 1, 1], "pivot": [-1.5, 8, -1], "rotation": [0, 90, 45], "uv": [0, -1]},
						{"origin": [-1.1, 7.39289, 1.92132], "size": [0, 1, 1], "pivot": [-1.5, 8, -1], "rotation": [0, 90, 45], "uv": [0, -1]},
						{"origin": [-1.1, 8.66569, 3.19411], "size": [0, 1, 1], "pivot": [-1.5, 8, -1], "rotation": [0, 90, 45], "uv": [0, -1]},
						{"origin": [0.9, 6.68579, 1.21421], "size": [0, 1, 1], "pivot": [0.5, 8, -1], "rotation": [0, 90, 45], "uv": [0, -1]},
						{"origin": [3.4, 6.79893, 1.31502], "size": [0, 1, 1], "pivot": [-3.5, 8, -1], "rotation": [-45, 0, 0], "uv": [0, -1]}
					]
				},
				{
					"name": "arm_left",
					"parent": "head2",
					"pivot": [3.5, 6.5, 0],
					"cubes": [
						{"origin": [2.5, 5.5, -1], "size": [3, 3, 2], "uv": [22, 8]}
					]
				},
				{
					"name": "arm_right",
					"parent": "head2",
					"pivot": [-3.5, 6.5, 0],
					"cubes": [
						{"origin": [-5.5, 5.5, -1], "size": [3, 3, 2], "uv": [22, 13]}
					]
				}
			]
		}
	]
}