{
	"format_version": "1.12.0",
	"minecraft:geometry": [
		{
			"description": {
				"identifier": "geometry.unknown",
				"texture_width": 64,
				"texture_height": 64,
				"visible_bounds_width": 3,
				"visible_bounds_height": 3.5,
				"visible_bounds_offset": [0, 1.25, 0]
			},
			"bones": [
				{
					"name": "celebi",
					"pivot": [0, 0, 0]
				},
				{
					"name": "neck",
					"parent": "celebi",
					"pivot": [0, 10.475, -0.22418],
					"cubes": [
						{"origin": [-1, 10.525, -1.22418], "size": [2, 1, 2], "uv": [18, 35]}
					]
				},
				{
					"name": "head",
					"parent": "neck",
					"pivot": [0.33333, 11.49418, -0.27942],
					"cubes": [
						{"origin": [-2, 20.88506, -2.40113], "size": [4, 4, 3], "pivot": [-1, 24.48952, 3.37457], "rotation": [92.5, 0, 0], "uv": [21, 27]},
						{"origin": [-1, 23.28182, -0.78429], "size": [2, 2, 3], "pivot": [-1, 24.48952, 3.37457], "rotation": [120, 0, 0], "uv": [33, 32]},
						{"origin": [-3, 14.48182, 1.26571], "size": [6, 5, 4], "pivot": [-0.5, 18.48952, 3.37457], "rotation": [70, 0, 0], "uv": [0, 25]},
						{"origin": [-3.475, 13.71006, -1.50113], "size": [7, 6, 5], "pivot": [-0.7, 18.28952, 3.37457], "rotation": [42.5, 0, 0], "uv": [0, 13]},
						{"origin": [-4, 11.525, -2.22418], "size": [8, 1, 5], "uv": [20, 20]},
						{"origin": [-4, 11.525, -3.22418], "size": [3, 1, 1], "uv": [33, 27]},
						{"origin": [1, 11.525, -3.22418], "size": [3, 1, 1], "uv": [25, 17]},
						{"origin": [-1, 11.6, -3.12418], "size": [2, 1, 0], "uv": [25, 4]},
						{"origin": [-4, 12.525, -3.22418], "size": [8, 6, 6], "uv": [0, 0]},
						{"origin": [4.5, 10.775, -3.72418], "size": [0, 8, 7], "uv": [50, 41]},
						{"origin": [0.5, 18.775, -3.72418], "size": [4, 0, 7], "uv": [49, 41]},
						{"origin": [-4.5, 18.775, -3.72418], "size": [5, 0, 7], "uv": [47, 34]},
						{"origin": [4.5, 2.775, -3.72418], "size": [0, 8, 7], "uv": [50, 49]},
						{"origin": [-4.5, 2.775, -3.72418], "size": [0, 8, 7], "uv": [18, 49]},
						{"origin": [-4.5, 10.775, -3.72418], "size": [0, 8, 7], "uv": [18, 41]},
						{"origin": [-4.5, 2.775, -3.72418], "size": [9, 8, 0], "uv": [32, 56]},
						{"origin": [-4.5, 10.775, -3.72418], "size": [9, 8, 0], "uv": [32, 48]},
						{"origin": [-4.5, 2.775, 3.27582], "size": [9, 8, 0], "uv": [0, 56]},
						{"origin": [-4.5, 10.775, 3.27582], "size": [9, 8, 0], "uv": [0, 48]}
					]
				},
				{
					"name": "mouth",
					"parent": "head",
					"pivot": [0, 11.925, -2.19918],
					"cubes": [
						{"origin": [-1, 11.45, -3.22418], "size": [2, 1, 1], "uv": [41, 4]},
						{"origin": [0.5, 11.525, -3.19918], "size": [1, 1, 0], "uv": [42, 5]},
						{"origin": [-1.5, 11.525, -3.19918], "size": [1, 1, 0], "uv": [42, 5], "mirror": true}
					]
				},
				{
					"name": "eyelids",
					"parent": "head",
					"pivot": [0, 14.775, -3.22418],
					"cubes": [
						{"origin": [1.05, 13.525, -3.27418], "size": [3, 2, 1], "inflate": 0.01, "uv": [18, 39]},
						{"origin": [-4.05, 13.525, -3.27418], "size": [3, 2, 1], "inflate": 0.01, "uv": [41, 16]}
					]
				},
				{
					"name": "eye_left",
					"parent": "head",
					"pivot": [1.825, 14.74167, -3.27418],
					"cubes": [
						{"origin": [3.025, 13.525, -4.29918], "size": [1, 2, 0], "pivot": [3.05, 14.525, -3.27418], "rotation": [0, -90, 0], "uv": [42, 30]},
						{"origin": [3.075, 13.525, -3.29918], "size": [1, 2, 0], "uv": [42, 30]},
						{"origin": [1.025, 13.025, -3.24918], "size": [3, 3, 0], "uv": [49, 25]},
						{"origin": [4.525, 13.025, -2.74918], "size": [2, 3, 0], "pivot": [4.525, 14.525, -3.24918], "rotation": [0, -90, 0], "uv": [49, 25]},
						{"origin": [1.6, 13.525, -3.32418], "size": [2, 2, 0], "uv": [0, 45]},
						{"origin": [1.675, 14.45, -3.34918], "size": [1, 1, 0], "uv": [17, 25]}
					]
				},
				{
					"name": "eye_right",
					"parent": "head",
					"pivot": [-2.19167, 14.74167, -3.27418],
					"cubes": [
						{"origin": [-4.025, 13.025, -3.24918], "size": [3, 3, 0], "uv": [49, 25], "mirror": true},
						{"origin": [-4.075, 13.525, -3.29918], "size": [1, 2, 0], "uv": [42, 30]},
						{"origin": [-6.525, 13.025, -2.74918], "size": [2, 3, 0], "pivot": [-4.525, 14.525, -3.24918], "rotation": [0, 90, 0], "uv": [49, 25], "mirror": true},
						{"origin": [-4.05, 13.525, -4.32418], "size": [1, 2, 0], "pivot": [-3.05, 14.525, -3.29918], "rotation": [0, 90, 0], "uv": [39, 12]},
						{"origin": [-3.575, 13.525, -3.32418], "size": [2, 2, 0], "uv": [36, 17]},
						{"origin": [-2.675, 14.45, -3.34918], "size": [1, 1, 0], "uv": [0, 25]}
					]
				},
				{
					"name": "antennae_left",
					"parent": "head",
					"pivot": [2, 17.525, -3.22418],
					"rotation": [-35, 0, 0],
					"cubes": [
						{"origin": [1.5, 17.525, -5.22418], "size": [1, 0, 2], "uv": [40, 44]}
					]
				},
				{
					"name": "antennae_left2",
					"parent": "antennae_left",
					"pivot": [2, 17.52856, -5.23234],
					"rotation": [-12.5, 0, 0],
					"cubes": [
						{"origin": [1.5, 17.57327, -7.34612], "size": [1, 0, 2], "pivot": [2, 17.27257, -5.3924], "rotation": [-25, 0, 0], "uv": [44, 34]}
					]
				},
				{
					"name": "antennae_left3",
					"parent": "antennae_left2",
					"pivot": [2, 18.3532, -7.0554],
					"rotation": [-15, 0, 0],
					"cubes": [
						{"origin": [1.5, 18.93745, -8.3886], "size": [1, 0, 2], "pivot": [2, 19.44951, -7.38825], "rotation": [-45, 0, 0], "uv": [35, 43]}
					]
				},
				{
					"name": "antennae_left4",
					"parent": "antennae_left3",
					"pivot": [2, 19.7731, -8.46293],
					"rotation": [-17.5, 0, 0],
					"cubes": [
						{"origin": [1.5, 18.65608, -9.7468], "size": [1, 0, 2], "pivot": [2, 19.73346, -7.29343], "rotation": [-70, 0, 0], "uv": [28, 43]}
					]
				},
				{
					"name": "antennae_left5",
					"parent": "antennae_left4",
					"pivot": [2, 21.65647, -9.11893],
					"rotation": [2.5, 0, 0],
					"cubes": [
						{"origin": [1.5, 20.25368, -9.94839], "size": [1, 0, 2], "pivot": [2, 21.46409, -7.9514], "rotation": [-100, 0, 0], "uv": [16, 43]}
					]
				},
				{
					"name": "antennae_right",
					"parent": "head",
					"pivot": [-2, 17.525, -3.22418],
					"rotation": [-35, 0, 0],
					"cubes": [
						{"origin": [-2.5, 17.525, -5.22418], "size": [1, 0, 2], "uv": [42, 27]}
					]
				},
				{
					"name": "antennae_right2",
					"parent": "antennae_right",
					"pivot": [-2, 17.50356, -5.20734],
					"rotation": [-12.5, 0, 0],
					"cubes": [
						{"origin": [-2.5, 17.56727, -7.35094], "size": [1, 0, 2], "pivot": [-2, 17.26656, -5.39722], "rotation": [-25, 0, 0], "uv": [23, 42]}
					]
				},
				{
					"name": "antennae_right3",
					"parent": "antennae_right2",
					"pivot": [-2, 18.3222, -7.03521],
					"rotation": [-15, 0, 0],
					"cubes": [
						{"origin": [-2.5, 18.92413, -8.39904], "size": [1, 0, 2], "pivot": [-2, 19.43619, -7.39869], "rotation": [-45, 0, 0], "uv": [42, 20]}
					]
				},
				{
					"name": "antennae_right4",
					"parent": "antennae_right3",
					"pivot": [-2, 19.80977, -8.47337],
					"rotation": [-17.5, 0, 0],
					"cubes": [
						{"origin": [-2.5, 18.64507, -9.7422], "size": [1, 0, 2], "pivot": [-2, 19.72245, -7.28883], "rotation": [-70, 0, 0], "uv": [44, 7]}
					]
				},
				{
					"name": "antennae_right5",
					"parent": "antennae_right4",
					"pivot": [-2, 21.69546, -9.08933],
					"rotation": [2.5, 0, 0],
					"cubes": [
						{"origin": [-2.5, 20.24381, -9.94595], "size": [1, 0, 2], "pivot": [-2, 21.45421, -7.94896], "rotation": [-100, 0, 0], "uv": [42, 0]}
					]
				},
				{
					"name": "chest",
					"parent": "celebi",
					"pivot": [0, 8.525, -0.22418],
					"cubes": [
						{"origin": [-1.5, 6.525, -1.72418], "size": [3, 4, 3], "uv": [31, 4]}
					]
				},
				{
					"name": "wing_left",
					"parent": "chest",
					"pivot": [0.475, 8.525, 1.30082],
					"cubes": [
						{"origin": [2.975, 6.05, 1.27582], "size": [4, 7, 0], "pivot": [4.975, 8.55, 1.27582], "rotation": [0, 0, -90], "uv": [9, 35]}
					]
				},
				{
					"name": "wing_right",
					"parent": "chest",
					"pivot": [-0.5, 8.525, 1.30082],
					"cubes": [
						{"origin": [-2, 1.075, 1.27582], "size": [4, 7, 0], "pivot": [0, 8.55, 1.27582], "rotation": [0, 0, 90], "uv": [0, 35]}
					]
				},
				{
					"name": "arm_left",
					"parent": "chest",
					"pivot": [1.47238, 9.5375, -0.11608],
					"cubes": [
						{"origin": [6.5, 8.75, -1.07418], "size": [2, 1, 1], "pivot": [7.5, 9.25, -0.22418], "rotation": [0, 17.5, 0], "uv": [41, 41]},
						{"origin": [1.5, 8.525, -0.72418], "size": [8, 2, 1], "uv": [25, 0]}
					]
				},
				{
					"name": "arm_right",
					"parent": "chest",
					"pivot": [-1.47238, 9.3875, -0.39108],
					"cubes": [
						{"origin": [-8.5, 8.775, -1.09918], "size": [2, 1, 1], "pivot": [-7.5, 9.275, -0.24918], "rotation": [0, -17.5, 0], "uv": [41, 38]},
						{"origin": [-9.5, 8.55, -0.74918], "size": [8, 2, 1], "uv": [20, 13]}
					]
				},
				{
					"name": "leg_right",
					"parent": "celebi",
					"pivot": [-0.75, 6.575, -0.22418],
					"rotation": [0, 0, 5],
					"cubes": [
						{"origin": [-1.25, 3.525, -0.47418], "size": [1, 3, 1], "uv": [0, 13]}
					]
				},
				{
					"name": "leg_right2",
					"parent": "leg_right",
					"pivot": [-0.75, 3.56438, 0.51351],
					"cubes": [
						{"origin": [-1.75, 0.78263, -0.95132], "size": [2, 3, 1], "pivot": [0, 0, -1.39918], "rotation": [-7.5, 0, 0], "uv": [34, 38]}
					]
				},
				{
					"name": "leg_left",
					"parent": "celebi",
					"pivot": [0.75, 6.575, -0.22418],
					"rotation": [0, 0, -7.5],
					"cubes": [
						{"origin": [0.25, 3.525, -0.47418], "size": [1, 3, 1], "uv": [0, 0]}
					]
				},
				{
					"name": "leg_left2",
					"parent": "leg_left",
					"pivot": [0.75, 3.53938, 0.51351],
					"cubes": [
						{"origin": [-0.25, 0.78263, -0.95132], "size": [2, 3, 1], "pivot": [0, 0, -1.39918], "rotation": [-7.5, 0, 0], "uv": [27, 37]}
					]
				}
			]
		}
	]
}