{
	"format_version": "1.12.0",
	"minecraft:geometry": [
		{
			"description": {
				"identifier": "geometry.pikachu_male",
				"texture_width": 128,
				"texture_height": 128,
				"visible_bounds_width": 4,
				"visible_bounds_height": 4,
				"visible_bounds_offset": [0, 1, 0]
			},
			"bones": [
				{
					"name": "pikachu",
					"pivot": [0, 0, 0]
				},
				{
					"name": "body",
					"parent": "pikachu",
					"pivot": [0, 8, 0.5]
				},
				{
					"name": "torso",
					"parent": "body",
					"pivot": [0, 5.25, 0.5],
					"cubes": [
						{"origin": [0, 0.75, 4.5], "size": [0, 6, 14], "uv": [77, 16]},
						{"origin": [-5, 1.75, -3.5], "size": [10, 8, 8], "uv": [0, 15]},
						{"origin": [-5, 1.75, 4.5], "size": [10, 8, 0], "pivot": [0, 9.75, 4.5], "rotation": [20, 0, 0], "uv": [60, 11]},
						{"origin": [-1, 8.75, -5], "size": [2, 2, 2], "uv": [0, 6]},
						{"origin": [-4.5, 9.75, -3], "size": [9, 2, 7], "uv": [38, 39]}
					]
				},
				{
					"name": "bone",
					"parent": "torso",
					"pivot": [5, 9.75, 0.5],
					"rotation": [0, 5, -30],
					"cubes": [
						{"origin": [5, 5.75, -3.5], "size": [0, 4, 8], "uv": [0, 56]}
					]
				},
				{
					"name": "bone2",
					"parent": "bone",
					"pivot": [5, 5.75, 0.5],
					"rotation": [0, 0, 22.5],
					"cubes": [
						{"origin": [5, 1.75, -3.5], "size": [0, 4, 8], "uv": [80, -1]}
					]
				},
				{
					"name": "bone3",
					"parent": "torso",
					"pivot": [-5, 9.75, 0.5],
					"rotation": [0, -5, 30],
					"cubes": [
						{"origin": [-5, 5.75, -3.5], "size": [0, 4, 8], "uv": [22, 42]}
					]
				},
				{
					"name": "bone4",
					"parent": "bone3",
					"pivot": [-5, 5.75, 0.5],
					"rotation": [0, 0, -22.5],
					"cubes": [
						{"origin": [-5, 1.75, -3.5], "size": [0, 4, 8], "uv": [28, 11]}
					]
				},
				{
					"name": "head",
					"parent": "torso",
					"pivot": [0, 12.25, 0.25],
					"cubes": [
						{"origin": [-4.5, 11.25, -3.75], "size": [9, 8, 8], "inflate": 0.01, "uv": [28, 23]},
						{"origin": [-4.5, 18.25, -4.75], "size": [9, 5, 10], "inflate": 0.01, "uv": [0, 0]},
						{"origin": [-2.5, 17.25, -4.75], "size": [1, 1, 0], "inflate": 0.01, "pivot": [-2, 17.75, -4.75], "rotation": [-23.97594, 7.30111, 15.9477], "uv": [0, 1]},
						{"origin": [1.5, 17.25, -4.75], "size": [1, 1, 0], "inflate": 0.01, "pivot": [2, 17.75, -4.75], "rotation": [-23.97594, -7.30111, -15.9477], "uv": [0, 0]},
						{"origin": [4.5, 11.25, -4.75], "size": [1, 9, 10], "inflate": 0.1, "uv": [38, 0]},
						{"origin": [5, 6.25, -4.75], "size": [0, 6, 10], "pivot": [4.5, 11.75, 0.25], "rotation": [0, 0, 75], "uv": [20, 52]},
						{"origin": [-5, 6.25, -4.75], "size": [0, 6, 10], "pivot": [-4.5, 11.75, 0.25], "rotation": [0, 0, -75], "uv": [0, 48]},
						{"origin": [-5.5, 11.25, -4.75], "size": [1, 9, 10], "inflate": 0.1, "uv": [16, 31]},
						{"origin": [-0.5, 12.25, 10.25], "size": [1, 8, 10], "inflate": 0.1, "pivot": [-5, 16.25, 10.25], "rotation": [0, 90, 0], "uv": [0, 40]},
						{"origin": [-1.5, 17.5, -4.9], "size": [3, 3, 3], "inflate": 0.01, "pivot": [0, 19.5, -4.25], "rotation": [-10, 0, 0], "uv": [35, 71]},
						{"origin": [3.5, 17.36, -4.99974], "size": [2, 3, 3], "inflate": 0.01, "pivot": [4.5, 18.86, -3.49974], "rotation": [-7.40702, 6.73717, 42.06341], "uv": [0, 38]},
						{"origin": [-5.5, 17.36, -4.99974], "size": [2, 3, 3], "inflate": 0.01, "pivot": [-4.5, 18.86, -3.49974], "rotation": [-9.07947, -4.20854, -24.66569], "uv": [0, 0]},
						{"origin": [-1.5, 19.25, -3.75], "size": [3, 4, 10], "inflate": 0.01, "pivot": [0, 21.75, -4.25], "rotation": [37.5, 0, 0], "uv": [28, 48]},
						{"origin": [-3.5, 19.25, -1.75], "size": [3, 3, 5], "inflate": 0.01, "pivot": [-3, 21.75, -3.25], "rotation": [40, -30, 0], "uv": [63, 37]},
						{"origin": [0.5, 19.25, -1.75], "size": [3, 3, 5], "inflate": 0.01, "pivot": [3, 21.75, -3.25], "rotation": [40, 30, 0], "uv": [35, 63]},
						{"origin": [-0.5, 13.33, -4.53], "size": [1, 1, 1], "pivot": [0, 13.7, -3.5], "rotation": [12.5, 0, 0], "uv": [28, 17]},
						{"origin": [-4.5, 11.3, -4.5], "size": [9, 3, 2], "inflate": 0.02, "pivot": [-0.5, 13.7, -3.5], "rotation": [12.5, 0, 0], "uv": [62, 55]}
					]
				},
				{
					"name": "mouth_closed",
					"parent": "head",
					"pivot": [0, 12.7, -3.5],
					"cubes": [
						{"origin": [-1.5, 11.8, -4.53], "size": [3, 1, 0], "inflate": 0.01, "pivot": [0, 13.7, -3.5], "rotation": [12.5, 0, 0], "uv": [0, 21]},
						{"origin": [-0.5, 12.05, -4.53], "size": [1, 1, 0], "inflate": 0.01, "pivot": [0, 13.7, -3.5], "rotation": [12.5, 0, 0], "uv": [0, 2]},
						{"origin": [-2, 12.3, -4.53], "size": [4, 1, 0], "pivot": [0, 13.7, -3.5], "rotation": [12.5, 0, 0], "uv": [0, 19]}
					]
				},
				{
					"name": "mouth_open",
					"parent": "head",
					"pivot": [0, 12.7, -3.5],
					"cubes": [
						{"origin": [-1.5, 11.55, -4.33], "size": [3, 1, 0], "inflate": 0.01, "pivot": [0, 13.7, -3.3], "rotation": [12.5, 0, 0], "uv": [0, 20]},
						{"origin": [-1, 12.05, -4.33], "size": [2, 1, 0], "inflate": 0.01, "pivot": [0, 13.7, -3.3], "rotation": [12.5, 0, 0], "uv": [0, 22]}
					]
				},
				{
					"name": "eyes",
					"parent": "head",
					"pivot": [0, 16, -3.825]
				},
				{
					"name": "eye_right",
					"parent": "eyes",
					"pivot": [-3, 15.5, -3.825],
					"cubes": [
						{"origin": [-4, 14.5, -3.77], "size": [2, 2, 0], "pivot": [-3, 15.5, -3.77], "rotation": [0, 0, 3], "uv": [32, 17]}
					]
				},
				{
					"name": "eyelid_right",
					"parent": "eye_right",
					"pivot": [-3, 15.5, -3.67],
					"cubes": [
						{"origin": [-4, 14.5, -3.67], "size": [2, 2, 0], "inflate": 0.01, "pivot": [-3, 15.5, -3.67], "rotation": [0, 0, 3], "uv": [28, 15]}
					]
				},
				{
					"name": "eye_left",
					"parent": "eyes",
					"pivot": [3, 15.5, -3.825],
					"cubes": [
						{"origin": [2, 14.5, -3.77], "size": [2, 2, 0], "pivot": [3, 15.5, -3.77], "rotation": [0, 0, -3], "uv": [32, 15]}
					]
				},
				{
					"name": "eyelid_left",
					"parent": "eye_left",
					"pivot": [3, 15.5, -3.67],
					"cubes": [
						{"origin": [2, 14.5, -3.67], "size": [2, 2, 0], "inflate": 0.01, "pivot": [3, 15.5, -3.67], "rotation": [0, 0, -3], "uv": [6, 6]}
					]
				},
				{
					"name": "arm_right",
					"parent": "torso",
					"pivot": [-4.5, 10.5, -0.5],
					"cubes": [
						{"origin": [-10.5, 9, -2], "size": [6, 3, 3], "uv": [64, 48]}
					]
				},
				{
					"name": "arm_left",
					"parent": "torso",
					"pivot": [4.5, 10.5, -0.5],
					"cubes": [
						{"origin": [4.5, 9, -2], "size": [6, 3, 3], "uv": [65, 65]}
					]
				},
				{
					"name": "right_wing",
					"parent": "torso",
					"pivot": [-5, 9.75, 3.5],
					"rotation": [0, -15, 0],
					"cubes": [
						{"origin": [-15, 5.25, 3.5], "size": [10, 9, 0], "uv": [83, 41]}
					]
				},
				{
					"name": "bone5",
					"parent": "right_wing",
					"pivot": [-15, 11.25, 3.5],
					"rotation": [0, -42.5, 0],
					"cubes": [
						{"origin": [-21, 7.25, 3.5], "size": [6, 8, 0], "uv": [70, 19]}
					]
				},
				{
					"name": "bone6",
					"parent": "bone5",
					"pivot": [-21, 11.25, 3.5],
					"rotation": [0, -67.5, 0],
					"cubes": [
						{"origin": [-27, 7.25, 3.5], "size": [6, 8, 0], "uv": [51, 68]}
					]
				},
				{
					"name": "left_wing",
					"parent": "torso",
					"pivot": [5, 9.75, 3.5],
					"rotation": [0, 15, 0],
					"cubes": [
						{"origin": [5, 5.25, 3.5], "size": [10, 9, 0], "uv": [28, 0]}
					]
				},
				{
					"name": "bone7",
					"parent": "left_wing",
					"pivot": [15, 11.25, 3.5],
					"rotation": [0, 42.5, 0],
					"cubes": [
						{"origin": [15, 7.25, 3.5], "size": [6, 8, 0], "uv": [12, 68]}
					]
				},
				{
					"name": "bone8",
					"parent": "bone7",
					"pivot": [21, 11.25, 3.5],
					"rotation": [0, 67.5, 0],
					"cubes": [
						{"origin": [21, 7.25, 3.5], "size": [6, 8, 0], "uv": [0, 68]}
					]
				},
				{
					"name": "leg_right",
					"parent": "body",
					"pivot": [-4, 5.25, 0.5],
					"cubes": [
						{"origin": [-6, 1.5, -2.5], "size": [4, 5, 6], "pivot": [-4, 4.5, 0], "rotation": [-10, 0, 0], "uv": [60, 0]}
					]
				},
				{
					"name": "foot_right",
					"parent": "leg_right",
					"pivot": [-3.75, 2, 0.75],
					"cubes": [
						{"origin": [-4.75, 1, -0.75], "size": [2, 2, 3], "uv": [50, 5]},
						{"origin": [-5.25, 0, -1.5], "size": [3, 1, 4], "uv": [50, 0]}
					]
				},
				{
					"name": "toes_right",
					"parent": "foot_right",
					"pivot": [-3.75, 0, -1.5],
					"cubes": [
						{"origin": [-5.25, 0, -2.5], "size": [3, 1, 1], "uv": [0, 15]}
					]
				},
				{
					"name": "leg_left",
					"parent": "body",
					"pivot": [4, 5.25, 0.5],
					"cubes": [
						{"origin": [2, 1.5, -2.5], "size": [4, 5, 6], "pivot": [4, 4.5, 0], "rotation": [-10, 0, 0], "uv": [48, 57]}
					]
				},
				{
					"name": "foot_left",
					"parent": "leg_left",
					"pivot": [3.75, 2, 0.75],
					"cubes": [
						{"origin": [2.75, 1, -0.75], "size": [2, 2, 3], "uv": [0, 44]},
						{"origin": [2.25, 0, -1.5], "size": [3, 1, 4], "uv": [24, 68]}
					]
				},
				{
					"name": "toes_left",
					"parent": "foot_left",
					"pivot": [3.75, 0, -1.5],
					"cubes": [
						{"origin": [2.25, 0, -2.5], "size": [3, 1, 1], "uv": [0, 17]}
					]
				}
			]
		}
	]
}