{
	"format_version": "1.12.0",
	"minecraft:geometry": [
		{
			"description": {
				"identifier": "geometry.mewtwo",
				"texture_width": 128,
				"texture_height": 128,
				"visible_bounds_width": 8,
				"visible_bounds_height": 4.5,
				"visible_bounds_offset": [0, 1.75, 0]
			},
			"bones": [
				{
					"name": "mewtwo",
					"pivot": [0, 0, 0]
				},
				{
					"name": "body",
					"parent": "mewtwo",
					"pivot": [0, 21, 0]
				},
				{
					"name": "torso",
					"parent": "body",
					"pivot": [0, 19, -0.25],
					"cubes": [
						{"origin": [-4.5, 8, -6.25], "size": [9, 12, 11], "uv": [0, 0]}
					]
				},
				{
					"name": "torso_armor",
					"parent": "torso",
					"pivot": [-1, 18, -0.25],
					"cubes": [
						{"origin": [-2.5, 14.375, -8.025], "size": [5, 6, 2], "pivot": [-1, 18, -0.25], "rotation": [-11.75, 0, 0], "uv": [0, 106]},
						{"origin": [-2, 18.44385, 2.55962], "size": [4, 3, 2], "pivot": [0, 20.15799, 1.75371], "rotation": [30.75, 0, 0], "uv": [46, 116]},
						{"origin": [-1.21339, 18.35427, -6.84634], "size": [4, 4, 2], "pivot": [-0.08839, 19.60427, -6.12134], "rotation": [-8.36699, -8.27917, -44.39336], "uv": [14, 106]},
						{"origin": [0.525, 16.65786, -8.05307], "size": [3, 4, 2], "pivot": [0, 15.70786, -7.30307], "rotation": [-8.03817, 1.51385, 15.93008], "uv": [26, 122]},
						{"origin": [2.88285, 18.22521, -7.1932], "size": [2, 2, 2], "pivot": [3.38285, 18.72521, -5.8432], "rotation": [-26.93976, -1.85299, 69.54001], "uv": [50, 124]},
						{"origin": [3.57184, 17.52744, -6.08767], "size": [2, 5, 2], "pivot": [4.07184, 19.02744, -4.73767], "rotation": [-84.43893, -2.10181, 69.51577], "uv": [27, 110]},
						{"origin": [0.67373, 15.42375, -2.79794], "size": [2, 4, 2], "pivot": [0, 20.15799, 1.75371], "rotation": [-96.56977, -18.45019, 68.36677], "uv": [26, 103]},
						{"origin": [-0.79348, 15.65541, -0.8302], "size": [2, 5, 2], "pivot": [0, 20.15799, 1.75371], "rotation": [-150.85427, -29.41933, 86.72161], "uv": [36, 110]},
						{"origin": [-1.20652, 15.65541, -0.8302], "size": [2, 5, 2], "pivot": [0, 20.15799, 1.75371], "rotation": [-150.85427, 29.41933, -86.72161], "uv": [36, 110], "mirror": true},
						{"origin": [-4.88285, 18.22521, -7.1932], "size": [2, 2, 2], "pivot": [-3.38285, 18.72521, -5.8432], "rotation": [-26.93976, 1.85299, -69.54001], "uv": [50, 124], "mirror": true},
						{"origin": [-5.57184, 17.52744, -6.08767], "size": [2, 5, 2], "pivot": [-4.07184, 19.02744, -4.73767], "rotation": [-84.43893, 2.10181, -69.51577], "uv": [27, 110], "mirror": true},
						{"origin": [-2.67373, 15.42375, -2.79794], "size": [2, 4, 2], "pivot": [0, 20.15799, 1.75371], "rotation": [-96.56977, 18.45019, -68.36677], "uv": [26, 103], "mirror": true},
						{"origin": [1.675, 19.55786, -7.97807], "size": [3, 2, 2], "pivot": [0, 15.70786, -7.30307], "rotation": [-8.1441, -0.75257, 0.09003], "uv": [21, 117]},
						{"origin": [2.68141, 21.24936, -6.83837], "size": [2, 2, 0], "pivot": [3.18141, 22.74936, -6.83837], "rotation": [-7.81733, 2.41131, 22.37168], "uv": [18, 114]},
						{"origin": [-4.68141, 21.24936, -6.83837], "size": [2, 2, 0], "pivot": [-3.18141, 22.74936, -6.83837], "rotation": [-7.81733, -2.41131, -22.37168], "uv": [18, 114], "mirror": true},
						{"origin": [-4.675, 19.55786, -7.97807], "size": [3, 2, 2], "pivot": [0, 15.70786, -7.30307], "rotation": [-8.1441, 0.75257, -0.09003], "uv": [21, 117], "mirror": true},
						{"origin": [-3.525, 16.65786, -8.05307], "size": [3, 4, 2], "pivot": [0, 15.70786, -7.30307], "rotation": [-8.03817, -1.51385, -15.93008], "uv": [26, 122], "mirror": true}
					]
				},
				{
					"name": "torso_armor2",
					"parent": "torso_armor",
					"pivot": [0, 15.70786, -7.30307],
					"cubes": [
						{"origin": [-3.5, 11.88286, -7.65307], "size": [7, 5, 1], "pivot": [0, 15.70786, -7.30307], "rotation": [-5.5, 0, 0], "uv": [0, 98]}
					]
				},
				{
					"name": "torso_armor3",
					"parent": "torso_armor2",
					"pivot": [0, 15.70786, -7.30307],
					"cubes": [
						{"origin": [-2.5, 7.98286, -8.20307], "size": [5, 4, 1], "pivot": [0, 15.70786, -7.30307], "rotation": [3.5, 0, 0], "uv": [37, 123]}
					]
				},
				{
					"name": "torso_armor4",
					"parent": "torso_armor3",
					"pivot": [0, 15.70786, -7.30307],
					"cubes": [
						{"origin": [-1.5, 4.98286, -8.20307], "size": [3, 3, 1], "pivot": [0, 15.70786, -7.30307], "rotation": [3.5, 0, 0], "uv": [36, 118]}
					]
				},
				{
					"name": "torso_armor5",
					"parent": "torso_armor4",
					"pivot": [0, 3.94978, -7.4856],
					"cubes": [
						{"origin": [-1, 2.94978, -7.1106], "size": [2, 2, 0], "pivot": [0, 3.94978, -7.4856], "rotation": [7.75, 0, 0], "uv": [18, 101]}
					]
				},
				{
					"name": "torso1",
					"parent": "torso",
					"pivot": [0, 19.75, -1],
					"cubes": [
						{"origin": [-3, 17.45, -3.5], "size": [6, 9, 5], "uv": [53, 16]}
					]
				},
				{
					"name": "torso2",
					"parent": "torso1",
					"pivot": [-0.5, 24.75, -1],
					"cubes": [
						{"origin": [-4, 24.75, -4], "size": [8, 5, 6], "uv": [48, 52]},
						{"origin": [0.04239, 25.17431, -4.1], "size": [4, 5, 4], "pivot": [0, 26.5, -3.775], "rotation": [6.72455, -0.58695, 4.96552], "uv": [69, 31]},
						{"origin": [-4.04239, 25.17431, -4.1], "size": [4, 5, 4], "pivot": [0, 26.5, -3.775], "rotation": [6.72455, 0.58695, -4.96552], "uv": [0, 69]},
						{"origin": [0.04239, 25.29185, -0.92165], "size": [4, 5, 3], "pivot": [0, 26.61754, 1.75335], "rotation": [-6.72455, 0.58695, 4.96552], "uv": [0, 79]},
						{"origin": [-4.04239, 25.29185, -0.92165], "size": [4, 5, 3], "pivot": [0, 26.61754, 1.75335], "rotation": [-6.72455, -0.58695, -4.96552], "uv": [80, 75]}
					]
				},
				{
					"name": "chest_armor",
					"parent": "torso2",
					"pivot": [0, 26.61754, 0.75335],
					"cubes": [
						{"origin": [-0.15761, 24.79185, 2.32835], "size": [4, 5, 0], "pivot": [0, 26.61754, 1.75335], "rotation": [-1.97455, 0.58695, 4.96552], "uv": [46, 110]},
						{"origin": [-3.84239, 24.79185, 2.32835], "size": [4, 5, 0], "pivot": [0, 26.61754, 1.75335], "rotation": [-1.97455, -0.58695, -4.96552], "uv": [46, 110], "mirror": true},
						{"origin": [-2, 22.44185, 2.27835], "size": [4, 4, 0], "pivot": [0.01739, 26.61754, 1.75335], "rotation": [-4, 0, 0], "uv": [56, 108], "mirror": true},
						{"origin": [1.04239, 26.61685, 2.22835], "size": [2, 2, 5], "pivot": [0, 26.61754, 1.75335], "rotation": [44.71142, 4.6815, 9.00763], "uv": [60, 108]},
						{"origin": [1.54239, 26.61685, 7.22835], "size": [1, 2, 2], "pivot": [0, 26.61754, 1.75335], "rotation": [44.71142, 4.6815, 9.00763], "uv": [46, 105]},
						{"origin": [-2.54239, 26.61685, 7.22835], "size": [1, 2, 2], "pivot": [0, 26.61754, 1.75335], "rotation": [44.71142, -4.6815, -9.00763], "uv": [46, 105], "mirror": true},
						{"origin": [-3.04239, 26.61685, 2.22835], "size": [2, 2, 5], "pivot": [0, 26.61754, 1.75335], "rotation": [44.71142, -4.6815, -9.00763], "uv": [60, 108], "mirror": true},
						{"origin": [-4.04239, 25.47431, -4.875], "size": [4, 5, 1], "pivot": [0, 26.8, -5.55], "rotation": [11.34905, 5.84898, -26.91832], "uv": [35, 103], "mirror": true},
						{"origin": [-2.04239, 26.87431, -4.8], "size": [4, 3, 1], "uv": [39, 99]},
						{"origin": [0.04239, 25.47431, -4.875], "size": [4, 5, 1], "pivot": [0, 26.8, -5.55], "rotation": [11.34905, -5.84898, 26.91832], "uv": [35, 103]}
					]
				},
				{
					"name": "neck",
					"parent": "torso2",
					"pivot": [0, 29.75, -1.25],
					"cubes": [
						{"origin": [-1, 29.25, -2.75], "size": [2, 4, 3], "uv": [41, 16]}
					]
				},
				{
					"name": "head",
					"parent": "neck",
					"pivot": [0, 32.25, -1.25],
					"cubes": [
						{"origin": [-4, 32.25, -4.75], "size": [8, 7, 8], "uv": [0, 24]},
						{"origin": [-4.5, 31.75, -5.25], "size": [9, 8, 9], "uv": [92, 98]},
						{"origin": [-4.49605, 31.75, -3.24686], "size": [0, 8, 9], "pivot": [-4.48421, 38.69677, -3.26189], "rotation": [0, -20, 0], "uv": [110, 77]},
						{"origin": [-4.83392, 39.68998, -3.24686], "size": [0, 4, 9], "pivot": [-4.48421, 38.69677, -3.26189], "rotation": [-6.67295, -18.89708, 19.86173], "uv": [110, 72]},
						{"origin": [4.8377, 39.70567, -3.25769], "size": [0, 4, 9], "pivot": [4.53421, 38.69677, -3.26189], "rotation": [-6.67295, 18.89708, -19.86173], "uv": [110, 72], "mirror": true},
						{"origin": [4.49724, 31.75, -3.25769], "size": [0, 8, 9], "pivot": [4.53421, 38.69677, -3.26189], "rotation": [0, 20, 0], "uv": [110, 77], "mirror": true},
						{"origin": [-4.5, 29.8295, -4.85927], "size": [9, 2, 0], "pivot": [0, 30.8295, -4.85927], "rotation": [23, 0, 0], "uv": [101, 95]},
						{"origin": [-1.5, 32.25, -6.75], "size": [3, 2, 2], "pivot": [0, 34.25, -4.75], "rotation": [10, 0, 0], "uv": [29, 70]},
						{"origin": [-4.075, 37.96507, -1.79585], "size": [2, 4, 3], "pivot": [-2, 39.44007, -0.39585], "rotation": [-14.84255, -2.19244, -8.21439], "uv": [0, 0]},
						{"origin": [-2.5, 37.16507, -1.29585], "size": [1, 4, 2], "pivot": [-2, 39.44007, -0.39585], "rotation": [-13.3988, -6.80592, -26.44963], "uv": [0, 24]},
						{"origin": [1.5, 37.16507, -1.29585], "size": [1, 4, 2], "pivot": [2, 39.44007, -0.39585], "rotation": [-13.3988, 6.80592, 26.44963], "uv": [0, 40]},
						{"origin": [2.075, 37.96507, -1.79585], "size": [2, 4, 3], "pivot": [2, 39.44007, -0.39585], "rotation": [-14.84255, 2.19244, 8.21439], "uv": [0, 88]}
					]
				},
				{
					"name": "eye_left",
					"parent": "head",
					"pivot": [3.2, 35.71, -4.54],
					"cubes": [
						{"origin": [2.05, 34.25, -4.825], "size": [2, 3, 1], "uv": [27, 91]},
						{"origin": [4.025, 34.25, -4.8], "size": [0, 3, 2], "uv": [0, 59]},
						{"origin": [2.2, 35.275, -4.9], "size": [1, 1, 0], "uv": [5, 24]},
						{"origin": [2.45, 34.525, -4.875], "size": [1, 2, 0], "uv": [8, 0]},
						{"origin": [1.525, 34.25, -4.8], "size": [2, 3, 0], "uv": [63, 48]}
					]
				},
				{
					"name": "eyelid_left",
					"parent": "eye_left",
					"pivot": [2.5, 35.75, -3.775],
					"cubes": [
						{"origin": [1, 34.25, -4.775], "size": [3, 3, 2], "inflate": 0.01, "uv": [62, 0]}
					]
				},
				{
					"name": "eye_right",
					"parent": "head",
					"pivot": [-3.2, 35.71, -4.54],
					"cubes": [
						{"origin": [-4.05, 34.25, -4.825], "size": [2, 3, 1], "uv": [20, 91]},
						{"origin": [-4.025, 34.25, -4.8], "size": [0, 3, 2], "uv": [47, 43]},
						{"origin": [-3.2, 35.275, -4.9], "size": [1, 1, 0], "uv": [7, 8]},
						{"origin": [-3.45, 34.525, -4.875], "size": [1, 2, 0], "uv": [0, 0]},
						{"origin": [-3.525, 34.25, -4.8], "size": [2, 3, 0], "uv": [60, 31]}
					]
				},
				{
					"name": "eyelid_right",
					"parent": "eye_right",
					"pivot": [-2.5, 35.75, -3.775],
					"cubes": [
						{"origin": [-4, 34.25, -4.775], "size": [3, 3, 2], "inflate": 0.01, "uv": [30, 5]}
					]
				},
				{
					"name": "eyebrow_left",
					"parent": "head",
					"pivot": [3.55453, 37.3016, -3.625],
					"cubes": [
						{"origin": [0.21623, 36.33988, -5.125], "size": [4, 1, 3], "pivot": [2.36623, 37.06488, -4.8], "rotation": [0, 0, -20.5], "uv": [30, 0]}
					]
				},
				{
					"name": "eyebrow_right",
					"parent": "head",
					"pivot": [-3.55453, 37.3016, -3.625],
					"cubes": [
						{"origin": [-4.21623, 36.33988, -5.125], "size": [4, 1, 3], "pivot": [-2.36623, 37.06488, -4.8], "rotation": [0, 0, 20.5], "uv": [25, 24]}
					]
				},
				{
					"name": "pipe",
					"parent": "head",
					"pivot": [0, 35.775, 2.55],
					"cubes": [
						{"origin": [-1, 33.775, 1.775], "size": [2, 2, 3], "pivot": [0, 34.775, 4.75], "rotation": [-23.5, 0, 0], "uv": [67, 90]},
						{"origin": [-1, 31.54882, 2.01441], "size": [2, 2, 4], "inflate": 0.01, "pivot": [0, 32.54882, 4.98941], "rotation": [-74.75, 0, 0], "uv": [34, 58]}
					]
				},
				{
					"name": "pipe2",
					"parent": "pipe",
					"pivot": [0, 28.61713, 0.88831],
					"cubes": [
						{"origin": [-1, 29.83385, 6.22942], "size": [2, 2, 3], "pivot": [0, 31.83066, 6.22221], "rotation": [-102.25, 0, 0], "uv": [56, 90]},
						{"origin": [-1, 32.21037, 8.06076], "size": [2, 2, 3], "inflate": 0.01, "pivot": [0, 31.83066, 6.22221], "rotation": [-154.5, 0, 0], "uv": [86, 35]},
						{"origin": [-1, 34.09061, 9.52787], "size": [2, 2, 4], "pivot": [0, 31.83066, 6.22221], "rotation": [179.5, 0, 0], "uv": [20, 40]}
					]
				},
				{
					"name": "jaw",
					"parent": "head",
					"pivot": [0, 32.75, -3.75],
					"rotation": [20, 0, 0],
					"cubes": [
						{"origin": [-1, 32.25, -5.75], "size": [2, 1, 2], "uv": [54, 48]}
					]
				},
				{
					"name": "helmet",
					"parent": "head",
					"pivot": [0.5, 32.2, -1.65],
					"cubes": [
						{"origin": [-1.5, 33.7382, -6.10789], "size": [3, 9, 2], "pivot": [0, 37.8382, -5.78289], "rotation": [-17, 0, 0], "uv": [71, 99]},
						{"origin": [-1, 41.28099, -4.20266], "size": [3, 3, 2], "pivot": [0, 43.28099, -3.07766], "rotation": [-20.40655, 19.2226, 41.50843], "uv": [83, 100]},
						{"origin": [-1.5, 32.09507, -4.88783], "size": [3, 3, 3], "inflate": 0.01, "pivot": [0, 28.69507, -3.43783], "rotation": [23.25, 0, 0], "uv": [82, 92]},
						{"origin": [-1, 31.09507, -4.76283], "size": [2, 1, 2], "inflate": 0.01, "pivot": [0, 28.69507, -3.43783], "rotation": [23.25, 0, 0], "uv": [63, 97]}
					]
				},
				{
					"name": "arm_left",
					"parent": "torso2",
					"pivot": [3.75, 27.75, -0.5],
					"cubes": [
						{"origin": [3.5, 26.75, -1.5], "size": [8, 2, 2], "uv": [71, 15]},
						{"origin": [3.5, 26.25, -2], "size": [2, 3, 3], "uv": [89, 17]}
					]
				},
				{
					"name": "arm_left_armor",
					"parent": "arm_left",
					"pivot": [7, 7.75, 0.5],
					"cubes": [
						{"origin": [2.5, 29, -2], "size": [4, 2, 3], "uv": [76, 111]},
						{"origin": [2.25, 28.25, -2.5], "size": [5, 2, 4], "uv": [52, 101]}
					]
				},
				{
					"name": "arm_left2",
					"parent": "arm_left",
					"pivot": [11.5, 27.75, -0.5],
					"cubes": [
						{"origin": [11.5, 26.75, -1.5], "size": [7, 2, 2], "uv": [79, 63]},
						{"origin": [11.5, 26.75, -1.5], "size": [2, 2, 2], "inflate": 0.02, "uv": [11, 91]}
					]
				},
				{
					"name": "hand_left",
					"parent": "arm_left2",
					"pivot": [18.25, 27.75, -0.5],
					"cubes": [
						{"origin": [18.25, 26.75, -2], "size": [3, 2, 3], "inflate": 0.02, "uv": [81, 0]}
					]
				},
				{
					"name": "hand_left_armor",
					"parent": "hand_left",
					"pivot": [20.75, 8.5, 1],
					"cubes": [
						{"origin": [15.25, 29, -3], "size": [7, 2, 5], "inflate": 0.01, "uv": [84, 121]},
						{"origin": [15.25, 28, -3], "size": [7, 1, 1], "inflate": 0.01, "uv": [91, 117]},
						{"origin": [15.25, 28, 1], "size": [7, 1, 1], "inflate": 0.01, "uv": [91, 117]},
						{"origin": [16.25, 27.5, -3.5], "size": [5, 3, 1], "inflate": 0.01, "uv": [76, 117]},
						{"origin": [16.25, 27.5, 1.5], "size": [5, 3, 1], "inflate": 0.01, "uv": [76, 117]},
						{"origin": [12.33009, 30.80567, -3], "size": [3, 0, 5], "pivot": [14.33009, 30.50567, -0.5], "rotation": [0, 0, -11.5], "uv": [70, 123]},
						{"origin": [12.33009, 28.80567, -3], "size": [3, 2, 0], "pivot": [14.33009, 30.50567, -0.5], "rotation": [0, 0, -11.5], "uv": [68, 123]},
						{"origin": [12.33009, 28.80567, 2], "size": [3, 2, 0], "pivot": [14.33009, 30.50567, -0.5], "rotation": [0, 0, -11.5], "uv": [68, 126]},
						{"origin": [22.12251, 27.70817, -3], "size": [2, 2, 0], "pivot": [23.62251, 30.20817, -0.5], "rotation": [0, 0, 48.5], "uv": [64, 117], "mirror": true},
						{"origin": [22.12251, 29.70817, -3], "size": [2, 0, 5], "pivot": [23.62251, 30.20817, -0.5], "rotation": [0, 0, 48.5], "uv": [66, 117], "mirror": true},
						{"origin": [22.12251, 27.70817, 2], "size": [2, 2, 0], "pivot": [23.62251, 30.20817, -0.5], "rotation": [0, 0, 48.5], "uv": [64, 120], "mirror": true}
					]
				},
				{
					"name": "finger_left",
					"parent": "hand_left",
					"pivot": [21, 28, -0.5],
					"cubes": [
						{"origin": [21, 27.9, -1], "size": [2, 1, 1], "uv": [41, 75]}
					]
				},
				{
					"name": "finger_left4",
					"parent": "finger_left",
					"pivot": [23.05, 28.4, -0.5],
					"cubes": [
						{"origin": [23, 27.9, -1], "size": [1, 1, 1], "inflate": 0.25, "uv": [17, 72]}
					]
				},
				{
					"name": "finger_left2",
					"parent": "hand_left",
					"pivot": [20.75, 27.5, 0.75],
					"cubes": [
						{"origin": [20.75, 27, 0.25], "size": [2, 1, 1], "uv": [13, 69]}
					]
				},
				{
					"name": "finger_left5",
					"parent": "finger_left2",
					"pivot": [22.75, 27.5, 0.75],
					"cubes": [
						{"origin": [22.75, 27, 0.25], "size": [1, 1, 1], "inflate": 0.25, "uv": [59, 75]}
					]
				},
				{
					"name": "finger_left3",
					"parent": "hand_left",
					"pivot": [20.75, 27.5, -1.75],
					"cubes": [
						{"origin": [20.75, 27, -2.25], "size": [2, 1, 1], "uv": [49, 16]}
					]
				},
				{
					"name": "finger_left6",
					"parent": "finger_left3",
					"pivot": [22.75, 27.5, -1.75],
					"cubes": [
						{"origin": [22.75, 27, -2.25], "size": [1, 1, 1], "inflate": 0.25, "uv": [67, 31]}
					]
				},
				{
					"name": "arm_right",
					"parent": "torso2",
					"pivot": [-3.75, 27.75, -0.5],
					"cubes": [
						{"origin": [-11.5, 26.75, -1.5], "size": [8, 2, 2], "uv": [68, 10]},
						{"origin": [-5.5, 26.25, -2], "size": [2, 3, 3], "uv": [89, 6]}
					]
				},
				{
					"name": "arm_right_armor",
					"parent": "arm_right",
					"pivot": [-7, 7.75, 0.5],
					"cubes": [
						{"origin": [-6.5, 29, -2], "size": [4, 2, 3], "uv": [76, 111], "mirror": true},
						{"origin": [-7.25, 28.25, -2.5], "size": [5, 2, 4], "uv": [52, 101], "mirror": true}
					]
				},
				{
					"name": "arm_right2",
					"parent": "arm_right",
					"pivot": [-11.5, 27.75, -0.5],
					"cubes": [
						{"origin": [-18.5, 26.75, -1.5], "size": [7, 2, 2], "uv": [77, 58]},
						{"origin": [-13.5, 26.75, -1.5], "size": [2, 2, 2], "inflate": 0.02, "uv": [58, 64]}
					]
				},
				{
					"name": "hand_right",
					"parent": "arm_right2",
					"pivot": [-18.25, 27.75, -0.5],
					"cubes": [
						{"origin": [-21.25, 26.75, -2], "size": [3, 2, 3], "inflate": 0.02, "uv": [13, 59]}
					]
				},
				{
					"name": "hand_right_armor",
					"parent": "hand_right",
					"pivot": [-20.75, 8.5, 1],
					"cubes": [
						{"origin": [-22.25, 29, -3], "size": [7, 2, 5], "inflate": 0.01, "uv": [84, 121], "mirror": true},
						{"origin": [-22.25, 28, -3], "size": [7, 1, 1], "inflate": 0.01, "uv": [91, 117], "mirror": true},
						{"origin": [-22.25, 28, 1], "size": [7, 1, 1], "inflate": 0.01, "uv": [91, 117], "mirror": true},
						{"origin": [-21.25, 27.5, -3.5], "size": [5, 3, 1], "inflate": 0.01, "uv": [76, 117], "mirror": true},
						{"origin": [-21.25, 27.5, 1.5], "size": [5, 3, 1], "inflate": 0.01, "uv": [76, 117], "mirror": true},
						{"origin": [-15.33009, 30.80567, -3], "size": [3, 0, 5], "pivot": [-14.33009, 30.50567, -0.5], "rotation": [0, 0, 11.5], "uv": [70, 123], "mirror": true},
						{"origin": [-15.33009, 28.80567, -3], "size": [3, 2, 0], "pivot": [-14.33009, 30.50567, -0.5], "rotation": [0, 0, 11.5], "uv": [68, 123], "mirror": true},
						{"origin": [-15.33009, 28.80567, 2], "size": [3, 2, 0], "pivot": [-14.33009, 30.50567, -0.5], "rotation": [0, 0, 11.5], "uv": [68, 126], "mirror": true},
						{"origin": [-24.12251, 27.70817, -3], "size": [2, 2, 0], "pivot": [-23.62251, 30.20817, -0.5], "rotation": [0, 0, -48.5], "uv": [64, 117]},
						{"origin": [-24.12251, 29.70817, -3], "size": [2, 0, 5], "pivot": [-23.62251, 30.20817, -0.5], "rotation": [0, 0, -48.5], "uv": [66, 117]},
						{"origin": [-24.12251, 27.70817, 2], "size": [2, 2, 0], "pivot": [-23.62251, 30.20817, -0.5], "rotation": [0, 0, -48.5], "uv": [64, 120]}
					]
				},
				{
					"name": "finger_right",
					"parent": "hand_right",
					"pivot": [-21, 28, -0.5],
					"cubes": [
						{"origin": [-23, 27.9, -1], "size": [2, 1, 1], "uv": [27, 47]}
					]
				},
				{
					"name": "finger_right4",
					"parent": "finger_right",
					"pivot": [-23.05, 28.4, -0.5],
					"cubes": [
						{"origin": [-24, 27.9, -1], "size": [1, 1, 1], "inflate": 0.25, "uv": [42, 65]}
					]
				},
				{
					"name": "finger_right2",
					"parent": "hand_right",
					"pivot": [-20.75, 27.5, 0.75],
					"cubes": [
						{"origin": [-22.75, 27, 0.25], "size": [2, 1, 1], "uv": [25, 29]}
					]
				},
				{
					"name": "finger_right5",
					"parent": "finger_right2",
					"pivot": [-22.75, 27.5, 0.75],
					"cubes": [
						{"origin": [-23.75, 27, 0.25], "size": [1, 1, 1], "inflate": 0.25, "uv": [43, 58]}
					]
				},
				{
					"name": "finger_right3",
					"parent": "hand_right",
					"pivot": [-20.75, 27.5, -1.75],
					"cubes": [
						{"origin": [-22.75, 27, -2.25], "size": [2, 1, 1], "uv": [0, 8]}
					]
				},
				{
					"name": "finger_right6",
					"parent": "finger_right3",
					"pivot": [-22.75, 27.5, -1.75],
					"cubes": [
						{"origin": [-23.75, 27, -2.25], "size": [1, 1, 1], "inflate": 0.25, "uv": [42, 0]}
					]
				},
				{
					"name": "tail",
					"parent": "torso",
					"pivot": [0, 14, 3.75],
					"cubes": [
						{"origin": [-3.5, 8.75, 1.75], "size": [7, 9, 6], "uv": [41, 0]}
					]
				},
				{
					"name": "tail2",
					"parent": "tail",
					"pivot": [0, 13.5, 7],
					"cubes": [
						{"origin": [-3, 10.25, 5.75], "size": [6, 7, 7], "uv": [27, 43]}
					]
				},
				{
					"name": "tail3",
					"parent": "tail2",
					"pivot": [0, 13.75, 11.5],
					"cubes": [
						{"origin": [-2.5, 11.25, 11.5], "size": [5, 5, 5], "inflate": 0.02, "uv": [63, 64]}
					]
				},
				{
					"name": "tail4",
					"parent": "tail3",
					"pivot": [0, 13.75, 15.5],
					"cubes": [
						{"origin": [-1.5, 11.85, 15.5], "size": [3, 4, 5], "inflate": 0.01, "uv": [17, 70]}
					]
				},
				{
					"name": "tail5",
					"parent": "tail4",
					"pivot": [0, 13.75, 19.5],
					"cubes": [
						{"origin": [-1.5, 12.35, 19.5], "size": [3, 3, 5], "uv": [29, 75]}
					]
				},
				{
					"name": "tail6",
					"parent": "tail5",
					"pivot": [0, 13.95, 24],
					"cubes": [
						{"origin": [-1, 12.95, 23.5], "size": [2, 2, 4], "inflate": 0.01, "uv": [56, 83]}
					]
				},
				{
					"name": "tail8",
					"parent": "tail6",
					"pivot": [0, 13.95, 27],
					"cubes": [
						{"origin": [-1, 12.95, 26.5], "size": [2, 2, 5], "uv": [82, 27]}
					]
				},
				{
					"name": "tail7",
					"parent": "tail8",
					"pivot": [0, 13.95, 31],
					"cubes": [
						{"origin": [-1, 12.95, 30.5], "size": [2, 2, 6], "inflate": 0.01, "uv": [71, 42]}
					]
				},
				{
					"name": "tail10",
					"parent": "tail7",
					"pivot": [0, 13.95, 36.5],
					"cubes": [
						{"origin": [-1.5, 12.45, 35.5], "size": [3, 3, 8], "inflate": 0.01, "uv": [19, 58]}
					]
				},
				{
					"name": "tail9",
					"parent": "tail10",
					"pivot": [0, 13.95, 43],
					"cubes": [
						{"origin": [-2, 11.95, 42.5], "size": [4, 4, 8], "inflate": 0.01, "uv": [52, 35]}
					]
				},
				{
					"name": "tail11",
					"parent": "tail9",
					"pivot": [0, 13.95, 49.5],
					"cubes": [
						{"origin": [-2.5, 11.45, 49.5], "size": [5, 5, 5], "inflate": 0.01, "uv": [42, 64]}
					]
				},
				{
					"name": "leg_right",
					"parent": "body",
					"pivot": [-5, 11.5, -0.75],
					"cubes": [
						{"origin": [-8.5, 7.5, -3.75], "size": [6, 11, 7], "uv": [0, 40]}
					]
				},
				{
					"name": "leg_right2",
					"parent": "leg_right",
					"pivot": [-5, 7.5, -0.25],
					"cubes": [
						{"origin": [-7, 2.5, -2.25], "size": [3, 7, 3], "inflate": 0.02, "uv": [43, 83]},
						{"origin": [-7.5, 6.5, -2.35], "size": [4, 2, 4], "inflate": 0.02, "uv": [76, 20]}
					]
				},
				{
					"name": "leg_right_armor",
					"parent": "leg_right2",
					"pivot": [-3, 2.5, -1.25],
					"cubes": [
						{"origin": [-8, 3.5, -3.25], "size": [5, 2, 5], "inflate": 0.02, "uv": [0, 115], "mirror": true},
						{"origin": [-7.5, 2.74252, -5.0747], "size": [4, 2, 3], "inflate": 0.02, "pivot": [-5.5, 3.74252, -3.5747], "rotation": [47.75, 0, 0], "uv": [10, 123], "mirror": true},
						{"origin": [-6.5, 1.64497, -7.0141], "size": [2, 2, 3], "inflate": 0.02, "pivot": [-5.5, 2.69497, -5.5391], "rotation": [24, 0, 0], "uv": [0, 123], "mirror": true}
					]
				},
				{
					"name": "foot_right",
					"parent": "leg_right2",
					"pivot": [-5, 2.5, -1.75],
					"rotation": [30, 0, 0],
					"cubes": [
						{"origin": [-7, 1, -5.25], "size": [3, 3, 6], "inflate": 0.001, "uv": [68, 0]},
						{"origin": [-4.39106, 0.33213, -3.71127], "size": [3, 3, 3], "pivot": [-2.75, 2.5, -1.25], "rotation": [-14.5, 22.5, 0], "uv": [85, 48]}
					]
				},
				{
					"name": "foot_right2",
					"parent": "foot_right",
					"pivot": [-5, 1, -5.25],
					"rotation": [-30, 0, 0],
					"cubes": [
						{"origin": [-7.5, 1, -9.25], "size": [4, 3, 4], "inflate": 0.001, "uv": [63, 75]}
					]
				},
				{
					"name": "toe_right",
					"parent": "foot_right2",
					"pivot": [-5.5, 2, -8.75],
					"rotation": [0, 25, 0],
					"cubes": [
						{"origin": [-8.04685, 1, -12.03869], "size": [3, 3, 3], "inflate": -0.001, "uv": [84, 68]}
					]
				},
				{
					"name": "toe_left",
					"parent": "foot_right2",
					"pivot": [-4.5, 2, -8.75],
					"rotation": [0, -25, 0],
					"cubes": [
						{"origin": [-6.04685, 1, -11.46131], "size": [3, 3, 3], "uv": [82, 84]}
					]
				},
				{
					"name": "leg_left",
					"parent": "body",
					"pivot": [5, 11.5, -0.75],
					"cubes": [
						{"origin": [2.5, 7.5, -3.75], "size": [6, 11, 7], "uv": [33, 24]}
					]
				},
				{
					"name": "leg_left2",
					"parent": "leg_left",
					"pivot": [5, 7.5, -0.25],
					"cubes": [
						{"origin": [4, 2.5, -2.25], "size": [3, 7, 3], "inflate": 0.02, "uv": [15, 80]},
						{"origin": [3.5, 6.5, -2.35], "size": [4, 2, 4], "inflate": 0.02, "uv": [71, 51]}
					]
				},
				{
					"name": "leg_left_armor",
					"parent": "leg_left2",
					"pivot": [3, 2.5, -1.25],
					"cubes": [
						{"origin": [3, 3.5, -3.25], "size": [5, 2, 5], "inflate": 0.02, "uv": [0, 115]},
						{"origin": [3.5, 2.74252, -5.0747], "size": [4, 2, 3], "inflate": 0.02, "pivot": [5.5, 3.74252, -3.5747], "rotation": [47.75, 0, 0], "uv": [10, 123]},
						{"origin": [4.5, 1.64497, -7.0141], "size": [2, 2, 3], "inflate": 0.02, "pivot": [5.5, 2.69497, -5.5391], "rotation": [24, 0, 0], "uv": [0, 123]}
					]
				},
				{
					"name": "foot_left",
					"parent": "leg_left2",
					"pivot": [5, 2.5, -1.75],
					"rotation": [30, 0, 0],
					"cubes": [
						{"origin": [1.39106, 0.33213, -3.71127], "size": [3, 3, 3], "pivot": [2.75, 2.5, -1.25], "rotation": [-14.5, -22.5, 0], "uv": [82, 41]},
						{"origin": [4, 1, -5.25], "size": [3, 3, 6], "inflate": 0.001, "uv": [0, 59]}
					]
				},
				{
					"name": "foot_left2",
					"parent": "foot_left",
					"pivot": [5, 1, -5.25],
					"rotation": [-30, 0, 0],
					"cubes": [
						{"origin": [3.5, 1, -9.25], "size": [4, 3, 4], "inflate": 0.001, "uv": [46, 75]}
					]
				},
				{
					"name": "toe_right2",
					"parent": "foot_left2",
					"pivot": [5.5, 2, -8.75],
					"rotation": [0, -25, 0],
					"cubes": [
						{"origin": [4.95315, 1, -11.96131], "size": [3, 3, 3], "inflate": 0.01, "uv": [28, 84]}
					]
				},
				{
					"name": "toe_left2",
					"parent": "foot_left2",
					"pivot": [4.5, 2, -8.75],
					"rotation": [0, 25, 0],
					"cubes": [
						{"origin": [2.95315, 1, -11.53869], "size": [3, 3, 3], "inflate": 0.01, "uv": [69, 83]}
					]
				}
			]
		}
	]
}