{
	"format_version": "1.12.0",
	"minecraft:geometry": [
		{
			"description": {
				"identifier": "geometry.bulbasaur",
				"texture_width": 128,
				"texture_height": 64,
				"visible_bounds_width": 4,
				"visible_bounds_height": 2.5,
				"visible_bounds_offset": [0, 0.75, 0]
			},
			"bones": [
				{
					"name": "bulbasaur",
					"pivot": [0, 0, 0]
				},
				{
					"name": "body",
					"parent": "bulbasaur",
					"pivot": [0, 4.4981, 0.5436]
				},
				{
					"name": "torso",
					"parent": "body",
					"pivot": [0, 4.4981, 0.54358],
					"cubes": [
						{"origin": [-4, 1.9981, -4.95642], "size": [8, 5, 11], "pivot": [0, 4.4981, 0.54358], "rotation": [-5, 0, 0], "uv": [0, 0]}
					]
				},
				{
					"name": "bulb",
					"parent": "torso",
					"pivot": [0, 6, 2.25],
					"rotation": [-15, 0, 0],
					"cubes": [
						{"origin": [-4, 6, -2.25], "size": [8, 5, 9], "inflate": 0.1, "uv": [4, 18]},
						{"origin": [-2.5, 11, -0.25], "size": [5, 2, 5], "uv": [41, 25]},
						{"origin": [-2.5, 13, -0.25], "size": [0, 2, 5], "uv": [51, 32]},
						{"origin": [2.5, 13, -0.25], "size": [0, 2, 5], "uv": [51, 32]},
						{"origin": [-2.5, 13, 4.75], "size": [5, 2, 0], "uv": [51, 37]},
						{"origin": [-2.5, 13, -0.25], "size": [5, 2, 0], "uv": [51, 37]},
						{"origin": [-2.5, 13, -0.25], "size": [5, 0, 5], "uv": [-5, 45]}
					]
				},
				{
					"name": "Petals1",
					"parent": "bulb",
					"pivot": [0, 12.75, 2.25],
					"rotation": [0, -15, 0]
				},
				{
					"name": "Petal",
					"parent": "Petals1",
					"pivot": [0, 12.75, 2.25],
					"cubes": [
						{"origin": [2.5, 12.75, -0.25], "size": [5, 0, 5], "pivot": [2.5, 12.75, 2.25], "rotation": [0, 0, -12.5], "uv": [15, 45]},
						{"origin": [6.75, 13.75, -0.75], "size": [6, 0, 6], "pivot": [7.5, 12.75, 2.25], "rotation": [0, 0, 22.5], "uv": [14, 51]}
					]
				},
				{
					"name": "Petal2",
					"parent": "Petals1",
					"pivot": [0, 12.75, 2.25],
					"rotation": [0, -120, 0],
					"cubes": [
						{"origin": [2.5, 12.75, -0.25], "size": [5, 0, 5], "pivot": [2.5, 12.75, 2.25], "rotation": [0, 0, -12.5], "uv": [15, 45]},
						{"origin": [6.75, 13.75, -0.75], "size": [6, 0, 6], "pivot": [7.5, 12.75, 2.25], "rotation": [0, 0, 22.5], "uv": [14, 51]}
					]
				},
				{
					"name": "Petal3",
					"parent": "Petals1",
					"pivot": [0, 12.75, 2.25],
					"rotation": [0, 120, 0],
					"cubes": [
						{"origin": [2.5, 12.75, -0.25], "size": [5, 0, 5], "pivot": [2.5, 12.75, 2.25], "rotation": [0, 0, -12.5], "uv": [15, 45]},
						{"origin": [6.75, 13.75, -0.75], "size": [6, 0, 6], "pivot": [7.5, 12.75, 2.25], "rotation": [0, 0, 22.5], "uv": [14, 51]}
					]
				},
				{
					"name": "Petals2",
					"parent": "bulb",
					"pivot": [0, 12.75, 2.25],
					"rotation": [0, -75, 0]
				},
				{
					"name": "Petal4",
					"parent": "Petals2",
					"pivot": [0, 12.75, 2.25],
					"cubes": [
						{"origin": [2.5, 12.75, -0.25], "size": [5, 0, 5], "pivot": [2.5, 12.75, 2.25], "rotation": [0, 0, -12.5], "uv": [15, 45]},
						{"origin": [6.75, 13.75, -0.75], "size": [6, 0, 6], "pivot": [7.5, 12.75, 2.25], "rotation": [0, 0, 22.5], "uv": [14, 51]}
					]
				},
				{
					"name": "Petal5",
					"parent": "Petals2",
					"pivot": [0, 12.75, 2.25],
					"rotation": [0, -120, 0],
					"cubes": [
						{"origin": [2.5, 12.75, -0.25], "size": [5, 0, 5], "pivot": [2.5, 12.75, 2.25], "rotation": [0, 0, -12.5], "uv": [15, 45]},
						{"origin": [6.75, 13.75, -0.75], "size": [6, 0, 6], "pivot": [7.5, 12.75, 2.25], "rotation": [0, 0, 22.5], "uv": [14, 51]}
					]
				},
				{
					"name": "Petal6",
					"parent": "Petals2",
					"pivot": [0, 12.75, 2.25],
					"rotation": [0, 120, 0],
					"cubes": [
						{"origin": [2.5, 12.75, -0.25], "size": [5, 0, 5], "pivot": [2.5, 12.75, 2.25], "rotation": [0, 0, -12.5], "uv": [15, 45]},
						{"origin": [6.75, 13.75, -0.75], "size": [6, 0, 6], "pivot": [7.5, 12.75, 2.25], "rotation": [0, 0, 22.5], "uv": [14, 51]}
					]
				},
				{
					"name": "Leaf4",
					"parent": "bulb",
					"pivot": [5, 9.5, 2.5],
					"rotation": [0, -90, 0],
					"cubes": [
						{"origin": [2.5, 9.75, -0.75], "size": [5, 0, 5], "uv": [59, 3]},
						{"origin": [2.5, 8.5, 1.35], "size": [5, 0, 5], "pivot": [5, -1.5, 7.5], "rotation": [-15, 0, 0], "uv": [69, 3]},
						{"origin": [2.5, 12.35, 5.05], "size": [5, 0, 5], "pivot": [5, -1.5, 7.5], "rotation": [42.5, 0, 0], "uv": [59, 8]}
					]
				},
				{
					"name": "Leaf2",
					"parent": "bulb",
					"pivot": [-5, 9.5, 2.5],
					"rotation": [0, 90, 0],
					"cubes": [
						{"origin": [-7.5, 9.75, -0.75], "size": [5, 0, 5], "uv": [59, 3]},
						{"origin": [-7.5, 8.5, 1.35], "size": [5, 0, 5], "pivot": [-5, -1.5, 7.5], "rotation": [-15, 0, 0], "uv": [69, 3]},
						{"origin": [-7.5, 12.35, 5.05], "size": [5, 0, 5], "pivot": [-5, -1.5, 7.5], "rotation": [42.5, 0, 0], "uv": [59, 8]}
					]
				},
				{
					"name": "Leaf3",
					"parent": "torso",
					"pivot": [0, 8.25, 9],
					"rotation": [0, 180, 0],
					"cubes": [
						{"origin": [-2.5, 8.5, 5.75], "size": [5, 0, 5], "uv": [59, 3]},
						{"origin": [-2.5, 7.25, 7.85], "size": [5, 0, 5], "pivot": [0, -2.75, 14], "rotation": [-15, 0, 0], "uv": [69, 3]},
						{"origin": [-2.5, 11.1, 11.55], "size": [5, 0, 5], "pivot": [0, -2.75, 14], "rotation": [42.5, 0, 0], "uv": [59, 8]}
					]
				},
				{
					"name": "head",
					"parent": "torso",
					"pivot": [0, 4.5, -3.5],
					"rotation": [-5, 0, 0],
					"cubes": [
						{"origin": [-4.5, 4.5, -8.25], "size": [9, 6, 6], "inflate": 0.01, "uv": [34, 13]},
						{"origin": [-4.5, 3.5, -8.25], "size": [9, 7, 6], "inflate": 0.26, "uv": [0, 32]},
						{"origin": [-4.5, 3.5, -6.25], "size": [9, 1, 3], "inflate": 0.01, "uv": [40, 9]},
						{"origin": [-4.25, 4, -7.5], "size": [1, 1, 0], "pivot": [-3.75, 4.5, -7.75], "rotation": [30, 25, 50], "uv": [38, 13]},
						{"origin": [3.25, 4, -7.5], "size": [1, 1, 0], "pivot": [3.75, 4.5, -7.75], "rotation": [30, -25, -50], "uv": [38, 14], "mirror": true}
					]
				},
				{
					"name": "Leaf",
					"parent": "head",
					"pivot": [0, 0, 0],
					"cubes": [
						{"origin": [-2.5, 11.25, -8.25], "size": [5, 0, 5], "uv": [59, 3]},
						{"origin": [-2.5, 10, -6.15], "size": [5, 0, 5], "pivot": [0, 0, 0], "rotation": [-15, 0, 0], "uv": [69, 3]},
						{"origin": [-2.5, 13.85, -2.45], "size": [5, 0, 5], "pivot": [0, 0, 0], "rotation": [42.5, 0, 0], "uv": [59, 8]}
					]
				},
				{
					"name": "jaw",
					"parent": "head",
					"pivot": [0, 4.5, -6.25],
					"cubes": [
						{"origin": [-4.5, 3.5, -8], "size": [9, 1, 2], "uv": [27, 7]}
					]
				},
				{
					"name": "eyes",
					"parent": "head",
					"pivot": [0, 7.5, -7.45]
				},
				{
					"name": "eye_right",
					"parent": "eyes",
					"pivot": [-3.515, 7.5, -7.265],
					"cubes": [
						{"origin": [-4.515, 6, -8.265], "size": [2, 3, 2], "inflate": 0.01, "uv": [0, 5]}
					]
				},
				{
					"name": "eyelid_right",
					"parent": "eye_right",
					"pivot": [-3.415, 7.5, -7.165],
					"cubes": [
						{"origin": [-4.415, 6, -8.165], "size": [2, 3, 2], "inflate": 0.01, "uv": [38, 25]}
					]
				},
				{
					"name": "eye_left",
					"parent": "eyes",
					"pivot": [3.515, 7.5, -7.265],
					"cubes": [
						{"origin": [2.515, 6, -8.265], "size": [2, 3, 2], "uv": [0, 0], "mirror": true}
					]
				},
				{
					"name": "eyelid_left",
					"parent": "eye_left",
					"pivot": [3.415, 7.5, -7.165],
					"cubes": [
						{"origin": [2.415, 6, -8.165], "size": [2, 3, 2], "inflate": 0.01, "uv": [56, 25], "mirror": true}
					]
				},
				{
					"name": "ears",
					"parent": "head",
					"pivot": [0, 10.5, -4.75]
				},
				{
					"name": "ear_right",
					"parent": "ears",
					"pivot": [-2.75, 10.125, -5],
					"rotation": [0, 40, -17.5],
					"cubes": [
						{"origin": [-4.75, 10, -5], "size": [4, 3, 0], "uv": [5, 24], "mirror": true}
					]
				},
				{
					"name": "ear_left",
					"parent": "ears",
					"pivot": [2.75, 10.125, -5],
					"rotation": [0, -40, 17.5],
					"cubes": [
						{"origin": [0.75, 10, -5], "size": [4, 3, 0], "uv": [29, 16]}
					]
				},
				{
					"name": "leg_front_right",
					"parent": "body",
					"pivot": [-2.75, 4, -3],
					"cubes": [
						{"origin": [-4.25, 0, -4.5], "size": [3, 5, 3], "uv": [1, 16]}
					]
				},
				{
					"name": "leg_front_left",
					"parent": "body",
					"pivot": [2.75, 4, -3],
					"cubes": [
						{"origin": [1.25, 0, -4.5], "size": [3, 5, 3], "uv": [52, 0]}
					]
				},
				{
					"name": "leg_back_right",
					"parent": "body",
					"pivot": [-2.75, 3, 4],
					"cubes": [
						{"origin": [-4.25, 0, 2.5], "size": [3, 4, 3], "uv": [27, 0]}
					]
				},
				{
					"name": "leg_back_left",
					"parent": "body",
					"pivot": [2.75, 3, 4],
					"cubes": [
						{"origin": [1.25, 0, 2.5], "size": [3, 4, 3], "uv": [39, 0]}
					]
				}
			]
		}
	]
}