{
	"format_version": "1.12.0",
	"minecraft:geometry": [
		{
			"description": {
				"identifier": "geometry.rayquaza",
				"texture_width": 256,
				"texture_height": 256,
				"visible_bounds_width": 15,
				"visible_bounds_height": 3.5,
				"visible_bounds_offset": [0, 1.25, 0]
			},
			"bones": [
				{
					"name": "rayquaza",
					"pivot": [0, 0, 0]
				},
				{
					"name": "body",
					"parent": "rayquaza",
					"pivot": [0, 11, -38]
				},
				{
					"name": "neck",
					"parent": "body",
					"pivot": [0, 11, -47],
					"cubes": [
						{"origin": [-3.5, 7.5, -56], "size": [7, 7, 9], "inflate": 0.02, "uv": [87, 97]},
						{"origin": [-3.5, 7.5, -53.8], "size": [7, 7, 5], "inflate": -7.2, "uv": [0, 244]}
					]
				},
				{
					"name": "neck_end",
					"parent": "neck",
					"pivot": [0, 11, -56],
					"cubes": [
						{"origin": [-3.5, 7.5, -65], "size": [7, 7, 9], "uv": [55, 97]},
						{"origin": [-3.5, 7.5, -63.2], "size": [7, 7, 5], "inflate": -7.2, "uv": [0, 244]}
					]
				},
				{
					"name": "head",
					"parent": "neck_end",
					"pivot": [0, 11.25, -65],
					"cubes": [
						{"origin": [-4, 7.25, -70], "size": [8, 8, 5], "uv": [103, 28]},
						{"origin": [-4, 7.25, -73], "size": [8, 8, 11], "inflate": -8.2, "uv": [173, 175]},
						{"origin": [-4, 10.25, -77], "size": [8, 5, 7], "uv": [82, 0]},
						{"origin": [-4, 7.25, -78], "size": [8, 11, 9], "inflate": -8.1, "uv": [220, 83]},
						{"origin": [-3, 10.25, -81], "size": [6, 4, 4], "uv": [48, 0]},
						{"origin": [-3, 8.25, -81], "size": [6, 8, 6], "inflate": -6.2, "uv": [224, 109]},
						{"origin": [-2, 9.25, -80.25], "size": [4, 1, 0], "uv": [33, 41]},
						{"origin": [-3.25, 9.25, -77], "size": [0, 1, 7], "pivot": [-3.75, 9.75, -73.5], "rotation": [0, -5, 0], "uv": [0, 10]},
						{"origin": [3.25, 9.25, -77], "size": [0, 1, 7], "pivot": [3.75, 9.75, -73.5], "rotation": [0, 5, 0], "uv": [32, 27]},
						{"origin": [-2.69792, 13.77247, -80.01396], "size": [0, 4, 11], "pivot": [0, 16.25, -74.25], "rotation": [5, -5, 10], "uv": [80, 43]},
						{"origin": [-4.19792, 13.77247, -81.51396], "size": [3, 1, 14], "inflate": -1.2, "pivot": [0, 16.25, -74.25], "rotation": [5, -5, 10], "uv": [217, 7]},
						{"origin": [-4.19792, 14.77247, -80.51396], "size": [3, 1, 13], "inflate": -1.2, "pivot": [0, 16.25, -74.25], "rotation": [5, -5, 10], "uv": [220, 34]},
						{"origin": [-4.19792, 15.77247, -78.51396], "size": [3, 1, 9], "inflate": -1.2, "pivot": [0, 16.25, -74.25], "rotation": [5, -5, 10], "uv": [218, 49]},
						{"origin": [-4.19792, 16.77247, -76.51396], "size": [3, 1, 6], "inflate": -1.2, "pivot": [0, 16.25, -74.25], "rotation": [5, -5, 10], "uv": [222, 67]},
						{"origin": [1.20208, 14.77247, -80.51396], "size": [3, 1, 13], "inflate": -1.2, "pivot": [0, 16.25, -74.25], "rotation": [5, 5, -10], "uv": [220, 34]},
						{"origin": [1.20208, 13.77247, -81.51396], "size": [3, 1, 14], "inflate": -1.2, "pivot": [0, 16.25, -74.25], "rotation": [5, 5, -10], "uv": [217, 7]},
						{"origin": [1.20208, 15.77247, -78.51396], "size": [3, 1, 9], "inflate": -1.2, "pivot": [0, 16.25, -74.25], "rotation": [5, 5, -10], "uv": [218, 49]},
						{"origin": [1.20208, 16.77247, -76.51396], "size": [3, 1, 6], "inflate": -1.2, "pivot": [0, 16.25, -74.25], "rotation": [5, 5, -10], "uv": [222, 67]},
						{"origin": [2.69792, 13.77247, -80.01396], "size": [0, 4, 11], "pivot": [0, 16.25, -74.25], "rotation": [5, 5, -10], "uv": [84, 17]},
						{"origin": [-7.26111, 12.0097, -69.25], "size": [0, 18, 5], "pivot": [-7.26111, 20.5097, -66.75], "rotation": [-10, -5, -35], "uv": [0, 45]},
						{"origin": [-8.26111, 11.3097, -70.75], "size": [2, 6, 6], "inflate": -1.2, "pivot": [-7.26111, 20.5097, -66.75], "rotation": [-10, -5, -35], "uv": [5, 203]},
						{"origin": [-8.26111, 14.9097, -70.75], "size": [2, 7, 7], "inflate": -1.2, "pivot": [-7.26111, 20.5097, -66.75], "rotation": [-10, -5, -35], "uv": [3, 185]},
						{"origin": [-8.26111, 19.5097, -70.75], "size": [2, 7, 8], "inflate": -1.2, "pivot": [-7.26111, 20.5097, -66.75], "rotation": [-10, -5, -35], "uv": [27, 203]},
						{"origin": [-8.26111, 24.1097, -69.75], "size": [2, 5, 7], "inflate": -1.2, "pivot": [-7.26111, 20.5097, -66.75], "rotation": [-10, -5, -35], "uv": [27, 191]},
						{"origin": [-8.26111, 26.7097, -69.75], "size": [2, 4, 6], "inflate": -1.2, "pivot": [-7.26111, 20.5097, -66.75], "rotation": [-10, -5, -35], "uv": [49, 205]},
						{"origin": [-8.26111, 28.3097, -69.75], "size": [2, 3, 5], "inflate": -1.2, "pivot": [-7.26111, 20.5097, -66.75], "rotation": [-10, -5, -35], "uv": [50, 191]},
						{"origin": [3.53889, 19.7097, -71.15], "size": [2, 6, 6], "inflate": -1.2, "pivot": [-7.26111, 20.5097, -66.75], "rotation": [-10, 5, 35], "uv": [5, 203]},
						{"origin": [3.53889, 23.3097, -71.15], "size": [2, 7, 7], "inflate": -1.2, "pivot": [-7.26111, 20.5097, -66.75], "rotation": [-10, 5, 35], "uv": [3, 185]},
						{"origin": [3.53889, 27.9097, -71.15], "size": [2, 7, 8], "inflate": -1.2, "pivot": [-7.26111, 20.5097, -66.75], "rotation": [-10, 5, 35], "uv": [27, 203]},
						{"origin": [3.53889, 32.5097, -70.15], "size": [2, 5, 7], "inflate": -1.2, "pivot": [-7.26111, 20.5097, -66.75], "rotation": [-10, 5, 35], "uv": [27, 191]},
						{"origin": [3.53889, 35.1097, -70.15], "size": [2, 4, 6], "inflate": -1.2, "pivot": [-7.26111, 20.5097, -66.75], "rotation": [-10, 5, 35], "uv": [49, 205]},
						{"origin": [3.53889, 36.7097, -70.15], "size": [2, 3, 5], "inflate": -1.2, "pivot": [-7.26111, 20.5097, -66.75], "rotation": [-10, 5, 35], "uv": [50, 191]},
						{"origin": [7.26111, 12.0097, -69.25], "size": [0, 18, 5], "pivot": [7.26111, 20.5097, -66.75], "rotation": [-10, 5, 35], "uv": [52, 108]},
						{"origin": [-7.51111, -0.0097, -67.75], "size": [0, 12, 3], "pivot": [-7.51111, 3.4903, -67.25], "rotation": [10, -5, 35], "uv": [107, 81]},
						{"origin": [-8.51111, 2.0903, -69.25], "size": [2, 10, 6], "inflate": -1.2, "pivot": [-7.51111, 3.4903, -67.25], "rotation": [10, -5, 35], "uv": [93, 209]},
						{"origin": [-8.51111, -0.5097, -68.25], "size": [2, 5, 5], "inflate": -1.2, "pivot": [-7.51111, 3.4903, -67.25], "rotation": [10, -5, 35], "uv": [69, 214]},
						{"origin": [-8.51111, -2.1097, -68.25], "size": [2, 4, 4], "inflate": -1.2, "pivot": [-7.51111, 3.4903, -67.25], "rotation": [10, -5, 35], "uv": [95, 194]},
						{"origin": [3.78889, -6.6097, -69.65], "size": [2, 10, 6], "inflate": -1.2, "pivot": [-7.51111, 3.4903, -67.25], "rotation": [10, 5, -35], "uv": [93, 209]},
						{"origin": [3.78889, -10.8097, -68.65], "size": [2, 4, 4], "inflate": -1.2, "pivot": [-7.51111, 3.4903, -67.25], "rotation": [10, 5, -35], "uv": [95, 194]},
						{"origin": [3.78889, -9.2097, -68.65], "size": [2, 5, 5], "inflate": -1.2, "pivot": [-7.51111, 3.4903, -67.25], "rotation": [10, 5, -35], "uv": [69, 214]},
						{"origin": [7.51111, -0.0097, -67.75], "size": [0, 12, 3], "pivot": [7.51111, 3.4903, -67.25], "rotation": [10, 5, -35], "uv": [62, 110]}
					]
				},
				{
					"name": "eyes",
					"parent": "head",
					"pivot": [0, 13.25, -73.75],
					"cubes": [
						{"origin": [-4.025, 11.75, -76.75], "size": [0, 3, 6], "inflate": 0.02, "pivot": [-4.025, 13.25, -73.75], "rotation": [5, 0, 0], "uv": [115, 0], "mirror": true},
						{"origin": [4.025, 11.75, -76.75], "size": [0, 3, 6], "inflate": 0.02, "pivot": [4.025, 13.25, -73.75], "rotation": [5, 0, 0], "uv": [115, 0]}
					]
				},
				{
					"name": "jaw",
					"parent": "head",
					"pivot": [0, 10.25, -70],
					"rotation": [-5, 0, 0],
					"cubes": [
						{"origin": [-2.5, 7.25, -81], "size": [5, 3, 4], "uv": [0, 10]},
						{"origin": [-2.5, 5.25, -81], "size": [5, 7, 5], "inflate": -5.1, "uv": [190, 141]},
						{"origin": [-3.5, 7.25, -77], "size": [7, 3, 7], "uv": [104, 74]},
						{"origin": [-3.5, 3.25, -77], "size": [7, 11, 7], "inflate": -7.2, "uv": [178, 152]},
						{"origin": [-3.25, 10.25, -77], "size": [0, 1, 7], "pivot": [-3.25, 10.75, -73.5], "rotation": [0, -2.5, 0], "uv": [32, 28]},
						{"origin": [3.25, 10.25, -77], "size": [0, 1, 7], "pivot": [3.25, 10.75, -73.5], "rotation": [0, 2.5, 0], "uv": [32, 29]}
					]
				},
				{
					"name": "torso",
					"parent": "body",
					"pivot": [0, 11, -47],
					"cubes": [
						{"origin": [-4, 7, -47], "size": [8, 8, 18], "uv": [0, 0]},
						{"origin": [-14, -3, -47], "size": [28, 28, 18], "inflate": -18.2, "uv": [164, 210]},
						{"origin": [4.25, 14.25, -45.5], "size": [0, 8, 15], "pivot": [4.25, 18.25, -38], "rotation": [0, 0, 30], "uv": [56, 51]},
						{"origin": [-4.25, 14.25, -45.5], "size": [0, 8, 15], "pivot": [-4.25, 18.25, -38], "rotation": [0, 0, -30], "uv": [56, 43]},
						{"origin": [-5.25, 12.85, -47], "size": [2, 6, 18], "inflate": -1.2, "pivot": [-4.25, 18.25, -38], "rotation": [0, 0, -30], "uv": [82, 231]},
						{"origin": [-5.25, 16.45, -46], "size": [2, 5, 16], "inflate": -1.2, "pivot": [-4.25, 18.25, -38], "rotation": [0, 0, -30], "uv": [123, 235]},
						{"origin": [-5.25, 19.05, -45], "size": [2, 4, 14], "inflate": -1.2, "pivot": [-4.25, 18.25, -38], "rotation": [0, 0, -30], "uv": [124, 215]},
						{"origin": [-5.25, 20.65, -44], "size": [2, 3, 12], "inflate": -1.2, "pivot": [-4.25, 18.25, -38], "rotation": [0, 0, -30], "uv": [123, 197]},
						{"origin": [2.15, 17.05, -47], "size": [2, 6, 18], "inflate": -1.2, "pivot": [-4.25, 18.25, -38], "rotation": [0, 0, 30], "uv": [82, 231]},
						{"origin": [2.15, 20.65, -46], "size": [2, 5, 16], "inflate": -1.2, "pivot": [-4.25, 18.25, -38], "rotation": [0, 0, 30], "uv": [123, 235]},
						{"origin": [2.15, 23.25, -45], "size": [2, 4, 14], "inflate": -1.2, "pivot": [-4.25, 18.25, -38], "rotation": [0, 0, 30], "uv": [124, 215]},
						{"origin": [2.15, 24.85, -44], "size": [2, 3, 12], "inflate": -1.2, "pivot": [-4.25, 18.25, -38], "rotation": [0, 0, 30], "uv": [123, 197]}
					]
				},
				{
					"name": "arm_right1",
					"parent": "torso",
					"pivot": [-4, 11, -41.5],
					"cubes": [
						{"origin": [-7, 9, -43.5], "size": [4, 4, 4], "uv": [0, 26]},
						{"origin": [-7, 9, -43.5], "size": [4, 4, 4], "inflate": -4.2, "uv": [6, 240]}
					]
				},
				{
					"name": "arm_right2",
					"parent": "arm_right1",
					"pivot": [-7, 11, -41.5],
					"cubes": [
						{"origin": [-12, 10, -42.5], "size": [5, 2, 2], "inflate": 0.02, "uv": [68, 21]},
						{"origin": [-11.3, 7.5, -45], "size": [4, 7, 7], "inflate": -4.7, "uv": [3, 221]}
					]
				},
				{
					"name": "arm_right3",
					"parent": "arm_right2",
					"pivot": [-12, 11, -40.5],
					"cubes": [
						{"origin": [-18, 10, -42.5], "size": [6, 2, 2], "uv": [34, 14]},
						{"origin": [-16.7, 7.5, -45], "size": [3, 7, 7], "inflate": -4.7, "uv": [28, 219]}
					]
				},
				{
					"name": "hand_right",
					"parent": "arm_right3",
					"pivot": [-18, 11, -41.5],
					"cubes": [
						{"origin": [-21, 10, -43.5], "size": [3, 2, 4], "inflate": 0.02, "uv": [0, 73]},
						{"origin": [-21, 9, -42.5], "size": [3, 4, 2], "inflate": -3.3, "uv": [50, 227]}
					]
				},
				{
					"name": "finger_left1",
					"parent": "hand_right",
					"pivot": [-20.75, 11.5, -41.5],
					"cubes": [
						{"origin": [-22.75, 11, -42], "size": [2, 1, 1], "uv": [0, 4]},
						{"origin": [-21.75, 11, -42], "size": [0, 1, 1], "inflate": -1.2, "uv": [54, 228]},
						{"origin": [-23.75, 11, -41.5], "size": [1, 1, 0], "uv": [5, 4]}
					]
				},
				{
					"name": "finger_left2",
					"parent": "hand_right",
					"pivot": [-20.75, 11, -43],
					"cubes": [
						{"origin": [-22.75, 10.5, -43.5], "size": [2, 1, 1], "uv": [0, 2]},
						{"origin": [-21.75, 10.5, -43.5], "size": [0, 1, 1], "inflate": -1.2, "uv": [57, 231]},
						{"origin": [-23.75, 10.5, -43], "size": [1, 1, 0], "uv": [5, 2]}
					]
				},
				{
					"name": "finger_left3",
					"parent": "hand_right",
					"pivot": [-20.75, 11, -40],
					"cubes": [
						{"origin": [-22.75, 10.5, -40.5], "size": [2, 1, 1], "uv": [0, 0]},
						{"origin": [-23.75, 10.5, -40], "size": [1, 1, 0], "uv": [5, 0]},
						{"origin": [-21.75, 10.5, -40.5], "size": [0, 1, 1], "inflate": -1.2, "uv": [54, 230]}
					]
				},
				{
					"name": "arm_left1",
					"parent": "torso",
					"pivot": [4, 11, -41.5],
					"cubes": [
						{"origin": [9, 9, -55.5], "size": [4, 4, 4], "inflate": -4.2, "pivot": [8, 9, -47.5], "rotation": [-180, 0, 180], "uv": [6, 240]},
						{"origin": [3, 9, -43.5], "size": [4, 4, 4], "uv": [0, 34]}
					]
				},
				{
					"name": "arm_left2",
					"parent": "arm_left1",
					"pivot": [7, 11, -41.5],
					"cubes": [
						{"origin": [4.7, 7.5, -57], "size": [4, 7, 7], "inflate": -4.7, "pivot": [8, 9, -47.5], "rotation": [-180, 0, 180], "uv": [3, 221]},
						{"origin": [7, 10, -42.5], "size": [5, 2, 2], "inflate": 0.02, "uv": [32, 117]}
					]
				},
				{
					"name": "arm_left3",
					"parent": "arm_left2",
					"pivot": [12, 11, -40.5],
					"cubes": [
						{"origin": [-0.7, 7.5, -57], "size": [3, 7, 7], "inflate": -4.7, "pivot": [8, 9, -47.5], "rotation": [-180, 0, 180], "uv": [28, 219]},
						{"origin": [12, 10, -42.5], "size": [6, 2, 2], "uv": [32, 37]}
					]
				},
				{
					"name": "hand_left",
					"parent": "arm_left3",
					"pivot": [18, 11, -41.5],
					"cubes": [
						{"origin": [-5, 9, -54.5], "size": [3, 4, 2], "inflate": -3.3, "pivot": [8, 9, -47.5], "rotation": [-180, 0, 180], "uv": [50, 227]},
						{"origin": [18, 10, -43.5], "size": [3, 2, 4], "inflate": 0.02, "uv": [86, 58]}
					]
				},
				{
					"name": "finger_right1",
					"parent": "hand_left",
					"pivot": [20.75, 11.5, -41.5],
					"cubes": [
						{"origin": [-5.75, 11, -54], "size": [0, 1, 1], "inflate": -1.2, "pivot": [8, 9, -47.5], "rotation": [-180, 0, 180], "uv": [54, 228]},
						{"origin": [20.75, 11, -42], "size": [2, 1, 1], "uv": [11, 4]},
						{"origin": [22.75, 11, -41.5], "size": [1, 1, 0], "uv": [4, 6]}
					]
				},
				{
					"name": "finger_right2",
					"parent": "hand_left",
					"pivot": [20.75, 11, -43],
					"cubes": [
						{"origin": [-5.75, 10.5, -52.5], "size": [0, 1, 1], "inflate": -1.2, "pivot": [8, 9, -47.5], "rotation": [-180, 0, 180], "uv": [54, 230]},
						{"origin": [20.75, 10.5, -43.5], "size": [2, 1, 1], "uv": [11, 2]},
						{"origin": [22.75, 10.5, -43], "size": [1, 1, 0], "uv": [2, 6]}
					]
				},
				{
					"name": "finger_right3",
					"parent": "hand_left",
					"pivot": [20.75, 11, -40],
					"cubes": [
						{"origin": [-5.75, 10.5, -55.5], "size": [0, 1, 1], "inflate": -1.2, "pivot": [8, 9, -47.5], "rotation": [-180, 0, 180], "uv": [57, 231]},
						{"origin": [20.75, 10.5, -40.5], "size": [2, 1, 1], "uv": [11, 0]},
						{"origin": [22.75, 10.5, -40], "size": [1, 1, 0], "uv": [0, 6]}
					]
				},
				{
					"name": "tail1",
					"parent": "torso",
					"pivot": [0, 11, -29],
					"cubes": [
						{"origin": [-3.5, 7.5, -27.2], "size": [7, 7, 5], "inflate": -7.2, "uv": [0, 244]},
						{"origin": [-3.5, 7.5, -29], "size": [7, 7, 9], "uv": [32, 88]}
					]
				},
				{
					"name": "tail2",
					"parent": "tail1",
					"pivot": [0, 11, -20],
					"cubes": [
						{"origin": [-3.5, 7.5, -17.8], "size": [7, 7, 5], "inflate": -7.2, "uv": [0, 244]},
						{"origin": [-3.5, 7.5, -20], "size": [7, 7, 9], "inflate": 0.02, "uv": [87, 12]}
					]
				},
				{
					"name": "tail3",
					"parent": "tail2",
					"pivot": [0, 11, -11],
					"cubes": [
						{"origin": [-14, -3, -13], "size": [28, 28, 20], "inflate": -18.2, "uv": [160, 208]},
						{"origin": [-4, 7, -11], "size": [8, 8, 16], "uv": [36, 10]},
						{"origin": [-11, 11, -10], "size": [7, 0, 14], "uv": [28, 58]},
						{"origin": [-1.05, 12.75, -11.5], "size": [2, 6, 17], "inflate": -1.2, "uv": [83, 232]},
						{"origin": [-1.05, 16.35, -10.5], "size": [2, 4, 15], "inflate": -1.2, "uv": [124, 236]},
						{"origin": [-1.05, 17.65, -9.5], "size": [2, 5, 13], "inflate": -1.2, "uv": [125, 216]},
						{"origin": [-1.05, 19.45, -8.5], "size": [2, 4, 11], "inflate": -1.2, "uv": [124, 198]},
						{"origin": [1.95, 27.95, -10.5], "size": [2, 4, 15], "inflate": -1.2, "pivot": [-4.25, 18.25, -38], "rotation": [0, 0, 90], "uv": [124, 236]},
						{"origin": [1.95, 24.35, -11.5], "size": [2, 6, 17], "inflate": -1.2, "pivot": [-4.25, 18.25, -38], "rotation": [0, 0, 90], "uv": [83, 232]},
						{"origin": [1.95, 29.25, -9.5], "size": [2, 5, 13], "inflate": -1.2, "pivot": [-4.25, 18.25, -38], "rotation": [0, 0, 90], "uv": [125, 216]},
						{"origin": [1.95, 31.05, -8.5], "size": [2, 4, 11], "inflate": -1.2, "pivot": [-4.25, 18.25, -38], "rotation": [0, 0, 90], "uv": [124, 198]},
						{"origin": [-12.55, 19.45, -10.5], "size": [2, 4, 15], "inflate": -1.2, "pivot": [-4.25, 18.25, -38], "rotation": [0, 0, -90], "uv": [124, 236]},
						{"origin": [-12.55, 15.85, -11.5], "size": [2, 6, 17], "inflate": -1.2, "pivot": [-4.25, 18.25, -38], "rotation": [0, 0, -90], "uv": [83, 232]},
						{"origin": [-12.55, 20.75, -9.5], "size": [2, 5, 13], "inflate": -1.2, "pivot": [-4.25, 18.25, -38], "rotation": [0, 0, -90], "uv": [125, 216]},
						{"origin": [-12.55, 22.55, -8.5], "size": [2, 4, 11], "inflate": -1.2, "pivot": [-4.25, 18.25, -38], "rotation": [0, 0, -90], "uv": [124, 198]},
						{"origin": [-9.45, 27.35, -11.5], "size": [2, 6, 17], "inflate": -1.2, "pivot": [-4.25, 18.25, -38], "rotation": [0, 0, -180], "uv": [83, 232]},
						{"origin": [-9.45, 30.95, -10.5], "size": [2, 4, 15], "inflate": -1.2, "pivot": [-4.25, 18.25, -38], "rotation": [0, 0, -180], "uv": [124, 236]},
						{"origin": [-9.45, 32.25, -9.5], "size": [2, 5, 13], "inflate": -1.2, "pivot": [-4.25, 18.25, -38], "rotation": [0, 0, -180], "uv": [125, 216]},
						{"origin": [-9.45, 34.05, -8.5], "size": [2, 4, 11], "inflate": -1.2, "pivot": [-4.25, 18.25, -38], "rotation": [0, 0, -180], "uv": [124, 198]},
						{"origin": [-9.45, 27.35, -11.5], "size": [2, 6, 17], "inflate": -1.2, "pivot": [-4.25, 18.25, -38], "rotation": [0, 0, -180], "uv": [83, 232]},
						{"origin": [-9.45, 30.95, -10.5], "size": [2, 4, 15], "inflate": -1.2, "pivot": [-4.25, 18.25, -38], "rotation": [0, 0, -180], "uv": [124, 236]},
						{"origin": [-9.45, 32.25, -9.5], "size": [2, 5, 13], "inflate": -1.2, "pivot": [-4.25, 18.25, -38], "rotation": [0, 0, -180], "uv": [125, 216]},
						{"origin": [-9.45, 34.05, -8.5], "size": [2, 4, 11], "inflate": -1.2, "pivot": [-4.25, 18.25, -38], "rotation": [0, 0, -180], "uv": [124, 198]},
						{"origin": [-1.05, 12.75, -11.5], "size": [2, 6, 17], "inflate": -1.2, "uv": [83, 232]},
						{"origin": [-1.05, 16.35, -10.5], "size": [2, 4, 15], "inflate": -1.2, "uv": [124, 236]},
						{"origin": [-1.05, 17.65, -9.5], "size": [2, 5, 13], "inflate": -1.2, "uv": [125, 216]},
						{"origin": [-1.05, 19.45, -8.5], "size": [2, 4, 11], "inflate": -1.2, "uv": [124, 198]},
						{"origin": [4, 11, -10], "size": [7, 0, 14], "uv": [14, 58]},
						{"origin": [0, 15, -10], "size": [0, 7, 14], "uv": [68, 0]},
						{"origin": [0, 0, -10], "size": [0, 7, 14], "uv": [56, 67]}
					]
				},
				{
					"name": "tail4",
					"parent": "tail3",
					"pivot": [0, 11, 5],
					"cubes": [
						{"origin": [-3.5, 7.5, 6.8], "size": [7, 7, 5], "inflate": -7.2, "uv": [0, 244]},
						{"origin": [-3.5, 7.5, 5], "size": [7, 7, 9], "uv": [0, 86]}
					]
				},
				{
					"name": "tail5",
					"parent": "tail4",
					"pivot": [0, 11, 14],
					"cubes": [
						{"origin": [-3.5, 7.5, 16.2], "size": [7, 7, 5], "inflate": -7.2, "uv": [0, 244]},
						{"origin": [-3.5, 7.5, 14], "size": [7, 7, 9], "inflate": 0.02, "uv": [75, 81]}
					]
				},
				{
					"name": "tail6",
					"parent": "tail5",
					"pivot": [0, 11, 23],
					"cubes": [
						{"origin": [-14, -3, 21], "size": [28, 28, 20], "inflate": -18.2, "uv": [160, 208]},
						{"origin": [-4, 7, 23], "size": [8, 8, 16], "uv": [32, 34]},
						{"origin": [1.95, 31.05, 25.5], "size": [2, 4, 11], "inflate": -1.2, "pivot": [-4.25, 18.25, -4], "rotation": [0, 0, 90], "uv": [124, 198]},
						{"origin": [1.95, 29.25, 24.5], "size": [2, 5, 13], "inflate": -1.2, "pivot": [-4.25, 18.25, -4], "rotation": [0, 0, 90], "uv": [125, 216]},
						{"origin": [1.95, 27.95, 23.5], "size": [2, 4, 15], "inflate": -1.2, "pivot": [-4.25, 18.25, -4], "rotation": [0, 0, 90], "uv": [124, 236]},
						{"origin": [1.95, 24.35, 22.5], "size": [2, 6, 17], "inflate": -1.2, "pivot": [-4.25, 18.25, -4], "rotation": [0, 0, 90], "uv": [83, 232]},
						{"origin": [-12.55, 20.75, 24.5], "size": [2, 5, 13], "inflate": -1.2, "pivot": [-4.25, 18.25, -4], "rotation": [0, 0, -90], "uv": [125, 216]},
						{"origin": [-12.55, 22.55, 25.5], "size": [2, 4, 11], "inflate": -1.2, "pivot": [-4.25, 18.25, -4], "rotation": [0, 0, -90], "uv": [124, 198]},
						{"origin": [-12.55, 19.45, 23.5], "size": [2, 4, 15], "inflate": -1.2, "pivot": [-4.25, 18.25, -4], "rotation": [0, 0, -90], "uv": [124, 236]},
						{"origin": [-12.55, 15.85, 22.5], "size": [2, 6, 17], "inflate": -1.2, "pivot": [-4.25, 18.25, -4], "rotation": [0, 0, -90], "uv": [83, 232]},
						{"origin": [-1.05, 19.45, 25.5], "size": [2, 4, 11], "inflate": -1.2, "uv": [124, 198]},
						{"origin": [-1.05, 17.65, 24.5], "size": [2, 5, 13], "inflate": -1.2, "uv": [125, 216]},
						{"origin": [-1.05, 16.35, 23.5], "size": [2, 4, 15], "inflate": -1.2, "uv": [124, 236]},
						{"origin": [-1.05, 12.75, 22.5], "size": [2, 6, 17], "inflate": -1.2, "uv": [83, 232]},
						{"origin": [-9.45, 34.05, 25.5], "size": [2, 4, 11], "inflate": -1.2, "pivot": [-4.25, 18.25, -4], "rotation": [0, 0, -180], "uv": [124, 198]},
						{"origin": [-9.45, 32.25, 24.5], "size": [2, 5, 13], "inflate": -1.2, "pivot": [-4.25, 18.25, -4], "rotation": [0, 0, -180], "uv": [125, 216]},
						{"origin": [-9.45, 30.95, 23.5], "size": [2, 4, 15], "inflate": -1.2, "pivot": [-4.25, 18.25, -4], "rotation": [0, 0, -180], "uv": [124, 236]},
						{"origin": [-9.45, 27.35, 22.5], "size": [2, 6, 17], "inflate": -1.2, "pivot": [-4.25, 18.25, -4], "rotation": [0, 0, -180], "uv": [83, 232]},
						{"origin": [0, 0, 24], "size": [0, 7, 14], "uv": [28, 67]},
						{"origin": [0, 15, 24], "size": [0, 7, 14], "uv": [0, 65]},
						{"origin": [4, 11, 24], "size": [7, 0, 14], "uv": [54, 0]},
						{"origin": [-11, 11, 24], "size": [7, 0, 14], "uv": [50, 34]}
					]
				},
				{
					"name": "tail7",
					"parent": "tail6",
					"pivot": [0, 11, 39],
					"cubes": [
						{"origin": [-3.5, 7.5, 40.8], "size": [7, 7, 5], "inflate": -7.2, "uv": [0, 244]},
						{"origin": [-3.5, 7.5, 39], "size": [7, 7, 9], "uv": [80, 38]}
					]
				},
				{
					"name": "tail8",
					"parent": "tail7",
					"pivot": [0, 11, 48],
					"cubes": [
						{"origin": [-3.5, 7.5, 48], "size": [7, 7, 9], "inflate": 0.02, "uv": [79, 65]},
						{"origin": [-3.5, 7.5, 50.2], "size": [7, 7, 5], "inflate": -7.2, "uv": [0, 244]}
					]
				},
				{
					"name": "tail9",
					"parent": "tail8",
					"pivot": [0, 11, 57],
					"cubes": [
						{"origin": [-9.45, 27.35, 56.5], "size": [2, 6, 17], "inflate": -1.2, "pivot": [-4.25, 18.25, 30], "rotation": [0, 0, -180], "uv": [83, 232]},
						{"origin": [-9.45, 30.95, 57.5], "size": [2, 4, 15], "inflate": -1.2, "pivot": [-4.25, 18.25, 30], "rotation": [0, 0, -180], "uv": [124, 236]},
						{"origin": [-9.45, 32.25, 58.5], "size": [2, 5, 13], "inflate": -1.2, "pivot": [-4.25, 18.25, 30], "rotation": [0, 0, -180], "uv": [125, 216]},
						{"origin": [-9.45, 34.05, 59.5], "size": [2, 4, 11], "inflate": -1.2, "pivot": [-4.25, 18.25, 30], "rotation": [0, 0, -180], "uv": [124, 198]},
						{"origin": [-1.05, 12.75, 56.5], "size": [2, 6, 17], "inflate": -1.2, "uv": [83, 232]},
						{"origin": [-1.05, 16.35, 57.5], "size": [2, 4, 15], "inflate": -1.2, "uv": [124, 236]},
						{"origin": [-1.05, 17.65, 58.5], "size": [2, 5, 13], "inflate": -1.2, "uv": [125, 216]},
						{"origin": [-1.05, 19.45, 59.5], "size": [2, 4, 11], "inflate": -1.2, "uv": [124, 198]},
						{"origin": [-12.55, 15.85, 56.5], "size": [2, 6, 17], "inflate": -1.2, "pivot": [-4.25, 18.25, 30], "rotation": [0, 0, -90], "uv": [83, 232]},
						{"origin": [-12.55, 19.45, 57.5], "size": [2, 4, 15], "inflate": -1.2, "pivot": [-4.25, 18.25, 30], "rotation": [0, 0, -90], "uv": [124, 236]},
						{"origin": [-12.55, 22.55, 59.5], "size": [2, 4, 11], "inflate": -1.2, "pivot": [-4.25, 18.25, 30], "rotation": [0, 0, -90], "uv": [124, 198]},
						{"origin": [-12.55, 20.75, 58.5], "size": [2, 5, 13], "inflate": -1.2, "pivot": [-4.25, 18.25, 30], "rotation": [0, 0, -90], "uv": [125, 216]},
						{"origin": [1.95, 24.35, 56.5], "size": [2, 6, 17], "inflate": -1.2, "pivot": [-4.25, 18.25, 30], "rotation": [0, 0, 90], "uv": [83, 232]},
						{"origin": [1.95, 27.95, 57.5], "size": [2, 4, 15], "inflate": -1.2, "pivot": [-4.25, 18.25, 30], "rotation": [0, 0, 90], "uv": [124, 236]},
						{"origin": [1.95, 29.25, 58.5], "size": [2, 5, 13], "inflate": -1.2, "pivot": [-4.25, 18.25, 30], "rotation": [0, 0, 90], "uv": [125, 216]},
						{"origin": [1.95, 31.05, 59.5], "size": [2, 4, 11], "inflate": -1.2, "pivot": [-4.25, 18.25, 30], "rotation": [0, 0, 90], "uv": [124, 198]},
						{"origin": [-4, 7, 57], "size": [8, 8, 16], "uv": [0, 26]},
						{"origin": [0, 0, 58], "size": [0, 7, 14], "uv": [51, 60]},
						{"origin": [0, 15, 58], "size": [0, 7, 14], "uv": [23, 58]},
						{"origin": [4, 11, 58], "size": [7, 0, 14], "uv": [0, 50]},
						{"origin": [-11, 11, 58], "size": [7, 0, 14], "uv": [20, 0]},
						{"origin": [-14, -3, 55], "size": [28, 28, 20], "inflate": -18.2, "uv": [160, 208]}
					]
				},
				{
					"name": "tail10",
					"parent": "tail9",
					"pivot": [0, 11, 73],
					"cubes": [
						{"origin": [-3, 8, 73], "size": [6, 6, 9], "uv": [0, 102]},
						{"origin": [-4, 7, 75], "size": [8, 8, 5], "inflate": -7.5, "uv": [230, 182]}
					]
				},
				{
					"name": "tail11",
					"parent": "tail10",
					"pivot": [0, 11, 82],
					"cubes": [
						{"origin": [-5, 6, 83.5], "size": [10, 10, 5], "inflate": -7.75, "uv": [226, 161]},
						{"origin": [-2.5, 8.5, 82], "size": [5, 5, 9], "uv": [102, 54]}
					]
				},
				{
					"name": "tail_end1",
					"parent": "tail11",
					"pivot": [0, 11, 91],
					"cubes": [
						{"origin": [-1.5, 9, 91], "size": [3, 4, 8], "uv": [30, 104]},
						{"origin": [1, 11, 92], "size": [5, 0, 13], "uv": [65, 34]},
						{"origin": [-6, 11, 92], "size": [5, 0, 13], "uv": [0, 64]},
						{"origin": [-4.5, 10, 90.5], "size": [5, 2, 14], "inflate": -1.1, "uv": [128, 121]},
						{"origin": [-5.4, 10, 92.5], "size": [4, 2, 13], "inflate": -1.1, "uv": [130, 140]},
						{"origin": [-6.5, 10, 94.5], "size": [4, 2, 11], "inflate": -1.1, "uv": [133, 157]},
						{"origin": [-7.3, 10, 97.5], "size": [4, 2, 9], "inflate": -1.1, "uv": [134, 171]},
						{"origin": [-14.5, 6, 90.5], "size": [5, 2, 14], "inflate": -1.1, "pivot": [-5, 9, 65], "rotation": [0, 0, -180], "uv": [128, 121]},
						{"origin": [-15.4, 6, 92.5], "size": [4, 2, 13], "inflate": -1.1, "pivot": [-5, 9, 65], "rotation": [0, 0, -180], "uv": [130, 140]},
						{"origin": [-16.5, 6, 94.5], "size": [4, 2, 11], "inflate": -1.1, "pivot": [-5, 9, 65], "rotation": [0, 0, -180], "uv": [133, 157]},
						{"origin": [-17.3, 6, 97.5], "size": [4, 2, 9], "inflate": -1.1, "pivot": [-5, 9, 65], "rotation": [0, 0, -180], "uv": [134, 171]},
						{"origin": [-5.5, 6, 92.2], "size": [11, 10, 5], "inflate": -7.1, "uv": [224, 138]}
					]
				},
				{
					"name": "tail_end2",
					"parent": "tail_end1",
					"pivot": [0, 11, 99],
					"cubes": [
						{"origin": [-1, 9.5, 99], "size": [2, 3, 7], "uv": [0, 0]},
						{"origin": [-6.5, 5, 98.7], "size": [13, 12, 7], "inflate": -7.75, "uv": [216, 136]}
					]
				}
			]
		}
	]
}