{
	"format_version": "1.12.0",
	"minecraft:geometry": [
		{
			"description": {
				"identifier": "geometry.squirtle",
				"texture_width": 128,
				"texture_height": 64,
				"visible_bounds_width": 3,
				"visible_bounds_height": 2.5,
				"visible_bounds_offset": [0, 0.75, 0]
			},
			"bones": [
				{
					"name": "squirtle",
					"pivot": [0, 0, 0]
				},
				{
					"name": "body",
					"parent": "squirtle",
					"pivot": [0, 8, 0]
				},
				{
					"name": "body2",
					"parent": "body",
					"pivot": [0, 8, 0]
				},
				{
					"name": "torso",
					"parent": "body2",
					"pivot": [0, 5, -1],
					"cubes": [
						{"origin": [-4.5, 3, -4], "size": [9, 9, 8], "inflate": -0.001, "uv": [0, 0]},
						{"origin": [-5.5, 2.5, 0], "size": [11, 10, 5], "inflate": -0.001, "uv": [47, 0]},
						{"origin": [4.25, 10.55, 1.7], "size": [2, 5, 2], "inflate": -0.001, "pivot": [5.25, 12.05, 2.7], "rotation": [12, 0, 27.75], "uv": [70, 22]},
						{"origin": [3.75, 12.525, 1.2], "size": [3, 3, 3], "inflate": -0.001, "pivot": [5.25, 12.05, 2.7], "rotation": [12, 0, 27.75], "uv": [61, 16]},
						{"origin": [-6.75, 12.525, 1.2], "size": [3, 3, 3], "inflate": -0.001, "pivot": [-5.25, 12.05, 2.7], "rotation": [12, 0, -27.75], "uv": [61, 16], "mirror": true},
						{"origin": [-6.25, 10.55, 1.7], "size": [2, 5, 2], "inflate": -0.001, "pivot": [-5.25, 12.05, 2.7], "rotation": [12, 0, -27.75], "uv": [70, 22], "mirror": true}
					]
				},
				{
					"name": "neck",
					"parent": "torso",
					"pivot": [0, 13, 1.5]
				},
				{
					"name": "head",
					"parent": "torso",
					"pivot": [0, 12, -1]
				},
				{
					"name": "head_ai",
					"parent": "head",
					"pivot": [0, 12, -1]
				},
				{
					"name": "head_rotation",
					"parent": "head_ai",
					"pivot": [0, 15, -1.5],
					"cubes": [
						{"origin": [1.7596, 18.55, -1.45164], "size": [5, 4, 0], "pivot": [4.2596, 20.55, -1.45164], "rotation": [-3.61012, -60.05516, 29.76119], "uv": [0, 45]},
						{"origin": [-6.7596, 18.55, -1.45164], "size": [5, 4, 0], "pivot": [-4.2596, 20.55, -1.45164], "rotation": [-3.61012, 60.05516, -29.76119], "uv": [0, 45], "mirror": true},
						{"origin": [-4, 12, -5.5], "size": [8, 7, 7], "uv": [0, 17]},
						{"origin": [-4.5, 11.975, -6], "size": [0, 8, 8], "uv": [11, 48]},
						{"origin": [4.5, 11.975, -6], "size": [0, 8, 8], "uv": [11, 48]},
						{"origin": [-4.5, 19.975, -6], "size": [9, 0, 8], "uv": [2, 47]},
						{"origin": [-4.5, 11.975, -6], "size": [9, 0, 8], "uv": [21, 47]},
						{"origin": [2.5, 6.975, -4.4], "size": [1, 5, 0], "uv": [49, 46]},
						{"origin": [-3.5, 6.975, -4.4], "size": [1, 5, 0], "uv": [49, 46], "mirror": true},
						{"origin": [-4.5, 11.975, 2], "size": [9, 8, 0], "uv": [28, 56]},
						{"origin": [-4.5, 11.975, -6], "size": [9, 8, 0], "uv": [47, 56]}
					]
				},
				{
					"name": "lips",
					"parent": "head_rotation",
					"pivot": [0, 12.25, -2],
					"cubes": [
						{"origin": [-1, 12.25, -5.5], "size": [2, 1, 0], "inflate": 0.02, "uv": [0, 0]},
						{"origin": [-4, 12.75, -5.5], "size": [8, 2, 7], "inflate": 0.02, "uv": [23, 24]}
					]
				},
				{
					"name": "eyes",
					"parent": "head_rotation",
					"pivot": [0, 15.5, -5.5]
				},
				{
					"name": "eye_right",
					"parent": "eyes",
					"pivot": [-2.51, 15.5, -4.51],
					"cubes": [
						{"origin": [-3.51, 14, -5.51], "size": [2, 3, 2], "uv": [40, 0]},
						{"origin": [-2.51, 16, -5.53], "size": [1, 1, 0], "uv": [46, 34], "mirror": true},
						{"origin": [-3.01, 14.5, -5.52], "size": [1, 2, 0], "uv": [43, 43], "mirror": true}
					]
				},
				{
					"name": "eyelid_right",
					"parent": "eye_right",
					"pivot": [-2.41, 15.5, -4.41],
					"cubes": [
						{"origin": [-3.41, 14, -5.44], "size": [2, 3, 2], "inflate": 0.01, "uv": [24, 39]},
						{"origin": [-3.91, 14, -5.43], "size": [1, 2, 0], "inflate": 0.01, "uv": [3, 1]}
					]
				},
				{
					"name": "eye_left",
					"parent": "eyes",
					"pivot": [2.51, 15.5, -4.51],
					"cubes": [
						{"origin": [1.51, 14, -5.51], "size": [2, 3, 2], "uv": [40, 37]},
						{"origin": [1.51, 16, -5.53], "size": [1, 1, 0], "uv": [46, 33]},
						{"origin": [2.01, 14.5, -5.52], "size": [1, 2, 0], "uv": [41, 43]}
					]
				},
				{
					"name": "eyelid_left",
					"parent": "eye_left",
					"pivot": [2.41, 15.5, -4.41],
					"cubes": [
						{"origin": [2.91, 14, -5.43], "size": [1, 2, 0], "inflate": 0.01, "uv": [5, 0]},
						{"origin": [1.41, 14, -5.44], "size": [2, 3, 2], "inflate": 0.01, "uv": [32, 39]}
					]
				},
				{
					"name": "mouth",
					"parent": "head_rotation",
					"pivot": [1, 12.615, -5.41],
					"cubes": [
						{"origin": [-3.5, 12.1, -5.4], "size": [7, 1, 1], "inflate": 0.01, "uv": [35, 20]}
					]
				},
				{
					"name": "tail",
					"parent": "torso",
					"pivot": [0, 3, 0.5],
					"cubes": [
						{"origin": [0, 1.25, 0.5], "size": [0, 4, 4], "uv": [0, 0]}
					]
				},
				{
					"name": "tail_bend",
					"parent": "tail",
					"pivot": [0, 1.25, 4.5],
					"cubes": [
						{"origin": [0, 1.25, 4.5], "size": [0, 7, 6], "uv": [23, 11]}
					]
				},
				{
					"name": "arm_left",
					"parent": "torso",
					"pivot": [4.5, 11.5, -1],
					"cubes": [
						{"origin": [3, 8.5, -2.5], "size": [4, 3, 3], "inflate": 0.03, "uv": [28, 33]},
						{"origin": [4.5, 8.5, -2.5], "size": [1, 3, 3], "inflate": 0.1, "uv": [63, 29]}
					]
				},
				{
					"name": "elbow_left",
					"parent": "arm_left",
					"pivot": [7, 11.5, 0.5],
					"cubes": [
						{"origin": [7, 8.5, -2.5], "size": [3, 3, 3], "inflate": 0.01, "uv": [35, 14]},
						{"origin": [7, 8.5, -2.5], "size": [2, 3, 3], "inflate": 0.03, "uv": [49, 22]}
					]
				},
				{
					"name": "fingers_left",
					"parent": "elbow_left",
					"pivot": [13, 13.5, 0],
					"cubes": [
						{"origin": [10, 9.25, 0], "size": [1, 1, 0], "pivot": [10, 9.75, 0], "rotation": [-25, 0, 0], "uv": [2, 18]},
						{"origin": [10, 10.25, -1.25], "size": [1, 1, 0], "pivot": [10, 10.75, -1.25], "rotation": [-47.5, 0, 0], "uv": [0, 18]},
						{"origin": [10, 9.25, -2.5], "size": [1, 0, 1], "pivot": [10, 9.25, -2], "rotation": [32.5, 0, 0], "uv": [0, 2]}
					]
				},
				{
					"name": "arm_right",
					"parent": "torso",
					"pivot": [-4.5, 11.5, -1],
					"cubes": [
						{"origin": [-7, 8.5, -2.5], "size": [4, 3, 3], "inflate": 0.03, "uv": [14, 33]},
						{"origin": [-5.5, 8.5, -2.5], "size": [1, 3, 3], "inflate": 0.1, "uv": [50, 29]}
					]
				},
				{
					"name": "elbow_right",
					"parent": "arm_right",
					"pivot": [-7, 11.5, 0.5],
					"cubes": [
						{"origin": [-10, 8.5, -2.5], "size": [3, 3, 3], "inflate": 0.01, "uv": [34, 8]},
						{"origin": [-9, 8.5, -2.5], "size": [2, 3, 3], "inflate": 0.03, "uv": [49, 16]}
					]
				},
				{
					"name": "fingers_right",
					"parent": "elbow_right",
					"pivot": [-13, 13.5, 0],
					"cubes": [
						{"origin": [-11, 9.25, 0], "size": [1, 1, 0], "pivot": [-10, 9.75, 0], "rotation": [-25, 0, 0], "uv": [4, 17]},
						{"origin": [-11, 10.25, -1.25], "size": [1, 1, 0], "pivot": [-10, 10.75, -1.25], "rotation": [-47.5, 0, 0], "uv": [2, 17]},
						{"origin": [-11, 9.25, -2.5], "size": [1, 0, 1], "pivot": [-10, 9.25, -2], "rotation": [32.5, 0, 0], "uv": [0, 1]}
					]
				},
				{
					"name": "leg_left",
					"parent": "body2",
					"pivot": [4, 5, -1],
					"cubes": [
						{"origin": [2.5, 2, -3], "size": [3, 4, 4], "inflate": 0.01, "uv": [0, 31]}
					]
				},
				{
					"name": "knee_left",
					"parent": "leg_left",
					"pivot": [4, 2, -3],
					"cubes": [
						{"origin": [2.5, 0, -3], "size": [3, 2, 3], "uv": [12, 39]},
						{"origin": [3, 0, -4], "size": [2, 1, 1], "uv": [48, 52]}
					]
				},
				{
					"name": "leg_right",
					"parent": "body2",
					"pivot": [-4, 5, -1],
					"cubes": [
						{"origin": [-5.5, 2, -3], "size": [3, 4, 4], "inflate": 0.01, "uv": [0, 31], "mirror": true}
					]
				},
				{
					"name": "knee_right",
					"parent": "leg_right",
					"pivot": [-4, 2, -3],
					"cubes": [
						{"origin": [-5.5, 0, -3], "size": [3, 2, 3], "uv": [12, 39], "mirror": true},
						{"origin": [-5, 0, -4], "size": [2, 1, 1], "uv": [48, 52], "mirror": true}
					]
				}
			]
		}
	]
}