{
	"format_version": "1.12.0",
	"minecraft:geometry": [
		{
			"description": {
				"identifier": "geometry.espeon",
				"texture_width": 128,
				"texture_height": 128,
				"visible_bounds_width": 6,
				"visible_bounds_height": 3.5,
				"visible_bounds_offset": [0, 1.25, 0]
			},
			"bones": [
				{
					"name": "espeon",
					"pivot": [0, 0, 0]
				},
				{
					"name": "body",
					"parent": "espeon",
					"pivot": [0, 10.25, 0]
				},
				{
					"name": "torso",
					"parent": "body",
					"pivot": [0, 10.25, 0],
					"cubes": [
						{"origin": [-3.5, 7.25, -7], "size": [7, 6, 14], "inflate": -0.01, "uv": [0, 2]}
					]
				},
				{
					"name": "head",
					"parent": "torso",
					"pivot": [0, 13.25, -6],
					"cubes": [
						{"origin": [-3.5, 10.75, -11], "size": [7, 7, 6], "uv": [1, 23]},
						{"origin": [-4.5, 9.75, -16.75], "size": [9, 11, 12], "inflate": -7, "uv": [69, 2]},
						{"origin": [-0.5, 17, -12.015], "size": [1, 1, 1], "inflate": -0.01, "uv": [18, 44]},
						{"origin": [0.75, 15.25, -7.5], "size": [8, 10, 0], "pivot": [4, 20.75, -7.5], "rotation": [-17.10967, 3.73171, 11.93845], "uv": [22, 53]},
						{"origin": [-8.75, 15.25, -7.5], "size": [8, 10, 0], "pivot": [-4, 20.75, -7.5], "rotation": [-17.10967, -3.73171, -11.93845], "uv": [22, 53], "mirror": true},
						{"origin": [1.5, 8.75, -6], "size": [11, 7, 0], "pivot": [8.5, 13.5, -7], "rotation": [17.5, -17.5, 17.5], "uv": [42, 19]},
						{"origin": [-12.5, 8.75, -6], "size": [11, 7, 0], "pivot": [-8.5, 13.5, -7], "rotation": [17.5, 17.5, -17.5], "uv": [42, 19], "mirror": true}
					]
				},
				{
					"name": "skull",
					"parent": "head",
					"pivot": [0, 14.625, -11.75],
					"cubes": [
						{"origin": [-2, 12, -11.75], "size": [4, 1, 2], "uv": [40, 61]},
						{"origin": [-2.5, 17.25, -11.75], "size": [5, 1, 2], "uv": [37, 49]},
						{"origin": [-3.25, 11.52942, -11.94891], "size": [2, 2, 1], "inflate": -0.1, "pivot": [-2, 11.90442, -11.69891], "rotation": [-7, 2, 15], "uv": [42, 35]},
						{"origin": [1.07773, 11.53593, -11.86608], "size": [2, 2, 1], "inflate": -0.1, "pivot": [2.07773, 12.53593, -11.36608], "rotation": [-7, -2, -15], "uv": [42, 35], "mirror": true},
						{"origin": [-3.5, 12.75, -11.75], "size": [7, 5, 2], "inflate": 0.01, "uv": [32, 40]},
						{"origin": [-2.5, 13.75, -11.75], "size": [5, 3, 2], "uv": [30, 9]},
						{"origin": [-1, 11.06205, -12.19678], "size": [2, 2, 1], "inflate": -0.1, "pivot": [0, 11.93705, -11.94678], "rotation": [-12.5, 0, 0], "uv": [42, 35]},
						{"origin": [-2.5, 13.625, -11.5], "size": [5, 4, 2], "inflate": -0.01, "uv": [10, 37]}
					]
				},
				{
					"name": "eye",
					"parent": "skull",
					"pivot": [0, 15.375, -10.5],
					"cubes": [
						{"origin": [-1, 14.375, -11.5], "size": [2, 2, 2], "uv": [13, 49]}
					]
				},
				{
					"name": "mouth",
					"parent": "head",
					"pivot": [0, 11.26, -12.41]
				},
				{
					"name": "ear_left",
					"parent": "head",
					"pivot": [3.75, 17.25, -8.5],
					"rotation": [22.5, -10, -32.5]
				},
				{
					"name": "ear_right",
					"parent": "head",
					"pivot": [-3.75, 17.25, -8.5],
					"rotation": [22.5, 10, 32.5]
				},
				{
					"name": "fur_left",
					"parent": "head",
					"pivot": [3.5, 14.5, -8.5],
					"rotation": [2.5, -7.5, 12.5]
				},
				{
					"name": "fur_right",
					"parent": "head",
					"pivot": [-3.5, 14.5, -8.5],
					"rotation": [2.5, 7.5, -12.5]
				},
				{
					"name": "tail",
					"parent": "torso",
					"pivot": [0, 10, 7],
					"cubes": [
						{"origin": [0, 10, 7], "size": [0, 2, 4], "inflate": 0.01, "uv": [0, 33]}
					]
				},
				{
					"name": "tail2",
					"parent": "tail",
					"pivot": [0, 10, 11],
					"cubes": [
						{"origin": [0, 10, 11], "size": [0, 2, 4], "uv": [0, 36]}
					]
				},
				{
					"name": "tail3",
					"parent": "tail2",
					"pivot": [0, 10, 15],
					"cubes": [
						{"origin": [-4, 7.125, 18], "size": [8, 8, 0], "uv": [48, 53]},
						{"origin": [0, 10, 15], "size": [0, 2, 4], "inflate": 0.01, "uv": [0, 39]}
					]
				},
				{
					"name": "tail4",
					"parent": "tail3",
					"pivot": [0, 12, 19],
					"cubes": [
						{"origin": [-4, 7.125, 21], "size": [8, 8, 0], "uv": [48, 53]},
						{"origin": [0, 10, 19], "size": [0, 2, 4], "uv": [0, 42]}
					]
				},
				{
					"name": "tail5",
					"parent": "tail4",
					"pivot": [0, 12, 23],
					"cubes": [
						{"origin": [0, 10, 23], "size": [0, 2, 5], "inflate": 0.01, "uv": [0, 44]}
					]
				},
				{
					"name": "tail6",
					"parent": "tail5",
					"pivot": [0, 12, 28],
					"cubes": [
						{"origin": [0, 10, 28], "size": [0, 2, 4], "uv": [0, 51]}
					]
				},
				{
					"name": "tail7",
					"parent": "tail5",
					"pivot": [0, 11, 23.5],
					"rotation": [-40, 0, 0],
					"cubes": [
						{"origin": [0, 10, 23.5], "size": [0, 2, 5], "uv": [0, 47]}
					]
				},
				{
					"name": "tail8",
					"parent": "tail7",
					"pivot": [0, 12, 28.5],
					"cubes": [
						{"origin": [0, 10, 28.5], "size": [0, 2, 3], "inflate": 0.01, "uv": [0, 55]}
					]
				},
				{
					"name": "leg_front_left",
					"parent": "body",
					"pivot": [2.5, 9, -4.5],
					"rotation": [7.5, 0, 0],
					"cubes": [
						{"origin": [1, 4.5, -6], "size": [3, 6, 3], "inflate": 0.01, "uv": [0, 0]}
					]
				},
				{
					"name": "leg_front_left2",
					"parent": "leg_front_left",
					"pivot": [2.5, 4.5, -3],
					"rotation": [-22.5, 0, 0],
					"cubes": [
						{"origin": [1, 0.5, -6], "size": [3, 4, 3], "uv": [52, 0]}
					]
				},
				{
					"name": "leg_front_left3",
					"parent": "leg_front_left2",
					"pivot": [2.5, 1, -4.5],
					"rotation": [15, 0, 0],
					"cubes": [
						{"origin": [1, -0.75, -6.25], "size": [3, 2, 3], "inflate": 0.01, "uv": [52, 11]}
					]
				},
				{
					"name": "leg_front_right",
					"parent": "body",
					"pivot": [-2.5, 9, -4.5],
					"rotation": [7.5, 0, 0],
					"cubes": [
						{"origin": [-4, 4.5, -6], "size": [3, 6, 3], "inflate": 0.01, "uv": [0, 0], "mirror": true}
					]
				},
				{
					"name": "leg_front_right2",
					"parent": "leg_front_right",
					"pivot": [-2.5, 4.5, -3],
					"rotation": [-22.5, 0, 0],
					"cubes": [
						{"origin": [-4, 0.5, -6], "size": [3, 4, 3], "uv": [52, 0], "mirror": true}
					]
				},
				{
					"name": "leg_front_right3",
					"parent": "leg_front_right2",
					"pivot": [-2.5, 1, -4.5],
					"rotation": [15, 0, 0],
					"cubes": [
						{"origin": [-4, -0.75, -6.25], "size": [3, 2, 3], "inflate": 0.01, "uv": [52, 11], "mirror": true}
					]
				},
				{
					"name": "leg_back_left",
					"parent": "body",
					"pivot": [2.5, 9, 4.75],
					"rotation": [5, 0, 0],
					"cubes": [
						{"origin": [1, 4.5, 2.75], "size": [3, 6, 4], "inflate": 0.01, "uv": [50, 31]}
					]
				},
				{
					"name": "leg_back_left2",
					"parent": "leg_back_left",
					"pivot": [2.5, 4.5, 6.25],
					"rotation": [-12.5, 0, 0],
					"cubes": [
						{"origin": [1, 0.75, 4.25], "size": [3, 4, 3], "uv": [52, 45]}
					]
				},
				{
					"name": "leg_back_left3",
					"parent": "leg_back_left2",
					"pivot": [2.5, 1.25, 5.75],
					"rotation": [7.5, 0, 0],
					"cubes": [
						{"origin": [1, -0.25, 4], "size": [3, 2, 3], "inflate": 0.01, "uv": [0, 10]}
					]
				},
				{
					"name": "leg_back_right",
					"parent": "body",
					"pivot": [-2.5, 9, 4.75],
					"rotation": [5, 0, 0],
					"cubes": [
						{"origin": [-4, 4.5, 2.75], "size": [3, 6, 4], "inflate": 0.01, "uv": [50, 31], "mirror": true}
					]
				},
				{
					"name": "leg_back_right2",
					"parent": "leg_back_right",
					"pivot": [-2.5, 4.5, 6.25],
					"rotation": [-12.5, 0, 0],
					"cubes": [
						{"origin": [-4, 0.75, 4.25], "size": [3, 4, 3], "uv": [52, 45], "mirror": true}
					]
				},
				{
					"name": "leg_back_right3",
					"parent": "leg_back_right2",
					"pivot": [-2.5, 1.25, 5.75],
					"rotation": [7.5, 0, 0],
					"cubes": [
						{"origin": [-4, -0.25, 4], "size": [3, 2, 3], "inflate": 0.01, "uv": [0, 10], "mirror": true}
					]
				}
			]
		}
	]
}