{
	"format_version": "1.12.0",
	"minecraft:geometry": [
		{
			"description": {
				"identifier": "geometry.mew",
				"texture_width": 64,
				"texture_height": 64,
				"visible_bounds_width": 7,
				"visible_bounds_height": 3.5,
				"visible_bounds_offset": [0, 1.25, 0]
			},
			"bones": [
				{
					"name": "mew",
					"pivot": [0, 0, 0]
				},
				{
					"name": "body",
					"parent": "mew",
					"pivot": [0, 10, 0]
				},
				{
					"name": "torso",
					"parent": "body",
					"pivot": [0, 4.5, 0],
					"cubes": [
						{"origin": [-2.5, 2, -2], "size": [5, 6, 4], "uv": [46, 0]}
					]
				},
				{
					"name": "torso2",
					"parent": "torso",
					"pivot": [0, 8, 2],
					"cubes": [
						{"origin": [-2, 8, -2], "size": [4, 4, 4], "uv": [26, 9]}
					]
				},
				{
					"name": "arm_left",
					"parent": "torso2",
					"pivot": [2, 10.25, -0.25],
					"cubes": [
						{"origin": [1.5, 9.75, -1.25], "size": [5, 1, 2], "uv": [42, 11]}
					]
				},
				{
					"name": "arm_right",
					"parent": "torso2",
					"pivot": [-2, 10.25, -0.25],
					"cubes": [
						{"origin": [-6.5, 9.75, -1.25], "size": [5, 1, 2], "uv": [26, 17]}
					]
				},
				{
					"name": "head",
					"parent": "torso2",
					"pivot": [0, 11.5, 0],
					"cubes": [
						{"origin": [-4, 11.5, -4], "size": [8, 6, 7], "uv": [0, 0]},
						{"origin": [-5, 16.5, -5], "size": [10, 6, 9], "uv": [0, 32]},
						{"origin": [-3, 16.5, -5.1], "size": [6, 6, 0], "uv": [0, 47]},
						{"origin": [-3, 9, -12.1], "size": [6, 6, 0], "pivot": [0, 11.5, -1], "rotation": [-90, 0, 0], "uv": [0, 47]},
						{"origin": [-2.5, 16.5, -6.1], "size": [6, 6, 0], "pivot": [0, 11.5, -1], "rotation": [0, -90, 0], "uv": [0, 47]},
						{"origin": [-3.5, 16.5, -6.1], "size": [6, 6, 0], "pivot": [0, 11.5, -1], "rotation": [0, 90, 0], "uv": [0, 47]},
						{"origin": [-3, 16.5, -6.1], "size": [6, 6, 0], "pivot": [0, 11.5, -1], "rotation": [0, 180, 0], "uv": [0, 47]},
						{"origin": [2, 16, -1.25], "size": [2, 3, 3], "pivot": [2, 17.5, 0.25], "rotation": [-45, 0, 20], "uv": [22, 24]},
						{"origin": [-4, 16, -1.25], "size": [2, 3, 3], "pivot": [-2, 17.5, 0.25], "rotation": [-45, 0, -20], "uv": [0, 23]}
					]
				},
				{
					"name": "snout",
					"parent": "head",
					"pivot": [0, 14, -4],
					"rotation": [15, 0, 0],
					"cubes": [
						{"origin": [-2, 12, -6], "size": [4, 2, 2], "uv": [38, 0]}
					]
				},
				{
					"name": "ear_left",
					"parent": "head",
					"pivot": [1.75, 17.5, 0],
					"rotation": [0, 0, 22.5],
					"cubes": [
						{"origin": [2.25, 16.5, -1.5], "size": [2, 3, 3], "uv": [32, 29]}
					]
				},
				{
					"name": "ear_right",
					"parent": "head",
					"pivot": [-1.75, 17.5, 0],
					"rotation": [0, 0, -22.5],
					"cubes": [
						{"origin": [-4.25, 16.5, -1.5], "size": [2, 3, 3], "uv": [32, 29], "mirror": true}
					]
				},
				{
					"name": "eye_left",
					"parent": "head",
					"pivot": [3.01, 14.5, -2.51],
					"cubes": [
						{"origin": [2.01, 13, -4.01], "size": [2, 3, 2], "uv": [13, 13]}
					]
				},
				{
					"name": "eyelid_left",
					"parent": "eye_left",
					"pivot": [2.91, 14.5, -2.41],
					"cubes": [
						{"origin": [1.91, 13, -3.91], "size": [2, 3, 2], "inflate": 0.01, "uv": [56, 24]}
					]
				},
				{
					"name": "eye_right",
					"parent": "head",
					"pivot": [-3.01, 14.5, -2.51],
					"cubes": [
						{"origin": [-4.01, 13, -4.01], "size": [2, 3, 2], "uv": [0, 13]}
					]
				},
				{
					"name": "eyelid_right",
					"parent": "eye_right",
					"pivot": [-2.81, 14.5, -2.31],
					"cubes": [
						{"origin": [-3.91, 13, -3.91], "size": [2, 3, 2], "inflate": 0.01, "uv": [56, 19], "mirror": true}
					]
				},
				{
					"name": "tail",
					"parent": "torso",
					"pivot": [0, 3.75, 1.5],
					"cubes": [
						{"origin": [0, 2.75, 1.5], "size": [0, 2, 6], "inflate": 0.001, "uv": [10, 18]}
					]
				},
				{
					"name": "tail2",
					"parent": "tail",
					"pivot": [0, 2.75, 7.5],
					"cubes": [
						{"origin": [0, 2.75, 7.5], "size": [0, 2, 5], "uv": [54, 25]}
					]
				},
				{
					"name": "tail3",
					"parent": "tail2",
					"pivot": [0, 2.75, 12.5],
					"cubes": [
						{"origin": [0, 2.75, 12.5], "size": [0, 2, 6], "inflate": 0.001, "uv": [10, 20]}
					]
				},
				{
					"name": "tail4",
					"parent": "tail3",
					"pivot": [0, 4.75, 18.5],
					"cubes": [
						{"origin": [0, 2.75, 18.5], "size": [0, 2, 5], "uv": [44, 25]}
					]
				},
				{
					"name": "tail5",
					"parent": "tail4",
					"pivot": [0, 4.75, 23.5],
					"cubes": [
						{"origin": [0, 2.75, 23.5], "size": [0, 2, 5], "inflate": 0.001, "uv": [34, 25]}
					]
				},
				{
					"name": "tail6",
					"parent": "tail5",
					"pivot": [0, 4.75, 28.5],
					"cubes": [
						{"origin": [0, 2.75, 28.5], "size": [0, 2, 5], "uv": [26, 15]}
					]
				},
				{
					"name": "tail7",
					"parent": "tail6",
					"pivot": [-0.5, 4.25, 32.5],
					"cubes": [
						{"origin": [-0.5, 2.25, 32.5], "size": [1, 3, 8], "uv": [35, 14]}
					]
				},
				{
					"name": "leg_left",
					"parent": "body",
					"pivot": [3, 4.5, 0],
					"cubes": [
						{"origin": [2, 1, -2], "size": [2, 5, 4], "inflate": 0.02, "uv": [52, 10]}
					]
				},
				{
					"name": "foot_left",
					"parent": "leg_left",
					"pivot": [3, 1.25, -0.5],
					"cubes": [
						{"origin": [2, 0, -7.5], "size": [2, 1, 9], "uv": [13, 14]}
					]
				},
				{
					"name": "leg_right",
					"parent": "body",
					"pivot": [-3, 4.5, 0],
					"cubes": [
						{"origin": [-4, 1, -2], "size": [2, 5, 4], "inflate": 0.02, "uv": [30, 0]}
					]
				},
				{
					"name": "foot_right",
					"parent": "leg_right",
					"pivot": [-3, 1.25, -0.5],
					"cubes": [
						{"origin": [-4, 0, -7.5], "size": [2, 1, 9], "uv": [0, 13]}
					]
				}
			]
		}
	]
}