{
	"format_version": "1.12.0",
	"minecraft:geometry": [
		{
			"description": {
				"identifier": "geometry.poliwag",
				"texture_width": 64,
				"texture_height": 64,
				"visible_bounds_width": 4,
				"visible_bounds_height": 2.5,
				"visible_bounds_offset": [0, 0.75, 0]
			},
			"bones": [
				{
					"name": "poliwag",
					"pivot": [0, 0, 0]
				},
				{
					"name": "body",
					"parent": "poliwag",
					"pivot": [0, 7, 0.25]
				},
				{
					"name": "torso",
					"parent": "body",
					"pivot": [0, 3, 1],
					"cubes": [
						{"origin": [-5, 2, -3.75], "size": [10, 10, 8], "uv": [0, 0]},
						{"origin": [-3, 12, -2.75], "size": [6, 2, 6], "uv": [1, 22]},
						{"origin": [-3, 16, -3.75], "size": [6, 5, 7], "uv": [0, 22]},
						{"origin": [-2, 17, -3.55], "size": [4, 3, 0], "inflate": 0.25, "uv": [16, 19]},
						{"origin": [-2, 14, -1.75], "size": [4, 5, 4], "uv": [0, 25]},
						{"origin": [-3.5, 2, -3.751], "size": [7, 5, 0], "uv": [36, 14]},
						{"origin": [-1.5, 7.5, -4.5], "size": [3, 2, 1], "pivot": [0, 8.375, -4.4125], "rotation": [-2.5, 0, 0], "uv": [0, 0]},
						{"origin": [-1, 8.25, -4.501], "size": [2, 1, 0], "pivot": [0, 8.375, -4.4125], "rotation": [-2.5, 0, 0], "uv": [29, 6]}
					]
				},
				{
					"name": "arm1",
					"parent": "torso",
					"pivot": [0.25, 4.75, 4],
					"rotation": [0, -90, 35],
					"cubes": [
						{"origin": [-8.75, 11.75, 3.25], "size": [13, 2, 2], "pivot": [-1.75, 11.5, 16], "rotation": [0, 0, 107.5], "uv": [0, 34]},
						{"origin": [-10.75, 16.75, 3.25], "size": [13, 2, 2], "inflate": 0.25, "uv": [0, 34]},
						{"origin": [3, 16.75, 0.7], "size": [2, 2, 0], "pivot": [-1.75, 25.75, 10], "rotation": [0, 90, 0], "uv": [16, 19]}
					]
				},
				{
					"name": "arm2",
					"parent": "torso",
					"pivot": [0.25, 4.75, 4],
					"rotation": [0, -90, -35],
					"cubes": [
						{"origin": [-8.75, 11.75, 3.25], "size": [13, 2, 2], "pivot": [-1.75, 11.5, 16], "rotation": [0, 0, 107.5], "uv": [0, 34]},
						{"origin": [-10.75, 16.75, 3.25], "size": [13, 2, 2], "inflate": 0.25, "uv": [0, 34]},
						{"origin": [3, 16.75, 0.7], "size": [2, 2, 0], "pivot": [-1.75, 25.75, 10], "rotation": [0, 90, 0], "uv": [16, 19]}
					]
				},
				{
					"name": "eyes",
					"parent": "torso",
					"pivot": [0, 10.275, -3.775]
				},
				{
					"name": "eye_left",
					"parent": "eyes",
					"pivot": [2.75, 10.275, -3.775],
					"cubes": [
						{"origin": [1.25, 8.775, -3.751], "size": [3, 3, 0], "pivot": [2.75, 10.275, -3.775], "rotation": [0, 0, -2.5], "uv": [58, 14]}
					]
				},
				{
					"name": "eyelid_left",
					"parent": "eye_left",
					"pivot": [2.75, 10.275, -3.775],
					"cubes": [
						{"origin": [1.25, 8.775, -3.651], "size": [3, 3, 1], "inflate": 0.01, "pivot": [2.75, 10.275, -3.175], "rotation": [0, 0, -2.5], "uv": [0, 18]}
					]
				},
				{
					"name": "eye_right",
					"parent": "eyes",
					"pivot": [-2.75, 10.275, -3.775],
					"cubes": [
						{"origin": [-4.25, 8.775, -3.751], "size": [3, 3, 0], "pivot": [-2.75, 10.275, -3.775], "rotation": [0, 0, 2.5], "uv": [58, 17], "mirror": true}
					]
				},
				{
					"name": "eyelid_right",
					"parent": "eye_right",
					"pivot": [-2.75, 10.275, -3.775],
					"cubes": [
						{"origin": [-4.25, 8.775, -3.651], "size": [3, 3, 1], "inflate": 0.01, "pivot": [-2.75, 10.275, -3.175], "rotation": [0, 0, 2.5], "uv": [8, 18], "mirror": true}
					]
				},
				{
					"name": "tail1",
					"parent": "torso",
					"pivot": [0, 2.75, 4.25],
					"cubes": [
						{"origin": [-2.5, 2.75, 4.25], "size": [5, 0, 5], "uv": [48, 9]}
					]
				},
				{
					"name": "tail2",
					"parent": "tail1",
					"pivot": [0, 2.75, 9.25],
					"cubes": [
						{"origin": [-3.5, 2.75, 9.25], "size": [7, 0, 5], "uv": [45, 4]}
					]
				},
				{
					"name": "tail3",
					"parent": "tail2",
					"pivot": [0, 2.75, 14.25],
					"cubes": [
						{"origin": [-3.5, 2.75, 14.25], "size": [7, 0, 4], "uv": [46, 0]}
					]
				},
				{
					"name": "leg_right",
					"parent": "body",
					"pivot": [-2.25, 2, 1.25],
					"rotation": [0, 10, 0],
					"cubes": [
						{"origin": [-2.75, 0.5, 0.25], "size": [1, 3, 2], "uv": [0, 3]}
					]
				},
				{
					"name": "foot_right1",
					"parent": "leg_right",
					"pivot": [-2.25, 1, 1.25],
					"cubes": [
						{"origin": [-3.75, 0, -1.25], "size": [3, 1, 4], "inflate": 0.01, "uv": [36, 5]}
					]
				},
				{
					"name": "foot_right2",
					"parent": "foot_right1",
					"pivot": [-2.25, 0, -1.25],
					"cubes": [
						{"origin": [-3.75, 0, -4.25], "size": [3, 1, 3], "uv": [38, 0]}
					]
				},
				{
					"name": "leg_left",
					"parent": "body",
					"pivot": [2.25, 2, 1.25],
					"rotation": [0, -10, 0],
					"cubes": [
						{"origin": [1.75, 0.5, 0.25], "size": [1, 3, 2], "uv": [50, 14]}
					]
				},
				{
					"name": "foot_left1",
					"parent": "leg_left",
					"pivot": [2.25, 1, 1.25],
					"cubes": [
						{"origin": [0.75, 0, -1.25], "size": [3, 1, 4], "inflate": 0.01, "uv": [28, 0]}
					]
				},
				{
					"name": "foot_left2",
					"parent": "foot_left1",
					"pivot": [2.25, 0, -1.25],
					"cubes": [
						{"origin": [0.75, 0, -4.25], "size": [3, 1, 3], "uv": [36, 10]}
					]
				}
			]
		}
	]
}