{
	"format_version": "1.12.0",
	"minecraft:geometry": [
		{
			"description": {
				"identifier": "geometry.unknown",
				"texture_width": 64,
				"texture_height": 64,
				"visible_bounds_width": 3,
				"visible_bounds_height": 2.5,
				"visible_bounds_offset": [0, 0.75, 0]
			},
			"bones": [
				{
					"name": "psyduck",
					"pivot": [0, 0, 0]
				},
				{
					"name": "body",
					"parent": "psyduck",
					"pivot": [0, 5, 0]
				},
				{
					"name": "torso",
					"parent": "body",
					"pivot": [0, 5.5, 0],
					"cubes": [
						{"origin": [-4.5, 1.5, -4], "size": [9, 8, 8], "uv": [0, 0]},
						{"origin": [-4.5, 1.5, -4], "size": [9, 8, 8], "inflate": 0.25, "uv": [0, 36]}
					]
				},
				{
					"name": "neck",
					"parent": "torso",
					"pivot": [0, 9.5, 0],
					"cubes": [
						{"origin": [-3.5, 9.5, -2.5], "size": [7, 3, 5], "uv": [40, 19]}
					]
				},
				{
					"name": "head",
					"parent": "neck",
					"pivot": [0, 12.5, 0]
				},
				{
					"name": "head_correction",
					"parent": "head",
					"pivot": [0, 12.5, 0]
				},
				{
					"name": "head_ai",
					"parent": "head_correction",
					"pivot": [0, 12.5, 0]
				},
				{
					"name": "head_angle",
					"parent": "head_ai",
					"pivot": [0, 12.5, 0],
					"cubes": [
						{"origin": [-4, 9.5, -3.5], "size": [8, 6, 7], "uv": [34, 0]},
						{"origin": [-4, 9.5, -3.5], "size": [8, 6, 7], "inflate": 0.25, "uv": [34, 35]}
					]
				},
				{
					"name": "bill",
					"parent": "head_angle",
					"pivot": [0, 10.75, -3.5],
					"rotation": [15, 0, 0],
					"cubes": [
						{"origin": [-3, 10.75, -10.25], "size": [6, 1, 7], "uv": [38, 27]}
					]
				},
				{
					"name": "jaw",
					"parent": "head_angle",
					"pivot": [0, 10.75, -3.5],
					"rotation": [15, 0, 0],
					"cubes": [
						{"origin": [-2.5, 9.75, -9.5], "size": [5, 1, 6], "uv": [0, 22]}
					]
				},
				{
					"name": "eyes",
					"parent": "head_angle",
					"pivot": [0, 0, 0]
				},
				{
					"name": "eye_right",
					"parent": "eyes",
					"pivot": [-2.25, 13.25, -3.025],
					"cubes": [
						{"origin": [-3.75, 12.25, -3.51], "size": [3, 2, 1], "uv": [26, 2]},
						{"origin": [-2.6, 12.5, -3.52], "size": [1, 1, 0], "uv": [39, 4]}
					]
				},
				{
					"name": "eyelid_right",
					"parent": "eye_right",
					"pivot": [-2.25, 13.25, -2.92],
					"cubes": [
						{"origin": [-3.75, 12.25, -3.45], "size": [3, 2, 1], "uv": [0, 0]}
					]
				},
				{
					"name": "eye_left",
					"parent": "eyes",
					"pivot": [2.25, 13.25, -3.025],
					"cubes": [
						{"origin": [0.75, 12.25, -3.51], "size": [3, 2, 1], "uv": [26, 5], "mirror": true},
						{"origin": [1.5, 12.5, -3.52], "size": [1, 1, 0], "uv": [39, 5], "mirror": true}
					]
				},
				{
					"name": "eyelid_left",
					"parent": "eye_left",
					"pivot": [2.25, 13.25, -2.92],
					"cubes": [
						{"origin": [0.75, 12.25, -3.45], "size": [3, 2, 1], "uv": [0, 3], "mirror": true}
					]
				},
				{
					"name": "hair1",
					"parent": "head_angle",
					"pivot": [0, 15.5, 1.5],
					"rotation": [-10, 0, 0],
					"cubes": [
						{"origin": [-0.5, 15.5, 1.5], "size": [1, 4, 0], "uv": [39, 0]}
					]
				},
				{
					"name": "hair2",
					"parent": "head_angle",
					"pivot": [-0.75, 15.5, 1.75],
					"rotation": [-25, 0, -25],
					"cubes": [
						{"origin": [-1.25, 15.25, 1.75], "size": [1, 4, 0], "uv": [37, 0]}
					]
				},
				{
					"name": "hair3",
					"parent": "head_angle",
					"pivot": [0.75, 15.5, 1.75],
					"rotation": [-25, 0, 25],
					"cubes": [
						{"origin": [0.25, 15.25, 1.75], "size": [1, 4, 0], "uv": [35, 0]}
					]
				},
				{
					"name": "arm_right",
					"parent": "torso",
					"pivot": [-4.5, 8, 0],
					"cubes": [
						{"origin": [-8.5, 7, -2], "size": [5, 2, 4], "inflate": 0.02, "uv": [27, 28]}
					]
				},
				{
					"name": "forearm_right",
					"parent": "arm_right",
					"pivot": [-8.5, 9, 1.5],
					"cubes": [
						{"origin": [-11.5, 7, -1.5], "size": [3, 2, 3], "uv": [31, 13]},
						{"origin": [-12, 8, -1.75], "size": [1, 0, 1], "pivot": [-11.5, 8, -1.25], "rotation": [0, -45, -10], "uv": [29, 1]},
						{"origin": [-12, 8, 0.75], "size": [1, 0, 1], "pivot": [-11.5, 8, 1.25], "rotation": [0, 45, -10], "uv": [27, 1]},
						{"origin": [-12.5, 8, -0.5], "size": [1, 0, 1], "pivot": [-11.5, 8, 0], "rotation": [0, 0, -10], "uv": [25, 1]}
					]
				},
				{
					"name": "arm_left",
					"parent": "torso",
					"pivot": [4.5, 8, 0],
					"cubes": [
						{"origin": [3.5, 7, -2], "size": [5, 2, 4], "inflate": 0.02, "uv": [18, 22]}
					]
				},
				{
					"name": "forearm_left",
					"parent": "arm_left",
					"pivot": [8.5, 9, 1.5],
					"cubes": [
						{"origin": [8.5, 7, -1.5], "size": [3, 2, 3], "uv": [22, 16]},
						{"origin": [11, 8, -1.75], "size": [1, 0, 1], "pivot": [11.5, 8, -1.25], "rotation": [0, 45, 10], "uv": [29, 0]},
						{"origin": [11, 8, 0.75], "size": [1, 0, 1], "pivot": [11.5, 8, 1.25], "rotation": [0, -45, 10], "uv": [27, 0]},
						{"origin": [11.5, 8, -0.5], "size": [1, 0, 1], "pivot": [11.5, 8, 0], "rotation": [0, 0, 10], "uv": [25, 0]}
					]
				},
				{
					"name": "tail",
					"parent": "torso",
					"pivot": [0, 3, 3.25],
					"cubes": [
						{"origin": [-2, 1.75, 3.25], "size": [4, 2, 5], "uv": [0, 29]}
					]
				},
				{
					"name": "tail2",
					"parent": "tail",
					"pivot": [0, 1.75, 8.25],
					"cubes": [
						{"origin": [-1.5, 1.75, 8.25], "size": [3, 2, 3], "uv": [32, 19]}
					]
				},
				{
					"name": "foot_right",
					"parent": "body",
					"pivot": [-2.25, 2, 0],
					"rotation": [0, 5, 0],
					"cubes": [
						{"origin": [-3.75, 1, -1.5], "size": [3, 2, 3], "uv": [52, 13]},
						{"origin": [-4.25, 0, -3.25], "size": [4, 1, 5], "inflate": 0.01, "uv": [38, 13]},
						{"origin": [-4.25, 0, -4], "size": [1, 1, 1], "pivot": [-3.75, 0, -3.25], "rotation": [0, 15, 0], "uv": [60, 0]},
						{"origin": [-2.75, 0, -4.25], "size": [1, 1, 1], "uv": [60, 2], "mirror": true},
						{"origin": [-1.25, 0, -4], "size": [1, 1, 1], "pivot": [-0.75, 0, -3.25], "rotation": [0, -15, 0], "uv": [60, 4], "mirror": true}
					]
				},
				{
					"name": "foot_left",
					"parent": "body",
					"pivot": [2.25, 2, 0],
					"rotation": [0, -5, 0],
					"cubes": [
						{"origin": [0.75, 1, -1.5], "size": [3, 2, 3], "uv": [0, 16]},
						{"origin": [0.25, 0, -3.25], "size": [4, 1, 5], "inflate": 0.01, "uv": [9, 16]},
						{"origin": [1.75, 0, -4.25], "size": [1, 1, 1], "uv": [60, 19]},
						{"origin": [0.25, 0, -4], "size": [1, 1, 1], "pivot": [0.75, 0, -3.25], "rotation": [0, 15, 0], "uv": [60, 21], "mirror": true},
						{"origin": [3.25, 0, -4], "size": [1, 1, 1], "pivot": [3.75, 0, -3.25], "rotation": [0, -15, 0], "uv": [10, 16], "mirror": true}
					]
				}
			]
		}
	]
}