{
	"format_version": "1.12.0",
	"minecraft:geometry": [
		{
			"description": {
				"identifier": "geometry.abra",
				"texture_width": 64,
				"texture_height": 64,
				"visible_bounds_width": 4,
				"visible_bounds_height": 2.5,
				"visible_bounds_offset": [0, 0.75, 0]
			},
			"bones": [
				{
					"name": "abra",
					"pivot": [0, 0, 0]
				},
				{
					"name": "body",
					"parent": "abra",
					"pivot": [0, 11.5, 0]
				},
				{
					"name": "torso",
					"parent": "body",
					"pivot": [0, 8.5, 0],
					"cubes": [
						{"origin": [-2, 7, -2], "size": [4, 3, 4], "uv": [18, 11]}
					]
				},
				{
					"name": "tail",
					"parent": "torso",
					"pivot": [0, 8.25, 1.75],
					"cubes": [
						{"origin": [-1.5, 6.75, 0.75], "size": [3, 3, 5], "inflate": 0.01, "uv": [27, 3]}
					]
				},
				{
					"name": "tail2",
					"parent": "tail",
					"pivot": [0, 6.75, 5.75],
					"cubes": [
						{"origin": [-1.5, 6.75, 5.75], "size": [3, 3, 4], "uv": [34, 11]}
					]
				},
				{
					"name": "tail3",
					"parent": "tail2",
					"pivot": [0, 6.75, 9.75],
					"cubes": [
						{"origin": [-1, 6.75, 9.75], "size": [2, 3, 4], "uv": [44, 4]}
					]
				},
				{
					"name": "tail4",
					"parent": "tail3",
					"pivot": [0, 8.25, 13.75],
					"cubes": [
						{"origin": [-0.5, 7.25, 12.75], "size": [1, 2, 4], "uv": [38, 2]}
					]
				},
				{
					"name": "chest",
					"parent": "torso",
					"pivot": [0, 10, 2],
					"cubes": [
						{"origin": [-2.5, 10, -2], "size": [5, 5, 4], "uv": [0, 11]}
					]
				},
				{
					"name": "pad_right",
					"parent": "chest",
					"pivot": [-2.5, 13, 0],
					"cubes": [
						{"origin": [-5.5, 15, -2], "size": [3, 0, 4], "uv": [54, 4]},
						{"origin": [-5.5, 13, -2], "size": [3, 2, 0], "uv": [44, 2]},
						{"origin": [-5.5, 13, 2], "size": [3, 2, 0], "uv": [58, 2]},
						{"origin": [-5.5, 14, -2], "size": [0, 1, 4], "uv": [50, -2]}
					]
				},
				{
					"name": "pad_left",
					"parent": "chest",
					"pivot": [2.5, 13, 0],
					"cubes": [
						{"origin": [2.5, 15, -2], "size": [3, 0, 4], "uv": [48, 4]},
						{"origin": [2.5, 13, -2], "size": [3, 2, 0], "uv": [44, 0]},
						{"origin": [2.5, 13, 2], "size": [3, 2, 0], "uv": [58, 0]},
						{"origin": [5.5, 14, -2], "size": [0, 1, 4], "uv": [50, -4]}
					]
				},
				{
					"name": "head",
					"parent": "chest",
					"pivot": [0, 15, 0],
					"cubes": [
						{"origin": [-3.5, 15, -3], "size": [7, 5, 6], "uv": [0, 0]},
						{"origin": [-3.5, 15, -3], "size": [7, 5, 6], "inflate": 0.1, "uv": [2, 31]},
						{"origin": [-1.5, 12, -3], "size": [3, 3, 1], "uv": [0, 31]},
						{"origin": [-0.5, 12.5, -3.01], "size": [1, 3, 0], "uv": [0, 12]}
					]
				},
				{
					"name": "jaw",
					"parent": "head",
					"pivot": [0, 15.25, -2.25],
					"rotation": [55, 0, 0]
				},
				{
					"name": "eyes",
					"parent": "head",
					"pivot": [0, 17.85355, -3.05]
				},
				{
					"name": "eye_right",
					"parent": "eyes",
					"pivot": [-2, 17.5, -3.01],
					"rotation": [0, 180, 25],
					"cubes": [
						{"origin": [-3, 17, -3.01], "size": [2, 2, 0], "uv": [0, 12]}
					]
				},
				{
					"name": "eye_left",
					"parent": "eyes",
					"pivot": [2, 17.5, -3.01],
					"rotation": [0, 0, -25],
					"cubes": [
						{"origin": [1, 17, -3.01], "size": [2, 2, 0], "uv": [0, 12]}
					]
				},
				{
					"name": "ear_right",
					"parent": "head",
					"pivot": [-3.5, 19.25, 0.5],
					"rotation": [0, -55, -15],
					"cubes": [
						{"origin": [-3.5, 19.25, -2.5], "size": [0, 3, 3], "uv": [0, -3], "mirror": true}
					]
				},
				{
					"name": "ear_left",
					"parent": "head",
					"pivot": [3.5, 19.25, 0.5],
					"rotation": [0, 55, 15],
					"cubes": [
						{"origin": [3.5, 19.25, -2.5], "size": [0, 3, 3], "uv": [0, 0]}
					]
				},
				{
					"name": "arm_right",
					"parent": "chest",
					"pivot": [-2.5, 14.25, 0],
					"cubes": [
						{"origin": [-7, 12.5, -1], "size": [5, 2, 2], "uv": [0, 20]}
					]
				},
				{
					"name": "forearm_right",
					"parent": "arm_right",
					"pivot": [-7, 13.5, 1],
					"cubes": [
						{"origin": [-12, 12.5, -1.5], "size": [5, 2, 3], "inflate": 0.02, "uv": [15, 18]}
					]
				},
				{
					"name": "finger_index_right",
					"parent": "forearm_right",
					"pivot": [-12, 14.25, -0.5],
					"rotation": [0, -15, 0],
					"cubes": [
						{"origin": [-13, 13.25, -1.5], "size": [1, 1, 1], "inflate": 0.01, "uv": [51, 24]}
					]
				},
				{
					"name": "finger_index_right2",
					"parent": "finger_index_right",
					"pivot": [-13, 14.25, -1],
					"cubes": [
						{"origin": [-15, 13.25, -1.5], "size": [2, 1, 1], "uv": [51, 18]}
					]
				},
				{
					"name": "finger_middle_right",
					"parent": "forearm_right",
					"pivot": [-12, 14.25, 0],
					"cubes": [
						{"origin": [-13, 13.25, -0.5], "size": [1, 1, 1], "inflate": 0.01, "uv": [55, 24]}
					]
				},
				{
					"name": "finger_middle_right2",
					"parent": "finger_middle_right",
					"pivot": [-13, 14.25, 0],
					"cubes": [
						{"origin": [-15, 13.25, -0.5], "size": [2, 1, 1], "uv": [51, 20]}
					]
				},
				{
					"name": "finger_pinky_right",
					"parent": "forearm_right",
					"pivot": [-12, 14.25, 0.5],
					"rotation": [0, 15, 0],
					"cubes": [
						{"origin": [-13, 13.25, 0.5], "size": [1, 1, 1], "inflate": 0.01, "uv": [59, 24]}
					]
				},
				{
					"name": "finger_pinky_right2",
					"parent": "finger_pinky_right",
					"pivot": [-13, 14.25, 1],
					"cubes": [
						{"origin": [-15, 13.25, 0.5], "size": [2, 1, 1], "uv": [51, 22]}
					]
				},
				{
					"name": "arm_left",
					"parent": "chest",
					"pivot": [2.5, 14.25, 0],
					"cubes": [
						{"origin": [2, 12.5, -1], "size": [5, 2, 2], "uv": [0, 24]}
					]
				},
				{
					"name": "forearm_left",
					"parent": "arm_left",
					"pivot": [7, 13.5, 1],
					"cubes": [
						{"origin": [7, 12.5, -1.5], "size": [5, 2, 3], "inflate": 0.02, "uv": [15, 23]}
					]
				},
				{
					"name": "finger_index_left",
					"parent": "forearm_left",
					"pivot": [12, 14.25, -0.5],
					"rotation": [0, 15, 0],
					"cubes": [
						{"origin": [12, 13.25, -1.5], "size": [1, 1, 1], "inflate": 0.01, "uv": [51, 26]}
					]
				},
				{
					"name": "finger_index_left2",
					"parent": "finger_index_left",
					"pivot": [13, 14.25, -1],
					"cubes": [
						{"origin": [13, 13.25, -1.5], "size": [2, 1, 1], "uv": [57, 18]}
					]
				},
				{
					"name": "finger_middle_left",
					"parent": "forearm_left",
					"pivot": [12, 14.25, 0],
					"cubes": [
						{"origin": [12, 13.25, -0.5], "size": [1, 1, 1], "inflate": 0.01, "uv": [55, 26]}
					]
				},
				{
					"name": "finger_middle_left2",
					"parent": "finger_middle_left",
					"pivot": [13, 14.25, 0],
					"cubes": [
						{"origin": [13, 13.25, -0.5], "size": [2, 1, 1], "uv": [57, 20]}
					]
				},
				{
					"name": "finger_pinky_left",
					"parent": "forearm_left",
					"pivot": [12, 14.25, 0.5],
					"rotation": [0, -15, 0],
					"cubes": [
						{"origin": [12, 13.25, 0.5], "size": [1, 1, 1], "inflate": 0.01, "uv": [59, 26]}
					]
				},
				{
					"name": "finger_pinky_left2",
					"parent": "finger_pinky_left",
					"pivot": [13, 14.25, 1],
					"cubes": [
						{"origin": [13, 13.25, 0.5], "size": [2, 1, 1], "uv": [57, 22]}
					]
				},
				{
					"name": "leg_right",
					"parent": "body",
					"pivot": [-2, 8.75, 0],
					"cubes": [
						{"origin": [-3, 4.75, -1], "size": [2, 5, 2], "inflate": 0.01, "uv": [48, 11]}
					]
				},
				{
					"name": "knee_right",
					"parent": "leg_right",
					"pivot": [-2, 4.75, -1],
					"cubes": [
						{"origin": [-3, 0.75, -1.5], "size": [2, 4, 3], "uv": [31, 18]}
					]
				},
				{
					"name": "foot_right",
					"parent": "knee_right",
					"pivot": [-2, 1, 0],
					"cubes": [
						{"origin": [-3, 0, -2.25], "size": [2, 1, 4], "inflate": 0.02, "uv": [27, 25]}
					]
				},
				{
					"name": "toe_outer_right",
					"parent": "foot_right",
					"pivot": [-3, 1, -1.5],
					"rotation": [0, 10, 0],
					"cubes": [
						{"origin": [-3, 0, -2.5], "size": [1, 1, 1], "inflate": 0.01, "uv": [4, 28]}
					]
				},
				{
					"name": "toe_outer_right2",
					"parent": "toe_outer_right",
					"pivot": [-2.5, 1, -2.5],
					"cubes": [
						{"origin": [-3, 0, -4.5], "size": [1, 1, 2], "uv": [0, 28]}
					]
				},
				{
					"name": "toe_inner_right",
					"parent": "foot_right",
					"pivot": [-1, 1, -1.5],
					"rotation": [0, -10, 0],
					"cubes": [
						{"origin": [-2, 0, -2.5], "size": [1, 1, 1], "inflate": 0.01, "uv": [10, 28], "mirror": true}
					]
				},
				{
					"name": "toe_inner_right2",
					"parent": "toe_inner_right",
					"pivot": [-1.5, 1, -2.5],
					"cubes": [
						{"origin": [-2, 0, -4.5], "size": [1, 1, 2], "uv": [6, 28], "mirror": true}
					]
				},
				{
					"name": "toe_back_right",
					"parent": "foot_right",
					"pivot": [-2, 1, 1.75],
					"cubes": [
						{"origin": [-2.5, 0, 1.75], "size": [1, 1, 2], "uv": [51, 28]}
					]
				},
				{
					"name": "leg_left",
					"parent": "body",
					"pivot": [2, 8.75, 0],
					"cubes": [
						{"origin": [1, 4.75, -1], "size": [2, 5, 2], "inflate": 0.01, "uv": [56, 11]}
					]
				},
				{
					"name": "knee_left",
					"parent": "leg_left",
					"pivot": [2, 4.75, -1],
					"cubes": [
						{"origin": [1, 0.75, -1.5], "size": [2, 4, 3], "uv": [41, 18]}
					]
				},
				{
					"name": "foot_left",
					"parent": "knee_left",
					"pivot": [2, 1, 0],
					"cubes": [
						{"origin": [1, 0, -2.25], "size": [2, 1, 4], "inflate": 0.02, "uv": [39, 25]}
					]
				},
				{
					"name": "toe_outer_left",
					"parent": "foot_left",
					"pivot": [3, 1, -1.5],
					"rotation": [0, -10, 0],
					"cubes": [
						{"origin": [2, 0, -2.5], "size": [1, 1, 1], "inflate": 0.01, "uv": [16, 28]}
					]
				},
				{
					"name": "toe_outer_left2",
					"parent": "toe_outer_left",
					"pivot": [2.5, 1, -2.5],
					"rotation": [0, 0, 0],
					"cubes": [
						{"origin": [2, 0, -4.5], "size": [1, 1, 2], "uv": [12, 28]}
					]
				},
				{
					"name": "toe_inner_left",
					"parent": "foot_left",
					"pivot": [1, 1, -1.5],
					"rotation": [0, 10, 0],
					"cubes": [
						{"origin": [1, 0, -2.5], "size": [1, 1, 1], "inflate": 0.01, "uv": [22, 28], "mirror": true}
					]
				},
				{
					"name": "toe_inner_left2",
					"parent": "toe_inner_left",
					"pivot": [1.5, 1, -2.5],
					"rotation": [0, 0, 0],
					"cubes": [
						{"origin": [1, 0, -4.5], "size": [1, 1, 2], "uv": [18, 28], "mirror": true}
					]
				},
				{
					"name": "toe_back_left",
					"parent": "foot_left",
					"pivot": [2, 1, 1.75],
					"cubes": [
						{"origin": [1.5, 0, 1.75], "size": [1, 1, 2], "uv": [57, 28]}
					]
				}
			]
		}
	]
}