{
	"format_version": "1.12.0",
	"minecraft:geometry": [
		{
			"description": {
				"identifier": "geometry.zorua",
				"texture_width": 64,
				"texture_height": 64,
				"visible_bounds_width": 3,
				"visible_bounds_height": 3.5,
				"visible_bounds_offset": [0, 1.25, 0]
			},
			"bones": [
				{
					"name": "zorua",
					"pivot": [0, 0, 0]
				},
				{
					"name": "body",
					"parent": "zorua",
					"pivot": [0, 0, 0]
				},
				{
					"name": "torso",
					"parent": "body",
					"pivot": [-0.2, 5.5, 0.5],
					"cubes": [
						{"origin": [-3.2, 3.5, -4], "size": [6, 4, 9], "uv": [0, 50]}
					]
				},
				{
					"name": "swordbelt",
					"parent": "torso",
					"pivot": [0, 0, 0],
					"cubes": [
						{"origin": [-3.7, 3, 0.8], "size": [7, 5, 1], "pivot": [0, 5.5, 1.5], "rotation": [-12.5, 0, 0], "uv": [30, 58]}
					]
				},
				{
					"name": "sword",
					"parent": "swordbelt",
					"pivot": [3.31, 6.45, -0.5],
					"rotation": [-120, 0, 0],
					"cubes": [
						{"origin": [3.31, 6.2, -1.5], "size": [0, 8, 2], "uv": [59, 28]},
						{"origin": [3.31, 8.2, -2], "size": [0, 1, 3], "inflate": 0.01, "uv": [58, 35]}
					]
				},
				{
					"name": "neck",
					"parent": "torso",
					"pivot": [0, 8, -2.9],
					"cubes": [
						{"origin": [-1.5, 6.5, -3.9], "size": [3, 3, 2], "uv": [20, 28]}
					]
				},
				{
					"name": "head",
					"parent": "neck",
					"pivot": [0, 11.1, -4.9]
				},
				{
					"name": "head2",
					"parent": "head",
					"pivot": [0, 10.5, -5.36667],
					"cubes": [
						{"origin": [-4.5, 8, -6.5], "size": [9, 8, 7], "uv": [0, 0]},
						{"origin": [-1.5, 8.5, -7.5], "size": [3, 2, 2], "inflate": 0.01, "uv": [36, 21]},
						{"origin": [-0.5, 9.5, -7.6], "size": [1, 1, 2], "inflate": 0.02, "uv": [52, 45]}
					]
				},
				{
					"name": "hat",
					"parent": "head2",
					"pivot": [0, 15.3, -4.2],
					"cubes": [
						{"origin": [-5, 15.3, -6.6], "size": [10, 2, 5], "uv": [21, 50]},
						{"origin": [-3, 16.6, -6.1], "size": [6, 2, 4], "uv": [44, 12]},
						{"origin": [-5, 17.2, -6.6], "size": [10, 3, 0], "pivot": [0, 17.1, -6.6], "rotation": [5, 0, 0], "uv": [27, 43]},
						{"origin": [-1, 17.5, -6.61], "size": [2, 2, 0], "pivot": [0, 17.1, -6.6], "rotation": [5, 0, 0], "uv": [27, 41]},
						{"origin": [-0.5, 17.1, -6.61], "size": [1, 1, 0], "pivot": [0, 17.1, -6.6], "rotation": [5, 0, 0], "uv": [27, 40]},
						{"origin": [-5, 17.2, -1.6], "size": [10, 3, 0], "pivot": [0, 17.2, -1.6], "rotation": [-175, 0, -180], "uv": [27, 37]},
						{"origin": [5, 17.2, -6.6], "size": [0, 1, 5], "pivot": [5, 17.2, -4.1], "rotation": [0, 0, 10], "uv": [21, 52]},
						{"origin": [-5, 17.2, -6.6], "size": [0, 1, 5], "pivot": [-5, 17.2, -4.1], "rotation": [0, 0, -10], "uv": [21, 52], "mirror": true}
					]
				},
				{
					"name": "feather",
					"parent": "hat",
					"pivot": [2.9, 17.1, -3.7],
					"rotation": [0, -17, 15],
					"cubes": [
						{"origin": [1.9, 16.6, -3.7], "size": [2, 5, 0], "uv": [52, 20]}
					]
				},
				{
					"name": "mouth",
					"parent": "head2",
					"pivot": [0, 10.6, -4.9]
				},
				{
					"name": "mouth_open",
					"parent": "mouth",
					"pivot": [0, -2, 0.1],
					"cubes": [
						{"origin": [-0.8, 8.51692, -7.47513], "size": [2, 1, 0], "inflate": 0.02, "uv": [3, 5]}
					]
				},
				{
					"name": "cowlick",
					"parent": "head2",
					"pivot": [0, 15.5, -3.4],
					"rotation": [-73.5, 0, 0],
					"cubes": [
						{"origin": [-2.5, 15, -4.4], "size": [5, 5, 2], "uv": [25, 0]}
					]
				},
				{
					"name": "cowlick2",
					"parent": "cowlick",
					"pivot": [0.05, 19.8, -4.375],
					"rotation": [14.5, 0, 0],
					"cubes": [
						{"origin": [-1.95, 18.9, -4.375], "size": [4, 5, 0], "uv": [55, 1]}
					]
				},
				{
					"name": "eyes",
					"parent": "head2",
					"pivot": [0, 11.1, -4.9]
				},
				{
					"name": "eyes_left",
					"parent": "eyes",
					"pivot": [0, 11.1, -4.9],
					"cubes": [
						{"origin": [1.64684, 10.1, -6.575], "size": [2, 3, 0], "pivot": [2.64684, 11.7216, -6.575], "rotation": [0, 0, -10], "uv": [17, 27]}
					]
				},
				{
					"name": "eyelid_left",
					"parent": "eyes_left",
					"pivot": [2.80878, 11.64861, -6.675],
					"cubes": [
						{"origin": [1.6468, 10.1, -6.475], "size": [2, 3, 0], "pivot": [2.45, 12.55, -6.575], "rotation": [0, 0, -10], "uv": [50, 38]}
					]
				},
				{
					"name": "eyes_right",
					"parent": "eyes",
					"pivot": [-0.3, 11.1, -4.9],
					"cubes": [
						{"origin": [-3.55151, 10.1, -6.575], "size": [2, 3, 0], "pivot": [-2.55151, 11.64078, -6.575], "rotation": [0, 0, 10], "uv": [18, 15]}
					]
				},
				{
					"name": "eyelid_right",
					"parent": "eyes_right",
					"pivot": [-0.3, 11.1, -4.9],
					"cubes": [
						{"origin": [-3.7142, 10.1, -6.475], "size": [2, 3, 0], "pivot": [-2.8142, 12.53628, -6.575], "rotation": [0, 0, 10], "uv": [52, 34]}
					]
				},
				{
					"name": "ear_left",
					"parent": "head2",
					"pivot": [3.05, 15.25, -3.7],
					"rotation": [0, 0, 30],
					"cubes": [
						{"origin": [2.95, 14.85, -3.6], "size": [4, 7, 0], "pivot": [2.25, 18.75, -3.7], "rotation": [0, 0, 30], "uv": [26, 21], "mirror": true}
					]
				},
				{
					"name": "ear_right",
					"parent": "head2",
					"pivot": [-3.05, 15.25, -3.7],
					"rotation": [0, 0, -30],
					"cubes": [
						{"origin": [-6.95, 14.85, -3.6], "size": [4, 7, 0], "pivot": [-2.25, 18.75, -3.7], "rotation": [0, 0, -30], "uv": [26, 21]}
					]
				},
				{
					"name": "whiskers",
					"parent": "head2",
					"pivot": [0, 0, 0]
				},
				{
					"name": "whiskers_right",
					"parent": "whiskers",
					"pivot": [0, 0, 0],
					"cubes": [
						{"origin": [-7.45, 8.1, -5.7], "size": [3, 4, 0], "pivot": [-6.46721, 9.96576, -6.5], "rotation": [-22.5, 0, -90], "uv": [55, 8]}
					]
				},
				{
					"name": "whiskers_left",
					"parent": "whiskers_right",
					"pivot": [6.66873, 10.48297, -5.69039],
					"rotation": [0, 0, -177.5],
					"cubes": [
						{"origin": [4.45, 7.8, -7.5], "size": [3, 4, 0], "pivot": [6.53279, 9.96576, -6.5], "rotation": [-157.4807, -2.30959, 89.04277], "uv": [55, 8]}
					]
				},
				{
					"name": "scarf",
					"parent": "head",
					"pivot": [0, 11.1, -4.9],
					"cubes": [
						{"origin": [-4.8, 5.45679, -5.57881], "size": [10, 3, 7], "pivot": [0, 7.20679, -1.92881], "rotation": [10, 0, 0], "uv": [0, 40]}
					]
				},
				{
					"name": "bow",
					"parent": "scarf",
					"pivot": [0, 6.3, -5.5],
					"rotation": [10, 0, 0],
					"cubes": [
						{"origin": [-0.5, 5.825, -5.5], "size": [1, 1, 0], "uv": [60, 40]},
						{"origin": [0, 6.325, -5.49], "size": [2, 2, 0], "pivot": [0, 6.325, -5.5], "rotation": [0, 0, 45], "uv": [60, 42]},
						{"origin": [-2, 6.325, -5.49], "size": [2, 2, 0], "pivot": [0, 6.325, -5.5], "rotation": [0, 0, -45], "uv": [60, 42], "mirror": true}
					]
				},
				{
					"name": "tail",
					"parent": "torso",
					"pivot": [-0.2, 7.4366, 2.55622],
					"cubes": [
						{"origin": [-1.7, 5.6, 3.7], "size": [3, 3, 4], "pivot": [0, 7, 5], "rotation": [30, 0, 0], "uv": [50, 55]}
					]
				},
				{
					"name": "tail2",
					"parent": "tail",
					"pivot": [0.1, 8.38301, 7.48109],
					"cubes": [
						{"origin": [0, 7.78301, 6.88109], "size": [0, 2, 3], "pivot": [0.1, 9.18301, 7.78109], "rotation": [30, 0, 0], "uv": [54, 50]}
					]
				},
				{
					"name": "leg_front_left",
					"parent": "body",
					"pivot": [1.8, 6, -2.65],
					"rotation": [5, 0, 0],
					"cubes": [
						{"origin": [0.9, 2.6, -3.41], "size": [2, 3, 2], "inflate": 0.01, "uv": [16, 33]}
					]
				},
				{
					"name": "leg_front_left2",
					"parent": "leg_front_left",
					"pivot": [1.9, 1.85192, -2.58714],
					"rotation": [-12.5, 0, 0],
					"cubes": [
						{"origin": [0.9, 0.85192, -3.58714], "size": [2, 2, 2], "uv": [32, 33]}
					]
				},
				{
					"name": "leg_front_left3",
					"parent": "leg_front_left2",
					"pivot": [1.8, 1.15192, -3.13714],
					"rotation": [7.5, 0, 0],
					"cubes": [
						{"origin": [0.9, -0.09808, -3.68714], "size": [2, 1, 2], "inflate": 0.01, "uv": [56, 19]}
					]
				},
				{
					"name": "leg_front_right",
					"parent": "body",
					"pivot": [-1.8, 6, -2.65],
					"rotation": [5, 0, 0],
					"cubes": [
						{"origin": [-3.3, 2.6, -3.41], "size": [2, 3, 2], "inflate": 0.01, "uv": [8, 32]}
					]
				},
				{
					"name": "leg_front_right2",
					"parent": "leg_front_right",
					"pivot": [-2.3, 1.85192, -2.58714],
					"rotation": [-12.5, 0, 0],
					"cubes": [
						{"origin": [-3.3, 0.85192, -3.58714], "size": [2, 2, 2], "uv": [24, 33]}
					]
				},
				{
					"name": "leg_front_right3",
					"parent": "leg_front_right2",
					"pivot": [-1.8, 1.15192, -3.13714],
					"rotation": [7.5, 0, 0],
					"cubes": [
						{"origin": [-3.3, -0.09808, -3.68714], "size": [2, 1, 2], "inflate": 0.01, "uv": [56, 27]}
					]
				},
				{
					"name": "leg_back_left",
					"parent": "body",
					"pivot": [1.95, 5.08453, 3.18602],
					"rotation": [5, 0, 0],
					"cubes": [
						{"origin": [0.95, 3.08453, 1.68602], "size": [2, 4, 3], "inflate": 0.01, "uv": [32, 4]}
					]
				},
				{
					"name": "leg_back_left2",
					"parent": "leg_back_left",
					"pivot": [1.95, 3.68453, 3.38602],
					"rotation": [-15, 0, 0],
					"cubes": [
						{"origin": [0.95, 0.53453, 2.53602], "size": [2, 3, 2], "uv": [30, 28]}
					]
				},
				{
					"name": "leg_back_left3",
					"parent": "leg_back_left2",
					"pivot": [1.95, 1.43453, 3.38602],
					"rotation": [10, 0, 0],
					"cubes": [
						{"origin": [0.95, -0.06547, 2.33602], "size": [2, 1, 2], "inflate": 0.01, "uv": [52, 23]}
					]
				},
				{
					"name": "leg_back_right",
					"parent": "body",
					"pivot": [-1.95, 6.6, 2.15],
					"rotation": [5, 0, 0],
					"cubes": [
						{"origin": [-3.35, 3, 1.55], "size": [2, 4, 3], "inflate": 0.01, "uv": [30, 12]}
					]
				},
				{
					"name": "leg_back_right2",
					"parent": "leg_back_right",
					"pivot": [-1.95, 3.6, 3.25],
					"rotation": [-15, 0, 0],
					"cubes": [
						{"origin": [-3.35, 0.45, 2.4], "size": [2, 3, 2], "uv": [0, 15]}
					]
				},
				{
					"name": "leg_back_right3",
					"parent": "leg_back_right2",
					"pivot": [-1.95, 1.35, 3.25],
					"rotation": [10, 0, 0],
					"cubes": [
						{"origin": [-3.35, -0.15, 2.2], "size": [2, 1, 2], "inflate": 0.01, "uv": [56, 24]}
					]
				}
			]
		}
	]
}