{
	"format_version": "1.12.0",
	"minecraft:geometry": [
		{
			"description": {
				"identifier": "geometry.spinda",
				"texture_width": 64,
				"texture_height": 64,
				"visible_bounds_width": 3,
				"visible_bounds_height": 3.5,
				"visible_bounds_offset": [0, 1.25, 0]
			},
			"bones": [
				{
					"name": "spinda",
					"pivot": [0, 0, 0]
				},
				{
					"name": "body",
					"parent": "spinda",
					"pivot": [0, 5, 0]
				},
				{
					"name": "torso",
					"parent": "body",
					"pivot": [0, 3.5, 0],
					"cubes": [
						{"origin": [-4.5, 3.5, -3], "size": [9, 4, 6], "inflate": 0.02, "uv": [22, 31]}
					]
				},
				{
					"name": "chest",
					"parent": "torso",
					"pivot": [0, 7.5, 0],
					"cubes": [
						{"origin": [-4.5, 6.5, -3], "size": [9, 5, 6], "inflate": 0.01, "uv": [26, 20]}
					]
				},
				{
					"name": "arms",
					"parent": "chest",
					"pivot": [0, 12, 0]
				},
				{
					"name": "arm_left",
					"parent": "arms",
					"pivot": [4, 12.5, 0],
					"rotation": [0, 0, -5],
					"cubes": [
						{"origin": [3.5, 9.5, -1.5], "size": [3, 3, 3], "inflate": 0.02, "uv": [0, 37]}
					]
				},
				{
					"name": "arm_left2",
					"parent": "arm_left",
					"pivot": [6.5, 12.5, 1.5],
					"cubes": [
						{"origin": [6, 9.5, -1.5], "size": [2, 3, 3], "inflate": 0.01, "uv": [12, 37]}
					]
				},
				{
					"name": "hand_left",
					"parent": "arm_left2",
					"pivot": [8, 12.5, 1.5],
					"cubes": [
						{"origin": [7.8, 10.5, -1.5], "size": [1, 2, 3], "uv": [19, 41]}
					]
				},
				{
					"name": "arm_right",
					"parent": "arms",
					"pivot": [-4, 12.5, 0],
					"rotation": [0, 0, 5],
					"cubes": [
						{"origin": [-6.5, 9.5, -1.5], "size": [3, 3, 3], "inflate": 0.02, "uv": [0, 43], "mirror": true}
					]
				},
				{
					"name": "arm_right2",
					"parent": "arm_right",
					"pivot": [-6.5, 12.5, 1.5],
					"cubes": [
						{"origin": [-8, 9.5, -1.5], "size": [2, 3, 3], "inflate": 0.01, "uv": [12, 43], "mirror": true}
					]
				},
				{
					"name": "hand_right",
					"parent": "arm_right2",
					"pivot": [-8, 12.5, 1.5],
					"cubes": [
						{"origin": [-8.8, 10.5, -1.5], "size": [1, 2, 3], "uv": [27, 41], "mirror": true}
					]
				},
				{
					"name": "neck",
					"parent": "chest",
					"pivot": [0, 11.5, 0],
					"cubes": [
						{"origin": [-4, 10.5, -3], "size": [8, 5, 6], "uv": [0, 26]}
					]
				},
				{
					"name": "head",
					"parent": "neck",
					"pivot": [0, 12.8, 0],
					"cubes": [
						{"origin": [-6.5, 12.8, -5], "size": [13, 10, 10], "uv": [0, 0]}
					]
				},
				{
					"name": "eyes",
					"parent": "head",
					"pivot": [0, 0.3, 0]
				},
				{
					"name": "eye_left",
					"parent": "eyes",
					"pivot": [3.5, 18.8, -5.01],
					"rotation": [0, 0, 2.5]
				},
				{
					"name": "eye_right",
					"parent": "eyes",
					"pivot": [-3.5, 18.8, -5.01],
					"rotation": [0, 0, -2.5],
					"cubes": [
						{"origin": [-6.04362, 15.80095, -5.01], "size": [5, 5, 0], "uv": [54, 0], "mirror": true}
					]
				},
				{
					"name": "nose",
					"parent": "head",
					"pivot": [2, 1.8, 0],
					"cubes": [
						{"origin": [-1, 16.3, -5.01], "size": [2, 1, 0], "uv": [50, 24]}
					]
				},
				{
					"name": "mouth",
					"parent": "head",
					"pivot": [0, -0.7, 0]
				},
				{
					"name": "mouth_open",
					"parent": "mouth",
					"pivot": [0, 14.8, -5.01],
					"cubes": [
						{"origin": [-3, 12.8, -5.01], "size": [6, 3, 0], "uv": [46, 31]}
					]
				},
				{
					"name": "ears",
					"parent": "head",
					"pivot": [0, 22.8, 0.5]
				},
				{
					"name": "ear_left",
					"parent": "ears",
					"pivot": [1.5, 22.5, 0.5],
					"rotation": [0, 0, 27.5]
				},
				{
					"name": "ear_right",
					"parent": "ears",
					"pivot": [-1.5, 22.5, 0.5],
					"rotation": [0, 0, -27.5],
					"cubes": [
						{"origin": [-6.7, 22.5, -1], "size": [5, 3, 3], "uv": [0, 20], "mirror": true},
						{"origin": [-7.2, 25.5, -1], "size": [6, 6, 3], "uv": [36, 0], "mirror": true},
						{"origin": [-6.2, 23.75, -1.001], "size": [4, 7, 0], "uv": [44, 41], "mirror": true}
					]
				},
				{
					"name": "tail",
					"parent": "torso",
					"pivot": [0, 5.9, 2.5],
					"rotation": [-10, 0, 0],
					"cubes": [
						{"origin": [-1.5, 3.9, 2.5], "size": [3, 3, 3], "inflate": 0.02, "uv": [50, 18]}
					]
				},
				{
					"name": "legs",
					"parent": "body",
					"pivot": [0, 5, 0]
				},
				{
					"name": "leg_left",
					"parent": "legs",
					"pivot": [4.5, 5, 0],
					"cubes": [
						{"origin": [0.7, 2, -2], "size": [4, 3, 4], "inflate": 0.01, "uv": [0, 49]}
					]
				},
				{
					"name": "leg_left2",
					"parent": "leg_left",
					"pivot": [2.7, 2, -2],
					"cubes": [
						{"origin": [0.7, 0, -2], "size": [4, 2, 4], "uv": [0, 56]}
					]
				},
				{
					"name": "leg_right",
					"parent": "legs",
					"pivot": [-4.5, 5, 0],
					"cubes": [
						{"origin": [-4.7, 2, -2], "size": [4, 3, 4], "inflate": 0.01, "uv": [16, 49], "mirror": true}
					]
				},
				{
					"name": "leg_right2",
					"parent": "leg_right",
					"pivot": [-2.7, 2, -2],
					"cubes": [
						{"origin": [-4.7, 0, -2], "size": [4, 2, 4], "uv": [16, 56], "mirror": true}
					]
				}
			]
		}
	]
}