{
  "species": "cobblemon:terapagos",
  "order": 0,
  "variations": [
    {
      "aspects": [],
      "poser": "cobblemon:terapagos",
      "model": "cobblemon:terapagos.geo",
      "texture": "cobblemon:textures/pokemon/terapagos/terapagos.png",
      "layers": [
        {
              "name": "emissive",
              "emissive": true,
              "texture": "cobblemon:textures/pokemon/terapagos/terapagos_emissive.png",
              "translucent": true
        }
      ]
    },
    {
      "aspects": [
        "shiny"
      ],
      "texture": "cobblemon:textures/pokemon/terapagos/terapagos_shiny.png",
      "layers": [
        {
              "name": "emissive",
              "emissive": true,
              "texture": "cobblemon:textures/pokemon/terapagos/terapagos_emissive.png",
              "translucent": true
        }
      ]
    }
  ]
}