{
    "implemented": true,
    "name": "Cinccino",
    "nationalPokedexNumber": 573,
    "primaryType": "normal",
    
    "abilities": [
        "cutecharm",
        "technician",
        "h:skilllink"
    ],
    "baseStats": {
        "hp": 75,
        "attack": 95,
        "defence": 60,
        "special_attack": 65,
        "special_defence": 60,
        "speed": 115
    },
    "behaviour": {
        "resting": {
            "canSleep": true,
            "depth": "normal",
            "light": "0-4"
        },
        "moving": {
            "canLook": false,
            "walk": {
                "canWalk": true,
                "avoidsLand": false
            },
            "swim": {
                "swimSpeed": 0.1,
                "canSwimInWater": true,
                "canBreatheUnderwater": false
            }
        }
    },
    "catchRate": 101,
    "maleRatio": 0.24,
    "shoulderMountable": false,
    
    "baseExperienceYield": 100,
    "experienceGroup": "erratic",
    "eggCycles": 15,
    "eggGroups": [
        "field"
        
    ],
    
    "moves": [
        "1:babydolleyes",
        "1:pound",
        "4:helpinghand",
        "8:echoedvoice",
        "12:sing",
        "16:charm",
        "20:swift",
        "24:encore",
        "28:afteryou",
        "32:tailslap",
        "36:tickle",
        "40:slam",
        "44:hypervoice",
        "48:lastresort",
        "1:bulletseed",
        "1:rockblast",
        "50:gigaimpact"
    ],
    "labels": [
        "gen5"
    ],
    "pokedex": [
        "cobblemon.species.cinccino.desc1",
        "cobblemon.species.cinccino.desc2"
    ],
    "preEvolution": "minccino",
    "baseScale": 0.4,
    "hitbox": {
        "width": 0.5,
        "height": 1.0,
        "fixed": false
    },
    "baseFriendship": 50,
    "evYield": {
        "hp": 0,
        "attack": 0,
        "defence": 0,
        "special_attack": 0,
        "special_defence": 0,
        "speed": 1
    },
    "height": 1,
    "weight": 1
}