{
  "name": "Scraggy",
  "nationalPokedexNumber": 559,
  "primaryType": "dark",
  "secondaryType": "fighting",
  "abilities": [
    "shedskin",
    "moxie",
    "h:intimidate"
  ],
  "drops": {
    "amount": 2,
    "entries": [
      {
        "item": "cobblemon:black_belt",
        "percentage": 2.5
      },
      {
        "item": "cobblemon:roseli_berry",
        "percentage": 2.5
      }
    ]
  },
  "baseStats": {
    "hp": 50,
    "attack": 75,
    "defence": 70,
    "special_attack": 35,
    "special_defence": 70,
    "speed": 48
  },
  "catchRate": 180,
  "maleRatio": 0.5,
  "shoulderMountable": false,
  "baseExperienceYield": 70,
  "experienceGroup": "medium_fast",
  "eggCycles": 15,
  "eggGroups": [
    "field",
    "dragon"
  ],
  "moves": [
    "1:leer",
    "1:lowkick",
    "4:payback",
    "8:headbutt",
    "9:feintattack",
    "12:sandattack",
    "16:facade",
    "20:protect",
    "24:beatup",
    "27:chipaway",
    "28:scaryface",
    "32:brickbreak",
    "36:swagger",
    "40:crunch",
    "44:highjumpkick",
    "45:rockclimb",
    "48:focuspunch",
    "52:headsmash",
    "egg:acidspray",
    "egg:amnesia",
    "egg:counter",
    "egg:detect",
    "egg:dragondance",
    "egg:drainpunch",
    "egg:fakeout",
    "egg:feintattack",
    "egg:firepunch",
    "egg:icepunch",
    "egg:poweruppunch",
    "egg:quickguard",
    "egg:thunderpunch",
    "egg:zenheadbutt",
    "tm:amnesia",
    "tm:assurance",
    "tm:attract",
    "tm:beatup",
    "tm:brickbreak",
    "tm:bulkup",
    "tm:confide",
    "tm:crunch",
    "tm:darkpulse",
    "tm:dig",
    "tm:doubleteam",
    "tm:dragonclaw",
    "tm:dragondance",
    "tm:dragonpulse",
    "tm:dragontail",
    "tm:drainpunch",
    "tm:endure",
    "tm:facade",
    "tm:faketears",
    "tm:firepunch",
    "tm:fling",
    "tm:focusblast",
    "tm:foulplay",
    "tm:frustration",
    "tm:grassknot",
    "tm:hiddenpower",
    "tm:icepunch",
    "tm:incinerate",
    "tm:irondefense",
    "tm:ironhead",
    "tm:irontail",
    "tm:lowkick",
    "tm:lowsweep",
    "tm:megakick",
    "tm:megapunch",
    "tm:payback",
    "tm:poisonjab",
    "tm:poweruppunch",
    "tm:protect",
    "tm:raindance",
    "tm:rest",
    "tm:retaliate",
    "tm:return",
    "tm:revenge",
    "tm:roar",
    "tm:rockslide",
    "tm:rocksmash",
    "tm:rocktomb",
    "tm:round",
    "tm:scaryface",
    "tm:secretpower",
    "tm:sleeptalk",
    "tm:sludgebomb",
    "tm:smackdown",
    "tm:snarl",
    "tm:snore",
    "tm:stoneedge",
    "tm:strength",
    "tm:substitute",
    "tm:sunnyday",
    "tm:swagger",
    "tm:taunt",
    "tm:thief",
    "tm:thunderpunch",
    "tm:torment",
    "tm:toxic",
    "tm:workup",
    "tm:zenheadbutt",
    "tutor:coaching",
    "tutor:darkpulse",
    "tutor:dragonpulse",
    "tutor:drainpunch",
    "tutor:dualchop",
    "tutor:fakeout",
    "tutor:firepunch",
    "tutor:focuspunch",
    "tutor:foulplay",
    "tutor:headbutt",
    "tutor:highjumpkick",
    "tutor:icepunch",
    "tutor:irondefense",
    "tutor:ironhead",
    "tutor:irontail",
    "tutor:knockoff",
    "tutor:lashout",
    "tutor:leer",
    "tutor:lowkick",
    "tutor:sleeptalk",
    "tutor:snatch",
    "tutor:snore",
    "tutor:spite",
    "tutor:superfang",
    "tutor:thunderpunch",
    "tutor:zenheadbutt"
  ],
  "labels": [
    "gen5"
  ],
  "pokedex": [
    "cobblemon.species.scraggy.desc"
  ],
  "evolutions": [
    {
      "id": "scraggy_scrafty",
      "variant": "level_up",
      "result": "scrafty",
      "consumeHeldItem": false,
      "learnableMoves": [],
      "requirements": [
        {
          "variant": "level",
          "minLevel": 39
        }
      ]
    }
  ],
  "baseScale": 1,
  "hitbox": {
    "width": .6,
    "height": .6,
    "fixed": false
  },
  "baseFriendship": 35,
  "evYield": {
    "hp": 0,
    "attack": 1,
    "defence": 0,
    "special_attack": 0,
    "special_defence": 0,
    "speed": 0
  },
  "height": 6,
  "weight": 118,
  "aspects": [],
  "cannotDynamax": false
}