{
  "name": "Scrafty",
  "nationalPokedexNumber": 560,
  "primaryType": "dark",
  "secondaryType": "fighting",
  "abilities": [
    "shedskin",
    "moxie",
    "h:intimidate"
  ],
  "drops": {
    "amount": 2,
    "entries": [
      {
        "item": "cobblemon:black_belt",
        "percentage": 5.0
      },
      {
        "item": "cobblemon:roseli_berry",
        "percentage": 5.0
      }
    ]
  },
  "baseStats": {
    "hp": 65,
    "attack": 90,
    "defence": 115,
    "special_attack": 45,
    "special_defence": 115,
    "speed": 58
  },
  "catchRate": 90,
  "maleRatio": 0.5,
  "shoulderMountable": false,
  "baseExperienceYield": 171,
  "experienceGroup": "medium_fast",
  "eggCycles": 15,
  "eggGroups": [
    "field",
    "dragon"
  ],
  "moves": [
    "1:feintattack",
    "1:headbutt",
    "1:leer",
    "1:lowkick",
    "1:payback",
    "12:sandattack",
    "16:facade",
    "20:protect",
    "24:beatup",
    "27:chipaway",
    "28:scaryface",
    "32:brickbreak",
    "36:swagger",
    "42:crunch",
    "48:highjumpkick",
    "51:rockclimb",
    "54:focuspunch",
    "60:headsmash",
    "tm:amnesia",
    "tm:assurance",
    "tm:attract",
    "tm:beatup",
    "tm:brickbreak",
    "tm:bulkup",
    "tm:closecombat",
    "tm:confide",
    "tm:crunch",
    "tm:darkpulse",
    "tm:dig",
    "tm:doubleteam",
    "tm:dragonclaw",
    "tm:dragondance",
    "tm:dragonpulse",
    "tm:dragontail",
    "tm:drainpunch",
    "tm:endure",
    "tm:facade",
    "tm:faketears",
    "tm:firepunch",
    "tm:fling",
    "tm:focusblast",
    "tm:foulplay",
    "tm:frustration",
    "tm:gigaimpact",
    "tm:grassknot",
    "tm:hiddenpower",
    "tm:hyperbeam",
    "tm:icepunch",
    "tm:incinerate",
    "tm:irondefense",
    "tm:ironhead",
    "tm:irontail",
    "tm:lowkick",
    "tm:lowsweep",
    "tm:megakick",
    "tm:megapunch",
    "tm:outrage",
    "tm:payback",
    "tm:poisonjab",
    "tm:poweruppunch",
    "tm:protect",
    "tm:raindance",
    "tm:rest",
    "tm:retaliate",
    "tm:return",
    "tm:revenge",
    "tm:roar",
    "tm:rockslide",
    "tm:rocksmash",
    "tm:rocktomb",
    "tm:round",
    "tm:scaryface",
    "tm:secretpower",
    "tm:sleeptalk",
    "tm:sludgebomb",
    "tm:smackdown",
    "tm:snarl",
    "tm:snore",
    "tm:stoneedge",
    "tm:strength",
    "tm:substitute",
    "tm:sunnyday",
    "tm:swagger",
    "tm:taunt",
    "tm:thief",
    "tm:throatchop",
    "tm:thunderpunch",
    "tm:torment",
    "tm:toxic",
    "tm:workup",
    "tm:zenheadbutt",
    "tutor:coaching",
    "tutor:darkpulse",
    "tutor:dragonpulse",
    "tutor:drainpunch",
    "tutor:dualchop",
    "tutor:firepunch",
    "tutor:focuspunch",
    "tutor:foulplay",
    "tutor:icepunch",
    "tutor:irondefense",
    "tutor:ironhead",
    "tutor:irontail",
    "tutor:knockoff",
    "tutor:lashout",
    "tutor:lowkick",
    "tutor:outrage",
    "tutor:payback",
    "tutor:sleeptalk",
    "tutor:snatch",
    "tutor:snore",
    "tutor:spite",
    "tutor:substitute",
    "tutor:superfang",
    "tutor:throatchop",
    "tutor:thunderpunch",
    "tutor:zenheadbutt"
  ],
  "labels": [
    "gen5"
  ],
  "pokedex": [
    "cobblemon.species.scrafty.desc"
  ],
  "preEvolution": "scraggy",
  "evolutions": [],
  "baseScale": 1,
  "hitbox": {
    "width": 1,
    "height": 1,
    "fixed": false
  },
  "baseFriendship": 50,
  "evYield": {
    "hp": 0,
    "attack": 0,
    "defence": 1,
    "special_attack": 0,
    "special_defence": 1,
    "speed": 0
  },
  "height": 11,
  "weight": 300,
  "aspects": [],
  "cannotDynamax": false
}