{
  "name": "Solosis",
  "nationalPokedexNumber": 577,
  "primaryType": "psychic",
  "abilities": [
    "overcoat",
    "magicguard",
    "h:regenerator"
  ],
  "drops": {
    "amount": 2,
    "entries": [
      {
        "item": "minecraft:slime_ball",
        "quantityRange": "0-1"
      },
      {
        "item": "cobblemon:persim_berry",
        "percentage": 2.5
      }
    ]
  },
  "baseStats": {
    "hp": 45,
    "attack": 30,
    "defence": 40,
    "special_attack": 105,
    "special_defence": 50,
    "speed": 20
  },
  "catchRate": 200,
  "maleRatio": 0.5,
  "shoulderMountable": false,
  "baseExperienceYield": 58,
  "experienceGroup": "medium_slow",
  "eggCycles": 20,
  "eggGroups": [
    "amorphous"
  ],
  "moves": [
    "1:confusion",
    "1:protect",
    "1:psywave",
    "4:recover",
    "7:rollout",
    "8:endeavor",
    "10:snatch",
    "12:psybeam",
    "14:hiddenpower",
    "16:charm",
    "20:psyshock",
    "24:lightscreen",
    "24:reflect",
    "28:allyswitch",
    "33:painsplit",
    "36:psychic",
    "40:skillswap",
    "44:futuresight",
    "46:healblock",
    "48:wonderroom",
    "egg:acidarmor",
    "egg:astonish",
    "egg:confuseray",
    "egg:helpinghand",
    "egg:imprison",
    "egg:nightshade",
    "egg:secretpower",
    "egg:trick",
    "tm:allyswitch",
    "tm:attract",
    "tm:calmmind",
    "tm:charm",
    "tm:confide",
    "tm:doubleteam",
    "tm:dreameater",
    "tm:embargo",
    "tm:encore",
    "tm:endure",
    "tm:energyball",
    "tm:explosion",
    "tm:facade",
    "tm:flash",
    "tm:flashcannon",
    "tm:frustration",
    "tm:futuresight",
    "tm:guardswap",
    "tm:gyroball",
    "tm:helpinghand",
    "tm:hiddenpower",
    "tm:imprison",
    "tm:infestation",
    "tm:irondefense",
    "tm:lightscreen",
    "tm:powerswap",
    "tm:protect",
    "tm:psychic",
    "tm:psychicterrain",
    "tm:psychup",
    "tm:psyshock",
    "tm:raindance",
    "tm:reflect",
    "tm:rest",
    "tm:return",
    "tm:rockslide",
    "tm:rocktomb",
    "tm:round",
    "tm:safeguard",
    "tm:secretpower",
    "tm:shadowball",
    "tm:skillswap",
    "tm:sleeptalk",
    "tm:snore",
    "tm:storedpower",
    "tm:substitute",
    "tm:swagger",
    "tm:telekinesis",
    "tm:thunder",
    "tm:thunderwave",
    "tm:toxic",
    "tm:trick",
    "tm:trickroom",
    "tm:wonderroom",
    "tm:zenheadbutt",
    "tutor:afteryou",
    "tutor:allyswitch",
    "tutor:endeavor",
    "tutor:expandingforce",
    "tutor:gravity",
    "tutor:helpinghand",
    "tutor:irondefense",
    "tutor:magiccoat",
    "tutor:painsplit",
    "tutor:roleplay",
    "tutor:shockwave",
    "tutor:signalbeam",
    "tutor:skillswap",
    "tutor:sleeptalk",
    "tutor:snatch",
    "tutor:snore",
    "tutor:steelroller",
    "tutor:telekinesis",
    "tutor:trick",
    "tutor:wonderroom",
    "tutor:zenheadbutt"
  ],
  "labels": [
    "gen5"
  ],
  "pokedex": [
    "cobblemon.species.solosis.desc"
  ],
  "evolutions": [
    {
      "id": "solosis_duosion",
      "variant": "level_up",
      "result": "duosion",
      "consumeHeldItem": false,
      "learnableMoves": [],
      "requirements": [
        {
          "variant": "level",
          "minLevel": 32
        }
      ]
    }
  ],
  "baseScale": .75,
  "hitbox": {
    "width": 1,
    "height": 1,
    "fixed": false
  },
  "baseFriendship": 50,
  "evYield": {
    "hp": 0,
    "attack": 0,
    "defence": 0,
    "special_attack": 1,
    "special_defence": 0,
    "speed": 0
  },
  "height": 3,
  "weight": 10,
  "aspects": [],
  "cannotDynamax": false
}