{
	"format_version": "1.8.0",
	"animations": {
		"animation.basculin.water_idle": {
			"loop": true,
			"animation_length": 16.0317,
			"bones": {
				"fin_left": {
					"rotation": ["-25+math.sin(q.anim_time*90*0.75-50)*5", "-15+math.sin(q.anim_time*90*0.75-90)*-10", 30]
				},
				"fin_right": {
					"rotation": ["-25+math.sin(q.anim_time*90*0.75-50)*5", "15+math.sin(q.anim_time*90*0.75-90)*10", -30]
				},
				"body": {
					"rotation": ["-10.5+math.sin(q.anim_time*90*1-70)*4", "math.sin(q.anim_time*90*0.25-80)*1", "math.sin(q.anim_time*90*0.25-100)*-3"],
					"position": ["math.sin(q.anim_time*90*0.5)*2", "7+math.sin(q.anim_time*90*1)*3", "math.sin(q.anim_time*90*1-160)*1"]
				},
				"torso": {
					"rotation": ["-2+math.sin(q.anim_time*90*1-100)*-2", 0, 0]
				},
				"jaw": {
					"rotation": ["-7.5+Math.cos((query.anim_time - 0.0) * 180) * 1", 0, 0]
				},
				"tail": {
					"rotation": ["5+math.sin(q.anim_time*90*1-100)*5", 0, "math.sin(q.anim_time*90*0.5-110)*-6"]
				},
				"tail_fin": {
					"rotation": ["2.5+math.sin(q.anim_time*90*1-170)*4", "math.sin(q.anim_time*90*0.5-200)*2", "math.sin(q.anim_time*90*0.5-200)*4"]
				}
			}
		},
		"animation.basculin.water_swim": {
			"loop": true,
			"animation_length": 16.0278,
			"bones": {
				"jaw": {
					"rotation": ["7.5-Math.cos((query.anim_time + 0.3) * 180) * -15", 0, 0],
					"position": [0, 0, 0.5]
				},
				"body": {
					"rotation": ["math.sin(q.anim_time*90*2-70)*5", "math.sin(q.anim_time*90*1-80)*3", "math.sin(q.anim_time*90*1-100)*-6"],
					"position": ["math.sin(q.anim_time*90*1)*4", "5+math.sin(q.anim_time*90*2)*2", "-6+math.sin(q.anim_time*90*2-160)*2"]
				},
				"torso": {
					"rotation": [0, 0, 0]
				},
				"fin_left": {
					"rotation": ["-27.5735+Math.sin(q.anim_time*90*3+150)*10", "-33.6649+Math.sin(q.anim_time*90*3+150)*10", 37.6613]
				},
				"fin_right": {
					"rotation": ["-29.2703+Math.sin(q.anim_time*90*3+150)*10", "33.5653+Math.sin(q.anim_time*90*3+150)*10", -38.60418]
				},
				"tail": {
					"rotation": ["-2.5527+math.sin(q.anim_time*90*2-100)*2", "-0.5108-Math.sin(q.anim_time*90*3+150)*10", "math.sin(q.anim_time*90*1-110)*-9.0138"],
					"position": [0, 1.25, 0]
				},
				"tail_fin": {
					"rotation": ["-5+math.sin(q.anim_time*90*2-170)*4", "math.sin(q.anim_time*90*1-200)*2", "math.sin(q.anim_time*90*1-200)*7"]
				}
			}
		},
		"animation.basculin.blink": {
			"animation_length": 0.1667,
			"bones": {
				"eyelid_left": {
					"position": {
						"0.0": [0.1, 0, 0],
						"0.125": [0.1, 0, 0],
						"0.1667": [0, 0, 0]
					}
				},
				"eyelid_right": {
					"position": {
						"0.0": [-0.1, 0, 0],
						"0.125": [-0.1, 0, 0],
						"0.1667": [0, 0, 0]
					}
				}
			}
		},
		"animation.basculin.cry": {
			"animation_length": 1.5,
			"bones": {
				"head": {
					"rotation": {
						"0.0": [0, 0, 0],
						"0.25": [-15, 0, 0],
						"1.25": [-15, 0, 0],
						"1.5": [0, 0, 0]
					}
				},
				"jaw": {
					"rotation": {
						"0.0": [0, 0, 0],
						"0.0833": [30, 0, 0],
						"0.1667": [0, 0, 0],
						"0.25": [30, 0, 0],
						"0.3333": [0, 0, 0],
						"0.4167": [30, 0, 0],
						"0.5": [0, 0, 0],
						"0.5833": [30, 0, 0],
						"0.6667": [0, 0, 0],
						"0.75": [30, 0, 0],
						"0.8333": [0, 0, 0],
						"0.9167": [30, 0, 0],
						"1.0": [0, 0, 0],
						"1.0833": [30, 0, 0],
						"1.1667": [0, 0, 0],
						"1.25": [30, 0, 0],
						"1.3333": [0, 0, 0],
						"1.4167": [30, 0, 0],
						"1.5": [0, 0, 0]
					},
					"position": {
						"0.0": [0, 0.02181, 0.49952],
						"0.0833": [0, 0.25652, 0.70477],
						"0.1667": [0, 0.02181, 0.49952],
						"0.25": [0, 0.25652, 0.70477],
						"0.3333": [0, 0.02181, 0.49952],
						"0.4167": [0, 0.25652, 0.70477],
						"0.5": [0, 0.02181, 0.49952],
						"0.5833": [0, 0.25652, 0.70477],
						"0.6667": [0, 0.02181, 0.49952],
						"0.75": [0, 0.25652, 0.70477],
						"0.8333": [0, 0.02181, 0.49952],
						"0.9167": [0, 0.25652, 0.70477],
						"1.0": [0, 0.02181, 0.49952],
						"1.0833": [0, 0.25652, 0.70477],
						"1.1667": [0, 0.02181, 0.49952],
						"1.25": [0, 0.25652, 0.70477],
						"1.3333": [0, 0.02181, 0.49952],
						"1.4167": [0, 0.25652, 0.70477],
						"1.5": [0, 0.02181, 0.49952]
					}
				},
				"torso": {
					"rotation": {
						"0.0": {
							"post": [0, 0, 0],
							"lerp_mode": "catmullrom"
						},
						"0.1667": {
							"post": [-7.5, 0, 0],
							"lerp_mode": "catmullrom"
						},
						"0.3333": {
							"post": [0, 0, 0],
							"lerp_mode": "catmullrom"
						},
						"0.5": {
							"post": [-7.5, 0, 0],
							"lerp_mode": "catmullrom"
						},
						"0.6667": {
							"post": [0, 0, 0],
							"lerp_mode": "catmullrom"
						},
						"0.8333": {
							"post": [-7.5, 0, 0],
							"lerp_mode": "catmullrom"
						},
						"1.0": {
							"post": [0, 0, 0],
							"lerp_mode": "catmullrom"
						},
						"1.0833": {
							"post": [-7.5, 0, 0],
							"lerp_mode": "catmullrom"
						},
						"1.25": {
							"post": [0, 0, 0],
							"lerp_mode": "catmullrom"
						}
					}
				}
			}
		},
		"animation.basculin.battle_idle": {
			"loop": true,
			"animation_length": 31.9583,
			"bones": {
				"basculin": {
					"rotation": [17.5, 0, 0]
				},
				"body": {
					"rotation": ["4.5+math.sin(q.anim_time*90*1-70)*4", "math.sin(q.anim_time*90*0.25-80)*1", "math.sin(q.anim_time*90*0.25-100)*-3"],
					"position": ["0+math.sin(q.anim_time*90*0.5)*2", "6.6759+math.sin(q.anim_time*90*1)*3", "2.1049+math.sin(q.anim_time*90*1-160)*1"]
				},
				"torso": {
					"rotation": ["-2+math.sin(q.anim_time*90*1-100)*-2", 0, 0]
				},
				"head": {
					"rotation": [10, 0, 0]
				},
				"jaw": {
					"rotation": ["5-Math.sin(q.anim_time*90*3+150)*10", 0, 0]
				},
				"fin_left": {
					"rotation": ["-25+Math.sin(q.anim_time*90*3+150)*10", "-15+Math.sin(q.anim_time*90*3+150)*10", 30]
				},
				"fin_right": {
					"rotation": ["-25+Math.sin(q.anim_time*90*3+150)*10", "15+Math.sin(q.anim_time*90*3+150)*10", -30]
				},
				"tail": {
					"rotation": ["-20+math.sin(q.anim_time*90*1-100)*5", 0, "math.sin(q.anim_time*90*0.5-110)*-6"]
				},
				"tail_fin": {
					"rotation": [-17.5, 0, 0]
				}
			}
		},
		"animation.basculin.faint": {
			"animation_length": 0.5556,
			"bones": {
				"basculin": {
					"rotation": {
						"0.0": {
							"post": [17.5, 0, 0],
							"lerp_mode": "catmullrom"
						}
					}
				},
				"body": {
					"rotation": {
						"0.0": {
							"post": [4.5, 0, 0],
							"lerp_mode": "catmullrom"
						},
						"0.1667": {
							"post": [-138, 0, 0],
							"lerp_mode": "catmullrom"
						},
						"0.3333": {
							"post": [-168, 0, 0],
							"lerp_mode": "catmullrom"
						},
						"0.4167": {
							"post": [-310.5, 0, 0],
							"lerp_mode": "catmullrom"
						},
						"0.5417": {
							"post": [-360.5, 0, 0],
							"lerp_mode": "catmullrom"
						}
					},
					"position": {
						"0.0": {
							"post": [0, 6.67602, 2.10494],
							"lerp_mode": "catmullrom"
						},
						"0.1667": {
							"post": [0, 10, 6],
							"lerp_mode": "catmullrom"
						},
						"0.3333": {
							"post": [0, 10, 10],
							"lerp_mode": "catmullrom"
						},
						"0.4167": {
							"post": [0, 5, 16],
							"lerp_mode": "catmullrom"
						},
						"0.5417": {
							"post": [0, -6, 16],
							"lerp_mode": "catmullrom"
						}
					}
				},
				"torso": {
					"rotation": {
						"0.0": {
							"post": [-2, 0, 0],
							"lerp_mode": "catmullrom"
						}
					}
				},
				"head": {
					"rotation": {
						"0.0": {
							"post": [10, 0, 0],
							"lerp_mode": "catmullrom"
						},
						"0.0833": {
							"post": [27.5, 0, 0],
							"lerp_mode": "catmullrom"
						},
						"0.25": {
							"post": [7.5, 0, 0],
							"lerp_mode": "catmullrom"
						},
						"0.375": {
							"post": [52.5, 0, 0],
							"lerp_mode": "catmullrom"
						},
						"0.5": {
							"post": [7.5, 0, 0],
							"lerp_mode": "catmullrom"
						},
						"0.5417": {
							"post": [-5, 0, 0],
							"lerp_mode": "catmullrom"
						}
					}
				},
				"jaw": {
					"rotation": {
						"0.0": {
							"post": [5, 0, 0],
							"lerp_mode": "catmullrom"
						},
						"0.0833": {
							"post": [30, 0, 0],
							"lerp_mode": "catmullrom"
						},
						"0.25": {
							"post": [12.5, 0, 0],
							"lerp_mode": "catmullrom"
						},
						"0.4583": {
							"post": [40, 0, 0],
							"lerp_mode": "catmullrom"
						},
						"0.5417": {
							"post": [-5, 0, 0],
							"lerp_mode": "catmullrom"
						}
					}
				},
				"fin_left": {
					"rotation": {
						"0.0": {
							"post": [-25, -15, 30],
							"lerp_mode": "catmullrom"
						},
						"0.0833": {
							"post": [-29.92519, 15.11811, 44.92894],
							"lerp_mode": "catmullrom"
						},
						"0.1667": {
							"post": [-99.92519, 15.11811, 44.92894],
							"lerp_mode": "catmullrom"
						},
						"0.4167": {
							"post": [-103.49919, 44.53451, 37.98488],
							"lerp_mode": "catmullrom"
						},
						"0.5417": {
							"post": [-102.01866, 7.34488, 30.89927],
							"lerp_mode": "catmullrom"
						}
					}
				},
				"fin_right": {
					"rotation": {
						"0.0": {
							"post": [-25, 15, -30],
							"lerp_mode": "catmullrom"
						},
						"0.0833": {
							"post": [-28.88372, 1.14799, -56.95207],
							"lerp_mode": "catmullrom"
						},
						"0.25": {
							"post": [-98.88372, 1.14799, -56.95207],
							"lerp_mode": "catmullrom"
						},
						"0.4583": {
							"post": [-101.75736, -40.73644, -49.03781],
							"lerp_mode": "catmullrom"
						},
						"0.5417": {
							"post": [-122.95134, -27.86711, -12.52305],
							"lerp_mode": "catmullrom"
						}
					}
				},
				"tail": {
					"rotation": {
						"0.0": {
							"post": [-20, 0, 0],
							"lerp_mode": "catmullrom"
						},
						"0.0833": {
							"post": [-30, 0, 0],
							"lerp_mode": "catmullrom"
						},
						"0.1667": {
							"post": [-40, 0, 0],
							"lerp_mode": "catmullrom"
						},
						"0.2917": {
							"post": [-45, 0, 0],
							"lerp_mode": "catmullrom"
						},
						"0.4167": {
							"post": [-30, 0, 0],
							"lerp_mode": "catmullrom"
						},
						"0.5417": {
							"post": [-20, 0, 0],
							"lerp_mode": "catmullrom"
						}
					}
				},
				"tail_fin": {
					"rotation": {
						"0.0": {
							"post": [-17.5, 0, 0],
							"lerp_mode": "catmullrom"
						},
						"0.0417": {
							"post": [-43.48302, 43.39816, -33.08878],
							"lerp_mode": "catmullrom"
						},
						"0.1667": {
							"post": [-36.18939, 15.09492, -8.95891],
							"lerp_mode": "catmullrom"
						},
						"0.375": {
							"post": [-58.06942, 23.54817, -22.10925],
							"lerp_mode": "catmullrom"
						},
						"0.5417": {
							"post": [-10.11884, 35.45513, 71.70131],
							"lerp_mode": "catmullrom"
						}
					}
				}
			}
		},
		"animation.basculin.physical": {
			"animation_length": 0.5,
			"bones": {
				"basculin": {
					"rotation": {
						"0.0": [17.5, 0, 0],
						"0.125": [-30, 0, 0],
						"0.2917": [10.73, 0, 0],
						"0.5": [17.5, 0, 0]
					},
					"position": {
						"0.0": [0, 0, 0],
						"0.125": [0, 0, 8],
						"0.2917": [0, 0, -8],
						"0.5": [0, 0, 0]
					}
				},
				"body": {
					"rotation": {
						"0.0": [4.5, 0, 0],
						"0.5": [4.5, 0, 0]
					},
					"position": {
						"0.0": [0, 6.67602, 2.10494],
						"0.5": [0, 0, 0]
					}
				},
				"torso": {
					"rotation": {
						"0.0": [-2, 0, 0],
						"0.125": [-2.20656, 24.98373, -0.93234],
						"0.25": [-2, 0, 0],
						"0.5": [-2, 0, 0]
					}
				},
				"head": {
					"rotation": {
						"0.0": [10, 0, 0],
						"0.125": [0, -25, 0],
						"0.2917": [22.26, 0, 0],
						"0.5": [10, 0, 0]
					}
				},
				"jaw": {
					"rotation": {
						"0.0": [5, 0, 0],
						"0.125": [27.31608, -14.90835, 20.30179],
						"0.2917": [-20.65, 0, 0],
						"0.5": [5, 0, 0]
					}
				},
				"fin_left": {
					"rotation": {
						"0.0": [-25, -15, 30],
						"0.125": [-35.41365, 45.21397, -3.65914],
						"0.2917": [-46.45376, -48.3276, 60.42452],
						"0.5": [-25, -15, 30]
					}
				},
				"fin_right": {
					"rotation": {
						"0.0": [-25, 15, -30],
						"0.125": [-40.58212, -51.13343, 10.58212],
						"0.2917": [-44.8623, 43.68869, -56.28157],
						"0.5": [-25, 15, -30]
					}
				},
				"tail": {
					"rotation": {
						"0.0": [-20, 0, 0],
						"0.125": [-31.5667, 17.2294, -10.3141],
						"0.5": [-20, 0, 0]
					}
				},
				"tail_fin": {
					"rotation": {
						"0.0": [-17.5, 0, 0],
						"0.125": [-21.88023, 23.39896, -9.06159],
						"0.5": [-17.5, 0, 0]
					}
				}
			}
		},
		"animation.basculin.special": {
			"animation_length": 0.5,
			"bones": {
				"basculin": {
					"rotation": {
						"0.0": {
							"post": [17.5, 0, 0],
							"lerp_mode": "catmullrom"
						},
						"0.5": {
							"post": [17.5, 0, 0],
							"lerp_mode": "catmullrom"
						}
					},
					"position": {
						"0.0": {
							"post": [0, 0, 0],
							"lerp_mode": "catmullrom"
						},
						"0.5": {
							"post": [0, 0, 0],
							"lerp_mode": "catmullrom"
						}
					}
				},
				"body": {
					"rotation": {
						"0.0": {
							"post": [4.5, 0, 0],
							"lerp_mode": "catmullrom"
						},
						"0.0833": {
							"post": [4.53867, 7.47675, 0.59181],
							"lerp_mode": "catmullrom"
						},
						"0.5": {
							"post": [4.5, 0, 0],
							"lerp_mode": "catmullrom"
						}
					},
					"position": {
						"0.0": {
							"post": [0, 6.67602, 2.10494],
							"lerp_mode": "catmullrom"
						},
						"0.5": {
							"post": [0, 0, 0],
							"lerp_mode": "catmullrom"
						}
					}
				},
				"torso": {
					"rotation": {
						"0.0": {
							"post": [-2, 0, 0],
							"lerp_mode": "catmullrom"
						},
						"0.25": {
							"post": [-39.5, 0, 0],
							"lerp_mode": "catmullrom"
						},
						"0.5": {
							"post": [-2, 0, 0],
							"lerp_mode": "catmullrom"
						}
					}
				},
				"head": {
					"rotation": {
						"0.0": {
							"post": [10, 0, 0],
							"lerp_mode": "catmullrom"
						},
						"0.0833": {
							"post": [-9.17, 0, 0],
							"lerp_mode": "catmullrom"
						},
						"0.125": {
							"post": [3.75, 0, 0],
							"lerp_mode": "catmullrom"
						},
						"0.1667": {
							"post": [-18.33, 0, 0],
							"lerp_mode": "catmullrom"
						},
						"0.2083": {
							"post": [0.84, 0, 0],
							"lerp_mode": "catmullrom"
						},
						"0.25": {
							"post": [-10, 0, 0],
							"lerp_mode": "catmullrom"
						},
						"0.5": {
							"post": [10, 0, 0],
							"lerp_mode": "catmullrom"
						}
					}
				},
				"jaw": {
					"rotation": {
						"0.0": {
							"post": [5, 0, 0],
							"lerp_mode": "catmullrom"
						},
						"0.25": {
							"post": [27.5, 0, 0],
							"lerp_mode": "catmullrom"
						},
						"0.5": {
							"post": [5, 0, 0],
							"lerp_mode": "catmullrom"
						}
					},
					"position": {
						"0.0": [0, 0, 0],
						"0.0833": [0, 0, 0.5],
						"0.125": [0, 0, 0],
						"0.1667": [0, 0, 0.75],
						"0.2083": [0, 0.75, 0.75],
						"0.5": [0, 0, 0]
					}
				},
				"fin_left": {
					"rotation": {
						"0.0": {
							"post": [-25, -15, 30],
							"lerp_mode": "catmullrom"
						},
						"0.25": {
							"post": [-29.75336, 34.65646, 5.11117],
							"lerp_mode": "catmullrom"
						},
						"0.5": {
							"post": [-25, -15, 30],
							"lerp_mode": "catmullrom"
						}
					}
				},
				"fin_right": {
					"rotation": {
						"0.0": {
							"post": [-25, 15, -30],
							"lerp_mode": "catmullrom"
						},
						"0.25": {
							"post": [-28.21076, -30.28155, -7.98212],
							"lerp_mode": "catmullrom"
						},
						"0.5": {
							"post": [-25, 15, -30],
							"lerp_mode": "catmullrom"
						}
					}
				},
				"tail": {
					"rotation": {
						"0.0": {
							"post": [-20, 0, 0],
							"lerp_mode": "catmullrom"
						},
						"0.0833": {
							"post": [7.69032, -29.77635, -3.83649],
							"lerp_mode": "catmullrom"
						},
						"0.25": {
							"post": [-30, 0, 0],
							"lerp_mode": "catmullrom"
						},
						"0.5": {
							"post": [-20, 0, 0],
							"lerp_mode": "catmullrom"
						}
					}
				},
				"tail_fin": {
					"rotation": {
						"0.0": {
							"post": [-17.5, 0, 0],
							"lerp_mode": "catmullrom"
						},
						"0.0833": {
							"post": [21.67413, -35.49178, -12.99301],
							"lerp_mode": "catmullrom"
						},
						"0.25": {
							"post": [-32.5, 0, 0],
							"lerp_mode": "catmullrom"
						},
						"0.5": {
							"post": [-17.5, 0, 0],
							"lerp_mode": "catmullrom"
						}
					}
				}
			}
		},
		"animation.basculin.sleep": {
			"loop": true,
			"animation_length": 16,
			"bones": {
				"body": {
					"rotation": ["-10.5+math.sin(q.anim_time*90*1-70)*4", "math.sin(q.anim_time*90*0.25-80)*1", "math.sin(q.anim_time*90*0.25-100)*-3"],
					"position": ["math.sin(q.anim_time*90*0.5)*2", "6+math.sin(q.anim_time*90*1)*3", "math.sin(q.anim_time*90*1-160)*1"]
				},
				"torso": {
					"rotation": ["-5.9669+math.sin(q.anim_time*90*1-100)*-2", 14.4694, -15.51164]
				},
				"head": {
					"rotation": [15, -15, 0]
				},
				"eye_left": {
					"scale": {
						"0.0": [1, 0.025, 1],
						"5.5417": [1, 0.025, 1],
						"6.0": [1, 0.05, 1],
						"16.0": [1, 0.025, 1]
					}
				},
				"eye_right": {
					"scale": {
						"0.0": [1, 0.025, 1],
						"7.4583": [1, 0.025, 1],
						"7.9583": [1, 0.05, 1],
						"16.0": [1, 0.025, 1]
					}
				},
				"jaw": {
					"rotation": ["5+Math.cos((query.anim_time - 0.0) * 180) * 1", 0, 0]
				},
				"fin_left": {
					"rotation": ["-25+math.sin(q.anim_time*90*0.75-50)*5", "-15+math.sin(q.anim_time*90*0.75-90)*-10", 30]
				},
				"fin_right": {
					"rotation": ["-25+math.sin(q.anim_time*90*0.75-50)*5", "15+math.sin(q.anim_time*90*0.75-90)*10", -30]
				},
				"tail": {
					"rotation": ["-12.4963+math.sin(q.anim_time*90*1-100)*5", 17.49998, "math.sin(q.anim_time*90*0.5-110)*-5.9761"]
				},
				"tail_fin": {
					"rotation": ["-14.9304+math.sin(q.anim_time*90*1-170)*4", "14.9924+math.sin(q.anim_time*90*0.5-200)*2", "0.4852+math.sin(q.anim_time*90*0.5-200)*4"]
				}
			}
		},
		"animation.basculin.ground_walk": {
			"loop": true,
			"animation_length": 2,
			"bones": {
				"basculin": {
					"rotation": {
						"0.0": {
							"post": [0, 0, -90],
							"lerp_mode": "catmullrom"
						}
					},
					"position": {
						"0.0": {
							"post": [5, 4.25, 0],
							"lerp_mode": "catmullrom"
						}
					}
				},
				"torso": {
					"rotation": {
						"0.0": [0, "10+90*math.sin(q.anim_time*90*4)", 0],
						"0.5833": [0, "47.5+90*math.sin(q.anim_time*90*4)", 0],
						"0.7917": [0, "87.5+90*math.sin(q.anim_time*90*4)", 0],
						"1.7083": [0, "47.5+90*math.sin(q.anim_time*90*4)", 0],
						"1.9167": [0, "87.5+90*math.sin(q.anim_time*90*4)", 0],
						"2.0": [0, "10+90*math.sin(q.anim_time*90*4)", 0]
					},
					"position": {
						"0.0": ["0.5+0.5+5*math.sin(q.anim_time*90*4)", 0, 0],
						"0.5833": ["1.5+0.5+5*math.sin(q.anim_time*90*4)", 0, 0],
						"0.7083": [1.37, 0, 0],
						"0.7917": ["3.5+0.5+5*math.sin(q.anim_time*90*4)", 0, 0],
						"1.7083": ["10.5+0.5+5*math.sin(q.anim_time*90*4)", 0, 0],
						"1.75": [3, 0, 0],
						"1.9167": ["5.5+0.5+5*math.sin(q.anim_time*90*4)", 0, 0],
						"2.0": ["0.5+0.5+5*math.sin(q.anim_time*90*4)", 0, 0]
					},
					"scale": {
						"0.0": {
							"post": ["1+0.1*math.sin(q.anim_time*90*4)", "1+0.1*math.sin(q.anim_time*90*4)", "1+0.1*math.sin(q.anim_time*90*4)"],
							"lerp_mode": "catmullrom"
						}
					}
				},
				"jaw": {
					"rotation": {
						"0.0": {
							"post": ["1+20*math.sin(q.anim_time*90*4)", 0, 0],
							"lerp_mode": "catmullrom"
						}
					},
					"position": {
						"0.0": {
							"post": [0, 0, 0.25],
							"lerp_mode": "catmullrom"
						}
					}
				},
				"fin_left": {
					"rotation": {
						"0.0": {
							"post": [0, "-77.5-1+20*math.sin(q.anim_time*90*4)", 0],
							"lerp_mode": "catmullrom"
						},
						"0.625": {
							"post": [0, "-70-1+20*math.sin(q.anim_time*90*4)", 0],
							"lerp_mode": "catmullrom"
						},
						"0.7917": {
							"post": [0, "-62.5-1+20*math.sin(q.anim_time*90*4)", 0],
							"lerp_mode": "catmullrom"
						},
						"2.0": {
							"post": [0, "-77.5-1+20*math.sin(q.anim_time*90*4)", 0],
							"lerp_mode": "catmullrom"
						}
					}
				},
				"fin_right": {
					"rotation": {
						"0.0": {
							"post": [0, "87.5-10+5*math.sin(q.anim_time*90*4)", 0],
							"lerp_mode": "catmullrom"
						}
					}
				},
				"tail": {
					"rotation": {
						"0.0": {
							"post": [0, "-20-1+40*math.sin(q.anim_time*90*4)", 0],
							"lerp_mode": "catmullrom"
						},
						"0.625": {
							"post": [0, "39+40*math.sin(q.anim_time*90*4)", 0],
							"lerp_mode": "catmullrom"
						},
						"1.75": {
							"post": [0, "49+40*math.sin(q.anim_time*90*4)", 0],
							"lerp_mode": "catmullrom"
						},
						"2.0": {
							"post": [0, "-20-1+40*math.sin(q.anim_time*90*4)", 0],
							"lerp_mode": "catmullrom"
						}
					}
				},
				"tail_fin": {
					"rotation": {
						"0.0": {
							"post": [0, -2.5, 0],
							"lerp_mode": "catmullrom"
						},
						"0.3333": {
							"post": [0, 12.5, 0],
							"lerp_mode": "catmullrom"
						},
						"0.7083": {
							"post": [0, -5, 0],
							"lerp_mode": "catmullrom"
						},
						"0.9583": {
							"post": [0, 17.5, 0],
							"lerp_mode": "catmullrom"
						},
						"1.25": {
							"post": [0, 47.5, 0],
							"lerp_mode": "catmullrom"
						},
						"1.7083": {
							"post": [0, 50, 0],
							"lerp_mode": "catmullrom"
						},
						"1.75": {
							"post": [0, 32.5, 0],
							"lerp_mode": "catmullrom"
						},
						"1.875": {
							"post": [0, -32.5, 0],
							"lerp_mode": "catmullrom"
						},
						"2.0": {
							"post": [0, -2.5, 0],
							"lerp_mode": "catmullrom"
						}
					}
				}
			}
		},
		"animation.basculin.ground_idle": {
			"loop": true,
			"animation_length": 2,
			"bones": {
				"basculin": {
					"rotation": {
						"0.0": {
							"post": [0, 0, -90],
							"lerp_mode": "catmullrom"
						}
					},
					"position": {
						"0.0": {
							"post": [5, 4.25, 0],
							"lerp_mode": "catmullrom"
						}
					}
				},
				"torso": {
					"scale": {
						"0.0": {
							"post": [1, 1, 1],
							"lerp_mode": "catmullrom"
						},
						"1.0": {
							"post": [1.1, 1, 1],
							"lerp_mode": "catmullrom"
						},
						"2.0": {
							"post": [1, 1, 1],
							"lerp_mode": "catmullrom"
						}
					}
				},
				"jaw": {
					"rotation": {
						"0.0": {
							"post": [0, 0, 0],
							"lerp_mode": "catmullrom"
						},
						"1.0": {
							"post": [10, 0, 0],
							"lerp_mode": "catmullrom"
						},
						"2.0": {
							"post": [0, 0, 0],
							"lerp_mode": "catmullrom"
						}
					},
					"position": {
						"0.0": {
							"post": [0, 0, 0.25],
							"lerp_mode": "catmullrom"
						}
					}
				},
				"fin_left": {
					"rotation": {
						"0.0": {
							"post": [0, -77.5, 0],
							"lerp_mode": "catmullrom"
						},
						"1.0": {
							"post": [0, -72.5, 0],
							"lerp_mode": "catmullrom"
						},
						"2.0": {
							"post": [0, -77.5, 0],
							"lerp_mode": "catmullrom"
						}
					}
				},
				"fin_right": {
					"rotation": {
						"0.0": {
							"post": [0, 87.5, 0],
							"lerp_mode": "catmullrom"
						}
					}
				},
				"tail": {
					"rotation": {
						"0.0": {
							"post": [0, -20, 0],
							"lerp_mode": "catmullrom"
						},
						"1.0": {
							"post": [0, -15, 0],
							"lerp_mode": "catmullrom"
						},
						"2.0": {
							"post": [0, -20, 0],
							"lerp_mode": "catmullrom"
						}
					}
				},
				"tail_fin": {
					"rotation": {
						"0.0": {
							"post": [0, 2.5, 0],
							"lerp_mode": "catmullrom"
						},
						"1.0": {
							"post": [0, 7.5, 0],
							"lerp_mode": "catmullrom"
						},
						"2.0": {
							"post": [0, 2.5, 0],
							"lerp_mode": "catmullrom"
						}
					}
				}
			}
		}
	}
}