{
	"format_version": "1.8.0",
	"animations": {
		"animation.sylveonunitecontest.ground_idle": {
			"loop": true,
			"bones": {
				"head": {
					"rotation": ["-math.sin(q.anim_time*90*4)*0.2", 0, "math.clamp(math.sin(q.anim_time*90*4+45)*0.2,-1.2,1.2)"]
				},
				"ear_right": {
					"rotation": ["2*math.sin(q.anim_time*90*2+90)-math.clamp(math.sin(q.anim_time*90*2-90),-1,1)", 0, 0]
				},
				"ear_left": {
					"rotation": ["2*math.sin(q.anim_time*90*2+90)-math.clamp(math.sin(q.anim_time*90*2-90),-1,1)", 0, 0]
				},
				"tail": {
					"rotation": ["20+6*(math.sin(q.anim_time*90*2)*1)+6*(math.sin(q.anim_time*90*2/2)*1)", 0, 0]
				},
				"tail2": {
					"rotation": ["5+6*(math.sin(q.anim_time*90*2-90)*1)+6*(math.sin(q.anim_time*90*2/2-90)*1)", 0, 0]
				},
				"tail3": {
					"rotation": ["5+6*(math.sin(q.anim_time*90*2-90)*1)+6*(math.sin(q.anim_time*90*2/2-90)*1)", 0, 0]
				},
				"ear_ribbon_right": {
					"rotation": [0, "22.5-math.sin(q.anim_time*90*3-45)*3", 0]
				},
				"ear_ribbon_right2": {
					"rotation": [0, "-7.5-math.sin(q.anim_time*90*3+90)*3", 0]
				},
				"ear_ribbon_right3": {
					"rotation": [0, "-65-math.sin(q.anim_time*90*3+45)*5", 0]
				},
				"ear_ribbon_right4": {
					"rotation": [0, "-90-math.sin(q.anim_time*90*3-90)*10", 0]
				},
				"ear_ribbon_left": {
					"rotation": [15, "-25+math.sin(q.anim_time*90*3-90)*4", -10]
				},
				"ear_ribbon_left2": {
					"rotation": [0, "-45+math.sin(q.anim_time*90*3-180)*6", 0]
				},
				"ear_ribbon_left3": {
					"rotation": [0, "-42.5+math.sin(q.anim_time*90*3-60-180)*6", 0]
				},
				"ear_ribbon_left4": {
					"rotation": [0, "-35+math.sin(q.anim_time*90*3-120-180)*8", 0]
				},
				"ribbon_right": {
					"rotation": [-15, "15-math.sin(q.anim_time*90*3-120)*2", -15]
				},
				"ribbon_right2": {
					"rotation": [0, "45-math.sin(q.anim_time*90*3-120)*2", 0]
				},
				"ribbon_right3": {
					"rotation": [0, "25-math.sin(q.anim_time*90*3+150)*6", 0]
				},
				"ribbon_right4": {
					"rotation": [0, "10-math.sin(q.anim_time*90*3+90)*8", 0]
				},
				"ribbon_left": {
					"rotation": [0, "-17.5+math.sin(q.anim_time*90*3+60)*1", -15]
				},
				"ribbon_left2": {
					"rotation": [0, "-40+math.sin(q.anim_time*90*3-30)*4", 0]
				},
				"ribbon_left3": {
					"rotation": [0, "-25+math.sin(q.anim_time*90*3-120)*6", 0]
				},
				"ribbon_left4": {
					"rotation": [0, "-15+math.sin(q.anim_time*90*3-180)*8", 0]
				},
				"torso": {
					"rotation": ["math.sin(q.anim_time*90*4)*0.2", 0, 0],
					"position": [0, "(math.clamp(math.sin(q.anim_time*90*4+180)*0.1,-0.03,0.03)+math.clamp(math.sin(q.anim_time*90*2+180)*0.15,-0.5,0.5))*0.5", 0]
				},
				"cloth_left_1": {
					"rotation": [0, 0, "0+math.sin(q.anim_time*90*3-180)*-2"]
				},
				"cloth_left_2": {
					"rotation": ["13.5+math.sin(q.anim_time*90*3-180)*6", 0, 0]
				},
				"cloth_right_3": {
					"rotation": ["10+math.sin(q.anim_time*90*3-180)*6", 0, 0]
				},
				"cloth_right_1": {
					"rotation": [0, 0, "0+math.sin(q.anim_time*90*3-180)*2"]
				},
				"bone8": {
					"rotation": ["0+math.sin(q.anim_time*90*3-60-180)*6", 0, 0]
				},
				"bone9": {
					"rotation": ["0+math.sin(q.anim_time*90*3-60-180)*6", 0, 0]
				}
			}
		},
		"animation.sylveonunitecontest.ground_walk": {
			"loop": true,
			"override_previous_animation": true,
			"bones": {
				"body": {
					"rotation": [0, 0, "math.clamp(math.sin(q.anim_time*90*4-90)*1,-0.8,0.8)+math.sin(q.anim_time*90*4-180)*1"],
					"position": [0, "-1.5+math.clamp(math.sin(q.anim_time*90*4)*1.1,0.5,1)+math.clamp(math.sin(q.anim_time*90*4+180)*1.1,0.5,1)", 0]
				},
				"head": {
					"rotation": [0, 0, "-math.clamp(math.sin(q.anim_time*90*4-90)*1,-0.8,0.8)-math.sin(q.anim_time*90*4-180)*1"],
					"position": [
						"math.sin(q.anim_time*90*4-45)*0.1",
						"math.clamp(math.sin(q.anim_time*90*4+30)*0.05,0.5,1)+math.clamp(math.sin(-q.anim_time*90*4+30)*0.05,0.5,1)+math.sin(-q.anim_time*90*8+30)*0.2-1",
						0
					]
				},
				"leg_front_right": {
					"rotation": [
						"30-math.clamp(20*(math.sin(q.anim_time*90*4-90+180)*1+1),-0,60)",
						0,
						"math.clamp(math.sin(q.anim_time*90*4-90+180)*1,-0.8,0.8)+math.sin(q.anim_time*90*4-180+180)*1"
					],
					"position": [
						0,
						"-0.5+0.8*(math.clamp(math.sin(q.anim_time*90*4-155+180)*1.6,1,1.6)-0.2)+0.5*(math.clamp(math.sin(q.anim_time*90*4-75+180)*1.8,1,1.8)-1)-0.2*(math.clamp(math.sin(q.anim_time*90*4+180)*1.4,1,1.4)+1)",
						0
					]
				},
				"leg_front_left": {
					"rotation": [
						"30-math.clamp(20*(math.sin(q.anim_time*90*4-90)*1+1),-0,60)",
						0,
						"-math.clamp(math.sin(q.anim_time*90*4-90)*1,-0.8,0.8)-math.sin(q.anim_time*90*4-180)*1"
					],
					"position": [
						0,
						"-0.5+0.8*(math.clamp(math.sin(q.anim_time*90*4-155)*1.6,1,1.6)-0.2)+0.5*(math.clamp(math.sin(q.anim_time*90*4-75)*1.8,1,1.8)-1)-0.2*(math.clamp(math.sin(q.anim_time*90*4)*1.4,1,1.4)+1)",
						0
					]
				},
				"leg_back_right": {
					"rotation": [
						"-20+math.clamp(15*(math.sin(q.anim_time*90*4-90+180)*1+1),-0,60)",
						0,
						"math.clamp(math.sin(q.anim_time*90*4-90+180)*1,-0.8,0.8)+math.sin(q.anim_time*90*4-180+180)*1"
					],
					"position": [
						0,
						"-math.clamp(-math.sin(q.anim_time*90*4+90+180)*0.01,0,0.01)+math.clamp(-math.sin(q.anim_time*90*4+20+180)*1,0.4,1)-0.4+math.clamp(math.sin(q.anim_time*90*4-130+180)*1.5,0.4,0.6)-0.3",
						-0.1
					]
				},
				"leg_back_left": {
					"rotation": [
						"-20+math.clamp(15*(math.sin(q.anim_time*90*4-90)*1+1),-0,60)",
						0,
						"-math.clamp(math.sin(q.anim_time*90*4-90)*1,-0.8,0.8)-math.sin(q.anim_time*90*4-180)*1"
					],
					"position": [
						0,
						"-math.clamp(-math.sin(q.anim_time*90*4+90)*0.01,0,0.01)+math.clamp(-math.sin(q.anim_time*90*4+20)*1,0.4,1)-0.4+math.clamp(math.sin(q.anim_time*90*4-130)*1.5,0.4,0.6)-0.3",
						-0.1
					]
				},
				"ear_right": {
					"rotation": [
						"math.sin(q.anim_time*90*8+45)+math.clamp(math.sin(q.anim_time*90*8+90),-1,1)",
						"0.5*math.sin(q.anim_time*90*8+45)+0.5*math.clamp(math.sin(q.anim_time*90*8+90),-2,2)",
						0
					]
				},
				"ear_left": {
					"rotation": [
						"math.sin(q.anim_time*90*8+45)+math.clamp(math.sin(q.anim_time*90*8+90),-1,1)",
						"-0.5*math.sin(q.anim_time*90*8+45)-0.5*math.clamp(math.sin(q.anim_time*90*8+90),-2,2)",
						0
					]
				},
				"leg_front_right2": {
					"rotation": [
						"math.clamp(math.sin(q.anim_time*90*4-180+10+180)*20,0,10)+math.clamp(math.sin(q.anim_time*90*4-180+10+180)*20,-50,50)-math.clamp(math.sin(q.anim_time*90*4+10+180)*70,50,60)+25",
						0,
						0
					]
				},
				"leg_front_right3": {
					"rotation": [
						"-45+math.clamp(20*(math.sin(q.anim_time*90*4-90+180)*1+1),-0,60)-math.clamp(math.sin(q.anim_time*90*4-180+10+180)*20,0,10)-math.clamp(math.sin(q.anim_time*90*4-180+10+180)*20,-50,50)+math.clamp(math.sin(q.anim_time*90*4+10+180)*70,50,60)+math.clamp(math.sin(q.anim_time*90*4+40+180)*80,50,80)-60",
						0,
						0
					],
					"position": [0, "math.clamp(math.sin(q.anim_time*90*4-120+180)*1.1,0.9,1)-0.9+math.clamp(math.sin(q.anim_time*90*2-130+180)*1.3,0.9,1)-0.9", 0]
				},
				"leg_front_left2": {
					"rotation": [
						"math.clamp(math.sin(q.anim_time*90*4-180+10)*20,0,10)+math.clamp(math.sin(q.anim_time*90*4-180+10)*20,-50,50)-math.clamp(math.sin(q.anim_time*90*4+10)*70,50,60)+25",
						0,
						0
					]
				},
				"leg_front_left3": {
					"rotation": [
						"-45+math.clamp(20*(math.sin(q.anim_time*90*4-90)*1+1),-0,60)-math.clamp(math.sin(q.anim_time*90*4-180+10)*20,0,10)-math.clamp(math.sin(q.anim_time*90*4-180+10)*20,-50,50)+math.clamp(math.sin(q.anim_time*90*4+10)*70,50,60)+math.clamp(math.sin(q.anim_time*90*4+40)*80,50,80)-60",
						0,
						0
					],
					"position": [0, "math.clamp(math.sin(q.anim_time*90*4-120)*1.1,0.9,1)-0.9+math.clamp(math.sin(q.anim_time*90*2-130)*1.3,0.9,1)-0.9", 0]
				},
				"leg_back_right2": {
					"rotation": [
						"math.clamp(math.sin(q.anim_time*90*4+180)*10,0,10)+math.clamp(math.sin(q.anim_time*90*4-95+180)*25,0,45)-math.clamp(math.sin(q.anim_time*90*4+180+180)*10,0,45)",
						0,
						0
					],
					"position": [0, "math.clamp(math.sin(q.anim_time*90*4-130+180)*1.5,0.5,0.8)-0.5", 0]
				},
				"leg_back_right3": {
					"rotation": [
						"-math.clamp(math.sin(q.anim_time*90*4+180)*10,0,10)-math.clamp(math.sin(q.anim_time*90*4-95+180)*25,0,45)+math.clamp(math.sin(q.anim_time*90*4+180+180)*15,0,45)-(-20+math.clamp(15*(math.sin(q.anim_time*90*4-90+180)*1+1),-0,60))+math.clamp(math.sin(q.anim_time*90*4-100+180)*100,60,100)-60",
						0,
						0
					],
					"position": [0, "math.clamp(math.sin(q.anim_time*90*4-110)*1,0.8,1)-0.8", 0]
				},
				"leg_back_left2": {
					"rotation": [
						"math.clamp(math.sin(q.anim_time*90*4)*10,0,10)+math.clamp(math.sin(q.anim_time*90*4-95)*25,0,45)-math.clamp(math.sin(q.anim_time*90*4+180)*10,0,45)",
						0,
						0
					],
					"position": [0, "math.clamp(math.sin(q.anim_time*90*4-130)*1.5,0.5,0.8)-0.5", 0]
				},
				"leg_back_left3": {
					"rotation": [
						"-math.clamp(math.sin(q.anim_time*90*4)*10,0,10)-math.clamp(math.sin(q.anim_time*90*4-95)*25,0,45)+math.clamp(math.sin(q.anim_time*90*4+180)*15,0,45)-(-20+math.clamp(15*(math.sin(q.anim_time*90*4-90)*1+1),-0,60))+math.clamp(math.sin(q.anim_time*90*4-100)*100,60,100)-60",
						0,
						0
					],
					"position": [0, "math.clamp(math.sin(q.anim_time*90*4-110+180)*1,0.8,1)-0.8", 0]
				}
			}
		},
		"animation.sylveonunitecontest.blink": {
			"animation_length": 0.1667,
			"bones": {
				"eyelid_right": {
					"position": {
						"0.0": [-0.1, 0, -0.1],
						"0.125": [-0.1, 0, -0.1],
						"0.1667": [0, 0, 0]
					}
				},
				"eyelid_left": {
					"position": {
						"0.0": [0.1, 0, -0.1],
						"0.125": [0.1, 0, -0.1],
						"0.1667": [0, 0, 0]
					}
				}
			}
		},
		"animation.sylveonunitecontest.ground_run": {
			"loop": true,
			"override_previous_animation": true,
			"bones": {
				"body": {
					"rotation": ["5*(math.sin(q.anim_time*90*4*2-90)*1+1)-math.clamp(10*(math.sin(q.anim_time*90*4*2+45)*1+1),15,20)+15", 0, 0],
					"position": [
						0,
						"math.clamp(math.sin(q.anim_time*90*4*2+45)*1,0.5,2)-0.5+math.clamp(math.sin(q.anim_time*90*4*2)*1,0,2)",
						"-math.clamp(math.sin(q.anim_time*90*4*2-30)*2,0,2)+math.clamp(math.sin(-q.anim_time*90*4*2-30)*1,0,2)"
					]
				},
				"head": {
					"rotation": ["-5*(math.sin(q.anim_time*90*4*2-90)*1+1)+math.clamp(10*(math.sin(q.anim_time*90*4*2+45)*1+1),15,20)-15", 0, 0],
					"position": [0, -1, -1]
				},
				"leg_front_right": {
					"rotation": [
						"5+math.clamp(math.sin(-q.anim_time*90*4*1-20)*30,-40,0)+math.clamp(math.sin(q.anim_time*90*4*1+20)*30,-40,0)+math.clamp(math.sin(-q.anim_time*90*4*2-40)*50,0,70)-math.clamp(math.sin(-q.anim_time*90*4*2-30+180)*20,5,70)+5",
						0,
						0
					]
				},
				"leg_front_left": {
					"rotation": [
						"5+math.clamp(math.sin(-q.anim_time*90*4*1-20+30)*30,-40,0)+math.clamp(math.sin(q.anim_time*90*4*1+20-30)*30,-40,0)+math.clamp(math.sin(-q.anim_time*90*4*2-40+30)*50,0,70)-math.clamp(math.sin(-q.anim_time*90*4*2-30+180+30)*20,5,70)+5",
						0,
						0
					]
				},
				"leg_back_right": {
					"rotation": ["math.clamp(math.sin(q.anim_time*90*4*2)*40,0,50)-math.clamp(math.sin(-q.anim_time*90*4*2)*40,0,50)", 0, 0],
					"position": [
						0,
						"-math.clamp(math.sin(q.anim_time*90*4*2)*0.3,-1,2)-math.clamp(math.sin(-q.anim_time*90*4*2)*0.8,-1,2)",
						"-0.3+math.clamp(math.sin(q.anim_time*90*4*2-30)*0.5,0,2)-math.clamp(math.sin(q.anim_time*90*4*2-30+180)*0.5,0,2)"
					]
				},
				"leg_back_left": {
					"rotation": ["math.clamp(math.sin(q.anim_time*90*4*2+20)*40,0,50)-math.clamp(math.sin(-q.anim_time*90*4*2-20)*40,0,50)", 0, 0],
					"position": [
						0,
						"-math.clamp(math.sin(q.anim_time*90*4*2)*0.3,-1,2)-math.clamp(math.sin(-q.anim_time*90*4*2)*0.8,0,2)",
						"-0.3+math.clamp(math.sin(q.anim_time*90*4*2-30)*0.5,0,2)-math.clamp(math.sin(q.anim_time*90*4*2-30+180)*0.5,0,2)"
					]
				},
				"ear_right": {
					"rotation": ["-10-4*math.sin(q.anim_time*90*4*2+45)-math.clamp(4*math.sin(q.anim_time*90*4*2+90),-4,4)", 0, 0]
				},
				"ear_left": {
					"rotation": ["-10-4*math.sin(q.anim_time*90*4*2+45)-math.clamp(4*math.sin(q.anim_time*90*4*2+90),-4,4)", 0, 0]
				},
				"leg_front_right2": {
					"rotation": ["-math.clamp(math.sin(-q.anim_time*90*4*2-90)*20,5,70)+5-math.clamp(math.sin(-q.anim_time*90*4*2+180)*10,5,70)+5", 0, 0]
				},
				"leg_front_right3": {
					"rotation": ["12*math.sin(q.anim_time*90*8+30)-math.clamp(math.sin(q.anim_time*90*8),1,1)", 0, 0]
				},
				"leg_front_left2": {
					"rotation": ["-math.clamp(math.sin(-q.anim_time*90*8-90+30)*20,5,70)+5-math.clamp(math.sin(-q.anim_time*90*8+180+30)*10,5,70)+5", 0, 0]
				},
				"leg_front_left3": {
					"rotation": ["8*math.sin(q.anim_time*90*8+30-90)-math.clamp(math.sin(q.anim_time*90*8-90),1,1)", 0, 0]
				},
				"leg_back_right2": {
					"rotation": ["math.clamp(math.sin(q.anim_time*90*8-180-30)*5,0,5)-math.clamp(math.sin(-q.anim_time*90*8-90)*10,0,50)", 0, 0]
				},
				"leg_back_right3": {
					"rotation": ["20+20*math.sin(q.anim_time*90*8+45-30)-math.clamp(math.sin(q.anim_time*90*8+90-30),1,1)", 0, 0]
				},
				"leg_back_left2": {
					"rotation": ["math.clamp(math.sin(q.anim_time*90*8-90)*5,0,5)-math.clamp(math.sin(-q.anim_time*90*8-90)*10,0,10)", 0, 0]
				},
				"leg_back_left3": {
					"rotation": ["20+20*math.sin(q.anim_time*90*8+15)-math.clamp(math.sin(q.anim_time*90*8+90),1,1)", 0, 0]
				},
				"tail": {
					"rotation": ["10-math.sin(q.anim_time*90*4*2+60)*12", 0, 0]
				},
				"tail2": {
					"rotation": ["-math.sin(q.anim_time*90*4*2-30)*14", 0, 0]
				},
				"tail3": {
					"rotation": ["-math.sin(q.anim_time*90*4*2)*16", 0, 0]
				},
				"ear_ribbon_right": {
					"rotation": [0, "25-math.sin(q.anim_time*90*4-60-90)*4", -5]
				},
				"ear_ribbon_right2": {
					"rotation": [0, "52.5-math.sin(q.anim_time*90*4-60-180)*6", 0]
				},
				"ear_ribbon_right3": {
					"rotation": [0, "20-math.sin(q.anim_time*90*4-120-180)*6", 0]
				},
				"ear_ribbon_right4": {
					"rotation": [0, "-math.sin(q.anim_time*90*4+180-180)*8", 0]
				},
				"ear_ribbon_left": {
					"rotation": [15, "-27.5+math.sin(q.anim_time*90*4-90)*4", -10]
				},
				"ear_ribbon_left2": {
					"rotation": [0, "-50+math.sin(q.anim_time*90*4-180)*6", 0]
				},
				"ear_ribbon_left3": {
					"rotation": [0, "-10+math.sin(q.anim_time*90*4-60-180)*6", 0]
				},
				"ear_ribbon_left4": {
					"rotation": [0, "math.sin(q.anim_time*90*4-120-180)*8", 0]
				},
				"ribbon_right": {
					"rotation": [-10, "14.5-math.sin(q.anim_time*90*4-120)*2", -5]
				},
				"ribbon_right2": {
					"rotation": [0, "55-math.sin(q.anim_time*90*4-120)*2", 0]
				},
				"ribbon_right3": {
					"rotation": [0, "-3.25-math.sin(q.anim_time*90*4+150)*6", 0]
				},
				"ribbon_right4": {
					"rotation": [0, "-math.sin(q.anim_time*90*4+90)*8", 0]
				},
				"ribbon_left": {
					"rotation": [-0.41736, "-10.6378+math.sin(q.anim_time*90*4+60)*1", -3.33348]
				},
				"ribbon_left2": {
					"rotation": [0, "-50+math.sin(q.anim_time*90*4-30)*4", 0]
				},
				"ribbon_left3": {
					"rotation": [0, 0, 0]
				},
				"ribbon_left4": {
					"rotation": [0, "math.sin(q.anim_time*90*4-180)*8", 0]
				},
				"cloth_left_1": {
					"rotation": [0, 0, "0+math.sin(q.anim_time*90*8-180)*6"]
				},
				"bone2": {
					"rotation": ["0+math.sin(q.anim_time*90*6-180)*12", 0, 0]
				},
				"bone3": {
					"rotation": [0, "0+math.sin(q.anim_time*90*6-180)*12", 0]
				},
				"bone4": {
					"rotation": [0, "0+math.sin(q.anim_time*90*6-180)*-12", 0]
				},
				"cloth_left_2": {
					"rotation": ["0-math.sin(q.anim_time*90*4-180)*6", 0, 0]
				},
				"cloth_right_3": {
					"rotation": ["0-math.sin(q.anim_time*90*4-180)*6", 0, 0]
				},
				"bone5": {
					"rotation": ["10-math.sin(q.anim_time*90*4*2+60)*6", 0, 0]
				},
				"cloth_right_1": {
					"rotation": [0, 0, "0+math.sin(q.anim_time*90*8-180)*-6"]
				},
				"bone6": {
					"rotation": ["10-math.sin(q.anim_time*90*4-180)*6", 0, 0]
				},
				"bone7": {
					"rotation": ["0+math.sin(q.anim_time*90*6-180)*12", 0, 0]
				},
				"bone8": {
					"rotation": ["-math.sin(q.anim_time*90*4*2-30)*14", 0, 0]
				},
				"bone9": {
					"rotation": ["-math.sin(q.anim_time*90*4*2-30)*14", 0, 0]
				}
			}
		},
		"animation.sylveon.cry": {
			"animation_length": 2,
			"bones": {
				"head": {
					"rotation": {
						"0.0": {
							"post": [0, 0, 0],
							"lerp_mode": "catmullrom"
						},
						"0.0833": {
							"post": [-7.5, 0, 0],
							"lerp_mode": "catmullrom"
						},
						"0.4583": {
							"post": [-5, 0, 0],
							"lerp_mode": "catmullrom"
						},
						"0.9167": {
							"post": [-7.5, 0, 0],
							"lerp_mode": "catmullrom"
						},
						"1.2083": {
							"post": [-5, 0, 0],
							"lerp_mode": "catmullrom"
						},
						"1.5": {
							"post": [0, 0, 0],
							"lerp_mode": "catmullrom"
						}
					}
				},
				"mouth": {
					"position": {
						"0.0": [0, 0, 0],
						"0.0417": [0, 0, -0.1],
						"1.25": [0, 0, -0.1],
						"1.2917": [0, 0, 0]
					}
				},
				"ear_right": {
					"rotation": {
						"0.0": {
							"post": [0, 0, 0],
							"lerp_mode": "catmullrom"
						},
						"0.0833": {
							"post": [7.5, 0, 0],
							"lerp_mode": "catmullrom"
						},
						"0.2917": {
							"post": [-7.5, 0, 0],
							"lerp_mode": "catmullrom"
						},
						"0.7083": {
							"post": [-2.5, 0, 0],
							"lerp_mode": "catmullrom"
						},
						"1.2083": {
							"post": [-7.5, 0, 0],
							"lerp_mode": "catmullrom"
						},
						"1.4167": {
							"post": [-10, 0, 0],
							"lerp_mode": "catmullrom"
						},
						"1.5833": {
							"post": [0, 0, 0],
							"lerp_mode": "catmullrom"
						},
						"1.9583": {
							"post": [0, 0, 0],
							"lerp_mode": "catmullrom"
						}
					}
				},
				"ear_left": {
					"rotation": {
						"0.0": {
							"post": [0, 0, 0],
							"lerp_mode": "catmullrom"
						},
						"0.0833": {
							"post": [2.5, 0, 0],
							"lerp_mode": "catmullrom"
						},
						"0.2917": {
							"post": [-7.5, 0, 0],
							"lerp_mode": "catmullrom"
						},
						"0.7083": {
							"post": [-2.5, 0, 0],
							"lerp_mode": "catmullrom"
						},
						"1.2083": {
							"post": [-7.5, 0, 0],
							"lerp_mode": "catmullrom"
						},
						"1.4167": {
							"post": [-10, 0, 0],
							"lerp_mode": "catmullrom"
						},
						"1.5833": {
							"post": [0, 0, 0],
							"lerp_mode": "catmullrom"
						},
						"1.9583": {
							"post": [0, 0, 0],
							"lerp_mode": "catmullrom"
						}
					}
				}
			},
			"sound_effects": {
				"0.0417": {
					"effect": "pokemon.sylveon.cry"
				}
			}
		},
		"animation.sylveonunitecontest.ground_sit": {
			"loop": true,
			"bones": {
				"head": {
					"rotation": ["34.8975-math.sin(q.anim_time*90*4)*0.2", 2.86544, "-4.0992+math.clamp(math.sin(q.anim_time*90*4+45)*0.2,-1.2,1.2)"]
				},
				"ear_right": {
					"rotation": ["2*math.sin(q.anim_time*90*2+90)-math.clamp(math.sin(q.anim_time*90*2-90),-1,1)", 0, 0]
				},
				"ear_left": {
					"rotation": ["2*math.sin(q.anim_time*90*2+90)-math.clamp(math.sin(q.anim_time*90*2-90),-1,1)", 0, 0]
				},
				"tail": {
					"rotation": ["60+6*(math.sin(q.anim_time*90*2)*1)+6*(math.sin(q.anim_time*90*2/2)*1)", 0, 0]
				},
				"tail2": {
					"rotation": ["5+6*(math.sin(q.anim_time*90*2-90)*1)+6*(math.sin(q.anim_time*90*2/2-90)*1)", 0, 0]
				},
				"tail3": {
					"rotation": ["5+6*(math.sin(q.anim_time*90*2-90)*1)+6*(math.sin(q.anim_time*90*2/2-90)*1)", 0, 0]
				},
				"ear_ribbon_right": {
					"rotation": [0, "22.5-math.sin(q.anim_time*90*3-45)*3", 0]
				},
				"ear_ribbon_right2": {
					"rotation": [0, "-7.5-math.sin(q.anim_time*90*3+90)*3", 0]
				},
				"ear_ribbon_right3": {
					"rotation": [0, "-65-math.sin(q.anim_time*90*3+45)*5", 0]
				},
				"ear_ribbon_right4": {
					"rotation": [0, "-90-math.sin(q.anim_time*90*3-90)*10", 0]
				},
				"ear_ribbon_left": {
					"rotation": [15, "-25+math.sin(q.anim_time*90*3-90)*4", -10]
				},
				"ear_ribbon_left2": {
					"rotation": [0, "-45+math.sin(q.anim_time*90*3-180)*6", 0]
				},
				"ear_ribbon_left3": {
					"rotation": [0, "-42.5+math.sin(q.anim_time*90*3-60-180)*6", 0]
				},
				"ear_ribbon_left4": {
					"rotation": [0, "-35+math.sin(q.anim_time*90*3-120-180)*8", 0]
				},
				"ribbon_right": {
					"rotation": [-15, "15-math.sin(q.anim_time*90*3-120)*2", -15]
				},
				"ribbon_right2": {
					"rotation": [0, "45-math.sin(q.anim_time*90*3-120)*2", 0]
				},
				"ribbon_right3": {
					"rotation": [0, "25-math.sin(q.anim_time*90*3+150)*6", 0]
				},
				"ribbon_right4": {
					"rotation": [0, "10-math.sin(q.anim_time*90*3+90)*8", 0]
				},
				"ribbon_left": {
					"rotation": [0, "-17.5+math.sin(q.anim_time*90*3+60)*1", -15]
				},
				"ribbon_left2": {
					"rotation": [0, "-40+math.sin(q.anim_time*90*3-30)*4", 0]
				},
				"ribbon_left3": {
					"rotation": [0, "-25+math.sin(q.anim_time*90*3-120)*6", 0]
				},
				"ribbon_left4": {
					"rotation": [0, "-15+math.sin(q.anim_time*90*3-180)*8", 0]
				},
				"torso": {
					"rotation": ["-30+math.sin(q.anim_time*90*4)*0.2", 0, 0],
					"position": [0, "-2.175+(math.clamp(math.sin(q.anim_time*90*4+180)*0.1,-0.03,0.03)+math.clamp(math.sin(q.anim_time*90*2+180)*0.15,-0.5,0.5))*0.5", 0]
				},
				"cloth_left_1": {
					"rotation": [0, 0, "0+math.sin(q.anim_time*90*3-180)*-2"]
				},
				"cloth_left_2": {
					"rotation": ["13.5+math.sin(q.anim_time*90*3-180)*6", 0, 0]
				},
				"cloth_right_3": {
					"rotation": ["10+math.sin(q.anim_time*90*3-180)*6", 0, 0]
				},
				"cloth_right_1": {
					"rotation": [0, 0, "0+math.sin(q.anim_time*90*3-180)*2"]
				},
				"bone8": {
					"rotation": ["0+math.sin(q.anim_time*90*3-60-180)*6", 0, 0]
				},
				"bone9": {
					"rotation": ["0+math.sin(q.anim_time*90*3-60-180)*6", 0, 0]
				},
				"leg_back_right": {
					"rotation": [-95, 20, 0],
					"position": [0.65, -7.4, -0.125]
				},
				"leg_back_right2": {
					"position": [0, 2.075, 0.2]
				},
				"leg_back_left": {
					"rotation": [-95, -22.5, 0],
					"position": [-0.6, -7.425, 0]
				},
				"leg_back_left2": {
					"position": [0, 2.225, 0.15]
				}
			}
		}
	}
}