{
	"format_version": "1.12.0",
	"minecraft:geometry": [
		{
			"description": {
				"identifier": "geometry.wormadam_sandy",
				"texture_width": 64,
				"texture_height": 64,
				"visible_bounds_width": 3,
				"visible_bounds_height": 3.5,
				"visible_bounds_offset": [0, 1.25, 0]
			},
			"bones": [
				{
					"name": "wormadam_sandy",
					"pivot": [0, 0, 0]
				},
				{
					"name": "body",
					"parent": "wormadam_sandy",
					"pivot": [3.7, -5.9, 0.5]
				},
				{
					"name": "head",
					"parent": "body",
					"pivot": [8, 7, -8],
					"cubes": [
						{"origin": [-2.375, 7, -2.6], "size": [5, 4, 5], "uv": [30, 0]}
					]
				},
				{
					"name": "eyes",
					"parent": "head",
					"pivot": [8, 7, -8]
				},
				{
					"name": "eye_r",
					"parent": "eyes",
					"pivot": [3.7, -5.9, 0.5],
					"cubes": [
						{"origin": [-1.925, 8.8, -2.625], "size": [1, 1, 0], "uv": [2, 2]}
					]
				},
				{
					"name": "eye_l",
					"parent": "eyes",
					"pivot": [-3.7, -5.9, 0.5],
					"cubes": [
						{"origin": [1.1, 8.8, -2.625], "size": [1, 1, 0], "uv": [2, 2], "mirror": true}
					]
				},
				{
					"name": "stems",
					"parent": "head",
					"pivot": [8, 7, -8]
				},
				{
					"name": "stem_3",
					"parent": "stems",
					"pivot": [-0.125, 18.325, 0.1],
					"cubes": [
						{"origin": [-1.125, 16.825, 0.1], "size": [2, 3, 0], "uv": [4, 25]}
					]
				},
				{
					"name": "stem_2",
					"parent": "stem_3",
					"pivot": [0.2125, 17.275, -0.05],
					"cubes": [
						{"origin": [0.175, 15.85, -0.575], "size": [1, 2, 1], "pivot": [0.2125, 17.275, -0.05], "rotation": [0, 0, 45], "uv": [12, 22]}
					]
				},
				{
					"name": "stem_1",
					"parent": "stem_3",
					"pivot": [8, 7, -8],
					"cubes": [
						{"origin": [-0.375, 10.7, -0.5], "size": [1, 6, 1], "uv": [0, 22]}
					]
				},
				{
					"name": "rock_wing_r",
					"parent": "head",
					"pivot": [7.875, 6.7, -8]
				},
				{
					"name": "rock_1",
					"parent": "rock_wing_r",
					"pivot": [3.6, 10.2, 2.9],
					"cubes": [
						{"origin": [3.1, 9.7, 2.4], "size": [1, 1, 1], "inflate": 0.3, "uv": [44, 32]}
					]
				},
				{
					"name": "rock_2",
					"parent": "rock_1",
					"pivot": [5, 10.6, 2.9],
					"cubes": [
						{"origin": [4.6581, 9.64106, 2.4], "size": [1, 1, 1], "inflate": 0.4, "uv": [44, 32]}
					]
				},
				{
					"name": "rock_3",
					"parent": "rock_2",
					"pivot": [7.0581, 10.66606, 2.9],
					"cubes": [
						{"origin": [6.61773, 9.61588, 2.4], "size": [1, 1, 1], "inflate": 0.7, "uv": [44, 32]}
					]
				},
				{
					"name": "rock_wing_l",
					"parent": "head",
					"pivot": [-7.425, 6.7, -8]
				},
				{
					"name": "rock_4",
					"parent": "rock_wing_l",
					"pivot": [-3.175, 10.2, 2.9],
					"cubes": [
						{"origin": [-3.675, 9.7, 2.4], "size": [1, 1, 1], "inflate": 0.3, "uv": [44, 32], "mirror": true}
					]
				},
				{
					"name": "rock_5",
					"parent": "rock_4",
					"pivot": [-4.9, 10.2, 2.9],
					"cubes": [
						{"origin": [-5.4, 9.7, 2.4], "size": [1, 1, 1], "inflate": 0.4, "uv": [44, 32], "mirror": true}
					]
				},
				{
					"name": "rock_6",
					"parent": "rock_5",
					"pivot": [-6.975, 10.2, 2.9],
					"cubes": [
						{"origin": [-7.475, 9.7, 2.4], "size": [1, 1, 1], "inflate": 0.7, "uv": [44, 32], "mirror": true}
					]
				},
				{
					"name": "ears",
					"parent": "head",
					"pivot": [8, 7, -8]
				},
				{
					"name": "ear_r",
					"parent": "ears",
					"pivot": [8, 7, -8],
					"cubes": [
						{"origin": [1.625, 10.325, 2.4], "size": [1, 1, 1], "inflate": 0.2, "uv": [44, 32]},
						{"origin": [2.1, 11.075, 2.9], "size": [0, 1, 0], "inflate": 0.2, "uv": [45, 33]}
					]
				},
				{
					"name": "ear_l",
					"parent": "ears",
					"pivot": [-8, 7, -8],
					"cubes": [
						{"origin": [-2.375, 10.325, 2.4], "size": [1, 1, 1], "uv": [44, 32], "mirror": true},
						{"origin": [-1.875, 11.075, 2.9], "size": [0, 1, 0], "inflate": 0.2, "uv": [45, 33], "mirror": true}
					]
				},
				{
					"name": "chest",
					"parent": "body",
					"pivot": [8, 7, -8],
					"cubes": [
						{"origin": [-4.4, 4.8, -2.9], "size": [9, 4, 6], "uv": [0, 0]}
					]
				},
				{
					"name": "chest_rocks",
					"parent": "chest",
					"pivot": [8, 7, -8]
				},
				{
					"name": "chest_rock1",
					"parent": "chest_rocks",
					"pivot": [8, 7, -8],
					"cubes": [
						{"origin": [-3.325, 6.9, -2.8], "size": [1, 1, 0], "inflate": 0.2, "pivot": [-2.5, 7.075, -2.925], "rotation": [0, 0, -16.75], "uv": [39, 12]}
					]
				},
				{
					"name": "chest_rock2",
					"parent": "chest_rocks",
					"pivot": [-8, 7, -7.85],
					"cubes": [
						{"origin": [2.375, 6.85, -2.775], "size": [1, 1, 0], "inflate": 0.2, "pivot": [2.5, 7.075, -2.775], "rotation": [0, 0, 16.75], "uv": [39, 12], "mirror": true}
					]
				},
				{
					"name": "chest_rock3",
					"parent": "chest_rocks",
					"pivot": [-10.7, 4.075, -6.75],
					"cubes": [
						{"origin": [-0.41761, 3.46058, -1.675], "size": [1, 1, 0], "inflate": 0.1, "pivot": [0.08239, 3.96058, -1.675], "rotation": [0, 0, -10.25], "uv": [39, 12], "mirror": true}
					]
				},
				{
					"name": "chest_rock4",
					"parent": "chest_rocks",
					"pivot": [-9.575, 5.65, -8.05],
					"cubes": [
						{"origin": [0.8, 5.125, -2.975], "size": [1, 1, 0], "pivot": [0.925, 5.725, -2.975], "rotation": [0, 0, 16.75], "uv": [39, 12], "mirror": true}
					]
				},
				{
					"name": "chest_rock5",
					"parent": "chest_rocks",
					"pivot": [9.575, 5.65, -8.05],
					"cubes": [
						{"origin": [-1.775, 5.125, -2.925], "size": [1, 1, 0], "pivot": [-0.925, 5.725, -2.975], "rotation": [0, 0, -16.75], "uv": [39, 12]}
					]
				},
				{
					"name": "second_layer",
					"parent": "body",
					"pivot": [0.1, 3.6, -0.2],
					"cubes": [
						{"origin": [-1.9, 1.6, -1.7], "size": [4, 4, 3], "uv": [0, 10]}
					]
				},
				{
					"name": "bottom",
					"parent": "body",
					"pivot": [3.7, -5.9, 0.5],
					"cubes": [
						{"origin": [-0.775, 0.1, -1.175], "size": [2, 2, 2], "uv": [35, 18]}
					]
				}
			]
		}
	]
}