{
	"format_version": "1.12.0",
	"minecraft:geometry": [
		{
			"description": {
				"identifier": "geometry.wormadam_trash",
				"texture_width": 64,
				"texture_height": 64,
				"visible_bounds_width": 3,
				"visible_bounds_height": 3.5,
				"visible_bounds_offset": [0, 1.25, 0]
			},
			"bones": [
				{
					"name": "wormadam_trash",
					"pivot": [0, 0, 0]
				},
				{
					"name": "body",
					"parent": "wormadam_trash",
					"pivot": [3.7, -3.9, 0.5]
				},
				{
					"name": "head",
					"parent": "body",
					"pivot": [8, 9, -8],
					"cubes": [
						{"origin": [-2.375, 9, -2.6], "size": [5, 4, 5], "uv": [30, 0]}
					]
				},
				{
					"name": "eyes",
					"parent": "head",
					"pivot": [8, 9, -8]
				},
				{
					"name": "eye_r",
					"parent": "eyes",
					"pivot": [3.7, -3.9, 0.5],
					"cubes": [
						{"origin": [-1.925, 10.8, -2.625], "size": [1, 1, 0], "uv": [2, 2]}
					]
				},
				{
					"name": "eye_l",
					"parent": "eyes",
					"pivot": [-3.7, -3.9, 0.5],
					"cubes": [
						{"origin": [1.1, 10.8, -2.625], "size": [1, 1, 0], "uv": [2, 2], "mirror": true}
					]
				},
				{
					"name": "stems",
					"parent": "head",
					"pivot": [8, 9, -8]
				},
				{
					"name": "stem_3",
					"parent": "stems",
					"pivot": [-0.125, 20.325, 0.1],
					"cubes": [
						{"origin": [-1.125, 18.825, 0.1], "size": [2, 3, 0], "uv": [4, 25]}
					]
				},
				{
					"name": "stem_2",
					"parent": "stem_3",
					"pivot": [0.2125, 19.275, -0.05],
					"cubes": [
						{"origin": [0.175, 17.85, -0.575], "size": [1, 2, 1], "pivot": [0.2125, 19.275, -0.05], "rotation": [0, 0, 45], "uv": [12, 22]}
					]
				},
				{
					"name": "stem_1",
					"parent": "stem_3",
					"pivot": [8, 9, -8],
					"cubes": [
						{"origin": [-0.375, 12.7, -0.5], "size": [1, 6, 1], "uv": [0, 22]}
					]
				},
				{
					"name": "ears",
					"parent": "head",
					"pivot": [8, 9, -8]
				},
				{
					"name": "ear_right",
					"parent": "ears",
					"pivot": [3.7, 12.1, 0.5],
					"cubes": [
						{"origin": [0.9, 11.925, 0.85], "size": [2, 2, 0], "pivot": [3.7, 12.425, 0.5], "rotation": [0, 0, 22.5], "uv": [0, 29]}
					]
				},
				{
					"name": "ear_left",
					"parent": "ears",
					"pivot": [-3.25, 12.1, 0.5],
					"cubes": [
						{"origin": [-2.65, 11.925, 0.85], "size": [2, 2, 0], "pivot": [-3.25, 12.425, 0.5], "rotation": [0, 0, -22.5], "uv": [12, 25]}
					]
				},
				{
					"name": "head_scarf",
					"parent": "head",
					"pivot": [8, 9, -8]
				},
				{
					"name": "scarf_right",
					"parent": "head_scarf",
					"pivot": [0, -7, 0]
				},
				{
					"name": "scarf_right1",
					"parent": "scarf_right",
					"pivot": [2.325, 12.45, 1.6],
					"cubes": [
						{"origin": [1.325, 11.95, 1.6], "size": [2, 1, 0], "uv": [2, 35]}
					]
				},
				{
					"name": "scarf_right2",
					"parent": "scarf_right1",
					"pivot": [4.825, 12.45, 1.6],
					"cubes": [
						{"origin": [3.325, 11.45, 1.6], "size": [3, 2, 0], "uv": [2, 39]}
					]
				},
				{
					"name": "scarf_right3",
					"parent": "scarf_right2",
					"pivot": [7.325, 12.45, 1.6],
					"cubes": [
						{"origin": [6.325, 11.45, 1.6], "size": [2, 2, 0], "uv": [2, 41]}
					]
				},
				{
					"name": "scarf_right4",
					"parent": "scarf_right3",
					"pivot": [9.325, 12.45, 1.6],
					"cubes": [
						{"origin": [8.325, 10.95, 1.6], "size": [2, 3, 0], "uv": [2, 46]}
					]
				},
				{
					"name": "scarf_left",
					"parent": "head_scarf",
					"pivot": [0, -7, 0]
				},
				{
					"name": "scarf_left1",
					"parent": "scarf_left",
					"pivot": [-2.325, 12.45, 1.6],
					"cubes": [
						{"origin": [-3.325, 11.95, 1.6], "size": [2, 1, 0], "uv": [2, 35], "mirror": true}
					]
				},
				{
					"name": "scarf_left2",
					"parent": "scarf_left1",
					"pivot": [-4.825, 12.45, 1.6],
					"cubes": [
						{"origin": [-6.325, 11.45, 1.6], "size": [3, 2, 0], "uv": [2, 39], "mirror": true}
					]
				},
				{
					"name": "scarf_left3",
					"parent": "scarf_left2",
					"pivot": [-7.325, 12.45, 1.6],
					"cubes": [
						{"origin": [-8.325, 11.45, 1.6], "size": [2, 2, 0], "uv": [2, 41], "mirror": true}
					]
				},
				{
					"name": "scarf_left4",
					"parent": "scarf_left3",
					"pivot": [-9.325, 12.45, 1.6],
					"cubes": [
						{"origin": [-10.325, 10.95, 1.6], "size": [2, 3, 0], "uv": [2, 46], "mirror": true}
					]
				},
				{
					"name": "chest",
					"parent": "body",
					"pivot": [8, 9, -8],
					"cubes": [
						{"origin": [-4.4, 6.8, -2.9], "size": [9, 4, 6], "uv": [0, 0]}
					]
				},
				{
					"name": "second_layer",
					"parent": "body",
					"pivot": [8, 9, -8],
					"cubes": [
						{"origin": [-1.9, 3.6, -1.7], "size": [4, 4, 3], "uv": [0, 10]}
					]
				},
				{
					"name": "bottom",
					"parent": "body",
					"pivot": [3.7, -3.9, 0.5],
					"cubes": [
						{"origin": [-0.775, 2.1, -1.175], "size": [2, 2, 2], "uv": [35, 18]}
					]
				},
				{
					"name": "tail",
					"parent": "body",
					"pivot": [3.7, -3.9, 0.5]
				},
				{
					"name": "tail_1",
					"parent": "tail",
					"pivot": [3.7, -3.9, 0.5],
					"cubes": [
						{"origin": [-1.225, 0.4, -0.075], "size": [1, 2, 0], "pivot": [-0.25, 1.4, -0.075], "rotation": [0, 0, 36.5], "uv": [7, 43]}
					]
				},
				{
					"name": "tail_2",
					"parent": "tail",
					"pivot": [-3.7, -3.9, 0.5],
					"cubes": [
						{"origin": [0.575, 0.4, -0.075], "size": [1, 2, 0], "pivot": [0.6, 1.4, -0.075], "rotation": [0, 0, -36.5], "uv": [7, 43], "mirror": true}
					]
				},
				{
					"name": "tail_3",
					"parent": "tail",
					"pivot": [0.15683, 1.15754, -0.075],
					"rotation": [0, 0, 37],
					"cubes": [
						{"origin": [-0.25, -0.125, -0.075], "size": [1, 2, 0], "pivot": [-0.225, 0.875, -0.075], "rotation": [0, 0, -36.5], "uv": [7, 43], "mirror": true}
					]
				}
			]
		}
	]
}