{
  "format_version": "1.12.0",
  "minecraft:geometry": [
    {
      "description": {
        "identifier": "geometry.pichu",
        "texture_width": 64,
        "texture_height": 64,
        "visible_bounds_width": 4,
        "visible_bounds_height": 2.5,
        "visible_bounds_offset": [0, 0.75, 0]
      },
      "bones": [
        {
          "name": "pichu",
          "pivot": [0, 0, 0]
        },
        {
          "name": "body",
          "parent": "pichu",
          "pivot": [0, 0, 0]
        },
        {
          "name": "torso",
          "parent": "body",
          "pivot": [0, 4.25, 0.25]
        },
        {
          "name": "body2",
          "parent": "torso",
          "pivot": [0, 0.25, 0],
          "cubes": [
            { "origin": [-3, 1.25, -2.25], "size": [6, 6, 5], "uv": [0, 15] }
          ]
        },
        {
          "name": "bone",
          "parent": "body2",
          "pivot": [0.12817, 5.95589, -2.26402]
        },
        {
          "name": "scarf",
          "parent": "body2",
          "pivot": [0, 0.25, 0],
          "cubes": [
            {
              "origin": [-3.55, 4.8, -3.425],
              "size": [2, 3, 7],
              "pivot": [-2.55, 6.8, 0.075],
              "rotation": [7.5, 0, 0],
              "uv": [0, 43]
            },
            {
              "origin": [-1.55, 4.8, 0.575],
              "size": [5, 4, 3],
              "pivot": [-2.55, 6.8, 0.075],
              "rotation": [7.5, 0, 0],
              "uv": [30, 46]
            },
            {
              "origin": [-2.2, 4.65, -4.3],
              "size": [5, 3, 2],
              "pivot": [-2.55, 6.8, 0.075],
              "rotation": [7.5, 0, 0],
              "uv": [21, 45]
            }
          ]
        },
        {
          "name": "scarf_prai",
          "parent": "scarf",
          "pivot": [3.45, 5.92099, -2.78256]
        },
        {
          "name": "bone3",
          "parent": "scarf_prai",
          "pivot": [2.275, 5.92099, -2.78256],
          "cubes": [
            {
              "origin": [2.45, 5.09599, -3.78256],
              "size": [2, 2, 2],
              "pivot": [3.45, 5.92099, -2.78256],
              "rotation": [7.5, 0, 0],
              "uv": [25, 41]
            }
          ]
        },
        {
          "name": "bone4",
          "parent": "bone3",
          "pivot": [3.45, 5.92099, -2.78256],
          "cubes": [
            {
              "origin": [3.125, 5.27099, -3.78256],
              "size": [3, 2, 2],
              "inflate": -0.225,
              "pivot": [3.45, 5.92099, -2.78256],
              "rotation": [7.5, 0, 0],
              "uv": [27, 37]
            }
          ]
        },
        {
          "name": "bone2",
          "parent": "scarf",
          "pivot": [0, 0.25, 0]
        },
        {
          "name": "head",
          "parent": "body2",
          "pivot": [0, 7, 0.25],
          "cubes": [
            { "origin": [-4.5, 7, -3.75], "size": [9, 7, 8], "uv": [0, 0] },
            {
              "origin": [-0.5, 9, -3.975],
              "size": [1, 1, 1],
              "inflate": -0.2,
              "uv": [35, 17]
            }
          ]
        },
        {
          "name": "hair_left",
          "parent": "head",
          "pivot": [-2.43474, 15.5, -0.62013],
          "cubes": [
            {
              "origin": [-4.43474, 13, -3.59513],
              "size": [4, 4, 8],
              "pivot": [-2.43474, 15.5, -0.62013],
              "rotation": [22.5, -20, 0],
              "uv": [40, 0],
              "mirror": true
            },
            {
              "origin": [-5.89629, 13.94077, 0.9187],
              "size": [4, 4, 8],
              "inflate": 0.075,
              "pivot": [-3.98474, 16.15, 3.37987],
              "rotation": [-67.5, -20, 0],
              "uv": [40, 0],
              "mirror": true
            }
          ]
        },
        {
          "name": "hair_1_r2",
          "parent": "hair_left",
          "pivot": [-4.91484, 11.37884, 5.57132],
          "rotation": [-15, 10, 0],
          "cubes": [
            {
              "origin": [-6.74288, 8.45384, 3.38105],
              "size": [6, 3, 3],
              "inflate": 0.075,
              "pivot": [-4.71788, 10.02884, 5.60605],
              "rotation": [-89.17944, -29.74388, 48.79959],
              "uv": [39, 24],
              "mirror": true
            }
          ]
        },
        {
          "name": "hair_2_r2",
          "parent": "hair_1_r2",
          "pivot": [-2.0851, 8.17419, 7.59114],
          "rotation": [-4.59597, 18.74724, -21.17283],
          "cubes": [
            {
              "origin": [-2.25301, 7.27567, 5.40722],
              "size": [6, 3, 3],
              "inflate": -0.15,
              "pivot": [-2.26788, 8.55384, 6.80605],
              "rotation": [-79.49097, -27.99682, 28.8907],
              "uv": [39, 24],
              "mirror": true
            }
          ]
        },
        {
          "name": "hair_3_r2",
          "parent": "hair_2_r2",
          "pivot": [1.6149, 6.42419, 9.61614],
          "cubes": [
            {
              "origin": [1.11812, 4.84308, 7.94724],
              "size": [6, 3, 3],
              "inflate": -0.25,
              "pivot": [1.6149, 6.42419, 9.61614],
              "rotation": [-89.17944, -29.74388, 48.79959],
              "uv": [39, 24],
              "mirror": true
            }
          ]
        },
        {
          "name": "hair_4_r2",
          "parent": "hair_3_r2",
          "pivot": [4.10407, 3.47419, 11.97038],
          "cubes": [
            {
              "origin": [4.61812, 4.84308, 6.89724],
              "size": [6, 3, 3],
              "inflate": -0.6,
              "pivot": [1.6149, 6.42419, 9.61614],
              "rotation": [-97.63618, -28.84469, 65.98403],
              "uv": [39, 24],
              "mirror": true
            }
          ]
        },
        {
          "name": "hair_right",
          "parent": "head",
          "pivot": [2.43474, 15.5, -0.62013],
          "cubes": [
            {
              "origin": [0.43474, 13, -3.59513],
              "size": [4, 4, 8],
              "pivot": [2.43474, 15.5, -0.62013],
              "rotation": [22.5, 20, 0],
              "uv": [40, 0]
            },
            {
              "origin": [1.89629, 13.94077, 0.9187],
              "size": [4, 4, 8],
              "inflate": 0.075,
              "pivot": [3.98474, 16.15, 3.37987],
              "rotation": [-67.5, 20, 0],
              "uv": [40, 0]
            }
          ]
        },
        {
          "name": "hair_1_r",
          "parent": "hair_right",
          "pivot": [4.71484, 10.02884, 5.57132],
          "cubes": [
            {
              "origin": [-0.37074, 9.50328, 4.4569],
              "size": [6, 3, 3],
              "inflate": 0.075,
              "pivot": [4.71484, 11.72884, 5.57132],
              "rotation": [-89.17944, 29.74388, -48.79959],
              "uv": [39, 24]
            }
          ]
        },
        {
          "name": "hair_2_r",
          "parent": "hair_1_r",
          "pivot": [1.65707, 7.52419, 7.63141],
          "rotation": [-2.18558, -9.76061, 12.68664],
          "cubes": [
            {
              "origin": [-3.75003, 7.27567, 5.37249],
              "size": [6, 3, 3],
              "inflate": -0.15,
              "pivot": [2.26484, 8.55384, 6.77132],
              "rotation": [-79.49097, 27.99682, -28.8907],
              "uv": [39, 24]
            }
          ]
        },
        {
          "name": "hair_3_r",
          "parent": "hair_2_r",
          "pivot": [-1.91793, 6.42419, 9.58141],
          "rotation": [0, 0, 5],
          "cubes": [
            {
              "origin": [-7.17116, 4.64308, 8.33751],
              "size": [6, 3, 3],
              "inflate": -0.25,
              "pivot": [-1.91793, 6.42419, 9.58141],
              "rotation": [-79.33013, -0.41611, -43.54007],
              "uv": [39, 24]
            }
          ]
        },
        {
          "name": "hair_4_r",
          "parent": "hair_3_r",
          "pivot": [-4.99293, 3.04919, 9.33141],
          "cubes": [
            {
              "origin": [-8.2625, 0.81329, 8.2115],
              "size": [5, 3, 3],
              "inflate": -0.6,
              "pivot": [-5.5125, 2.38829, 9.4365],
              "rotation": [-81.58344, -0.4005, -60.08315],
              "uv": [39, 24]
            }
          ]
        },
        {
          "name": "cowlick",
          "parent": "head",
          "pivot": [-0.175, 13.31605, -2.76227],
          "rotation": [34.3939, 27.73062, 17.6685]
        },
        {
          "name": "mouth",
          "parent": "head",
          "pivot": [0.23584, 8.5, -3.78995],
          "cubes": [
            {
              "origin": [-0.81416, 7.45, -4.0551],
              "size": [2, 1, 1],
              "inflate": -0.3,
              "pivot": [0.23584, 8.5, -3.78995],
              "rotation": [0, 0, -32.5],
              "uv": [0, 6]
            },
            {
              "origin": [-1.11416, 7.2, -4.0551],
              "size": [2, 1, 1],
              "inflate": -0.3,
              "pivot": [0.23584, 8.5, -3.78995],
              "rotation": [0, 0, 32.5],
              "uv": [0, 34]
            }
          ]
        },
        {
          "name": "openmouth",
          "parent": "head",
          "pivot": [0, 8.5, -3.775]
        },
        {
          "name": "eyes",
          "parent": "head",
          "pivot": [0, 10, -3.775],
          "cubes": [
            {
              "origin": [-3.5, 9, -3.775],
              "size": [2, 3, 0],
              "pivot": [-2.5, 9, -3.775],
              "rotation": [0, 0, 5],
              "uv": [10, 35]
            },
            {
              "origin": [1.5, 9, -3.775],
              "size": [2, 3, 0],
              "pivot": [2.5, 9, -3.775],
              "rotation": [0, 0, -5],
              "uv": [6, 35]
            },
            {
              "origin": [1.9, 9.15, -3.603],
              "size": [1, 1, 1],
              "inflate": 0.175,
              "pivot": [2.25, 10.25, -3.785],
              "rotation": [0, 0, -5],
              "uv": [35, 15]
            },
            {
              "origin": [-2.9, 9.15, -3.603],
              "size": [1, 1, 1],
              "inflate": 0.175,
              "pivot": [-2.25, 10.25, -3.785],
              "rotation": [0, 0, 5],
              "uv": [34, 31]
            }
          ]
        },
        {
          "name": "eyelid_right",
          "parent": "eyes",
          "pivot": [-2.5, 10, -3.175]
        },
        {
          "name": "eyelid_left",
          "parent": "eyes",
          "pivot": [2.5, 10, -3.175]
        },
        {
          "name": "ear_right",
          "parent": "head",
          "pivot": [-4.175, 11.5, 0.25],
          "rotation": [-1.3378, 14.94159, -35.17544],
          "cubes": [
            {
              "origin": [-7.81989, 11.24019, 0.21118],
              "size": [7, 4, 0],
              "uv": [0, 26],
              "mirror": true
            }
          ]
        },
        {
          "name": "earfluff_right",
          "parent": "ear_right",
          "pivot": [-3.175, 4.5, 0],
          "cubes": [
            {
              "origin": [-4.35299, 10.31911, -0.01372],
              "size": [1, 4, 0],
              "pivot": [-3.425, 11.875, 0.025],
              "rotation": [0, 0, -40],
              "uv": [14, 35]
            },
            {
              "origin": [-4.56989, 11.19019, -0.01382],
              "size": [2, 4, 0],
              "uv": [31, 15],
              "mirror": true
            }
          ]
        },
        {
          "name": "ear_right2",
          "parent": "ear_right",
          "pivot": [-4.175, 15.5, 0.25],
          "cubes": [
            {
              "origin": [-7.81989, 15.24019, 0.21118],
              "size": [7, 5, 0],
              "uv": [22, 19],
              "mirror": true
            }
          ]
        },
        {
          "name": "ear_left",
          "parent": "head",
          "pivot": [4.175, 11.5, 0.25],
          "rotation": [-2.00307, -14.8687, 37.7614],
          "cubes": [
            {
              "origin": [0.81989, 11.24019, 0.21118],
              "size": [7, 4, 0],
              "uv": [0, 26]
            }
          ]
        },
        {
          "name": "earfluff_left",
          "parent": "ear_left",
          "pivot": [3.175, 4.5, 0],
          "cubes": [
            {
              "origin": [3.35299, 10.31911, -0.01372],
              "size": [1, 4, 0],
              "pivot": [3.425, 11.875, 0.025],
              "rotation": [0, 0, 40],
              "uv": [14, 35],
              "mirror": true
            },
            {
              "origin": [2.56989, 11.19019, -0.01382],
              "size": [2, 4, 0],
              "uv": [31, 15]
            }
          ]
        },
        {
          "name": "ear_left2",
          "parent": "ear_left",
          "pivot": [4.175, 15.5, 0.25],
          "cubes": [
            {
              "origin": [0.81989, 15.24019, 0.21118],
              "size": [7, 5, 0],
              "uv": [22, 19]
            }
          ]
        },
        {
          "name": "arm_right",
          "parent": "body2",
          "pivot": [-3, 7, 0],
          "cubes": [
            { "origin": [-7, 5, -1], "size": [4, 2, 2], "uv": [22, 29] }
          ]
        },
        {
          "name": "arm_left",
          "parent": "body2",
          "pivot": [3, 7, 0],
          "cubes": [{ "origin": [3, 5, -1], "size": [4, 2, 2], "uv": [26, 4] }]
        },
        {
          "name": "tail0",
          "parent": "body2",
          "pivot": [0, 2.25, 2.75],
          "rotation": [-25, 0, 0]
        },
        {
          "name": "tail1",
          "parent": "tail0",
          "pivot": [0, 2.25, 2.75],
          "rotation": [25, 0, 0],
          "cubes": [
            { "origin": [0, 1.75, 1.75], "size": [0, 2, 5], "uv": [14, 24] }
          ]
        },
        {
          "name": "tail2",
          "parent": "tail1",
          "pivot": [0, 1.75, 5.75],
          "cubes": [
            { "origin": [-0.01, 1.75, 5.75], "size": [0, 4, 7], "uv": [17, 8] }
          ]
        },
        {
          "name": "leg_right",
          "parent": "body",
          "pivot": [-1.75, 1.5, 0.5],
          "rotation": [0, 10, 0],
          "cubes": [
            {
              "origin": [-2.75, 1, -0.5],
              "size": [2, 1, 2],
              "inflate": 0.02,
              "uv": [0, 0]
            },
            {
              "origin": [-2.7424, 0, -1.08682],
              "size": [2, 1, 3],
              "inflate": 0.02,
              "uv": [7, 31]
            }
          ]
        },
        {
          "name": "foot_right2",
          "parent": "leg_right",
          "pivot": [-1.75, 0, -1],
          "cubes": [
            {
              "origin": [-2.7424, 0, -2.08682],
              "size": [2, 1, 1],
              "uv": [34, 10]
            }
          ]
        },
        {
          "name": "leg_left",
          "parent": "body",
          "pivot": [1.75, 1.5, 0.5],
          "rotation": [0, -10, 0],
          "cubes": [
            {
              "origin": [0.75, 1, -0.5],
              "size": [2, 1, 2],
              "inflate": 0.02,
              "uv": [0, 3]
            },
            {
              "origin": [0.7576, 0, -0.91318],
              "size": [2, 1, 3],
              "inflate": 0.02,
              "uv": [0, 30]
            }
          ]
        },
        {
          "name": "foot_left2",
          "parent": "leg_left",
          "pivot": [1.75, 0, -1],
          "cubes": [
            {
              "origin": [0.7576, 0, -1.91318],
              "size": [2, 1, 1],
              "uv": [34, 8]
            }
          ]
        }
      ]
    }
  ]
}
