{
	"format_version": "1.12.0",
	"minecraft:geometry": [
		{
			"description": {
				"identifier": "geometry.arcegg",
				"texture_width": 128,
				"texture_height": 128,
				"visible_bounds_width": 2,
				"visible_bounds_height": 3.5,
				"visible_bounds_offset": [0, 1.25, 0]
			},
			"bones": [
				{
					"name": "kyogreegg",
					"pivot": [0, 0, 0]
				},
				{
					"name": "body",
					"parent": "kyogreegg",
					"pivot": [0, 0, 0],
					"cubes": [
						{"origin": [-7, 0, -7], "size": [14, 13, 14], "uv": [0, 0]},
						{"origin": [-6, 13, -6], "size": [12, 3, 12], "uv": [0, 27]},
						{"origin": [-5, 16, -5], "size": [10, 1, 10], "uv": [36, 27]}
					]
				},
				{
					"name": "head",
					"parent": "body",
					"pivot": [1, 24, 0],
					"cubes": [
						{"origin": [0, 7, -1], "size": [2, 0, 2], "uv": [122, 0]}
					]
				}
			]
		}
	]
}