{
	"format_version": "1.8.0",
	"animations": {
		"animation.scrafty.blink": {
			"loop": true,
			"animation_length": 4,
			"bones": {
				"l_eye": {
					"position": {
						"0.0": [-1, 0, 0],
						"0.0833": {"pre": [-1, 0, 0], "post": [0, 0, 0]}
					}
				},
				"r_eye": {
					"position": {
						"0.0": [1, 0, 0],
						"0.0833": {"pre": [1, 0, 0], "post": [0, 0, 0]}
					}
				},
				"pupils": {
					"scale": {
						"0.0": [0, 0, 0],
						"0.0833": {"pre": [0, 0, 0], "post": [1, 1, 1]}
					}
				},
				"l_eyelid": {
					"position": {
						"0.0": [1, 0, 0],
						"0.0833": {"pre": [1, 0, 0], "post": [0, 0, 0]}
					}
				},
				"r_eyelid": {
					"position": {
						"0.0": [-1, 0, 0],
						"0.0833": {"pre": [-1, 0, 0], "post": [0, 0, 0]}
					}
				},
				"upper_eyelids": {
					"position": {
						"0.0": [0, -2, 0],
						"0.0833": [0, 0, 0]
					}
				}
			}
		},
		"animation.scrafty.ground_idle": {
			"loop": true,
			"bones": {
				"l_arm": {
					"rotation": ["57.166+5.6 * math.sin(q.anim_time*90-90)", -41.80546, 14.15429]
				},
				"l_forearm": {
					"rotation": [0, 87.5, 0]
				},
				"l_hand": {
					"rotation": [25, 15, 17.5]
				},
				"l_pants": {
					"rotation": [0, 0, "-5*(math.sin(q.anim_time*90+45))"],
					"position": ["0.5 * (math.sin(q.anim_time*90+45)/3)+1/5", "0.5 * (math.sin(q.anim_time*90+45)/3)+1/5", 0]
				},
				"head": {
					"relative_to": {
						"rotation": "entity"
					},
					"rotation": ["math.sin(q.anim_time*90-90)*2", 0, 0]
				},
				"waist": {
					"rotation": ["math.sin(q.anim_time*90-90)", 0, "-(math.sin(q.anim_time*90-90)/2)"],
					"position": [0, "math.sin(q.anim_time*90)/5", 0]
				},
				"belly": {
					"rotation": ["(math.sin(q.anim_time*90)*1)", 0, 0]
				},
				"mouth": {
					"position": [0, "-(math.sin(q.anim_time*90-90)/5+1/5)", 0]
				},
				"pupils": {
					"position": [0, "-(math.sin(q.anim_time*90)/8+1/5)", 0]
				},
				"mohawk_0": {
					"rotation": ["math.sin(q.anim_time*90-90-45)*3", 0, 0]
				},
				"mohawk_1": {
					"rotation": ["math.sin(q.anim_time*90-180)*2", 0, 0]
				},
				"mohawk_2": {
					"rotation": ["math.sin(q.anim_time*90-90)", 0, 0]
				},
				"hood": {
					"rotation": ["math.sin(q.anim_time*90+180)*2", 0, 0]
				},
				"hood_end": {
					"rotation": ["math.sin(q.anim_time*90-90-45)*4", 0, 0]
				},
				"pants": {
					"rotation": ["5.6 * math.sin(q.anim_time*90-120)", 0, 0]
				},
				"l_thigh": {
					"rotation": [-7.5, -40, 0]
				},
				"l_foot": {
					"rotation": [0, 5, 0]
				},
				"tail_0": {
					"rotation": ["-10 + math.sin(q.anim_time*90)*3", 0, 0]
				},
				"tail_1": {
					"rotation": ["12.5+(math.sin(q.anim_time*90-90)*10)", 0, 0]
				},
				"tail_2": {
					"rotation": ["12.5-(math.sin(q.anim_time*90+180)*2)", 0, 0]
				},
				"l_leg": {
					"rotation": [7.6, 12.3, 1.6]
				},
				"r_thigh": {
					"rotation": [-7.5, 40, 0]
				},
				"r_leg": {
					"rotation": [7.6, -12.3, -1.6]
				},
				"r_foot": {
					"rotation": [-7.5, -5, 0]
				},
				"r_pants": {
					"rotation": [0, 0, "5*(math.sin(q.anim_time*90+45))"],
					"position": ["0.5 * -(math.sin(q.anim_time*90+45)/3)+1/5", "0.5 * (math.sin(q.anim_time*90+45)/3)+1/5", 0]
				},
				"upper_eyelids": {
					"position": [0, "-(math.sin(q.anim_time*90)/6+1/5)", 0]
				},
				"r_arm": {
					"rotation": ["57.166+5.6 * math.sin(q.anim_time*90-90)", 41.8055, -14.1543]
				},
				"r_forearm": {
					"rotation": [0, -87.5, 0]
				},
				"r_hand": {
					"rotation": [25, -15, -17.5]
				}
			}
		},
		"animation.scrafty.ground_walk": {
			"loop": true,
			"bones": {
				"body": {
					"rotation": [
						"0+1*math.clamp(math.sin(query.anim_time*180*3*1.5/2+20)*1,0.2,0.9)+1*math.clamp(-math.sin(query.anim_time*180*3*1.5/2)*1,0.2,0.9)-0.8",
						"0+1*(math.sin(query.anim_time*90*3*1.5+180+40)*20)",
						0
					],
					"position": [
						0,
						"-1*math.clamp(math.sin(-query.anim_time*90*3*1.5-90+45/2)*0.5,0,1)-1*math.clamp(math.sin(-query.anim_time*90*3*1.5-90+45/2+180)*0.5,0,1)+0.3",
						"-1*math.clamp(math.sin(query.anim_time*90*3*1.5+90)*0.2,0,0.2)-1*math.clamp(math.sin(-query.anim_time*90*3*1.5-90)*0.2,0,0.2)"
					]
				},
				"waist": {
					"rotation": [
						"0+1*math.clamp((math.sin(query.anim_time*90*3*1.5+110+90+180*0)*1),0,2)+1*math.clamp((math.sin(query.anim_time*90*4+110+90+180*1)*1),0,2)",
						"0-1*(math.sin(query.anim_time*90*3*1.5+40)*20)",
						0
					]
				},
				"belly": {
					"rotation": [0, "0+1*(math.sin(query.anim_time*90*3*1.5+40)*10)", 0]
				},
				"torso": {
					"rotation": [0, "0+1*(math.sin(query.anim_time*90*3*1.5+40)*10)", 0]
				},
				"head": {
					"rotation": [
						"0+1*math.clamp((math.sin(query.anim_time*180*3*1.5/2+20)*1),0.2,0.9)+1*math.clamp((-math.sin(query.anim_time*180*3*1.5/2)*1),0.2,0.9)-0.8",
						"0+1*(math.sin(query.anim_time*90*3*1.5-40-180)*10)",
						"0+1*(math.sin(query.anim_time*90*3*1.5-40-180)*5)"
					]
				},
				"hood_end": {
					"rotation": [
						"0+1*(math.sin(query.anim_time*90*6*1.5+80)*5)",
						"0+1*(math.sin(query.anim_time*90*3*1.5+60)*5)",
						"0+1*(math.sin(query.anim_time*90*3*1.5+60)*5)"
					]
				},
				"l_arm": {
					"rotation": [68.25984, -39.8433, 14.1065]
				},
				"l_forearm": {
					"rotation": [0, 80, 0]
				},
				"l_hand": {
					"rotation": [0, 12.5, 17.5]
				},
				"l_pants": {
					"rotation": [0, "0+1*(math.sin(query.anim_time*90*3*1.5+45-60)*20)", 0]
				},
				"r_pants": {
					"rotation": [0, "0+1*(math.sin(query.anim_time*90*3*1.5+45+60)*20)", 0]
				},
				"l_thigh": {
					"rotation": [
						"-7.4-1*math.clamp((1*math.sin(query.anim_time*90*3*1.5+45+180)*20),-15,15)-1*math.clamp((1*math.sin(query.anim_time*90*3*1.5+45+180)*20),0,20)+1*math.clamp((-1*math.sin(query.anim_time*90*3*1.5+180*2)*15),5,15)-5",
						-37.50003,
						0.01106
					],
					"position": [
						0,
						"0-1*math.clamp((1*math.sin(query.anim_time*90*3*1.5+25+180)*0.2),0,0.2)-1*math.clamp((-1*math.sin(query.anim_time*90*3*1.5+25+180)*0.4),0,0.3)+1*math.clamp((-1*math.sin(query.anim_time*90*3*1.5+25+180)*0.8),0.5,0.8)-1*math.clamp((-1*math.sin(query.anim_time*90*3*1.5+25+180*2)*0.8),0.5,0.8)",
						"0-1*math.clamp((1*math.sin(query.anim_time*90*3*1.5+180)*0.5),-0.25,1)-1*math.clamp((1*math.sin(query.anim_time*90*3*1.5+180)*0.25),-0.8,0)"
					]
				},
				"l_leg": {
					"rotation": [7.6, 12.3, 1.6]
				},
				"l_foot": {
					"rotation": [
						"0+1*math.clamp((1*math.sin(query.anim_time*90*3*1.5+45+180)*15),-14,14)+1*math.clamp((1*math.sin(query.anim_time*90*3*1.5+45+180)*15),0,8)",
						5,
						0
					]
				},
				"r_thigh": {
					"rotation": [
						"-7.5-1*math.clamp((math.sin(query.anim_time*90*3*1.5+45)*20),-15,14)-1*math.clamp((1*math.sin(query.anim_time*90*3*1.5+45)*20),0,20)+1*math.clamp(0-1*math.sin((query.anim_time*90*3*1.5+180)*15),5,15)-5",
						40,
						0
					],
					"position": [
						0,
						"0-1*math.clamp((math.sin(query.anim_time*90*3*1.5+25)*0.2),0,0.2)-1*math.clamp((-math.sin(query.anim_time*90*3*1.5+25)*0.4),0,0.3)+1*math.clamp((-math.sin(query.anim_time*90*3*1.5+25)*0.8),0.5,0.8)-1*math.clamp((-math.sin(query.anim_time*90*3*1.5+25+180)*0.8),0.5,0.8)",
						"0-1*math.clamp((math.sin(query.anim_time*90*3*1.5)*0.5),-0.25,1)-1*math.clamp((math.sin(query.anim_time*90*3*1.5)*0.25),-0.8,0)"
					]
				},
				"r_leg": {
					"rotation": [7.6, -12.3, -1.6]
				},
				"r_foot": {
					"rotation": ["0+1*math.clamp((math.sin(query.anim_time*90*3*1.5+45)*15),-14,14)+1*math.clamp((math.sin(query.anim_time*90*3*1.5+45)*15),0,8)", -5, 0]
				},
				"tail_0": {
					"rotation": ["0+1*(math.sin(query.anim_time*90*6*1.5+80)*5)", "0+1*(math.sin(query.anim_time*90*3*1.5+60)*20)", 0]
				},
				"tail_1": {
					"rotation": ["0+1*(math.sin(query.anim_time*90*6*1.5+80)*5)", "0+1*(math.sin(query.anim_time*90*3*1.5+60)*15)", 0]
				},
				"tail_2": {
					"rotation": ["0+1*(math.sin(query.anim_time*90*6*1.5+80)*5)", "0+1*(math.sin(query.anim_time*90*3*1.5+60)*10)", 0]
				},
				"tail_3": {
					"rotation": ["0+1*(math.sin(query.anim_time*90*6*1.5+80)*5)", "0+1*(math.sin(query.anim_time*90*3*1.5+60)*5)", 0]
				},
				"r_arm": {
					"rotation": [66.51854, 44.45995, -16.69886]
				},
				"r_forearm": {
					"rotation": [0, -80, 0]
				},
				"r_hand": {
					"rotation": [0, -12.5, -17.5]
				}
			}
		},
		"animation.scrafty.faint": {
			"loop": "hold_on_last_frame",
			"animation_length": 2,
			"bones": {
				"body": {
					"rotation": {
						"0.0": [0, 0, 0],
						"0.0417": [-0.51861, 0, 0],
						"0.0833": [-1.27839, 0, 0],
						"0.125": [-2.28704, 0, 0],
						"0.1667": [-3.55584, 0, 0],
						"0.2083": [-5.09171, 0, 0],
						"0.25": [-6.90379, 0, 0],
						"0.2917": [-9.00184, 0, 0],
						"0.3333": [-11.39481, 0, 0],
						"0.375": [-14.0947, 0, 0],
						"0.4167": [-17.10844, 0, 0],
						"0.4583": [-20.44703, 0, 0],
						"0.5": [-24.11857, 0, 0],
						"0.5417": [-28.12849, 0, 0],
						"0.5833": [-32.48198, 0, 0],
						"0.625": [-37.17763, 0, 0],
						"0.6667": [-42.20562, 0, 0],
						"0.7083": [-47.54318, 0, 0],
						"0.75": [-53.14504, 0, 0],
						"0.8333": [-64.71529, 0, 0],
						"0.875": [-70.20677, 0, 0],
						"0.9167": [-74.75567, 0, 0],
						"0.9583": [-76.89271, 0, 0],
						"1.0": [-72.5, 0, 0]
					},
					"position": {
						"0.0": [0, 0, 0.5],
						"0.0417": [0, 0.27457, 1.44799],
						"0.0833": [0, 0.53171, 1.80923],
						"0.125": [0, 0.77051, 2.06562],
						"0.1667": [0, 0.99037, 2.26737],
						"0.2083": [0, 1.19036, 2.43404],
						"0.25": [0, 1.36956, 2.57565],
						"0.2917": [0, 1.52704, 2.69808],
						"0.3333": [0, 1.66188, 2.80534],
						"0.375": [0, 1.77288, 2.90004],
						"0.4167": [0, 1.85891, 2.98411],
						"0.4583": [0, 1.91858, 3.05904],
						"0.5": [0, 1.95057, 3.12596],
						"0.5417": [0, 1.95335, 3.18575],
						"0.5833": [0, 1.92533, 3.23915],
						"0.625": [0, 1.86488, 3.2867],
						"0.6667": [0, 1.77014, 3.32889],
						"0.7083": [0, 1.63945, 3.36608],
						"0.75": [0, 1.47147, 3.39857],
						"0.7917": [0, 1.26522, 3.42659],
						"0.8333": [0, 1.02134, 3.45028],
						"0.875": [0, 0.74383, 3.46973],
						"0.9167": [0, 0.44479, 3.48486],
						"0.9583": [0, 0.15908, 3.49537],
						"1.0": [0, 0, 3.5]
					}
				},
				"waist": {
					"rotation": {
						"0.0": [-5, 0, 0],
						"0.0417": [-3.86728, 0, 0],
						"0.0833": [-2.87251, 0, 0],
						"0.125": [-2.01558, 0, 0],
						"0.1667": [-1.2964, 0, 0],
						"0.2083": [-0.71432, 0, 0],
						"0.25": [-0.26855, 0, 0],
						"0.2917": [0.04109, 0, 0],
						"0.3333": [0.21505, 0, 0],
						"0.375": [0.25403, 0, 0],
						"0.4167": [0.15904, 0, 0],
						"0.4583": [-0.07007, 0, 0],
						"0.5": [-0.43147, 0, 0],
						"0.5417": [-0.92436, 0, 0],
						"0.5833": [-1.54708, 0, 0],
						"0.625": [-2.29745, 0, 0],
						"0.6667": [-3.17259, 0, 0],
						"0.7083": [-4.16829, 0, 0],
						"0.75": [-5.27804, 0, 0],
						"0.9167": [-10.529, 0, 0],
						"0.9583": [-11.78342, 0, 0],
						"1.0": [-12.5, 0, 0]
					}
				},
				"belly": {
					"rotation": {
						"0.0": [0, 0, 0],
						"0.3333": [0.54349, 0, 0],
						"0.5833": [-0.36641, 0, 0],
						"0.7917": [-2.35671, 0, 0],
						"0.9583": [-4.70103, 0, 0],
						"1.0": [-5, 0, 0]
					}
				},
				"torso": {
					"rotation": {
						"0.0": [0, 0, 0],
						"0.0417": [2.3544, 0, 0],
						"0.0833": [4.57295, 0, 0],
						"0.125": [6.6527, 0, 0],
						"0.1667": [8.59176, 0, 0],
						"0.2083": [10.38822, 0, 0],
						"0.25": [12.03839, 0, 0],
						"0.2917": [13.54077, 0, 0],
						"0.3333": [14.89172, 0, 0],
						"0.375": [16.08852, 0, 0],
						"0.4167": [17.12782, 0, 0],
						"0.4583": [18.00727, 0, 0],
						"0.5": [18.72337, 0, 0],
						"0.5417": [19.27299, 0, 0],
						"0.5833": [19.65288, 0, 0],
						"0.625": [19.86015, 0, 0],
						"0.6667": [19.89195, 0, 0],
						"0.7083": [19.74648, 0, 0],
						"0.75": [19.42313, 0, 0],
						"0.7917": [18.92372, 0, 0],
						"0.8333": [18.25537, 0, 0],
						"0.875": [17.43502, 0, 0],
						"0.9583": [15.56655, 0, 0],
						"1.0": [15, 0, 0]
					}
				},
				"head": {
					"rotation": {
						"0.0": [-14.65993, -3.21132, -12.08681],
						"0.0417": [-5.06, -3.21132, -12.08681],
						"0.0833": [0.32168, -3.21132, -12.08681],
						"0.125": [3.37649, -3.21132, -12.08681],
						"0.1667": [4.91556, -3.21132, -12.08681],
						"0.2083": [5.3685, -3.21132, -12.08681],
						"0.25": [5.00324, -3.21132, -12.08681],
						"0.2917": [3.99975, -3.21132, -12.08681],
						"0.3333": [2.48397, -3.21132, -12.08681],
						"0.375": [0.55119, -3.21132, -12.08681],
						"0.4167": [-1.72336, -3.21132, -12.08681],
						"0.4583": [-4.27841, -3.21132, -12.08681],
						"0.5": [-7.06234, -3.21132, -12.08681],
						"0.5417": [-10.03046, -3.21132, -12.08681],
						"0.5833": [-13.13965, -3.21132, -12.08681],
						"0.75": [-26.14888, -3.21132, -12.08681],
						"0.7917": [-29.29326, -3.21132, -12.08681],
						"0.8333": [-32.24939, -3.21132, -12.08681],
						"0.875": [-34.88881, -3.21132, -12.08681],
						"0.9167": [-36.99869, -3.21132, -12.08681],
						"0.9583": [-38.15219, -3.21132, -12.08681],
						"1.0": [-37.15993, -3.21132, -12.08681],
						"1.0417": [-33.45787, -3.21057, -12.08861],
						"1.0833": [-28.28481, -3.2086, -12.0934],
						"1.125": [-21.00955, -3.20638, -12.09878],
						"1.1667": [-12.14993, -3.20548, -12.10097],
						"1.2083": [-6.19105, -3.20706, -12.09714],
						"1.25": [-4.65993, -3.21132, -12.08681],
						"1.2917": [-5.34426, -3.21492, -12.07806],
						"1.3333": [-7.81055, -3.21364, -12.08116],
						"1.375": [-11.50931, -3.20899, -12.09246],
						"1.4167": [-13.9756, -3.20771, -12.09556],
						"1.4583": [-14.65993, -3.21132, -12.08681]
					}
				},
				"mouth": {
					"position": {
						"0.0": [0, 0, 0],
						"0.5": [0, -0.06353, 0],
						"0.75": [0, -0.18753, 0],
						"0.8333": [0, -0.2651, 0],
						"0.875": [0, -0.31821, 0],
						"0.9167": [0, -0.38614, 0],
						"0.9583": [0, -0.46468, 0],
						"1.0": [0, -0.5, 0]
					}
				},
				"l_eye": {
					"position": [-1, 0, 0]
				},
				"r_eye": {
					"position": [1, 0, 0]
				},
				"pupils": {
					"scale": 0
				},
				"mohawk_0": {
					"rotation": {
						"0.0": [-12.5, 0, 0],
						"1.0": [32.5, 0, 0]
					}
				},
				"mohawk_1": {
					"rotation": {
						"0.0": [-10, 0, 0],
						"1.0": [2.5, 0, 0]
					}
				},
				"mohawk_2": {
					"rotation": {
						"0.0": [-7.5, 0, 0],
						"1.0": [2.5, 0, 0]
					}
				},
				"hood_end": {
					"rotation": {
						"0.0": [17.5, 0, 0],
						"0.4583": [37.31, 0, 0],
						"1.0833": [-12.5, 0, 0]
					}
				},
				"l_arm": {
					"rotation": {
						"0.0": [-158.38165, -22.82537, 15.48791],
						"0.0417": [-162.50539, -18.822, 3.38164],
						"0.0833": [-165.03178, -14.81498, -1.68995],
						"0.125": [-166.35282, -10.80854, -4.40488],
						"0.1667": [-166.71869, -6.80751, -5.81791],
						"0.2083": [-166.30934, -2.82016, -6.37127],
						"0.25": [-165.25064, 1.14618, -6.30367],
						"0.2917": [-163.64144, 5.07987, -5.76149],
						"0.3333": [-161.55763, 8.96592, -4.84179],
						"0.375": [-159.06153, 12.78553, -3.61209],
						"0.4167": [-156.20394, 16.51279, -2.12457],
						"0.4583": [-153.02733, 20.1143, -0.41837],
						"0.5": [-149.56714, 23.54345, 1.47555],
						"0.5417": [-145.85648, 26.73691, 3.53222],
						"0.5833": [-141.92481, 29.60946, 5.72913],
						"0.625": [-137.79945, 32.03965, 8.04717],
						"0.6667": [-133.50731, 33.86134, 10.46899],
						"0.7083": [-129.07582, 34.8503, 12.97809],
						"0.75": [-124.53558, 34.71926, 15.5567],
						"0.7917": [-119.92263, 33.14278, 18.18532],
						"0.8333": [-115.28487, 29.84086, 20.83938],
						"0.875": [-110.69333, 24.71126, 23.48328],
						"0.9167": [-106.27194, 17.93143, 26.05567],
						"0.9583": [-102.30052, 9.90301, 28.41519],
						"1.0": [-99.90204, 1.08252, 29.92895],
						"1.5833": [-99.90316, -1.38025, 30.35885]
					}
				},
				"l_forearm": {
					"rotation": {
						"0.0": [96.27338, -30.3395, 67.8748],
						"1.0": {
							"pre": [119.46143, -9.8395, 6.98435],
							"post": [119.46143, -9.8395, 6.98435],
							"lerp_mode": "catmullrom"
						},
						"1.125": {
							"post": [118.41393, -15.27695, 15.18726],
							"lerp_mode": "catmullrom"
						},
						"1.5833": [118.1045, -13.45491, 13.69496]
					}
				},
				"pants": {
					"rotation": {
						"0.0": [-15, 0, 0],
						"0.0417": [-15.11603, 0, 0],
						"0.0833": [-15.58085, 0, 0],
						"0.125": [-16.47299, 0, 0],
						"0.1667": [-17.90187, 0, 0],
						"0.2083": [-20.02015, 0, 0],
						"0.25": [-23.05483, 0, 0],
						"0.2917": [-27.33516, 0, 0],
						"0.3333": [-33.24034, 0, 0],
						"0.375": [-40.62253, 0, 0],
						"0.4167": [-47.42475, 0, 0],
						"0.4583": [-51.38995, 0, 0],
						"0.5": [-52.72987, 0, 0],
						"0.5417": [-52.36438, 0, 0],
						"0.5833": [-50.91705, 0, 0],
						"0.625": [-48.75, 0, 0],
						"0.6667": [-46.37811, 0, 0],
						"0.7083": [-44.18868, 0, 0],
						"0.75": [-42.2432, 0, 0],
						"0.7917": [-40.64306, 0, 0],
						"0.8333": [-39.57171, 0, 0],
						"0.875": [-39.40449, 0, 0],
						"0.9167": [-40.92166, 0, 0],
						"0.9583": [-43.9019, 0, 0],
						"1.0": [-45, 0, 0]
					},
					"position": {
						"0.0": [0, 0, 0],
						"1.0": [0, 0.30071, -0.95372]
					}
				},
				"l_thigh": {
					"rotation": {
						"0.0": [-40, -40, 0],
						"0.5417": [-38.28974, -40, 0],
						"0.625": [-38.125, -40, 0],
						"1.0": [-65, -40, 0],
						"1.5": [0, -40, 0]
					},
					"position": {
						"0.0": [0, 0, 0],
						"1.0": [0, 0.90212, -2.86115]
					}
				},
				"l_leg": {
					"rotation": {
						"0.0": [-7.4, 12.3, 1.6],
						"0.625": [13.225, 12.3, 1.6],
						"1.0": [-22.4, 12.3, 1.6],
						"1.5": [-4.9, 12.3, 1.6]
					}
				},
				"l_foot": {
					"rotation": {
						"0.0": [-15, 5, 0],
						"1.0": [7.5, 5, 0],
						"1.5": [10, 5, 0]
					}
				},
				"r_thigh": {
					"rotation": {
						"0.0": [-5, 40, 0],
						"0.625": [-13.75, 40, 0],
						"1.0": [-35, 40, 0],
						"1.5": [-15, 40, 0]
					},
					"position": {
						"0.0": [0, 0, 0],
						"1.0": [0, 0.60141, -1.90743]
					}
				},
				"r_leg": {
					"rotation": {
						"0.0": [20.1, -12.3, -1.6],
						"0.625": [-0.525, -12.3, -1.6],
						"1.0": [-24.9, -12.3, -1.6],
						"1.5": [0.1, -12.3, -1.6]
					}
				},
				"r_foot": {
					"rotation": {
						"0.0": [-5, -5, 0],
						"1.0": [-17.5, -5, 0],
						"1.5": [10, -5, 0]
					}
				},
				"tail_0": {
					"rotation": {
						"0.0": [-10, 0, 0],
						"0.0417": [-5.37189, -0.47563, -1.17579],
						"0.0833": [-0.65512, -1.23959, -3.06436],
						"0.125": [4.14225, -2.09756, -5.18534],
						"0.625": [65.3369, -13.90278, -34.3688],
						"0.7917": [85.62082, -17.82742, -44.07083],
						"0.8333": [90.444, -18.76747, -46.39471],
						"0.875": [95.07314, -19.6757, -48.63991],
						"0.9167": [99.40668, -20.53367, -50.76089],
						"0.9583": [103.25241, -21.29763, -52.64946],
						"1.0": [106.12557, -21.77326, -53.82525],
						"1.0417": [107.7171, -21.77326, -53.82525],
						"1.0833": [108.19105, -21.77326, -53.82525],
						"1.125": [107.01744, -21.77326, -53.82525],
						"1.1667": [104.28071, -21.77326, -53.82525],
						"1.2083": [101.89052, -21.77326, -53.82525],
						"1.25": [101.12557, -21.77326, -53.82525]
					},
					"position": {
						"0.0": [0, 0, 0],
						"1.0": [0, 0.60141, -1.90743]
					}
				},
				"tail_1": {
					"rotation": {
						"0.0": [12.5, 0, 0],
						"1.0": [-30, 0, 0],
						"1.25": [-20.62, 0, 0],
						"1.3333": [-37.5, 0, 0]
					}
				},
				"tail_2": {
					"rotation": {
						"0.0": [15, 0, 0],
						"1.0": [60, 0, 0],
						"1.3333": [70, 0, 0],
						"1.4167": [57.5, 0, 0]
					}
				},
				"tail_3": {
					"rotation": {
						"0.0": [0, 0, 0],
						"1.0": [-32.5, 0, 0],
						"1.4167": [-20, 0, 0],
						"1.5": [-45, 0, 0]
					}
				},
				"upper_eyelids": {
					"position": [0, 0, 0]
				},
				"l_shut_eyelid": {
					"position": [1, 0, 0]
				},
				"r_shut_eyelid": {
					"position": [-1, 0, 0]
				}
			}
		},
		"animation.scrafty.sleep": {
			"loop": true,
			"bones": {
				"waist": {
					"rotation": ["-20+1*(math.sin(q.anim_time*90/2)*2)", 0, 0],
					"position": [0, -3, 0]
				},
				"belly": {
					"rotation": ["12.5+1*(math.sin(q.anim_time*90/2)*1)", 0, 0]
				},
				"torso": {
					"rotation": ["27.5+1*(math.sin(q.anim_time*90/2)*2)", 0, 0]
				},
				"head": {
					"rotation": ["20+1*(math.sin(q.anim_time*90/2-90)*4)", 0, 0]
				},
				"l_eye": {
					"position": [-1, 0, 0]
				},
				"r_eye": {
					"position": [1, 0, 0]
				},
				"pupils": {
					"scale": 0
				},
				"l_eyelid": {
					"position": [1, 0, 0]
				},
				"r_eyelid": {
					"position": [-1, 0, 0]
				},
				"mohawk_0": {
					"rotation": ["0+1*(math.sin(q.anim_time*90/2-45)*4)", 0, 0]
				},
				"mohawk_1": {
					"rotation": ["0+1*(math.sin(q.anim_time*90/2-45)*3)", 0, 0]
				},
				"mohawk_2": {
					"rotation": ["0+1*(math.sin(q.anim_time*90/2-45)*2)", 0, 0]
				},
				"mohawk_3": {
					"rotation": ["0+1*(math.sin(q.anim_time*90/2-45)*1)", 0, 0]
				},
				"hood": {
					"rotation": ["0+1*(math.sin(q.anim_time*90/2+45)*4)", 0, 0]
				},
				"l_arm": {
					"rotation": ["37.7469+1*(math.sin(q.anim_time*90/2-90)*4)", -37.43994, 21.33589]
				},
				"l_forearm": {
					"rotation": [0, 100, 0]
				},
				"l_hand": {
					"rotation": [25.0209, 2.26564, 1.0571]
				},
				"pants": {
					"rotation": ["-22.5+1*(math.sin(q.anim_time*90/2-90)*4)", 0, -0.1913],
					"position": [0, -3, 0]
				},
				"l_pants": {
					"rotation": [0, 0, -17.5],
					"position": ["0+1*(math.sin(q.anim_time*90/2+90)/6)", "0.4+1*(math.sin(q.anim_time*90/2+20)/4)", -0.1]
				},
				"r_pants": {
					"rotation": [0, 0, 17.5],
					"position": ["0-1*(math.sin(q.anim_time*90/2+90)/6)", "0.4+1*(math.sin(q.anim_time*90/2+20)/4)", -0.1]
				},
				"l_thigh": {
					"rotation": [-27.5, -40, 0],
					"position": [0, -2, 0]
				},
				"l_leg": {
					"rotation": [-74.4, 17, 3.9]
				},
				"l_foot": {
					"rotation": [-5, 0, 0]
				},
				"r_thigh": {
					"rotation": [-27.5, 40, 0],
					"position": [0, -2, 0]
				},
				"r_leg": {
					"rotation": [-74.4, -17, -3.9]
				},
				"r_foot": {
					"rotation": [5, 0, 0]
				},
				"tail_0": {
					"rotation": ["0+1*(math.sin(q.anim_time*90/2-45)*4+4)", 0, 0],
					"position": [0, -3, 0]
				},
				"tail_1": {
					"rotation": ["-2.5+1*(math.sin(q.anim_time*90/2-45)*3+4)", 0, 0]
				},
				"tail_2": {
					"rotation": ["7.5+1*(math.sin(q.anim_time*90/2)*2+4)", 0, 0]
				},
				"tail_3": {
					"rotation": ["0+1*(math.sin(q.anim_time*90/2-45)*4+4)", 0, 0]
				},
				"upper_eyelids": {
					"position": [0, -2, 0]
				},
				"r_arm": {
					"rotation": ["37.7469+1*(math.sin(q.anim_time*90/2-90)*4)", 37.4399, -21.3359]
				},
				"r_forearm": {
					"rotation": [0, -100, 0]
				},
				"r_hand": {
					"rotation": [25.0209, -2.2656, -1.0571]
				}
			}
		}
	}
}