{
  "target": "cobblemon:quilava",
  "moves": [
    "1:leer",
    "1:smokescreen",
    "1:tackle",
    "12:ember",
    "21:quickattack",
    "24:defensecurl",
    "31:flamewheel",
    "35:flamecharge",
    "35:lavaplume",
    "38:curse",
    "42:swift",
    "46:rollout",
    "53:doubleedge",
    "53:inferno",
    "54:flamethrower",
    "57:eruption",
    "68:burnup",
    "68:overheat",
    "tm:aerialace",
    "tm:attract",
    "tm:bodyslam",
    "tm:brickbreak",
    "tm:captivate",
    "tm:confide",
    "tm:cut",
    "tm:dig",
    "tm:doubleteam",
    "tm:endure",
    "tm:facade",
    "tm:fireblast",
    "tm:firefang",
    "tm:firepledge",
    "tm:firespin",
    "tm:flamecharge",
    "tm:flamethrower",
    "tm:flareblitz",
    "tm:focuspunch",
    "tm:frustration",
    "tm:heatwave",
    "tm:hiddenpower",
    "tm:incinerate",
    "tm:ironhead",
    "tm:naturalgift",
    "tm:naturepower",
    "tm:overheat",
    "tm:playrough",
    "tm:protect",
    "tm:rest",
    "tm:return",
    "tm:reversal",
    "tm:roar",
    "tm:rocksmash",
    "tm:round",
    "tm:secretpower",
    "tm:sleeptalk",
    "tm:strength",
    "tm:substitute",
    "tm:sunnyday",
    "tm:swagger",
    "tm:swift",
    "tm:takedown",
    "tm:terablast",
    "tm:toxic",
    "tm:wildcharge",
    "tm:willowisp",
    "tm:workup",
    "tm:zenheadbutt",
    "tutor:attract",
    "tutor:bodyslam",
    "tutor:covet",
    "tutor:curse",
    "tutor:cut",
    "tutor:defensecurl",
    "tutor:detect",
    "tutor:dig",
    "tutor:doubleedge",
    "tutor:doubleteam",
    "tutor:ember",
    "tutor:endure",
    "tutor:fireblast",
    "tutor:firepledge",
    "tutor:flamethrower",
    "tutor:flamewheel",
    "tutor:focuspunch",
    "tutor:frustration",
    "tutor:furycutter",
    "tutor:headbutt",
    "tutor:heatwave",
    "tutor:hiddenpower",
    "tutor:irontail",
    "tutor:leer",
    "tutor:mimic",
    "tutor:mudslap",
    "tutor:protect",
    "tutor:quickattack",
    "tutor:rest",
    "tutor:return",
    "tutor:roar",
    "tutor:rocksmash",
    "tutor:rollout",
    "tutor:sleeptalk",
    "tutor:smokescreen",
    "tutor:snore",
    "tutor:strength",
    "tutor:substitute",
    "tutor:sunnyday",
    "tutor:swagger",
    "tutor:swift",
    "tutor:tackle",
    "tutor:toxic"
  ],
  "evolutions": [
    {
      "id": "quilava_hisui_typhlosion",
      "variant": "level_up",
      "result": "typhlosion hisuian",
      "consumeHeldItem": false,
      "learnableMoves": [
        "infernalparade"
      ],
      "requirements": [
        {
          "variant": "level",
          "minLevel": 36
        },
        {
          "variant": "has_move",
          "move": "curse"
        }
      ]
    }
  ]
}